episode,reward_agent1,reward_agent2,reward_total,success,peak_force_N,peak_torque_Nm,jamming,steps,action1_min,action1_max,action2_min,action2_max,kp_min,kp_max,kd_min,kd_max,curriculum,mean_depth_m,min_depth_m,mean_lateral_error_m,max_lateral_error_m,orientation_error_deg,mean_force_all_steps_N,failure_reason
0,-225.2221924884616,-2.3299853940652504,-227.55217788252685,False,0.0,0.0,False,1600,-1.0,0.3192315399646759,0.47693124413490295,0.9213878512382507,1.0,215.58908343315125,1.0,45.40845423936844,easy,0.0,0.0,0.006638970537960202,0.0067092349723856725,0.6988153456508658,0.0,contact_alignment
1,-243.4600511857502,-2.3503048028139,-245.81035598856408,False,0.0,0.0,False,1600,-1.0,0.5568971037864685,0.4768364727497101,0.9205195307731628,1.0,214.90100741386414,1.0,45.369895696640015,easy,0.0,0.0,0.00723948204427622,0.007402129243034746,0.7544849125562786,0.0,contact_alignment
2,-267.5730936945435,-2.351101864377327,-269.9241955589208,False,0.0,0.0,False,1600,-1.0,0.49740713834762573,0.4774330258369446,0.9246563911437988,1.0,215.13572812080383,1.0,45.46287387609482,easy,0.0,0.0,0.007861060243035773,0.007953635295540851,0.8143390429838269,0.0,contact_alignment
3,-216.1805210319995,-2.3429581820525547,-218.52347921405203,False,0.0,0.0,False,1600,-1.0,0.5083562135696411,0.47663140296936035,0.9235515594482422,1.0,215.3005874156952,1.0,45.45422047376633,easy,0.0,0.0,0.006512062297278276,0.006623993844309173,0.6934392988914017,0.0,contact_alignment
4,3571.6435860055544,494.9089992394513,4066.5525852450055,True,46.213913400137166,0.0,False,218,-1.0,1.0,0.48412153124809265,0.918098509311676,1.0,234.22872066497803,1.0,45.38448214530945,easy,0.05960817033356769,0.05936358201619932,0.0005401008994144836,0.0006951690683926504,0.23054999036782617,0.21199042844099616,success
5,2539.210961098177,499.21348996751806,3038.424451065695,True,0.0,0.0,False,188,-1.0,0.20383629202842712,0.48276132345199585,0.9165993332862854,1.0,234.23130869865417,1.0,45.28832256793976,easy,0.07492756749648131,0.07488634331397992,0.0007949138549940752,0.0008739774558158524,1.1030682506710017,0.0,success
6,3259.338796169778,499.18970509594396,3758.5285012657223,True,0.0,0.0,False,208,-1.0,0.9872825145721436,0.47906631231307983,0.9185702800750732,1.0,234.01447176933289,1.0,45.461221635341644,easy,0.06410409969671185,0.06409404190632464,0.0008973159191701523,0.000968287813823266,0.3669378169504714,0.0,success
7,2958.3798083607257,499.20918850882634,3457.588996869552,True,0.0,0.0,False,199,-1.0,0.53134685754776,0.48329606652259827,0.9207383990287781,1.0,233.66294860839844,1.0,45.26648670434952,easy,0.07103959642085209,0.07103722634105002,0.0005669427898038256,0.000693200569726335,0.7354886062563006,0.0,success
8,-247.1948879537032,-2.347565278438294,-249.54245323214147,False,0.0,0.0,False,1600,-1.0,0.5590231418609619,0.47921282052993774,0.9237679839134216,1.0,214.58041667938232,1.0,45.46378344297409,easy,0.0,0.0,0.007297039191230124,0.007449653090296972,0.7724382087166345,0.0,contact_alignment
9,3865.494653091947,498.3340685071614,4363.828721599109,True,0.0,0.0,False,983,-1.0,1.0,0.4751919209957123,0.9226066470146179,1.0,235.39685368537903,1.0,45.38172632455826,easy,0.04357401021383686,0.04350669358099343,0.00025307385306326806,0.00029133271449575883,0.4192750799598745,0.0,success
10,3478.7701635066737,499.1853574580514,3977.955520964725,True,0.0,0.0,False,215,-1.0,0.9991880059242249,0.4831131100654602,0.9179229140281677,1.0,234.59141731262207,1.0,45.254939794540405,easy,0.059005937443716766,0.05896524639606687,0.0007809764707580141,0.000946476406132567,0.18354599160124432,0.0,success
11,-196.42353182184064,-2.3580931113713217,-198.78162493321196,False,0.0,0.0,False,1600,-1.0,0.23232555389404297,0.4768122136592865,0.9223411679267883,1.0,214.01408672332764,1.0,45.595205426216125,easy,0.0,0.0,0.005866542959340218,0.005890582016202964,0.6360817748550982,0.0,contact_alignment
12,-254.17811715656097,-2.3650958943064095,-256.5432130508674,False,0.0,0.0,False,1600,-1.0,0.39516639709472656,0.477046936750412,0.9225295186042786,1.0,214.73078608512878,1.0,45.43564736843109,easy,0.0,0.0,0.007555824926452776,0.007583779998234655,0.8003750639137438,0.0,contact_alignment
13,2986.0975894372937,499.2142249081304,3485.311814345424,True,0.0,0.0,False,200,-1.0,0.9977704882621765,0.4806993305683136,0.9212272763252258,1.0,235.97764253616333,1.0,45.19955217838287,easy,0.06888758570903195,0.06885367811875959,0.0005989609020371552,0.0006427702402062349,0.7090385675363171,0.0,success
14,-238.35568389137921,-2.3519530678626372,-240.70763695924185,False,0.0,0.0,False,1600,-1.0,0.5192727446556091,0.4795879125595093,0.9216797351837158,1.0,215.16793131828308,1.0,45.36926567554474,easy,0.0,0.0,0.007082910419077988,0.007132647311485141,0.7424502657573627,0.0,contact_alignment
15,3250.4485272671227,499.19900852124067,3749.6475357883633,True,0.0,0.0,False,208,-1.0,1.0,0.48037418723106384,0.918890655040741,1.0,234.38112020492554,1.0,45.4589706659317,easy,0.06320288709877217,0.06318278031116212,0.000847089544830404,0.0008934356546778046,0.3689769795262674,0.0,success
16,3447.796686102082,499.19489627084675,3946.9915823729284,True,0.0,0.0,False,215,-1.0,0.9908466935157776,0.482827365398407,0.9180290699005127,1.0,234.76441264152527,1.0,45.51864743232727,easy,0.057927470756296257,0.05785898953054919,0.0007901347799724543,0.0008317008281065858,0.16325801640268256,0.0,success
17,1582.5059184332706,499.2436410706537,2081.7495595039245,True,0.0,0.0,False,163,-1.0,0.08923658728599548,0.48437219858169556,0.9173165559768677,1.0,234.9869680404663,1.0,45.276018381118774,easy,0.07221969518059697,0.07210303818608434,0.0007339427807818545,0.000800642928398407,1.2508899662890143,0.0,success
18,3927.874783900318,499.161878104003,4427.036662004321,True,0.0,0.0,False,231,-1.0,1.0,0.48237961530685425,0.918678343296051,1.0,235.3028166294098,1.0,45.498478412628174,easy,0.050344064399625334,0.050262249041189005,0.000674239639522122,0.0006809049843480044,0.3873397015420272,0.0,success
19,3285.4613451933756,499.1846093284663,3784.6459545218418,True,0.0,0.0,False,210,-1.0,1.0,0.48272234201431274,0.9179564118385315,1.0,234.27880764007568,1.0,45.35771042108536,easy,0.06074073177546233,0.060696353238665304,0.0006898048606147373,0.0008297283394778501,0.30211062007481165,0.0,success
20,2462.5519232054976,499.2224596639393,2961.774382869437,True,0.0,0.0,False,186,-1.0,0.8246753215789795,0.4784373342990875,0.9148495197296143,1.0,234.82334852218628,1.0,45.24614453315735,easy,0.07432014122381711,0.0742681843750822,0.0008670603383450195,0.0009598165822370641,1.1480935471644482,0.0,success
21,-204.40022621692475,-2.3474405438124264,-206.7476667607372,False,0.0,0.0,False,1600,-1.0,0.3761393427848816,0.47241541743278503,0.9206537008285522,1.0,214.29568648338318,1.0,45.489414036273956,easy,0.0,0.0,0.006144953982779332,0.006282765081020388,0.6568024967262605,0.0,contact_alignment
22,2608.250126288414,499.2123097934728,3107.4624360818866,True,0.0,0.0,False,190,-1.0,0.1460677981376648,0.48080864548683167,0.9168790578842163,1.0,234.6733045578003,1.0,45.51634222269058,easy,0.07449585774266922,0.07447277923685702,0.0004739448484367643,0.00048122386439212,1.1479729234500886,0.0,success
23,3026.4080636168023,499.2093221565615,3525.617385773364,True,0.0,0.0,False,202,-1.0,1.0,0.4802262485027313,0.9194043874740601,1.0,235.84607124328613,1.0,45.41806101799011,easy,0.06571110563027194,0.06569181354306733,0.0007897544405455548,0.0007968879815720326,0.5689264180590311,0.0,success
24,-257.7361033276404,-2.3345620462557113,-260.07066537389613,False,0.0,0.0,False,1600,-1.0,0.2082960456609726,0.4786888360977173,0.9230606555938721,1.0,215.87429404258728,1.0,45.55461496114731,easy,0.0,0.0,0.007641967865143862,0.007723656965049166,0.8031818318325415,0.0,contact_alignment
25,3002.309333643854,499.1925178367152,3501.5018514805693,True,0.0,0.0,False,201,-1.0,0.9100275635719299,0.4800552725791931,0.9203135967254639,1.0,234.3009376525879,1.0,45.383543372154236,easy,0.07115975109453619,0.07115430802480671,0.0004952914881838159,0.0007966178089287257,0.7712431014196123,0.0,success
26,-269.38240987424774,-2.3460565234741155,-271.72846639772183,False,0.0,0.0,False,1600,-1.0,0.674288809299469,0.4760129153728485,0.9230958819389343,1.0,215.593159198761,1.0,45.509727001190186,easy,0.0,0.0,0.007935711796438318,0.007942330479789102,0.8253332826398181,0.0,contact_alignment
27,-279.17330795183045,-2.334328229945121,-281.5076361817756,False,0.0,0.0,False,1600,-1.0,0.3603768050670624,0.4813874363899231,0.9230525493621826,1.0,214.71423506736755,1.0,45.47617733478546,easy,0.0,0.0,0.0082742678927518,0.008394176842392147,0.8801785502603233,0.0,contact_alignment
28,3313.493045877448,499.1850868814685,3812.6781327589165,True,0.0,0.0,False,210,-1.0,1.0,0.48212480545043945,0.9186315536499023,1.0,236.12151861190796,1.0,45.31426191329956,easy,0.06478455266280746,0.06464854197275513,0.0006661955794457605,0.0006919910105132938,0.3479401949726208,0.0,success
29,-246.57763063334193,-2.346491184168815,-248.92412181751075,False,0.0,0.0,False,1600,-1.0,0.38292038440704346,0.47793588042259216,0.9213215112686157,1.0,215.73328495025635,1.0,45.47869324684143,easy,0.0,0.0,0.007329979404121171,0.00736538970356391,0.7777081409296949,0.0,contact_alignment
30,3118.856606708621,499.19274621556366,3618.0493529241844,True,0.0,0.0,False,204,-1.0,1.0,0.4837930202484131,0.9178820848464966,1.0,234.43032383918762,1.0,45.307317078113556,easy,0.06568836477583131,0.06565820445117962,0.0009040426736756,0.0009060708743567226,0.5306673910977386,0.0,success
31,3336.552195130058,499.1935572182316,3835.7457523482894,True,0.0,0.0,False,211,-1.0,0.9593055844306946,0.4843827486038208,0.9197510480880737,1.0,235.58444738388062,1.0,45.509013533592224,easy,0.06054710117446499,0.06049073411798747,0.0006382482182266026,0.0007849810277613448,0.23785075136792166,0.0,success
32,3115.931646919539,499.1997116083394,3615.1313585278785,True,0.0,0.0,False,204,-1.0,0.9975367784500122,0.4810321033000946,0.919972836971283,1.0,234.82178330421448,1.0,45.319362580776215,easy,0.06566160870742033,0.06564911537544998,0.0008223343777040025,0.0008259733651889004,0.4804590651490445,0.0,success
33,3142.423394903623,499.1969707381023,3641.620365641725,True,0.0,0.0,False,204,-1.0,0.9801090955734253,0.4859222173690796,0.9204472303390503,1.0,236.26235723495483,1.0,45.48136353492737,easy,0.06779527200237814,0.06778233467638783,0.0006069566987125396,0.0007792024313274087,0.5921144860234769,0.0,success
34,1620.3097147827186,499.24348881309294,2119.5532035958117,True,0.0,0.0,False,164,-1.0,0.36611875891685486,0.4805293083190918,0.9191940426826477,1.0,235.04534602165222,1.0,45.331209897994995,easy,0.07274934658010405,0.07262706162959584,0.0006184476983760573,0.0006791217274320873,1.3403512974761014,0.0,success
35,3261.4487486387156,499.17842814283813,3760.6271767815538,True,0.0,0.0,False,214,-1.0,1.0,0.48698464035987854,0.9226484894752502,1.0,235.63324809074402,1.0,45.38747996091843,easy,0.0638381447140741,0.06383604328431097,0.0008721778396002969,0.0009311320183061509,0.26833132568010976,0.0,success
36,-214.24510849853596,-2.3450541901254285,-216.5901626886614,False,0.0,0.0,False,1600,-1.0,0.6652309894561768,0.4780139625072479,0.9250295758247375,1.0,215.9232497215271,1.0,45.4395318031311,easy,0.0,0.0,0.006342665611994366,0.006373018584658931,0.6762184790821608,0.0,contact_alignment
37,2459.2586362295783,499.21593585560146,2958.4745720851797,True,0.0,0.0,False,186,-1.0,1.0,0.482854962348938,0.918057918548584,1.0,235.97652673721313,1.0,45.31626045703888,easy,0.0723755222417787,0.07231623270318338,0.0006653422954219098,0.0007756735722150624,1.0617312058269577,0.0,success
38,3099.016209367765,499.1897375065477,3598.2059468743128,True,0.0,0.0,False,211,-1.0,0.9910275936126709,0.4811541736125946,0.9214414358139038,1.0,237.0723807811737,1.0,45.331902503967285,easy,0.0628985179739851,0.06286731753663272,0.0007688140263092322,0.0009113772470435645,0.3765067534154646,0.0,success
39,4171.071399039099,499.1529263247932,4670.224325363892,True,0.0,0.0,False,242,-1.0,1.0,0.47919991612434387,0.9213452935218811,1.0,236.66382789611816,1.0,45.46577364206314,easy,0.04342203525127228,0.043295649738562106,0.0007861853764047381,0.0008366365012128553,0.5562224359272256,0.0,success
40,3404.41101601913,499.19976904178554,3903.6107850609155,True,0.0,0.0,False,214,-1.0,1.0,0.4812968373298645,0.923287570476532,1.0,235.78665494918823,1.0,45.4408273100853,easy,0.05785946110675409,0.057790797785667314,0.0007478229550147833,0.0008282622472551121,0.12277069885385132,0.0,success
41,2261.638304233325,499.21657050559685,2760.854874738922,True,0.0,0.0,False,182,-1.0,0.7091467380523682,0.4831755459308624,0.9212603569030762,1.0,235.9201169013977,1.0,45.44543147087097,easy,0.08037528146804465,0.08022734786876709,0.0007190925847777237,0.0007193330879510132,1.6231472324296121,0.0,success
42,1550.0010654192895,499.25148499549624,2049.2525504147857,True,0.0,0.0,False,162,-1.0,0.46738573908805847,0.4826290011405945,0.9231979250907898,1.0,236.83220505714417,1.0,45.45414745807648,easy,0.07132345824361755,0.0711616875778052,0.0006931204801345757,0.0007416105310428892,1.2200131614614829,0.0,success
43,-246.85916880983524,-2.3319887482938446,-249.19115755812908,False,0.0,0.0,False,1600,-1.0,0.3850957155227661,0.47822102904319763,0.9287505149841309,1.0,214.856995344162,1.0,45.56153893470764,easy,0.0,0.0,0.007334019382756721,0.007404445727192367,0.7635275731246823,0.0,contact_alignment
44,-277.2351254337426,-2.3437778224924335,-279.57890325623504,False,0.0,0.0,False,1600,-1.0,0.5412843227386475,0.4756828844547272,0.9276207685470581,1.0,214.97544050216675,1.0,45.50970196723938,easy,0.0,0.0,0.008166296783247061,0.008276212182665115,0.8567597540971892,0.0,contact_alignment
45,-252.94411186266703,-2.304684534928776,-255.2487963975958,False,0.0,0.0,False,1600,-1.0,0.4635459780693054,0.4790169596672058,0.927463948726654,1.0,215.3564703464508,1.0,45.57062208652496,easy,0.0,0.0,0.007526845633642385,0.007576318117957299,0.759228678368836,0.0,contact_alignment
46,-256.0855081491384,-2.3332633657763986,-258.4187715149148,False,0.0,0.0,False,1600,-1.0,0.7329983115196228,0.47713544964790344,0.9270464777946472,1.0,215.39563179016113,1.0,45.63122093677521,easy,0.0,0.0,0.007621507257236896,0.007799717514190312,0.7835257079440326,0.0,contact_alignment
47,4087.7568118264,493.9063198655784,4581.663131691978,True,51.1601088850735,0.0,False,238,-1.0,1.0,0.47740864753723145,0.9220549464225769,1.0,236.7369282245636,1.0,45.3730645775795,easy,0.045927497330095914,0.04568266568110231,0.0005018784292756533,0.0005192480956422458,0.6071647366267439,0.21495844069358613,success
48,2430.701784479845,499.22318252691355,2929.924967006759,True,0.0,0.0,False,185,-1.0,0.5592430830001831,0.4845027029514313,0.9222748875617981,1.0,236.39267325401306,1.0,45.324079394340515,easy,0.07513321970455905,0.07501144841505242,0.000802725452105092,0.000968142596651638,1.1307823379120792,0.0,success
49,-233.255821219677,-2.3100988463822185,-235.56592006605922,False,0.0,0.0,False,1600,-1.0,0.27786335349082947,0.4788031280040741,0.9274861216545105,1.0,215.95514297485352,1.0,45.52345395088196,easy,0.0,0.0,0.0069942021069083074,0.007075053700791363,0.7352795497104923,0.0,contact_alignment
50,-236.18485243994044,-2.314779429008891,-238.49963186894934,False,0.0,0.0,False,1600,-1.0,0.5662310719490051,0.480324923992157,0.9265299439430237,1.0,214.88969445228577,1.0,45.45811951160431,easy,0.0,0.0,0.00698522004696908,0.0070716279004888775,0.7189946440832511,0.0,contact_alignment
51,3459.126734660199,499.20267519729686,3958.3294098574956,True,0.0,0.0,False,214,-1.0,1.0,0.4804832935333252,0.924329400062561,1.0,236.6685390472412,1.0,45.30167818069458,easy,0.05994741090027218,0.059899011073929864,0.0008325716882186877,0.0009139099436776669,0.11359066806196925,0.0,success
52,-230.7217630168716,-2.3427773691424942,-233.06454038601407,False,0.0,0.0,False,1600,-1.0,0.4535469114780426,0.48194706439971924,0.9240865707397461,1.0,216.76415920257568,1.0,45.463846027851105,easy,0.0,0.0,0.006888579030292696,0.007055276241067373,0.718396179290146,0.0,contact_alignment
53,2851.5216408369433,499.2015633717049,3350.723204208648,True,0.0,0.0,False,197,-1.0,1.0,0.48471271991729736,0.9251135587692261,1.0,236.70661568641663,1.0,45.433237850666046,easy,0.068224354554587,0.06813448062507033,0.0005281516240320963,0.0007043554471687943,0.7134386030361399,0.0,success
54,3396.213598380863,499.1868275142633,3895.4004258951263,True,0.0,0.0,False,213,-1.0,1.0,0.48546358942985535,0.9244439601898193,1.0,237.66067028045654,1.0,45.391646027565,easy,0.05931033181671967,0.059274858716368145,0.0008368831785396623,0.0009363263086117561,0.13168906287454896,0.0,success
55,2581.899232142027,499.2194340522443,3081.118666194271,True,0.0,0.0,False,189,-1.0,0.2324741631746292,0.48429739475250244,0.9190796613693237,1.0,236.52801036834717,1.0,45.369121730327606,easy,0.07642291036028254,0.07641721756362957,0.0004941112793828221,0.0005347955289834754,1.1463307192511472,0.0,success
56,3207.668159998836,499.1976836408189,3706.865843639655,True,0.0,0.0,False,206,-1.0,0.9928779006004333,0.47991493344306946,0.9202138185501099,1.0,236.8659269809723,1.0,45.419969856739044,easy,0.0662403900726171,0.06609775858790323,0.0007282025874614639,0.0007730814274899775,0.39863357888921314,0.0,success
57,-242.0510085479176,-2.314126998112293,-244.3651355460299,False,0.0,0.0,False,1600,-1.0,0.44262298941612244,0.47763723134994507,0.9256612062454224,1.0,214.7788119316101,1.0,45.55262476205826,easy,0.0,0.0,0.00727105822904196,0.007307980912309212,0.7465397662661252,0.0,contact_alignment
58,4157.8972857913195,499.16155485634437,4657.058840647664,True,0.0,0.0,False,240,-1.0,1.0,0.48077088594436646,0.9274635314941406,1.0,237.05655813217163,1.0,45.30755281448364,easy,0.04434438178502114,0.04422260938854777,0.0006660541511404724,0.0006665907226473427,0.5627202314240646,0.0,success
59,2339.1717964590935,499.21353301730807,2838.3853294764017,True,0.0,0.0,False,184,-1.0,0.3259985148906708,0.48074206709861755,0.9207223057746887,1.0,236.6982936859131,1.0,45.31315624713898,easy,0.08008437422463618,0.08002307237486532,0.0006450969021000164,0.00065220983841373,1.504948377162627,0.0,success
60,-213.17669238028185,-2.3123801941088953,-215.48907257439075,False,0.0,0.0,False,1600,-1.0,0.3981960713863373,0.47771525382995605,0.928463876247406,1.0,214.17415738105774,1.0,45.551738142967224,easy,0.0,0.0,0.0064298399994535006,0.0065024961511622814,0.6659630149030182,0.0,contact_alignment
61,2069.5668732723975,496.2182135461062,2565.7850868185037,True,38.71174099027797,0.0,False,181,-1.0,0.181629940867424,0.48220717906951904,0.9215223789215088,1.0,237.84319639205933,1.0,45.541144609451294,easy,0.0816824729490138,0.08167562317114602,0.0003070767821387771,0.00031414619656192197,1.7385712855338202,0.2138770220457346,success
62,-264.1125935103379,-2.3142322148652723,-266.4268257252032,False,0.0,0.0,False,1600,-1.0,0.5660938620567322,0.47390076518058777,0.9258460998535156,1.0,215.4827880859375,1.0,45.501138269901276,easy,0.0,0.0,0.007819613419399588,0.007911490554821928,0.8004525988818391,0.0,contact_alignment
63,-233.5805036724837,-2.294453212004127,-235.87495688448783,False,0.0,0.0,False,1600,-1.0,0.2963468134403229,0.47918662428855896,0.9306451678276062,1.0,215.06275177001953,1.0,45.43117880821228,easy,0.0,0.0,0.006999449898151517,0.00704530907287884,0.7043620402316902,0.0,contact_alignment
64,3141.326575823655,499.200895193329,3640.527471016984,True,0.0,0.0,False,209,-1.0,0.9906758666038513,0.4782581329345703,0.9222883582115173,1.0,237.4581527709961,1.0,45.385606586933136,easy,0.06463716054147722,0.0645862835417209,0.0007218894362052896,0.0008444356811124333,0.35189592353344673,0.0,success
65,-230.68712129718665,-2.299279859018779,-232.98640115620543,False,0.0,0.0,False,1600,-1.0,0.5264843106269836,0.4732264280319214,0.9291573762893677,1.0,214.63358759880066,1.0,45.50402134656906,easy,0.0,0.0,0.0069420013573364405,0.007036700108234391,0.7086176368447766,0.0,contact_alignment
66,-253.63322083796936,-2.3088343991847156,-255.94205523715408,False,0.0,0.0,False,1600,-1.0,0.6005606651306152,0.4747920632362366,0.9264760613441467,1.0,214.30022716522217,1.0,45.44161796569824,easy,0.0,0.0,0.007529023414093801,0.007619718719914656,0.780393816325972,0.0,contact_alignment
67,-281.72421309764275,-2.294108712896888,-284.01832181053965,False,0.0,0.0,False,1600,-1.0,0.4501413106918335,0.4773496687412262,0.927609920501709,1.0,215.96893548965454,1.0,45.608081221580505,easy,0.0,0.0,0.008322858804563266,0.008414425006458308,0.8676237381970562,0.0,contact_alignment
68,3852.7727215450354,499.1806825226886,4351.9534040677245,True,0.0,0.0,False,227,-1.0,1.0,0.48124054074287415,0.9235337376594543,1.0,237.70066857337952,1.0,45.26475936174393,easy,0.052094962009924514,0.052009745211214375,0.0005908930279259095,0.0006548990165292747,0.3467942612611781,0.0,success
69,2705.360349873756,499.2110913726725,3204.5714412464285,True,0.0,0.0,False,193,-1.0,0.357459157705307,0.48038989305496216,0.9250133633613586,1.0,237.62352347373962,1.0,45.21893888711929,easy,0.07703245015527867,0.07697425576781897,0.000823135617509956,0.0009704582363178054,1.1512231573609768,0.0,success
70,2842.875121631586,499.20743402719705,3342.082555658783,True,0.0,0.0,False,197,-1.0,0.6842959523200989,0.4801632761955261,0.9220593571662903,1.0,237.41445064544678,1.0,45.24384766817093,easy,0.06841361490414125,0.06832156184143579,0.0005124673732037542,0.0007593212348800142,0.6414037360245063,0.0,success
71,3573.5273782360623,499.1806947429814,4072.7080729790437,True,0.0,0.0,False,218,-1.0,0.1645580679178238,0.4777098596096039,0.9253574013710022,1.0,237.4384093284607,1.0,45.20837873220444,easy,0.06010972209313105,0.05984765445475179,0.00040521316017853073,0.000586866444140094,0.25443992018710976,0.0,success
72,3092.8117986935995,499.20364445174727,3592.0154431453466,True,0.0,0.0,False,204,-1.0,0.9185532331466675,0.4778582453727722,0.9266796708106995,1.0,237.9852592945099,1.0,45.20339906215668,easy,0.06563096375737654,0.06562770134652635,0.0007345711399239492,0.0009285584634639967,0.44111806085440464,0.0,success
73,3840.6081410748575,498.38088735360486,4338.989028428462,True,0.0,0.0,False,972,-1.0,0.9979057312011719,0.4765951335430145,0.9265061020851135,1.0,238.79945158958435,1.0,45.26026785373688,easy,0.043894893476968455,0.04384855373598509,0.00023576244372460376,0.000294823866392247,0.39888761507408577,0.0,success
74,3269.24278347672,499.18583300970096,3768.428616486421,True,0.0,0.0,False,209,-1.0,1.0,0.47834455966949463,0.9294743537902832,1.0,238.24085474014282,1.0,45.527707636356354,easy,0.06572991758431362,0.0656064296223277,0.0007819980283337541,0.0007856021089752698,0.33645916599002956,0.0,success
75,-264.85640205552676,-2.282488181317607,-267.13889023684436,False,0.0,0.0,False,1600,-1.0,0.5916942954063416,0.47499939799308777,0.9306368231773376,1.0,213.95005226135254,1.0,45.35071134567261,easy,0.0,0.0,0.007958115144993633,0.008054010752106613,0.8305366154498967,0.0,contact_alignment
76,-241.68784488371813,-2.283131036607622,-243.97097592032574,False,0.0,0.0,False,1600,-1.0,0.6136066913604736,0.47430676221847534,0.9320365786552429,1.0,214.8907172679901,1.0,45.302986204624176,easy,0.0,0.0,0.007204141015910809,0.00729459619916083,0.7424480532553785,0.0,contact_alignment
77,3077.3058113087573,499.1965739772249,3576.502385285982,True,0.0,0.0,False,203,-1.0,0.9963359832763672,0.4807273745536804,0.9241384267807007,1.0,238.26685905456543,1.0,45.277017652988434,easy,0.0705014192593705,0.07049612845522299,0.0007708107666108105,0.0008682458785505928,0.5350114048655243,0.0,success
78,3155.619317633529,499.1997088101214,3654.8190264436507,True,0.0,0.0,False,205,-1.0,1.0,0.47843244671821594,0.9238481521606445,1.0,238.60325694084167,1.0,45.00216156244278,easy,0.06593166976194324,0.06590366744947383,0.0008740299667829327,0.0009318549098966977,0.3984504282023691,0.0,success
79,2762.727660768892,499.2114020231166,3261.9390627920084,True,0.0,0.0,False,194,-1.0,0.13696838915348053,0.47568291425704956,0.9247281551361084,1.0,238.26115608215332,1.0,45.145153403282166,easy,0.07240077904392764,0.07232854045246201,0.00053127262601695,0.0007297546967872718,0.821936279908416,0.0,success
80,-220.15078897780313,-2.290533515307592,-222.44132249311073,False,0.0,0.0,False,1600,-1.0,0.7292039394378662,0.4752034544944763,0.9276067018508911,1.0,213.9573049545288,1.0,45.17776012420654,easy,0.0,0.0,0.0066270595794700555,0.006768575501516835,0.6708526274807066,0.0,contact_alignment
81,-218.96471474484812,-2.2528082663489206,-221.21752301119704,False,0.0,0.0,False,1600,-1.0,0.5410639643669128,0.4723813235759735,0.9305912852287292,1.0,213.63989114761353,1.0,45.316147804260254,easy,0.0,0.0,0.006588491487873004,0.006658946273959929,0.6739005518244926,0.0,contact_alignment
82,3677.1991182466086,499.17827305919064,4176.377391305799,True,0.0,0.0,False,221,-1.0,0.4134576618671417,0.47877052426338196,0.9300169944763184,1.0,238.3195185661316,1.0,45.2668496966362,easy,0.05765569381375794,0.057345770725051676,0.0004734322719730377,0.0006005836590337772,0.34914780906103476,0.0,success
83,-227.43194103491481,-2.2761830473863363,-229.70812408230114,False,0.0,0.0,False,1600,-1.0,0.5027916431427002,0.47396761178970337,0.9296309351921082,1.0,214.69061732292175,1.0,45.315797328948975,easy,0.0,0.0,0.006855669708932144,0.006983722823048719,0.7160736470799082,0.0,contact_alignment
84,-203.27528437366897,-2.249021388453724,-205.52430576212268,False,0.0,0.0,False,1600,-1.0,0.5913598537445068,0.47365882992744446,0.9302836060523987,1.0,214.57672834396362,1.0,45.18649697303772,easy,0.0,0.0,0.006115120470452862,0.006176586717080202,0.6261216004087724,0.0,contact_alignment
85,3040.006168512286,499.2102414108285,3539.2164099231145,True,0.0,0.0,False,202,-1.0,0.9950239658355713,0.4797629415988922,0.9267256855964661,1.0,238.16203594207764,1.0,45.18688499927521,easy,0.06593310069471571,0.06582944266602442,0.0005457626262645534,0.0008342439483742575,0.5164533580739802,0.0,success
86,4179.619003060497,499.16110910897845,4678.780112169475,True,0.0,0.0,False,241,-1.0,1.0,0.4787055253982544,0.92926025390625,1.0,239.00437116622925,1.0,45.22034704685211,easy,0.04385887995658079,0.0437425635664406,0.0006907215555205636,0.0007733688744338892,0.6047867725553869,0.0,success
87,3069.7810337651645,499.2130755739807,3568.9941093391453,True,0.0,0.0,False,203,-1.0,0.9914817214012146,0.4820743203163147,0.923712432384491,1.0,238.41143250465393,1.0,45.006940960884094,easy,0.06598373624535912,0.0659229852917628,0.0007009654787806655,0.0008915580121829217,0.45794097190885347,0.0,success
88,-222.5970059657617,-2.263316865475139,-224.86032283123683,False,0.0,0.0,False,1600,-1.0,0.297760933637619,0.47422221302986145,0.9288561940193176,1.0,216.37826323509216,1.0,45.04711002111435,easy,0.0,0.0,0.006673115183172403,0.00677358068323484,0.6815805374361029,0.0,contact_alignment
89,4375.628084246381,499.140233168349,4874.7683174147305,True,0.0,0.0,False,255,-1.0,1.0,0.4800551235675812,0.925914466381073,1.0,238.5581910610199,1.0,45.163277983665466,easy,0.040458302575547875,0.04033489527686568,0.0008633143892567958,0.0008698561448174011,0.7196323208120553,0.0,success
90,-235.2263781791471,-2.266880345390335,-237.49325852453745,False,0.0,0.0,False,1600,-1.0,0.5905783772468567,0.47533825039863586,0.9324820637702942,1.0,214.73278522491455,1.0,45.278548896312714,easy,0.0,0.0,0.007081519199459098,0.007151128490807843,0.7431214963686369,0.0,contact_alignment
91,2549.1900111699283,499.2299071892943,3048.4199183592227,True,0.0,0.0,False,188,-1.0,0.5584850907325745,0.48074498772621155,0.9296895265579224,1.0,238.54725003242493,1.0,44.97369587421417,easy,0.07348718246705437,0.07344878610726568,0.0006652179620652825,0.0008202073010785676,0.9902454038017999,0.0,success
92,4100.860530030265,499.1777082536979,4600.038238283963,True,0.0,0.0,False,237,-1.0,0.9999349117279053,0.48217806220054626,0.9269270300865173,1.0,238.3052146434784,1.0,44.905603528022766,easy,0.04591052482649146,0.0457581719206048,0.0006602917025602126,0.0006793948642046314,0.5425423488153287,0.0,success
93,3868.0696175804787,499.17552221518713,4367.245139795666,True,0.0,0.0,False,231,-1.0,1.0,0.47828730940818787,0.9272623658180237,1.0,238.02632689476013,1.0,44.97967064380646,easy,0.04865516092232477,0.04852887849181457,0.000708466299621513,0.0007468817331172627,0.32762247367969255,0.0,success
94,-245.0786242752894,-2.24785467646575,-247.32647895175515,False,0.0,0.0,False,1600,-1.0,0.5413395166397095,0.474074125289917,0.9329174160957336,1.0,215.22764205932617,1.0,45.09621620178223,easy,0.0,0.0,0.007268098650085831,0.0073274441122352305,0.7446365366678621,0.0,contact_alignment
95,4237.902375604462,499.0354157611492,4736.937791365611,True,7.702645698797468,0.0,False,243,-1.0,1.0,0.4783329963684082,0.9301732778549194,1.0,238.48944544792175,1.0,45.06613790988922,easy,0.043195490780498266,0.04308050256650714,0.0007526532296375388,0.0008540648014189854,0.7598687924242599,0.04098425719759698,success
96,-240.19782746365166,-2.2329713943533354,-242.430798858005,False,0.0,0.0,False,1600,-1.0,0.2728947103023529,0.47522488236427307,0.9343699812889099,1.0,216.01096391677856,1.0,44.90867644548416,easy,0.0,0.0,0.00719420261933979,0.007257526260730341,0.7289821176892245,0.0,contact_alignment
97,3402.172807479041,499.2046941939363,3901.377501672977,True,0.0,0.0,False,212,-1.0,0.9996256232261658,0.47714632749557495,0.9285333156585693,1.0,238.25308203697205,1.0,44.745847284793854,easy,0.060709916850881826,0.06064042409188386,0.0007789956658897851,0.0008894720594825035,0.17152306753867527,0.0,success
98,-211.61866316307862,-2.250345967956455,-213.86900913103509,False,0.0,0.0,False,1600,-1.0,0.3816290497779846,0.4772247076034546,0.9316952228546143,1.0,214.03034329414368,1.0,45.19735336303711,easy,0.0,0.0,0.0063534245858524515,0.006411860883630478,0.6411614593499917,0.0,contact_alignment
99,-216.46699983335083,-2.238068259812581,-218.70506809316342,False,0.0,0.0,False,1600,-1.0,0.4275529682636261,0.4773864150047302,0.9358486533164978,1.0,214.02822017669678,1.0,45.17639994621277,easy,0.0,0.0,0.006491562452045749,0.006533251450059521,0.6572923700314757,0.0,contact_alignment
100,-216.21524315291748,-2.2626838913829133,-218.4779270443004,False,0.0,0.0,False,1600,-1.0,0.6672588586807251,0.4763792157173157,0.9328316450119019,1.0,215.152108669281,1.0,45.04126042127609,easy,0.0,0.0,0.006516181530257004,0.006592110428030129,0.6365033833987985,0.0,contact_alignment
101,-277.7121647677901,-2.213832251405769,-279.9259970191959,False,0.0,0.0,False,1600,-1.0,0.4980294406414032,0.4756382703781128,0.9301810264587402,1.0,215.7442569732666,1.0,45.070452094078064,easy,0.0,0.0,0.008302983913372728,0.00844895403227496,0.8445761676692173,0.0,contact_alignment
102,-225.94835536631706,-2.2427768090550275,-228.19113217537208,False,0.0,0.0,False,1600,-1.0,0.3710886538028717,0.4766334891319275,0.9329311847686768,1.0,215.3397798538208,1.0,45.15721768140793,easy,0.0,0.0,0.006879878586996164,0.007070186054101491,0.7096693440307392,0.0,contact_alignment
103,3434.6793204325413,499.19153506709085,3933.870855499632,True,0.0,0.0,False,213,-1.0,0.9947469234466553,0.482003778219223,0.9309571981430054,1.0,238.3037269115448,1.0,44.938690066337585,easy,0.06027881884827284,0.06020910683257394,0.0007805182051518283,0.0009279737814954,0.14841373434999003,0.0,success
104,-242.37776556611811,-2.2615581767584816,-244.6393237428766,False,0.0,0.0,False,1600,-1.0,0.501609742641449,0.4782995283603668,0.9322130084037781,1.0,214.82586145401,1.0,45.27149140834808,easy,0.0,0.0,0.007322785130796958,0.007451561621775321,0.7629191230243664,0.0,contact_alignment
105,3863.6262403299816,499.17989231656003,4362.806132646541,True,0.0,0.0,False,233,-1.0,0.7145556807518005,0.4820753335952759,0.9281039834022522,1.0,238.07114481925964,1.0,45.125395357608795,easy,0.04958160780975698,0.049501734741959624,0.0007041776463251209,0.0008644484166741653,0.4176814676520948,0.0,success
106,-184.90559742601818,-2.2898414219166545,-187.19543884793484,False,0.0,0.0,False,1600,-1.0,0.23042456805706024,0.47965148091316223,0.9314135313034058,1.0,216.05024933815002,1.0,45.16907334327698,easy,0.0,0.0,0.005645353872110131,0.005708900177658456,0.5812791839637373,0.0,contact_alignment
107,4441.16911278598,499.13109893807564,4940.300211724056,True,0.0,0.0,False,265,-1.0,0.9897367358207703,0.4833002984523773,0.9305034279823303,1.0,238.68590354919434,1.0,44.97047692537308,easy,0.03866573441950946,0.038521485907980074,0.0007853220987749772,0.0007870770207279502,0.7570972732705459,0.0,success
108,3007.598323531465,499.2139606421617,3506.8122841736267,True,0.0,0.0,False,200,-1.0,1.0,0.4843361973762512,0.9289920926094055,1.0,237.71198153495789,1.0,45.113452076911926,easy,0.06893509011958851,0.06893482307336862,0.0006062852322236217,0.0007159629199890139,0.4899851112447522,0.0,success
109,-284.717974482287,-2.250022092183687,-286.9679965744707,False,0.0,0.0,False,1600,-1.0,0.6502218842506409,0.4819064438343048,0.9330477118492126,1.0,216.2791121006012,1.0,45.14003396034241,easy,0.0,0.0,0.008486551713134758,0.00865412567956801,0.8788441017761451,0.0,contact_alignment
110,-281.4268410022514,-2.2426021939057557,-283.6694431961572,False,0.0,0.0,False,1600,-1.0,0.40047213435173035,0.48099297285079956,0.9330465197563171,1.0,215.98883390426636,1.0,45.23408442735672,easy,0.0,0.0,0.0083474339247964,0.00846802366552911,0.8533454102070956,0.0,contact_alignment
111,2894.260677981007,499.2099129571754,3393.4705909381823,True,0.0,0.0,False,197,-1.0,0.25358811020851135,0.4860043227672577,0.9309492707252502,1.0,238.7928032875061,1.0,45.00006079673767,easy,0.07062701705446653,0.07062038985439303,0.0004902672995356731,0.000793377082700915,0.6046258472191507,0.0,success
112,3092.7736115015746,499.21041136482984,3591.9840228664043,True,0.0,0.0,False,203,-1.0,1.0,0.4858296811580658,0.930907130241394,1.0,238.3087170124054,1.0,45.146371722221375,easy,0.06599379843798302,0.06597940340775538,0.0008504022819148689,0.000952761656604302,0.390397264455449,0.0,success
113,-250.86404912988218,-2.255648571951602,-253.1196977018338,False,0.0,0.0,False,1600,-1.0,0.6173434257507324,0.48225700855255127,0.9354803562164307,1.0,215.69833874702454,1.0,45.22955536842346,easy,0.0,0.0,0.007496795529746115,0.007659642468546205,0.7686654001495634,0.0,contact_alignment
114,4172.219586158967,499.1666526923699,4671.386238851337,True,0.0,0.0,False,240,-1.0,1.0,0.48709315061569214,0.9311019778251648,1.0,238.88549208641052,1.0,45.21609127521515,easy,0.04415348226970111,0.044051966426650435,0.0004749171237742777,0.0004779981949779916,0.5895922381275446,0.0,success
115,4208.11763970605,499.17554925672846,4707.293188962778,True,0.0,0.0,False,242,-1.0,0.9995456337928772,0.48806843161582947,0.9312151670455933,1.0,238.27468514442444,1.0,45.228349566459656,easy,0.043213150694513675,0.04311856842324839,0.0008596836837705618,0.0008852901894099825,0.6271708797656015,0.0,success
116,2929.3733639036936,499.21204617157576,3428.5854100752695,True,0.0,0.0,False,198,-1.0,0.12060003727674484,0.48802274465560913,0.9310658574104309,1.0,238.65834951400757,1.0,45.23110330104828,easy,0.07058458286636923,0.07053740797072348,0.0005333617722530541,0.0008729571553036275,0.6365312726937356,0.0,success
117,-258.75757946950887,-2.241771673545528,-260.9993511430544,False,0.0,0.0,False,1600,-1.0,0.681494414806366,0.48265665769577026,0.9324208498001099,1.0,216.18053436279297,1.0,45.44419437646866,easy,0.0,0.0,0.007734088529336919,0.007937181706264592,0.787322503234993,0.0,contact_alignment
118,-214.38668228966506,-2.2330165109257694,-216.61969880059084,False,0.0,0.0,False,1600,-1.0,0.5338555574417114,0.4763449728488922,0.9335302114486694,1.0,215.38032054901123,1.0,45.36170542240143,easy,0.0,0.0,0.006503994529298363,0.0066158828407043265,0.6528402003731347,0.0,contact_alignment
119,1818.534013603351,499.2415352875506,2317.7755488909015,True,0.0,0.0,False,169,-1.0,0.138606458902359,0.4846307635307312,0.9326697587966919,1.0,238.07576298713684,1.0,45.18557280302048,easy,0.07532209459473656,0.07527580640391869,0.0007025054588503897,0.0009915932380676399,1.2692478516764363,0.0,success
120,-275.9792294735845,-2.2599993282460815,-278.23922880183056,False,0.0,0.0,False,1600,-1.0,0.4994184970855713,0.482063353061676,0.93638014793396,1.0,216.1160969734192,1.0,45.318173468112946,easy,0.0,0.0,0.008114548981465134,0.008170272339103264,0.837033270572508,0.0,contact_alignment
121,-281.12109146633395,-2.245167352553931,-283.3662588188879,False,0.0,0.0,False,1600,-1.0,0.4834434986114502,0.48244690895080566,0.935929000377655,1.0,216.95616960525513,1.0,45.26937395334244,easy,0.0,0.0,0.008334934677288727,0.008407130988493695,0.8590325559707357,0.0,contact_alignment
122,4182.202542959313,499.1602569708069,4681.36279993012,True,0.0,0.0,False,248,-1.0,0.9856525659561157,0.4873703122138977,0.9339463710784912,1.0,238.48955392837524,1.0,45.091674625873566,easy,0.043127359795138244,0.043008206201074026,0.0007935309416839122,0.0008257913211251401,0.6314599375226483,0.0,success
123,-236.6501269963816,-2.235584593041536,-238.88571158942312,False,0.0,0.0,False,1600,-1.0,0.36282089352607727,0.48300105333328247,0.9367018342018127,1.0,216.45621418952942,1.0,45.47971963882446,easy,0.0,0.0,0.007062990773406143,0.007219660692781024,0.73369199323922,0.0,contact_alignment
124,-270.5164851265921,-2.2369081738919694,-272.75339330048405,False,0.0,0.0,False,1600,-1.0,0.4000687003135681,0.4813377857208252,0.9354317784309387,1.0,216.39055252075195,1.0,45.28165519237518,easy,0.0,0.0,0.008009393927075305,0.008053530983320532,0.8395784990719921,0.0,contact_alignment
125,3086.2919622967006,499.2095158948713,3585.501478191572,True,0.0,0.0,False,202,-1.0,0.19419708847999573,0.48576921224594116,0.9354189038276672,1.0,237.4877369403839,1.0,45.30231863260269,easy,0.06901668781927603,0.06901068779645875,0.00045258862906462295,0.0007006869968092443,0.4788679716549752,0.0,success
126,-200.75825996946156,-2.2571518538877573,-203.01541182334933,False,0.0,0.0,False,1600,-1.0,0.6333641409873962,0.48171764612197876,0.9349150061607361,1.0,215.73960781097412,1.0,45.41453331708908,easy,0.0,0.0,0.006021127571350254,0.0061376689120867635,0.6310064366269714,0.0,contact_alignment
127,-239.27494951330604,-2.2832985453689765,-241.55824805867502,False,0.0,0.0,False,1600,-1.0,0.29646196961402893,0.477703720331192,0.9355340600013733,1.0,216.2836217880249,1.0,45.31638562679291,easy,0.0,0.0,0.007097378243541152,0.007181754754769981,0.7363134531930381,0.0,contact_alignment
128,2605.3727389150254,499.21402076636576,3104.586759681391,True,0.0,0.0,False,190,-1.0,0.9958793520927429,0.48606929183006287,0.9334078431129456,1.0,237.4135982990265,1.0,45.02369284629822,easy,0.07911967064579216,0.07905047052212372,0.000539726487605393,0.0006180748523577012,1.1717148725706346,0.0,success
129,-227.29193858208615,-2.251157794014877,-229.54309637610103,False,0.0,0.0,False,1600,-1.0,0.49789950251579285,0.4800534248352051,0.9378103017807007,1.0,215.9239625930786,1.0,45.34237712621689,easy,0.0,0.0,0.006836610566071146,0.006993579465756196,0.7232663403773489,0.0,contact_alignment
130,-239.5492799709335,-2.2510841851434886,-241.800364156077,False,0.0,0.0,False,1600,-1.0,0.5917763710021973,0.4764852821826935,0.9358511567115784,1.0,215.52225947380066,1.0,45.32296121120453,easy,0.0,0.0,0.007162559440675178,0.007323329265308961,0.7468494747560855,0.0,contact_alignment
131,3081.301539312459,499.21381882021296,3580.515358132672,True,0.0,0.0,False,202,-1.0,0.15306520462036133,0.4841214716434479,0.9346317052841187,1.0,238.25472474098206,1.0,45.161258578300476,easy,0.06917165624424354,0.06915387552099486,0.0004835219263506817,0.0007848503527665052,0.4669740481511414,0.0,success
132,-258.8372972862676,-2.256808829658485,-261.0941061159261,False,0.0,0.0,False,1600,-1.0,0.422156423330307,0.4794486165046692,0.9350107312202454,1.0,216.0878300666809,1.0,45.24851232767105,easy,0.0,0.0,0.007650815693382598,0.007713745797893431,0.8049281823893653,0.0,contact_alignment
133,2775.3197307481337,499.22430404717,3274.5440347953036,True,0.0,0.0,False,194,-1.0,0.7090350389480591,0.48105549812316895,0.9338368773460388,1.0,238.06180000305176,1.0,45.01540869474411,easy,0.07046747189645788,0.07044921496562494,0.00044761220619614513,0.0006906494177083902,0.6757488636070057,0.0,success
134,4130.138755418302,499.17321899189284,4629.311974410195,True,0.0,0.0,False,240,-1.0,0.9968340992927551,0.48276668787002563,0.9340230822563171,1.0,238.3628487586975,1.0,44.91303861141205,easy,0.04431728744306725,0.04416685377624363,0.0006032854568843177,0.0007475649693761896,0.48877707218972577,0.0,success
135,-221.02772268851476,-2.216956541983168,-223.24467923049792,False,0.0,0.0,False,1600,-1.0,0.5481842756271362,0.4768470525741577,0.9383986592292786,1.0,214.8517107963562,1.0,45.24653047323227,easy,0.0,0.0,0.0066409073026161055,0.006799768151612902,0.698094297058872,0.0,contact_alignment
136,3461.0859702786975,499.1950739411379,3960.281044219835,True,0.0,0.0,False,214,-1.0,0.8325709104537964,0.48431628942489624,0.9356256127357483,1.0,238.54904770851135,1.0,45.03864645957947,easy,0.05959863693369431,0.059579149178388,0.000699202838488738,0.0009310418874505812,0.08973151576043953,0.0,success
137,3466.863139257136,499.2004478031011,3966.0635870602373,True,0.0,0.0,False,214,-1.0,1.0,0.4780518710613251,0.9347313642501831,1.0,238.39666366577148,1.0,45.12148380279541,easy,0.05988002624929943,0.05987623846003015,0.0007086514066919964,0.0009384034651419241,0.0827700028001944,0.0,success
138,3396.4104920436935,499.19903913587206,3895.6095311795657,True,0.0,0.0,False,213,-0.9996719360351562,0.3572021424770355,0.47900840640068054,0.9368259906768799,1.0,238.99611115455627,1.0,45.06728947162628,easy,0.05913493994480805,0.05906631805877899,0.000442621855235435,0.0006793362194600358,0.14555869519732234,0.0,success
139,3904.27607548337,499.1824612300116,4403.458536713381,True,0.0,0.0,False,229,-1.0,0.9938780665397644,0.4760730564594269,0.9352618455886841,1.0,239.6288776397705,1.0,45.16913801431656,easy,0.05064152538001292,0.05057733671997239,0.0006915716321893865,0.0008383968801584635,0.36302237402688886,0.0,success
140,-283.4884395577881,-2.2198227296037856,-285.7082622873919,False,0.0,0.0,False,1600,-1.0,0.4096755385398865,0.47471746802330017,0.9367913603782654,1.0,215.25872945785522,1.0,45.152634382247925,easy,0.0,0.0,0.008383501292646608,0.008524675218228311,0.8671237565621566,0.0,contact_alignment
141,4013.590188951152,499.18498431218404,4512.775173263336,True,0.0,0.0,False,236,-1.0,1.0,0.4818817377090454,0.938312828540802,1.0,238.56931805610657,1.0,44.958900809288025,easy,0.046134682936454424,0.04604793286924638,0.0007027235392085751,0.0007710426959261813,0.43783041317462207,0.0,success
142,-208.97980180576985,-2.2022357908351715,-211.18203759660503,False,0.0,0.0,False,1600,-1.0,0.5732571482658386,0.476799875497818,0.9392913579940796,1.0,215.0191581249237,1.0,45.32662659883499,easy,0.0,0.0,0.006267441378258283,0.006329503099625094,0.6527270328588521,0.0,contact_alignment
143,-228.75246774256505,-2.2478433021146245,-231.00031104467968,False,0.0,0.0,False,1600,-1.0,0.6946098208427429,0.477624773979187,0.9376349449157715,1.0,215.28990983963013,1.0,45.25324374437332,easy,0.0,0.0,0.00677649160066229,0.006852263524716964,0.6989389505164181,0.0,contact_alignment
144,3608.3140261691824,499.1762756122316,4107.490301781414,True,0.0,0.0,False,218,-1.0,0.3382130563259125,0.4792845845222473,0.9373375177383423,1.0,238.56803178787231,1.0,45.03710478544235,easy,0.06035648939161502,0.06017939033182959,0.0004708531176152586,0.0006333177667156142,0.22248203808701403,0.0,success
145,3069.782385357065,499.19955311917715,3568.9819384762422,True,0.0,0.0,False,202,-1.0,0.6255420446395874,0.4819529354572296,0.9374206066131592,1.0,238.3061134815216,1.0,45.036366283893585,easy,0.07155620756293418,0.0715382923173144,0.000587234607018275,0.0008073345230478593,0.5055042263738616,0.0,success
146,-201.7586770120506,-2.213228733648516,-203.97190574569913,False,0.0,0.0,False,1600,-1.0,0.5495119690895081,0.47839826345443726,0.9374440908432007,1.0,214.93452787399292,1.0,45.37094086408615,easy,0.0,0.0,0.006111550906840808,0.006214067728622244,0.6495398913783862,0.0,contact_alignment
147,-247.2020068852818,-2.221309202889291,-249.4233160881711,False,0.0,0.0,False,1600,-1.0,0.5387447476387024,0.48148781061172485,0.9367232322692871,1.0,215.44581174850464,1.0,45.30211001634598,easy,0.0,0.0,0.007317936014253991,0.00736952574920785,0.7534056463611172,0.0,contact_alignment
148,3970.883232650656,499.1677644982289,4470.050997148885,True,0.0,0.0,False,234,-1.0,0.9994804859161377,0.48008742928504944,0.9397278428077698,1.0,238.52595686912537,1.0,45.33839464187622,easy,0.04710307828417854,0.04698910282342994,0.0005881905423643687,0.0006341266176330644,0.4082127030254204,0.0,success
149,3407.9638014713955,499.186145150036,3907.1499466214314,True,0.0,0.0,False,213,-1.0,1.0,0.48218590021133423,0.9363248944282532,1.0,239.41239714622498,1.0,45.192354917526245,easy,0.05924639084551557,0.05917454043892528,0.0006739194853969987,0.0009132545023630924,0.09093105467915237,0.0,success
150,1507.9899600610993,499.2524125596913,2007.2423726207905,True,0.0,0.0,False,161,-1.0,0.09812530130147934,0.47826021909713745,0.9332674741744995,1.0,237.6001226902008,1.0,44.98680531978607,easy,0.07317780377556295,0.07303471590170674,0.0006943512940511965,0.0008843902999382153,1.3083637422481709,0.0,success
151,-208.32282018690887,-2.2306892443745223,-210.5535094312834,False,0.0,0.0,False,1600,-1.0,0.38338297605514526,0.4770714044570923,0.937911331653595,1.0,215.28908848762512,1.0,45.46864211559296,easy,0.0,0.0,0.006294638770979341,0.0064526175835040115,0.6640562810774736,0.0,contact_alignment
152,-229.29423053660184,-2.2213058328349087,-231.51553636943675,False,0.0,0.0,False,1600,-1.0,0.29176127910614014,0.48126718401908875,0.9378316402435303,1.0,216.14507675170898,1.0,45.21854668855667,easy,0.0,0.0,0.006817976161179464,0.0068861020723020895,0.7296109357318645,0.0,contact_alignment
153,2406.9595004008343,499.2259251911227,2906.185425591957,True,0.0,0.0,False,184,-1.0,0.8357542753219604,0.48124486207962036,0.9374721050262451,1.0,238.90365481376648,1.0,45.07013916969299,easy,0.0736426370419141,0.07360511861773869,0.0008221996631313728,0.000994115132221375,0.897861553745062,0.0,success
154,-253.10805430704912,-2.2210754697121105,-255.32912977676122,False,0.0,0.0,False,1600,-1.0,0.5704423189163208,0.4825952649116516,0.9364685416221619,1.0,216.1155390739441,1.0,45.36360591650009,easy,0.0,0.0,0.007507094283122659,0.007616023405414761,0.7867641329699708,0.0,contact_alignment
155,-264.0778331166739,-2.239488755359138,-266.31732187203306,False,0.0,0.0,False,1600,-1.0,0.5061116814613342,0.4793086349964142,0.9373279213905334,1.0,215.44677257537842,1.0,45.31335860490799,easy,0.0,0.0,0.007793929892743953,0.007902026726327322,0.8175239205674291,0.0,contact_alignment
156,2648.0875607085018,499.22999185234755,3147.3175525608494,True,0.0,0.0,False,190,-1.0,0.5029215216636658,0.48646435141563416,0.9374111294746399,1.0,238.32560896873474,1.0,44.97238367795944,easy,0.0754996080798602,0.07548017691480438,0.0005817627962789651,0.0007983602130694642,0.8580372184325858,0.0,success
157,4114.730023867865,499.1673017206355,4613.897325588501,True,0.0,0.0,False,236,-1.0,0.9978383779525757,0.4821653664112091,0.9382104277610779,1.0,238.46988797187805,1.0,45.13138473033905,easy,0.047280493791860445,0.047016047076900463,0.00046917893401255534,0.0004739340287917804,0.6398160527947268,0.0,success
158,-234.11442608177913,-2.198550012387553,-236.3129760941667,False,0.0,0.0,False,1600,-1.0,0.6695186495780945,0.48179152607917786,0.9376731514930725,1.0,215.81655144691467,1.0,45.224544405937195,easy,0.0,0.0,0.0069868125810032215,0.007127018780144863,0.7414641332743829,0.0,contact_alignment
159,1547.1867725742368,499.25770811156116,2046.444480685798,True,0.0,0.0,False,162,-1.0,0.2405875325202942,0.48376819491386414,0.9339041709899902,1.0,238.46291422843933,1.0,45.06367206573486,easy,0.07439177410108999,0.07426578217118238,0.0007354573712128247,0.0009025494532163993,1.3643018113662726,0.0,success
160,2618.499410050818,499.23522083357994,3117.734630884398,True,0.0,0.0,False,189,-0.9976539611816406,0.6892368197441101,0.4845537543296814,0.9339258670806885,1.0,238.58921647071838,1.0,44.93298023939133,easy,0.07715145421459522,0.07712025011751336,0.0007412530377484066,0.0008980871524455743,0.9572913733914619,0.0,success
161,-275.51192139454855,-2.2036341754784625,-277.715555570027,False,0.0,0.0,False,1600,-1.0,0.2055119425058365,0.48367783427238464,0.9354298710823059,1.0,215.72707056999207,1.0,45.15731155872345,easy,0.0,0.0,0.00811131001706571,0.008261973658680793,0.8827461710116888,0.0,contact_alignment
162,4186.719976201056,499.1738052248987,4685.893781425954,True,0.0,0.0,False,239,-0.9959863424301147,0.9985784292221069,0.47843751311302185,0.9353352785110474,1.0,238.64396810531616,1.0,44.93985831737518,easy,0.04463796405828832,0.04449359049077428,0.0006298945674500915,0.0006418425993090151,0.6290848922385875,0.0,success
163,3092.915146256273,499.2089624775228,3592.1241087337958,True,0.0,0.0,False,203,-1.0,0.9654307961463928,0.48212531208992004,0.9373553395271301,1.0,239.14383053779602,1.0,45.14346569776535,easy,0.0661204425737681,0.06607615119370913,0.0008437443862778663,0.0009445736838199027,0.430773044554592,0.0,success
164,-225.28402072060294,-2.194017472330062,-227.478038192933,False,0.0,0.0,False,1600,-1.0,0.686034083366394,0.4789106845855713,0.9374522566795349,1.0,216.05472803115845,1.0,45.163999795913696,easy,0.0,0.0,0.0066091064744239775,0.0067140289308851245,0.7026162599646844,0.0,contact_alignment
165,-303.18962622342104,-2.1915463153951724,-305.3811725388162,False,0.0,0.0,False,1600,-1.0,0.7475156784057617,0.48036128282546997,0.9368798136711121,1.0,216.7601454257965,1.0,45.13841301202774,easy,0.0,0.0,0.008836361493788008,0.008988528431709376,0.9098336690252675,0.0,contact_alignment
166,2976.76137736835,499.2178651419932,3475.9792425103433,True,0.0,0.0,False,199,-1.0,0.5785338878631592,0.48709142208099365,0.9368827939033508,1.0,238.85677576065063,1.0,44.92644011974335,easy,0.07376263306411525,0.07373041027192365,0.0005048276654242016,0.0006714623339894386,0.6803915197820743,0.0,success
167,4536.346446724396,499.1088517417886,5035.455298466184,True,0.0,0.0,False,293,-1.0,0.4756174385547638,0.48358264565467834,0.9351193308830261,1.0,239.22895669937134,1.0,45.114831030368805,medium,0.03620858346675525,0.03604982867640037,9.731187146339335e-05,0.00011255383710068351,0.6964559775291276,0.0,success
168,4332.2707600060685,499.14717847170766,4831.417938477776,True,0.0,0.0,False,276,-1.0,0.982623279094696,0.48285144567489624,0.9365782737731934,1.0,238.89325618743896,1.0,45.28075397014618,medium,0.03927157267454523,0.039136818516285254,0.000538052362215139,0.0005449146873953154,0.6064179070747284,0.0,success
169,-314.9649733774164,-2.2157809637419517,-317.1807543411584,False,0.0,0.0,False,1600,-0.9916496276855469,1.0,0.4761926233768463,0.936109185218811,1.0,216.129812002182,1.0,45.2949795126915,medium,0.0,0.0,0.009204706343200534,0.0094463014602648,0.9537362600290245,0.0,contact_alignment
170,-248.77209428293924,-2.2083259540012397,-250.9804202369405,False,0.0,0.0,False,1600,-0.9992130398750305,0.6976349353790283,0.4828225374221802,0.9379059672355652,1.0,216.37431144714355,1.0,45.385279059410095,medium,0.0,0.0,0.007214439875699873,0.007251781820359904,0.7672401958974262,0.0,contact_alignment
171,-308.70021128508216,-2.2067686407908993,-310.9069799258731,False,0.0,0.0,False,1600,-0.9995344281196594,0.9957906007766724,0.4801514744758606,0.9382588267326355,1.0,215.5632495880127,1.0,45.2621266245842,medium,0.0,0.0,0.008902614566743676,0.008974789289349172,0.9200093138388961,0.0,contact_alignment
172,-226.6234225854591,-2.2158650432491234,-228.83928762870823,False,0.0,0.0,False,1600,-0.9998354315757751,0.7342662215232849,0.4761287569999695,0.936147928237915,1.0,215.243821144104,1.0,45.14794260263443,medium,0.0,0.0,0.006621103789974315,0.0067197879400688046,0.7029402709517855,0.0,contact_alignment
173,4412.264847881494,499.1397353643565,4911.4045832458505,True,0.0,0.0,False,280,-1.0,0.9328026175498962,0.4806087911128998,0.9378421306610107,1.0,239.4088327884674,1.0,45.084973871707916,medium,0.03869508683911896,0.03856188885316532,0.00031972377240857113,0.0004612805326534829,0.5545216157363551,0.0,success
174,-308.6466522594035,-2.1623752600661414,-310.8090275194696,False,0.0,0.0,False,1600,-0.9946895241737366,0.9980354309082031,0.4820142984390259,0.9364280700683594,1.0,215.88858246803284,1.0,45.13342499732971,medium,0.0,0.0,0.008929619547106176,0.009102095390976322,0.9273232783588856,0.0,contact_alignment
175,-266.3918359599693,-2.168970836465277,-268.5608067964346,False,0.0,0.0,False,1600,-0.9936941862106323,1.0,0.47939732670783997,0.9360702037811279,1.0,216.05964064598083,1.0,45.24751931428909,medium,0.0,0.0,0.007781841609565587,0.0078057294218033466,0.8369744713973056,0.0,contact_alignment
176,4579.934751024154,499.1436884819721,5079.078439506126,True,0.0,0.0,False,275,-0.9990590214729309,0.9923035502433777,0.4845845699310303,0.9375789761543274,1.0,238.86979341506958,1.0,45.04596680402756,medium,0.03646377319333814,0.03632871687529721,0.00015476572404917499,0.00019741772719903452,0.7246270082289834,0.0,success
177,3199.236043092853,499.20621438584277,3698.442257478696,True,0.0,0.0,False,216,-0.9988426566123962,0.5120614767074585,0.4860258996486664,0.9371592998504639,1.0,238.56654405593872,1.0,45.143273770809174,medium,0.06480538623681206,0.06478718116553217,0.0007069096477025772,0.0008654799895854608,0.38020258591859657,0.0,success
178,4437.847250054836,499.13490812359584,4936.982158178432,True,0.0,0.0,False,290,-0.9950149059295654,0.3005349636077881,0.4848428964614868,0.93723464012146,1.0,239.28699374198914,1.0,45.042336881160736,medium,0.037841243024229226,0.037752432207466366,0.00025426777062093476,0.0004035700376340116,0.5801715321873057,0.0,success
179,4503.304707491191,499.1266509235833,5002.431358414774,True,0.0,0.0,False,291,-1.0,1.0,0.48590657114982605,0.9369408488273621,1.0,238.39531540870667,1.0,45.24957001209259,medium,0.03683464105963227,0.036711296605655114,0.00019958512779671663,0.0002079806411980623,0.6444196303164035,0.0,success
180,-265.4448129250291,-2.1960373315551855,-267.6408502565843,False,0.0,0.0,False,1600,-1.0,0.9799656271934509,0.4835636019706726,0.9392926096916199,1.0,216.59753322601318,1.0,45.193769335746765,medium,0.0,0.0,0.007732537098350046,0.007865693168097916,0.8236460218801781,0.0,contact_alignment
181,-200.82756593844363,-2.1948940943446558,-203.02246003278827,False,0.0,0.0,False,1600,-1.0,0.5976269245147705,0.4788462817668915,0.9382635354995728,1.0,216.36306047439575,1.0,45.14159232378006,medium,0.0,0.0,0.0059445279557875045,0.006032242196838195,0.6464553341433482,0.0,contact_alignment
182,-210.27937719412438,-2.1791965012449115,-212.4585736953693,False,0.0,0.0,False,1600,-0.9951314926147461,0.9615890979766846,0.4861868619918823,0.9380090832710266,1.0,216.89303398132324,1.0,45.20871251821518,medium,0.0,0.0,0.006152462804798425,0.006159808588709961,0.6398955728011948,0.0,contact_alignment
183,3846.6201865209378,499.16680552713206,4345.78699204807,True,0.0,0.0,False,249,-1.0,1.0,0.48806607723236084,0.9370560646057129,1.0,239.50395464897156,1.0,44.94308143854141,medium,0.04794936867879766,0.047838000557886645,0.0009201027565494087,0.0009626256267732285,0.23834287817527783,0.0,success
184,-333.04242650360095,-2.1855302616751904,-335.22795676527613,False,0.0,0.0,False,1600,-1.0,1.0,0.48153844475746155,0.9374493360519409,1.0,216.65738344192505,1.0,45.21474778652191,medium,0.0,0.0,0.009572674007065789,0.009650391732190781,0.9972799553699154,0.0,contact_alignment
185,3256.4692147381706,499.20791230907867,3755.677127047249,True,0.0,0.0,False,213,-1.0,0.991442084312439,0.48770496249198914,0.9371745586395264,1.0,239.24553871154785,1.0,45.22367864847183,medium,0.06557111956615276,0.06544395515676954,0.0008916724474378065,0.0009252072800537652,0.3780643660755228,0.0,success
186,-274.528543866544,-2.2066372409185044,-276.7351811074625,False,0.0,0.0,False,1600,-0.9967790246009827,0.9047859907150269,0.4820166528224945,0.9361047744750977,1.0,215.89242577552795,1.0,45.15397995710373,medium,0.0,0.0,0.008002547459851038,0.008037576482473363,0.8447966733975246,0.0,contact_alignment
187,-305.56911880934956,-2.231325217940835,-307.8004440272904,False,0.0,0.0,False,1600,-1.0,0.9378867149353027,0.4825885593891144,0.9377573728561401,1.0,216.57918453216553,1.0,45.104777812957764,medium,0.0,0.0,0.008855146416811673,0.008994750752951761,0.9372314721413537,0.0,contact_alignment
188,3916.3846380859286,499.15819854750106,4415.54283663343,True,0.0,0.0,False,252,-0.9982595443725586,1.0,0.4865858554840088,0.9388833045959473,1.0,239.4260811805725,1.0,45.13735115528107,medium,0.04654266879205777,0.04644534073650376,0.0008488218546500814,0.0008605136321144405,0.3541728758263249,0.0,success
189,4580.219014818958,499.11917941024365,5079.338194229202,True,0.0,0.0,False,292,-1.0,0.2811552584171295,0.48301851749420166,0.9371258020401001,1.0,239.38676476478577,1.0,45.076823234558105,medium,0.035788632210978485,0.03565945358382183,0.00011577699983206656,0.00014425524679625464,0.689676824760629,0.0,success
190,4390.757216214212,499.1264246243379,4889.8836408385505,True,0.0,0.0,False,288,-1.0,0.6152231693267822,0.4833391606807709,0.93812096118927,1.0,239.34839367866516,1.0,45.030846297740936,medium,0.03807271733880735,0.037920806449853406,0.0003401024998122668,0.0004056182010368819,0.6149608076681494,0.0,success
191,-327.3158590190857,-2.221733259153173,-329.53759227823883,False,0.0,0.0,False,1600,-0.9963919520378113,1.0,0.4841976463794708,0.9344922304153442,1.0,216.64103388786316,1.0,45.17076939344406,medium,0.0,0.0,0.009490016127227264,0.009587194489380783,0.978189335445602,0.0,contact_alignment
192,-368.10881654287704,-2.2181572996434866,-370.32697384252054,False,0.0,0.0,False,1600,-1.0,1.0,0.475602388381958,0.9355246424674988,1.0,216.19951844215393,1.0,45.27643769979477,medium,0.0,0.0,0.010532281882567846,0.01055779058930579,1.1101605503872691,0.0,contact_alignment
193,4585.491116472815,499.1321709866232,5084.623287459438,True,0.0,0.0,False,289,-1.0,0.9381824731826782,0.48056769371032715,0.9367009997367859,1.0,239.3578314781189,1.0,44.87181395292282,medium,0.03556309333038496,0.03541870969730837,0.00010612635876950681,0.00011664015390353257,0.7690383252113238,0.0,success
194,-206.10478579837687,-2.2090456872108772,-208.31383148558774,False,0.0,0.0,False,1600,-0.9913728833198547,0.4657684862613678,0.48172637820243835,0.9367586374282837,1.0,217.29713916778564,1.0,45.19012898206711,medium,0.0,0.0,0.006036001234742837,0.006224373223063054,0.6380337094927351,0.0,contact_alignment
195,-245.87446534295051,-2.213706729744591,-248.0881720726951,False,0.0,0.0,False,1600,-0.9964135885238647,0.30567482113838196,0.4855954349040985,0.9348244667053223,1.0,217.38545775413513,1.0,45.110944509506226,medium,0.0,0.0,0.007193071643701103,0.00728680954072117,0.7631772869905826,0.0,contact_alignment
196,4538.031680834299,499.1151110281318,5037.14679186243,True,0.0,0.0,False,295,-1.0,0.9852824211120605,0.4874744117259979,0.9357702732086182,1.0,239.65630769729614,1.0,45.052377581596375,medium,0.036128082859423837,0.036010472089472084,0.00022730639285005287,0.00022861293266755966,0.6585469879871855,0.0,success
197,4464.153965560221,499.1349205824036,4963.2888861426245,True,0.0,0.0,False,281,-1.0,0.24976903200149536,0.490319162607193,0.9338903427124023,1.0,239.24009919166565,1.0,44.9209389090538,medium,0.037629714480059834,0.03750776693550366,0.00032919231779847684,0.00039736582121474914,0.5879449373202743,0.0,success
198,-266.5732041892344,-2.220649770224765,-268.79385395945917,False,0.0,0.0,False,1600,-1.0,0.4409744441509247,0.48389074206352234,0.933992326259613,1.0,216.48007988929749,1.0,45.095590353012085,medium,0.0,0.0,0.007733922838356031,0.007774088459096722,0.8224107026703444,0.0,contact_alignment
199,-257.01460119054957,-2.219668227663278,-259.2342694182129,False,0.0,0.0,False,1600,-1.0,0.5668390393257141,0.48318740725517273,0.9327616691589355,1.0,217.148334980011,1.0,45.17521291971207,medium,0.0,0.0,0.007454930436493816,0.007588618419412491,0.8216642193546408,0.0,contact_alignment
200,-277.6486190460862,-2.2391391952536788,-279.8877582413399,False,0.0,0.0,False,1600,-0.996887743473053,0.4228896498680115,0.48294246196746826,0.9335060119628906,1.0,216.94676280021667,1.0,45.19228607416153,medium,0.0,0.0,0.007990312584557863,0.008011965241634618,0.8669669931777885,0.0,contact_alignment
201,4461.357736719296,499.144078960188,4960.501815679484,True,0.0,0.0,False,276,-0.9971742033958435,0.9912774562835693,0.48439428210258484,0.9354470372200012,1.0,239.38997268676758,1.0,44.997148513793945,medium,0.037567331476909355,0.03745114264218288,0.0002579713992984098,0.00029556741454281457,0.6593284746178825,0.0,success
202,-247.15110784771457,-2.212292346780446,-249.36340019449503,False,0.0,0.0,False,1600,-0.9984453320503235,0.8569994568824768,0.48408955335617065,0.9328447580337524,1.0,216.5941083431244,1.0,45.13427406549454,medium,0.0,0.0,0.0072527086088125395,0.007515124761322311,0.7723059014639089,0.0,contact_alignment
203,-193.10585609963113,-2.227551055782053,-195.33340715541317,False,0.0,0.0,False,1600,-0.9886889457702637,0.2072942852973938,0.48304200172424316,0.9324721097946167,1.0,217.01189756393433,1.0,45.001347959041595,medium,0.0,0.0,0.0057426488695932676,0.005907666517954678,0.6432494712672265,0.0,contact_alignment
204,4609.6836401848595,499.1173555823556,5108.800995767215,True,0.0,0.0,False,292,-1.0,0.5052904486656189,0.49022728204727173,0.9330616593360901,1.0,239.7990369796753,1.0,44.93696063756943,medium,0.03528059456541345,0.03517083094914966,0.0001301648361044731,0.00013095267845195834,0.7192115453709258,0.0,success
205,-270.2200287010638,-2.2272312932159855,-272.4472599942798,False,0.0,0.0,False,1600,-0.9898592829704285,1.0,0.48386329412460327,0.932733952999115,1.0,215.8016586303711,1.0,45.00777542591095,medium,0.0,0.0,0.007874440203170305,0.007991425178440273,0.8160940354054784,0.0,contact_alignment
206,-306.5503299018752,-2.2723917924809633,-308.8227216943562,False,0.0,0.0,False,1600,-0.9964855313301086,1.0,0.48095396161079407,0.9317323565483093,1.0,216.3143527507782,1.0,45.20339906215668,medium,0.0,0.0,0.008725885037517575,0.008735462251270509,0.9068428541761802,0.0,contact_alignment
207,-271.35822892524885,-2.2316490536103863,-273.58987797885925,False,0.0,0.0,False,1600,-0.9855474233627319,0.49967557191848755,0.4827592074871063,0.9307838082313538,1.0,215.669823884964,1.0,45.06646543741226,medium,0.0,0.0,0.007954336126589023,0.007984250266700839,0.8548547147861283,0.0,contact_alignment
208,4546.85665943922,499.12043343525306,5045.977092874473,True,0.0,0.0,False,295,-0.9995486736297607,0.4381949007511139,0.48440974950790405,0.9346118569374084,1.0,239.41850304603577,1.0,44.70084458589554,medium,0.035906330040622984,0.03581713156361177,6.788836229091863e-05,8.650173347122645e-05,0.6640882853404922,0.0,success
209,2946.917850027954,499.2193335307244,3446.1371835586783,True,0.0,0.0,False,199,-1.0,0.19470371305942535,0.4836905598640442,0.9361575841903687,1.0,239.63000893592834,1.0,44.64860290288925,medium,0.0679604899850961,0.06785930564463466,0.0007193611673852865,0.0008993054070396004,0.6238139458304816,0.0,success
210,3268.862480292896,499.18476909196573,3768.047249384862,True,0.0,0.0,False,227,-0.9849739670753479,0.25052422285079956,0.4810880422592163,0.9327641725540161,1.0,239.72447991371155,1.0,45.01942038536072,medium,0.06456139728446089,0.06443346168032295,0.0005632663868172776,0.0005680280859191629,0.2887437674963533,0.0,success
211,-322.5664928610442,-2.2677300016639528,-324.83422286270815,False,0.0,0.0,False,1600,-0.9891723990440369,0.9128109216690063,0.4797007739543915,0.9311063289642334,1.0,215.25572299957275,1.0,45.227358639240265,medium,0.0,0.0,0.009300493481958196,0.009307173068718264,1.0024721631619746,0.0,contact_alignment
212,-230.80364762762846,-2.2440640189340675,-233.04771164656253,False,0.0,0.0,False,1600,-0.9843679070472717,1.0,0.4759957790374756,0.9362843036651611,1.0,214.84066128730774,1.0,45.04868507385254,medium,0.0,0.0,0.006723680393006737,0.006805492160284065,0.7012559163884208,0.0,contact_alignment
213,-262.1550862156756,-2.262730040291242,-264.41781625596684,False,0.0,0.0,False,1600,-0.9845663905143738,0.5512440800666809,0.478404700756073,0.9332053661346436,1.0,215.6531023979187,1.0,45.07434695959091,medium,0.0,0.0,0.00776453465741357,0.007969425780143514,0.8387607607098643,0.0,contact_alignment
214,3121.2909561069973,499.20326662961685,3620.494222736614,True,0.0,0.0,False,209,-0.9928588271141052,0.9844374656677246,0.4815640151500702,0.9335784912109375,1.0,240.01987218856812,1.0,44.74611222743988,medium,0.066202726934528,0.06615964634546039,0.0007748469289910492,0.0009055362967548716,0.4468085123398893,0.0,success
215,-281.4995972190812,-2.2516815040581903,-283.75127872313936,False,0.0,0.0,False,1600,-0.9880509972572327,1.0,0.4803202748298645,0.9301629662513733,1.0,215.0143539905548,1.0,44.99424874782562,medium,0.0,0.0,0.008147842301747796,0.008176307098879948,0.8744613071481021,0.0,contact_alignment
216,4478.307756013322,499.12998288839873,4977.437738901721,True,0.0,0.0,False,282,-0.9859991073608398,1.0,0.4779576361179352,0.9358851313591003,1.0,239.77131247520447,1.0,44.546599984169006,medium,0.037316095625658095,0.037183564273923456,0.0003750686510616655,0.0003918315384782944,0.6754934792086132,0.0,success
217,3326.842792027299,499.2064871660823,3826.049279193381,True,0.0,0.0,False,209,-0.9873656630516052,1.0,0.48421287536621094,0.9345846772193909,1.0,240.425945520401,1.0,45.128101110458374,medium,0.0639017493465385,0.06364103603259956,0.0007844506397639811,0.0009212296786926449,0.3707768240271477,0.0,success
218,-221.06509511739148,-2.2410990504683377,-223.30619416785981,False,0.0,0.0,False,1600,-0.99749755859375,0.3891494572162628,0.47827377915382385,0.9316908121109009,1.0,215.32947421073914,1.0,45.01716107130051,medium,0.0,0.0,0.006519008404356034,0.006534137387114671,0.726314501160474,0.0,contact_alignment
219,4462.700247586684,499.1376190392604,4961.837866625944,True,0.0,0.0,False,282,-1.0,0.29121333360671997,0.4799968898296356,0.9366764426231384,1.0,239.62560772895813,1.0,44.74067360162735,medium,0.03766335100596203,0.037542441403382434,0.0003407579559442395,0.00042526665129607875,0.5873819424428495,0.0,success
220,4301.069594037824,499.15316116363704,4800.222755201461,True,0.0,0.0,False,259,-0.9840278029441833,0.9954292178153992,0.4821491241455078,0.9359738826751709,1.0,240.02766728401184,1.0,44.77291524410248,medium,0.041317693626373816,0.04123387156716295,0.000819080022289081,0.0008200110926670151,0.6346281899932749,0.0,success
221,4479.800004982677,499.13306594817254,4978.93307093085,True,0.0,0.0,False,294,-0.9994808435440063,1.0,0.4807947874069214,0.9367726445198059,1.0,239.62133049964905,1.0,44.491758942604065,medium,0.03663839556133682,0.03649603324109148,0.0001138109370287323,0.0001252710137416002,0.6393257969673023,0.0,success
222,-335.03979680668374,-2.2557220525195865,-337.2955188592033,False,0.0,0.0,False,1600,-0.9927917122840881,1.0,0.4788074493408203,0.9313230514526367,1.0,216.4234220981598,1.0,44.930385053157806,medium,0.0,0.0,0.00964244401969631,0.00977880646789737,1.0039848177507171,0.0,contact_alignment
223,-243.1579268511233,-2.2299126412412393,-245.38783949236455,False,0.0,0.0,False,1600,-0.9831268787384033,1.0,0.47899529337882996,0.9338402152061462,1.0,215.5981183052063,1.0,44.851309061050415,medium,0.0,0.0,0.0070781446540797805,0.007231959069546978,0.744781103976664,0.0,contact_alignment
224,-324.99785792535874,-2.25286704241574,-327.2507249677745,False,0.0,0.0,False,1600,-0.9860285520553589,1.0,0.4768124222755432,0.9314541816711426,1.0,215.91086745262146,1.0,44.9325567483902,medium,0.0,0.0,0.009262768619916494,0.009290572438133304,0.9820483935006571,0.0,contact_alignment
225,3296.043609765376,499.2128852007479,3795.2564949661237,True,0.0,0.0,False,209,-1.0,1.0,0.4837947487831116,0.9323201179504395,1.0,239.97283816337585,1.0,44.768025279045105,medium,0.06144803569405385,0.06136515708239253,0.0005851891373450492,0.0006670724118899294,0.315157029719539,0.0,success
226,-254.79915564103894,-2.2278947521678667,-257.0270503932068,False,0.0,0.0,False,1600,-0.9801396727561951,0.25006285309791565,0.47821667790412903,0.9345521926879883,1.0,215.1866364479065,1.0,45.0220051407814,medium,0.0,0.0,0.007423055773509399,0.007686414419463233,0.7918587776727433,0.0,contact_alignment
227,4093.5101794450547,497.2190360869898,4590.729215532045,True,31.226787228164756,0.0,False,253,-1.0,0.19211775064468384,0.47855085134506226,0.9375623464584351,1.0,240.08641719818115,1.0,44.81506198644638,medium,0.04423823644152245,0.04399056181658739,0.0009578496605138987,0.0009906272824810553,0.5856897779163952,0.1234260364749595,success
228,-327.85520713990945,-2.2658554951843692,-330.12106263509384,False,0.0,0.0,False,1600,-0.9841476082801819,1.0,0.4807542562484741,0.9275535345077515,1.0,215.62663316726685,1.0,45.015667378902435,medium,0.0,0.0,0.009528656580584879,0.009689982722552828,1.0095717989965642,0.0,contact_alignment
229,1730.3344326200836,499.2477359683313,2229.582168588415,True,0.0,0.0,False,167,-0.9876735806465149,0.38018399477005005,0.48649656772613525,0.9349163770675659,1.0,240.3296148777008,1.0,45.09952902793884,medium,0.07711241948614542,0.07686014489367915,0.0008032189066717055,0.0008341803695149204,1.7006973218818666,0.0,success
230,-206.60319291637936,-2.236774967102453,-208.83996788348182,False,0.0,0.0,False,1600,-0.9920340180397034,0.48807916045188904,0.48065564036369324,0.9298979043960571,1.0,214.994238615036,1.0,44.957033693790436,medium,0.0,0.0,0.006068268742173275,0.006215587524646035,0.6786993654056825,0.0,contact_alignment
231,-225.04587603339974,-2.2838706222979295,-227.32974665569768,False,0.0,0.0,False,1600,-0.9857303500175476,0.6136821508407593,0.4752246141433716,0.9303440451622009,1.0,215.79683899879456,1.0,45.139028429985046,medium,0.0,0.0,0.006545076428174396,0.006565061640333457,0.7201358698377976,0.0,contact_alignment
232,3277.219722831318,499.17648813056826,3776.396210961886,True,0.0,0.0,False,228,-0.9914868474006653,0.7673897743225098,0.4801642596721649,0.932886004447937,1.0,240.6162977218628,1.0,44.96240347623825,medium,0.06326984141768427,0.06321166731819669,0.0007262889163648725,0.0007991454524875765,0.18290275526626928,0.0,success
233,-227.4025460816256,-2.2780381226136677,-229.68058420423927,False,0.0,0.0,False,1600,-0.9861528277397156,0.9994218945503235,0.4770447313785553,0.9321205019950867,1.0,214.8363995552063,1.0,45.022797882556915,medium,0.0,0.0,0.006625238145143466,0.006789662179908674,0.7082425392841458,0.0,contact_alignment
234,-285.67760001489233,-2.326357940882446,-288.0039579557748,False,0.0,0.0,False,1600,-0.9934377074241638,0.38956186175346375,0.4763461649417877,0.9291486740112305,1.0,215.03691792488098,1.0,45.034659802913666,medium,0.0,0.0,0.008259680628923504,0.008264727319761108,0.8990210687279515,0.0,contact_alignment
235,3175.57620156478,499.2004284204726,3674.776629985253,True,0.0,0.0,False,224,-1.0,0.9811611771583557,0.482571005821228,0.9339948892593384,1.0,240.2389407157898,1.0,44.748857617378235,medium,0.06267519197476723,0.06254308821674603,0.0008632067140850892,0.0008966285651432199,0.37149588323687704,0.0,success
236,-301.4305265215862,-2.304988362456986,-303.7355148840432,False,0.0,0.0,False,1600,-0.9866336584091187,1.0,0.478549599647522,0.9282901287078857,1.0,214.37196373939514,1.0,45.16514927148819,medium,0.0,0.0,0.00868064272116275,0.008848685803462202,0.9254054394822656,0.0,contact_alignment
237,4491.171822101433,499.1172658227323,4990.289087924165,True,0.0,0.0,False,294,-1.0,0.9966503977775574,0.4770578145980835,0.9336951971054077,1.0,240.38153052330017,1.0,44.80940222740173,medium,0.03638864043426558,0.03625991948537938,0.00025189786246979383,0.0002660908621343462,0.6450996650546352,0.0,success
238,-330.92693693111113,-2.29325824886552,-333.22019517997666,False,0.0,0.0,False,1600,-0.9880536794662476,1.0,0.47824975848197937,0.9266858696937561,1.0,215.18806219100952,1.0,45.565166771411896,medium,0.0,0.0,0.009338747817453136,0.009419414521859243,0.9927946749652898,0.0,contact_alignment
239,-366.7628554793042,-2.3180461215010686,-369.0809016008053,False,0.0,0.0,False,1600,-0.9957348704338074,1.0,0.47720932960510254,0.927963137626648,1.0,214.60530519485474,1.0,45.42000323534012,medium,0.0,0.0,0.010432191175734037,0.010489975484696186,1.0983548301872714,0.0,contact_alignment
240,4624.344059529537,499.1307473844465,5123.474806913983,True,0.0,0.0,False,284,-0.9937711358070374,0.6707695722579956,0.4775775969028473,0.9356644153594971,1.0,240.81738948822021,1.0,45.08963853120804,medium,0.03568266596944373,0.035560511421034946,0.00023614905470901505,0.0002633902157199064,0.6923200910133961,0.0,success
241,-301.04758470398303,-2.3095760427839025,-303.3571607467669,False,0.0,0.0,False,1600,-0.9835368990898132,1.0,0.4773254990577698,0.927076518535614,1.0,214.86550331115723,1.0,45.18170714378357,medium,0.0,0.0,0.008639682209644643,0.008732656683087885,0.9239545620363856,0.0,contact_alignment
242,-223.70112396015062,-2.2688976994343046,-225.97002165958492,False,0.0,0.0,False,1600,-0.9906831979751587,0.6652947664260864,0.47564631700515747,0.9265443086624146,1.0,215.23303508758545,1.0,45.035767555236816,medium,0.0,0.0,0.006554337659262952,0.006666870388082621,0.7430745439773497,0.0,contact_alignment
243,4437.0338994348485,499.13525278200655,4936.169152216855,True,0.0,0.0,False,280,-0.9890167117118835,0.2705404758453369,0.4790397882461548,0.9348787665367126,1.0,240.26716113090515,1.0,44.965075850486755,medium,0.03780316939195269,0.03768760918116133,0.0002926220769410543,0.00040720232927046935,0.6166882417882803,0.0,success
244,-271.9221122372712,-2.3300078002999522,-274.25212003757116,False,0.0,0.0,False,1600,-0.9915133118629456,1.0,0.47946518659591675,0.9268993735313416,1.0,215.62142610549927,1.0,45.339813232421875,medium,0.0,0.0,0.00771878667359384,0.007851083705921545,0.8275210549615555,0.0,contact_alignment
245,4528.147753464893,499.13256985874324,5027.280323323636,True,0.0,0.0,False,295,-0.996083676815033,1.0,0.48408180475234985,0.9349538087844849,1.0,240.64555644989014,1.0,44.85298007726669,medium,0.03679813145135111,0.03670523440366222,0.00051480949567753,0.0005796826483555395,0.5757805959039838,0.0,success
246,-247.456197322793,-2.2848693629616226,-249.74106668575462,False,0.0,0.0,False,1600,-0.9860612154006958,0.7692488431930542,0.4781314432621002,0.929867148399353,1.0,216.1337947845459,1.0,45.18733561038971,medium,0.0,0.0,0.007255806904740431,0.007527282160124833,0.7967858487485389,0.0,contact_alignment
247,4487.037751811173,499.13282009741846,4986.170571908591,True,0.0,0.0,False,291,-1.0,0.9961330890655518,0.48166295886039734,0.936091423034668,1.0,240.81069469451904,1.0,44.96227204799652,medium,0.03654117909392304,0.036433348242079916,8.366882083580109e-05,9.932671327228443e-05,0.6658282933269142,0.0,success
248,3325.6376571699093,499.160795714713,3824.7984528846223,True,0.0,0.0,False,243,-1.0,0.9880356788635254,0.48013362288475037,0.9324962496757507,1.0,240.4628598690033,1.0,45.03625363111496,medium,0.059253893811098,0.05912880155278262,0.0007319463843375468,0.0007336209510395574,0.12003906401354252,0.0,success
249,4538.08182085634,499.13383668621896,5037.215657542559,True,0.0,0.0,False,281,-0.9983543753623962,1.0,0.4794791042804718,0.9350482225418091,1.0,240.32589554786682,1.0,45.05257785320282,medium,0.036978261074813196,0.03689139937078749,0.0002507789905988458,0.0002558980490697659,0.6129806570392068,0.0,success
250,-347.2246795372024,-2.2988057032756055,-349.523485240478,False,0.0,0.0,False,1600,-0.9814208149909973,1.0,0.47738590836524963,0.9278436303138733,1.0,217.0984184741974,1.0,45.32177418470383,medium,0.0,0.0,0.009930177756991874,0.01012389384763157,1.0278679952956378,0.0,contact_alignment
251,4369.810210201936,499.145704506905,4868.95591470884,True,0.0,0.0,False,284,-1.0,1.0,0.48493388295173645,0.9326849579811096,1.0,240.7541298866272,1.0,44.71015304327011,medium,0.03858839408511609,0.03846437659166829,0.00033889900045137313,0.0003449641440933893,0.5796583984985377,0.0,success
252,3059.8149234553857,499.2274861097195,3559.042409565105,True,0.0,0.0,False,201,-1.0,0.547491729259491,0.4830751419067383,0.9387389421463013,1.0,240.9581971168518,1.0,45.25974214076996,medium,0.06977477666301297,0.06974841204443055,0.0007510661170913146,0.0007601146810338035,0.6469112342202504,0.0,success
253,-229.17768846543967,-2.296181513217559,-231.47386997865723,False,0.0,0.0,False,1600,-0.9939634799957275,0.6149328947067261,0.4799515902996063,0.9306930303573608,1.0,215.97894668579102,1.0,45.171918869018555,medium,0.0,0.0,0.00670947562027875,0.006729347728786849,0.729534894259182,0.0,contact_alignment
254,-276.81051817986906,-2.28751082272758,-279.09802900259666,False,0.0,0.0,False,1600,-0.9909076690673828,1.0,0.47714152932167053,0.9246832132339478,1.0,215.10831356048584,1.0,45.22048681974411,medium,0.0,0.0,0.008077554866196922,0.008328829570690869,0.8683413273419419,0.0,contact_alignment
255,3289.324983707289,499.176430109058,3788.501413816347,True,0.0,0.0,False,233,-1.0,0.271209180355072,0.4836444556713104,0.935198187828064,1.0,240.73471188545227,1.0,45.04593759775162,medium,0.06246465406386208,0.062431525150456024,0.0005113426902593269,0.0005206565522995457,0.12344105037492152,0.0,success
256,4505.597568724289,499.1400316511156,5004.737600375404,True,0.0,0.0,False,286,-0.9992666244506836,0.9891951680183411,0.4817359149456024,0.9348191022872925,1.0,240.8779525756836,1.0,44.697099924087524,medium,0.03707686518601786,0.03693964890997167,0.00019466034921146078,0.0002994445569767583,0.6140415356250998,0.0,success
257,-263.0575024553054,-2.2521850220329136,-265.3096874773383,False,0.0,0.0,False,1600,-0.9939960241317749,0.4961051046848297,0.47715070843696594,0.9288113713264465,1.0,215.02298593521118,1.0,45.03047287464142,medium,0.0,0.0,0.007640929354753799,0.007784169712711545,0.8209525280301879,0.0,contact_alignment
258,-265.9864188357787,-2.28475573775569,-268.2711745735344,False,0.0,0.0,False,1600,-0.984926164150238,0.4101332426071167,0.477253794670105,0.9280549883842468,1.0,215.53217768669128,1.0,45.090304017066956,medium,0.0,0.0,0.0078074075246657645,0.007964513983895015,0.846290032374659,0.0,contact_alignment
259,-261.261114134027,-2.2886172973722223,-263.54973143139927,False,0.0,0.0,False,1600,-0.9842879772186279,1.0,0.480049192905426,0.9251203536987305,1.0,214.9220371246338,1.0,45.233212411403656,medium,0.0,0.0,0.007554678721818049,0.007600005932364561,0.7952734714257499,0.0,contact_alignment
260,-185.85497105547574,-2.2807193289437846,-188.13569038441952,False,0.0,0.0,False,1600,-0.982960045337677,0.27392274141311646,0.4808163642883301,0.9289310574531555,1.0,215.57708859443665,1.0,45.116026401519775,medium,0.0,0.0,0.005498252592866699,0.005755984523508746,0.619000962564098,0.0,contact_alignment
261,5612.767109289571,499.0802122318398,6111.847321521411,True,0.0,0.0,False,344,-0.9913872480392456,0.999016284942627,0.48006027936935425,0.9359170198440552,1.0,241.00069046020508,1.0,45.17175406217575,medium,0.038511595245811256,0.03838339311619732,0.0006675376081903038,0.0006994326191582394,0.3097730283696348,0.0,success
262,-229.21311116905713,-2.3081351680512694,-231.5212463371084,False,0.0,0.0,False,1600,-0.9902092814445496,0.8099738955497742,0.47797879576683044,0.9286481142044067,1.0,214.52938437461853,1.0,45.32234162092209,medium,0.0,0.0,0.006770852844290704,0.006909251644935124,0.7301859080150044,0.0,contact_alignment
263,1582.8730256372683,499.2534156338385,2082.1264412711066,True,0.0,0.0,False,163,-0.9960850477218628,0.30232349038124084,0.4826403260231018,0.932298481464386,1.0,241.11013174057007,1.0,45.170525312423706,medium,0.0736786834373054,0.07357238265360512,0.0005937295149356282,0.0006917152895640721,1.5736374353627987,0.0,success
264,5768.411002055019,483.8809419288241,6252.291943983842,True,79.73237635514884,0.0,False,327,-0.9924226403236389,1.0,0.4816221594810486,0.9334587454795837,1.0,241.11302971839905,1.0,45.6224799156189,medium,0.03933228974051191,0.039173519098419374,0.00047070865027938017,0.00047701030430974574,0.18303330569790005,0.39919881620949604,success
265,-214.94310732051724,-2.2615944910865515,-217.2047018116038,False,0.0,0.0,False,1600,-0.9810978174209595,0.4424138069152832,0.4763942062854767,0.9289801120758057,1.0,214.9987018108368,1.0,45.27305394411087,medium,0.0,0.0,0.006241260567427931,0.00640901365806744,0.695263113803078,0.0,contact_alignment
266,3285.059393759448,499.1762558532013,3784.2356496126495,True,0.0,0.0,False,229,-0.999015748500824,0.24549654126167297,0.48127317428588867,0.9351720809936523,1.0,240.83304166793823,1.0,45.04573315382004,medium,0.06353446335604279,0.06343814523372696,0.0007457993507751508,0.0007664729629900872,0.24107619207796419,0.0,success
267,-353.692227804137,-2.3309108578445263,-356.02313866198153,False,0.0,0.0,False,1600,-0.9855120778083801,1.0,0.47550028562545776,0.922971248626709,1.0,214.97692823410034,1.0,45.27836322784424,medium,0.0,0.0,0.010226532448529314,0.010462271235981098,1.0655674221046791,0.0,contact_alignment
268,4450.515991248418,499.1453061496318,4949.66129739805,True,0.0,0.0,False,285,-0.9961198568344116,1.0,0.48207613825798035,0.9341617226600647,1.0,241.02970123291016,1.0,44.90783989429474,medium,0.037417982519048626,0.03729193820486207,0.00027438117101320043,0.00033625966372096224,0.6283906090981971,0.0,success
269,2872.127754934098,499.2238346341053,3371.351589568203,True,0.0,0.0,False,200,-1.0,0.187773197889328,0.47547242045402527,0.9334019422531128,1.0,241.16750240325928,1.0,45.114115476608276,medium,0.06942524988012111,0.06941609374596353,0.0008840010092418982,0.0009385344201207383,0.7448589086225724,0.0,success
270,3091.41194891078,499.20466027192936,3590.6166091827095,True,0.0,0.0,False,217,-0.9891349077224731,0.22403275966644287,0.4794064164161682,0.932319700717926,1.0,241.11708998680115,1.0,45.14922559261322,medium,0.06701072573357837,0.06694253708178013,0.0006809700206170211,0.0007315843879309588,0.3821971176080775,0.0,success
271,-265.28475876140624,-2.2726109769633105,-267.5573697383696,False,0.0,0.0,False,1600,-0.9812182188034058,0.45881104469299316,0.4782155454158783,0.9272791743278503,1.0,215.07463812828064,1.0,45.25214225053787,medium,0.0,0.0,0.007746654355914748,0.0077699289981513105,0.8275917380340279,0.0,contact_alignment
272,4692.272741109268,499.130110943715,5191.402852052984,True,0.0,0.0,False,296,-0.9933120608329773,1.0,0.48220378160476685,0.9363077282905579,1.0,241.06176495552063,1.0,44.813760221004486,medium,0.03557891522242784,0.03545050054795246,0.0008820462904110374,0.000980524885799012,0.6291617248748212,0.0,success
273,-202.65448047115547,-2.2465726548932086,-204.90105312604868,False,0.0,0.0,False,1600,-0.9821174740791321,0.08537300676107407,0.47730904817581177,0.9320370554924011,1.0,215.56929349899292,1.0,45.03874659538269,medium,0.0,0.0,0.006088957994992837,0.00635776594051802,0.6596631310950867,0.0,contact_alignment
274,2828.8942996950655,499.2196960333779,3328.113995728443,True,0.0,0.0,False,195,-0.9893752932548523,1.0,0.4761582911014557,0.936772346496582,1.0,241.33955240249634,1.0,45.29781877994537,medium,0.07351492829656936,0.07350451660153903,0.0008770735687727967,0.0009364769775773507,0.9992251336936174,0.0,success
275,4593.791105519422,499.1346796502975,5092.925785169719,True,0.0,0.0,False,286,-0.9977334141731262,0.53785640001297,0.4794760048389435,0.935329258441925,1.0,241.22087478637695,1.0,45.008574426174164,medium,0.035753615691240664,0.035648093778860315,0.00012058734259655772,0.00015989805353333698,0.7289528252357749,0.0,success
276,-265.27728258315597,-2.2617567755778643,-267.5390393587338,False,0.0,0.0,False,1600,-0.9820833802223206,1.0,0.4793328642845154,0.9301701188087463,1.0,215.25307297706604,1.0,45.20176976919174,medium,0.0,0.0,0.007579801336167726,0.007601112114662463,0.7854432995885472,0.0,contact_alignment
277,4431.9598862728235,499.1480733971576,4931.107959669981,True,0.0,0.0,False,280,-0.9973775148391724,0.28038138151168823,0.4783054292201996,0.9361091256141663,1.0,241.29647016525269,1.0,44.74852800369263,medium,0.03820681114985808,0.03807467505023891,0.00034513202771157815,0.0004717311711177513,0.6045284765794982,0.0,success
278,4465.952990548103,499.16229153396694,4965.11528208207,True,0.0,0.0,False,277,-0.9876457452774048,0.24728001654148102,0.4738960862159729,0.9356205463409424,1.0,241.19685411453247,1.0,44.7207236289978,medium,0.037841521356252704,0.037732832927434484,0.00026824756906562307,0.0003557735772707935,0.6428241225936634,0.0,success
279,4495.166922568224,499.13581579742765,4994.302738365652,True,0.0,0.0,False,287,-0.9913442134857178,0.310185045003891,0.47953417897224426,0.9381606578826904,1.0,241.14707708358765,1.0,44.655599892139435,medium,0.037184243773700346,0.037034607465313174,0.00025206755485082037,0.0002835753136679532,0.6827466477766213,0.0,success
280,4545.597183507644,499.15010267464356,5044.747286182288,True,0.0,0.0,False,285,-1.0,0.4188515245914459,0.4726751744747162,0.9356526136398315,1.0,241.2976324558258,1.0,44.80817139148712,medium,0.03653316649759841,0.03643845005159424,0.00024209062951245636,0.0003064665334553743,0.6639113675191021,0.0,success
281,3949.473996293784,499.18752775755524,4448.661524051339,True,0.0,0.0,False,241,-1.0,0.14983327686786652,0.4769699275493622,0.9357583522796631,1.0,241.44722700119019,1.0,44.70986098051071,medium,0.047724605625145036,0.04754935236439445,0.0006977019275288081,0.0008526776530122397,0.3791091015315208,0.0,success
282,-309.5670837122037,-2.259828988668506,-311.82691270087224,False,0.0,0.0,False,1600,-0.9958562254905701,1.0,0.47382980585098267,0.9267522096633911,1.0,214.67172622680664,1.0,45.05328714847565,medium,0.0,0.0,0.009004434998351869,0.009161111664761157,0.9206073445280747,0.0,contact_alignment
283,4165.769022808922,499.1759326444014,4664.944955453324,True,0.0,0.0,False,249,-0.9970247149467468,0.9939602017402649,0.4747885465621948,0.9365094304084778,1.0,241.47546291351318,1.0,45.082240998744965,medium,0.04495026023381919,0.04492382390056328,0.0009161521357327802,0.0009280144355703113,0.5529902654332812,0.0,success
284,3960.0549619603244,499.1291095678927,4459.184071528217,True,4.952688203253578,0.0,False,234,-0.9871659874916077,0.1766873598098755,0.47683185338974,0.9359402060508728,1.0,241.41403198242188,1.0,45.58210223913193,medium,0.04987794943263203,0.04955515805088645,0.00043034017369281336,0.0004715960020398568,0.5814853284218012,0.021165334201938366,success
285,3082.280343763322,499.2087700627865,3581.4891138261087,True,0.0,0.0,False,208,-0.9872479438781738,0.20420941710472107,0.4771987795829773,0.9358623623847961,1.0,241.28597855567932,1.0,44.95091497898102,medium,0.06808757292421727,0.06808509051376951,0.0006843236787274806,0.000833719684387643,0.5618042906796408,0.0,success
286,4330.893982617666,499.1830582048137,4830.077040822479,True,0.0,0.0,False,246,-0.9927439093589783,0.793720543384552,0.4747713804244995,0.9369850158691406,1.0,241.4055860042572,1.0,45.061396062374115,medium,0.042621277061439075,0.04248792355590847,0.00039346973161228873,0.0006619165731287094,0.6163376919275448,0.0,success
287,-276.86442723385653,-2.2218806250794634,-279.086307858936,False,0.0,0.0,False,1600,-0.9858990907669067,1.0,0.475820928812027,0.9309127330780029,1.0,214.75528717041016,1.0,45.11043339967728,medium,0.0,0.0,0.008051183154063345,0.008207623651335486,0.8288678886167408,0.0,contact_alignment
288,-333.2818609563392,-2.2674980552488555,-335.549359011588,False,0.0,0.0,False,1600,-0.9816886186599731,1.0,0.47278815507888794,0.9298054575920105,1.0,215.21071910858154,1.0,44.95406925678253,medium,0.0,0.0,0.009676204854837143,0.009914314867321637,1.008017978098284,0.0,contact_alignment
289,-246.30038953022893,-2.2284730052339015,-248.52886253546282,False,0.0,0.0,False,1600,-0.9915499687194824,1.0,0.4782889485359192,0.9301857948303223,1.0,214.26631927490234,1.0,45.390360951423645,medium,0.0,0.0,0.007131143345038409,0.007222472414401285,0.7540312731869696,0.0,contact_alignment
290,4437.271224182445,499.13940700652364,4936.410631188968,True,0.0,0.0,False,287,-1.0,1.0,0.4778022766113281,0.9354203939437866,1.0,241.36966347694397,1.0,44.61999535560608,medium,0.03834127771365477,0.03823740083279062,0.00026778588675526566,0.00038966671511761757,0.5926601181932892,0.0,success
291,-315.7532685241881,-2.256782808369764,-318.0100513325579,False,0.0,0.0,False,1600,-0.97683185338974,1.0,0.4785976707935333,0.9267688989639282,1.0,215.1995301246643,1.0,45.10301500558853,medium,0.0,0.0,0.009139557155270879,0.009224254490506402,0.9508619527529808,0.0,contact_alignment
292,3885.3039373074807,499.19140178105465,4384.495339088536,True,0.0,0.0,False,243,-0.9927160143852234,0.21252276003360748,0.47564497590065,0.9332433938980103,1.0,241.4076006412506,1.0,44.75002586841583,medium,0.04925164299124815,0.04913968816874836,0.0008459789165483097,0.0009968836291008674,0.3463602606078703,0.0,success
293,4675.854566352438,499.1711374054202,5175.0257037578585,True,0.0,0.0,False,267,-0.9927724003791809,1.0,0.4746689200401306,0.9370201826095581,1.0,241.48953437805176,1.0,45.236327052116394,medium,0.03714903856157248,0.037059135359399864,0.0008082919064794912,0.0009355182920616417,0.5857631791215023,0.0,success
294,-310.99703255316757,-2.262541612976576,-313.25957416614415,False,0.0,0.0,False,1600,-0.9828397035598755,1.0,0.4778696298599243,0.926156222820282,1.0,214.60673093795776,1.0,45.018519163131714,medium,0.0,0.0,0.008979069504196125,0.00912385514246551,0.9399896328190294,0.0,contact_alignment
295,3200.0774032415798,499.1808957721917,3699.2582990137716,True,0.0,0.0,False,231,-0.9934855103492737,0.2866479158401489,0.47689273953437805,0.9335504174232483,1.0,241.39104962348938,1.0,44.835954904556274,medium,0.06423800394340431,0.06421927288164263,0.00048437120650757237,0.0006010119203888854,0.2669633231413618,0.0,success
296,-265.3611600808666,-2.249867465389339,-267.61102754625597,False,0.0,0.0,False,1600,-0.9875370860099792,1.0,0.4728592038154602,0.9340305924415588,1.0,215.69875717163086,1.0,45.22903382778168,medium,0.0,0.0,0.007785326559502884,0.007841213567287198,0.8261666021238625,0.0,contact_alignment
297,-228.7130600583407,-2.2401646692808503,-230.95322472762155,False,0.0,0.0,False,1600,-0.9789252281188965,0.9624492526054382,0.47607529163360596,0.9277801513671875,1.0,214.35363054275513,1.0,45.16965955495834,medium,0.0,0.0,0.006708134538991191,0.006740189522643164,0.7034461306474998,0.0,contact_alignment
298,4506.387647706823,499.1555516544499,5005.543199361273,True,0.0,0.0,False,287,-0.9902516603469849,0.9997711181640625,0.47739455103874207,0.933427095413208,1.0,241.51073455810547,1.0,44.936188757419586,medium,0.037488761134143664,0.037380126958969695,0.00019791048629872132,0.0002212762613101138,0.622683070376357,0.0,success
299,4493.839120338563,499.1496159656895,4992.988736304253,True,0.0,0.0,False,284,-0.9948766231536865,0.3188878297805786,0.47904643416404724,0.9362692832946777,1.0,241.47709012031555,1.0,44.898028671741486,medium,0.0373964818466488,0.03728648328488551,0.00023954168791147997,0.00027043860453744865,0.6737328156049074,0.0,success
300,-282.6851965505557,-2.287716466865354,-284.97291301742104,False,0.0,0.0,False,1600,-0.9861580729484558,0.6268268823623657,0.4783920645713806,0.9306287169456482,1.0,215.09301781654358,1.0,45.41500270366669,medium,0.0,0.0,0.008244661739230389,0.008385388854367263,0.8606052179072405,0.0,contact_alignment
301,-365.35605004203035,-2.3029031673435694,-367.6589532093739,False,0.0,0.0,False,1600,-0.9761289358139038,1.0,0.47745394706726074,0.9245405197143555,1.0,215.39648413658142,1.0,45.35652130842209,medium,0.0,0.0,0.010513640541086002,0.010543007026671112,1.0708889120987335,0.0,contact_alignment
302,-269.2576177173364,-2.223352225330533,-271.48096994266695,False,0.0,0.0,False,1600,-0.9883342385292053,1.0,0.4736892282962799,0.929719865322113,1.0,214.79798197746277,1.0,45.295609533786774,medium,0.0,0.0,0.007812051055455143,0.007925686012867311,0.8118842692653062,0.0,contact_alignment
303,-230.09182027921622,-2.2428833569795286,-232.33470363619574,False,0.0,0.0,False,1600,-0.9931113719940186,1.0,0.47712260484695435,0.9265258312225342,1.0,216.04549169540405,1.0,45.33392816781998,medium,0.0,0.0,0.006743845629881532,0.006762586454445715,0.7015123711055942,0.0,contact_alignment
304,-234.03048394427714,-2.2747652346493688,-236.30524917892652,False,0.0,0.0,False,1600,-0.9897298812866211,0.37200504541397095,0.47831887006759644,0.9282552599906921,1.0,214.3383812904358,1.0,45.1954111456871,medium,0.0,0.0,0.0068867573031055835,0.007077900114456904,0.7207309065081842,0.0,contact_alignment
305,4459.727447799726,499.1341563971129,4958.861604196839,True,0.0,0.0,False,286,-0.9875572919845581,0.30389711260795593,0.4743601083755493,0.9366450905799866,1.0,241.61465883255005,1.0,45.06316512823105,medium,0.03778531085927265,0.037630811863832436,0.00031631937526783375,0.00032285942211284505,0.6177058691992979,0.0,success
306,-233.0821531747329,-2.2864092221144103,-235.3685623968473,False,0.0,0.0,False,1600,-0.9925675392150879,0.7250593304634094,0.4756139814853668,0.9328546524047852,1.0,214.8194146156311,1.0,45.3394940495491,medium,0.0,0.0,0.006876103810832491,0.006970702819505753,0.7193990440353535,0.0,contact_alignment
307,-280.05069784000386,-2.3210183074079094,-282.37171614741175,False,0.0,0.0,False,1600,-0.9796251058578491,1.0,0.4741019606590271,0.9345203042030334,1.0,215.1115369796753,1.0,45.47301471233368,medium,0.0,0.0,0.008129271060568688,0.008176968833855585,0.856519955542111,0.0,contact_alignment
308,-261.2273932163716,-2.3116322333351613,-263.53902544970674,False,0.0,0.0,False,1600,-0.991391658782959,0.7291704416275024,0.4759659171104431,0.9284886121749878,1.0,214.84769701957703,1.0,45.56029558181763,medium,0.0,0.0,0.007637489985819018,0.007660101656782696,0.8158776069243522,0.0,contact_alignment
309,-205.54975636210827,-2.293012768662488,-207.84276913077076,False,0.0,0.0,False,1600,-1.0,0.5760684013366699,0.47715678811073303,0.9301886558532715,1.0,214.52239513397217,1.0,45.35826325416565,medium,0.0,0.0,0.00590954261996003,0.006005464627543186,0.6790408318416127,0.0,contact_alignment
310,4316.950872661911,499.15046058131924,4816.101333243229,True,0.0,0.0,False,276,-0.9974479675292969,1.0,0.47052037715911865,0.9355762600898743,1.0,241.47120118141174,1.0,44.97804135084152,medium,0.03996459339536462,0.03980550496672508,0.0005354726919732003,0.0006033275755556996,0.5607648988727814,0.0,success
311,-239.72623040712296,-2.2944788022850475,-242.020709209408,False,0.0,0.0,False,1600,-0.9864242672920227,0.5089142918586731,0.4758833050727844,0.9305400252342224,1.0,215.28657793998718,1.0,45.47491729259491,medium,0.0,0.0,0.007164917236880399,0.007253180540342721,0.7349969884352326,0.0,contact_alignment
312,-334.9984860924917,-2.3471520076121744,-337.3456381001039,False,0.0,0.0,False,1600,-0.9979201555252075,1.0,0.47555091977119446,0.9317535161972046,1.0,215.29497742652893,1.0,45.478384494781494,medium,0.0,0.0,0.009745400744488694,0.009777436668485951,1.0162028675961208,0.0,contact_alignment
313,3902.2870583616077,499.17974710022276,4401.4668054618305,True,2.284449586886675,0.0,False,230,-0.9975708723068237,0.830730140209198,0.4663495421409607,0.9371480941772461,1.0,241.6417944431305,1.0,45.596759617328644,medium,0.052237469373053125,0.05203963441476936,0.0002933164662729372,0.00038276555695992303,0.4805665764277898,0.009932389508202936,success
314,3873.668373087392,499.1709137138795,4372.839286801272,True,0.0,0.0,False,254,-0.997991144657135,1.0,0.4681815505027771,0.9371362924575806,1.0,241.54025673866272,1.0,44.98657166957855,medium,0.04761347056338001,0.04752085714818968,0.0008911915082475636,0.0008919689960788032,0.3641251908638572,0.0,success
315,4352.235860320669,499.14902980600954,4851.384890126679,True,0.0,0.0,False,288,-1.0,0.4706282913684845,0.46746790409088135,0.9374094605445862,1.0,241.57171607017517,1.0,44.93828743696213,medium,0.0390960569728718,0.038935557754099875,0.0004132305770611881,0.00043668272979358004,0.6021128918975082,0.0,success
316,4504.833655389195,499.1313579057856,5003.965013294981,True,0.0,0.0,False,298,-1.0,0.9972625970840454,0.464385062456131,0.9352691173553467,1.0,241.5811848640442,1.0,44.908127784729004,medium,0.03721650743213546,0.03705275439297276,0.0004325746978852188,0.00045167293507467966,0.6199254459503626,0.0,success
317,4410.844233896444,499.1350128887961,4909.97924678524,True,0.0,0.0,False,285,-0.9957414865493774,0.2962067723274231,0.46421515941619873,0.9361394643783569,1.0,241.6414999961853,1.0,45.35579741001129,medium,0.03854998628508091,0.03841102484362133,0.000341295760751205,0.0003455929884350257,0.5745166660461662,0.0,success
318,-275.49674245067695,-2.305681180635078,-277.802423631312,False,0.0,0.0,False,1600,-0.9928974509239197,1.0,0.47436055541038513,0.9264724254608154,1.0,215.4796576499939,1.0,45.38353502750397,medium,0.0,0.0,0.007951734682526777,0.00796169620385158,0.8053147366631656,0.0,contact_alignment
319,4442.405838712268,499.1345208671245,4941.540359579392,True,0.0,0.0,False,295,-1.0,1.0,0.4644952416419983,0.935255229473114,1.0,241.6530454158783,1.0,44.953812658786774,medium,0.037810522534665436,0.03768443780188124,0.00020149562070059657,0.00024723982545324114,0.6073780944729095,0.0,success
320,4379.706444130317,499.15086540092307,4878.85730953124,True,0.0,0.0,False,281,-1.0,0.2684258222579956,0.46607232093811035,0.9368134140968323,1.0,241.63018703460693,1.0,44.811217188835144,medium,0.039119790374939734,0.03894795516434389,0.000383009585351255,0.0004242556726157492,0.6012443872991344,0.0,success
321,-331.926873266353,-2.3181704178017397,-334.2450436841548,False,0.0,0.0,False,1600,-0.9999451041221619,1.0,0.4741826355457306,0.9274871349334717,1.0,215.29297828674316,1.0,45.33224880695343,medium,0.0,0.0,0.009468883742551927,0.009529703905268787,0.959587553069915,0.0,contact_alignment
322,4561.46594596577,499.1377506641011,5060.603696629871,True,0.0,0.0,False,291,-0.9994292259216309,0.2892463207244873,0.46768009662628174,0.9366239905357361,1.0,241.6736102104187,1.0,45.110865235328674,medium,0.03657276710100414,0.03644467120076518,9.037241164925256e-05,0.0001449158013340979,0.7054351052747657,0.0,success
323,2024.099423601877,499.24326688792917,2523.342690489806,True,0.0,0.0,False,176,-1.0,0.17329436540603638,0.4670557379722595,0.9364966750144958,1.0,241.6611659526825,1.0,45.35706162452698,medium,0.07958361505426566,0.07940032577206735,0.00010180428566045984,0.00010408434614185863,1.852239024366428,0.0,success
324,2993.3397972428606,499.19192411804016,3492.531721360901,True,0.0,0.0,False,221,-1.0,0.24106575548648834,0.4704139232635498,0.9348527789115906,1.0,241.5560793876648,1.0,45.29598295688629,medium,0.06932911683224624,0.06928207777896891,0.0006677904240422465,0.0006927118780550294,0.6038629348765575,0.0,success
325,-278.92547956971293,-2.2818338251509314,-281.2073133948639,False,0.0,0.0,False,1600,-0.9977902770042419,1.0,0.47268420457839966,0.9353386759757996,1.0,216.20596528053284,1.0,45.475591123104095,medium,0.0,0.0,0.007966508480044317,0.007985546801350931,0.8122578328950784,0.0,contact_alignment
326,4430.678857069314,499.13679494633357,4929.815652015648,True,0.0,0.0,False,293,-1.0,0.3497208058834076,0.46843579411506653,0.9358051419258118,1.0,241.6154181957245,1.0,44.88006681203842,medium,0.03802667497768647,0.0379314211765463,0.00026769274275982634,0.0003006395421366979,0.6162782673815851,0.0,success
327,3200.9036520256373,499.1962990245119,3700.0999510501492,True,0.0,0.0,False,227,-0.9975431561470032,0.2581860423088074,0.4704129099845886,0.9354406595230103,1.0,241.54874920845032,1.0,44.95368331670761,medium,0.06434570957903271,0.0643153344182134,0.0006257178683146737,0.0007234367393767789,0.4507304050925047,0.0,success
328,3209.7881496718855,499.1856124508677,3708.973762122753,True,0.0,0.0,False,234,-1.0,0.3895114064216614,0.4713345170021057,0.9355282783508301,1.0,241.6128921508789,1.0,44.91248577833176,medium,0.06343339436688908,0.06337993272184117,0.000489562848450333,0.000549373055048823,0.2438070770604803,0.0,success
329,-252.0954202483231,-2.2470498830039896,-254.3424701313271,False,0.0,0.0,False,1600,-0.9942932724952698,1.0,0.4723461866378784,0.9307252764701843,1.0,213.98258090019226,1.0,45.14245182275772,medium,0.0,0.0,0.007380810008968997,0.007513549751921731,0.7706279142509829,0.0,contact_alignment
330,4418.458610248881,499.1619779674112,4917.620588216292,True,0.0,0.0,False,269,-1.0,0.5291416645050049,0.4660370945930481,0.9361904263496399,1.0,241.62408113479614,1.0,44.85096484422684,medium,0.039378756209698954,0.03925653770487875,0.0003119122364138065,0.0004079503184990377,0.6133628116589579,0.0,success
331,-364.89423686259545,-2.305577683690684,-367.1998145462861,False,0.0,0.0,False,1600,-0.9897543787956238,1.0,0.47582828998565674,0.9271388649940491,1.0,214.42062497138977,1.0,45.27079254388809,medium,0.0,0.0,0.010620533385697094,0.01067483876787272,1.0678002386868992,0.0,contact_alignment
332,-274.7984318047723,-2.2438320898817956,-277.04226389465407,False,0.0,0.0,False,1600,-0.9911908507347107,0.49761560559272766,0.471561461687088,0.9294252395629883,1.0,216.07837677001953,1.0,45.203495025634766,medium,0.0,0.0,0.008132058940236013,0.008315111278244913,0.8510253063910351,0.0,contact_alignment
333,3117.3598918540824,499.1621914551107,3616.522083309193,True,0.0,0.0,False,253,-1.0,0.7830772399902344,0.4670170843601227,0.9338805079460144,1.0,241.5403652191162,1.0,45.33074051141739,hard,0.058998101086211466,0.05887802227900757,0.0002865305565187043,0.00038536529152955655,0.12068943878274752,0.0,success
334,3821.431787048926,498.5244148974447,4319.95620194637,True,0.0,0.0,False,907,-0.9954959750175476,0.9970837831497192,0.46572914719581604,0.9349146485328674,1.0,241.60295844078064,1.0,45.446799993515015,hard,0.045275321813234994,0.04525964930090608,0.00026077567035393527,0.00027650183488190657,0.32679581017141135,0.0,success
335,-291.58515914842894,-2.2545118856741477,-293.8396710341031,False,0.0,0.0,False,1600,-1.0,0.42553195357322693,0.47335007786750793,0.9321233630180359,1.0,214.00556325912476,1.0,45.10996609926224,hard,0.0,0.0,0.00846732456207714,0.008795047737444913,0.8895467502227026,0.0,contact_alignment
336,4480.690998225272,499.16048555853104,4979.851483783803,True,0.0,0.0,False,287,-1.0,0.4890487790107727,0.46561872959136963,0.9367283582687378,1.0,241.66397094726562,1.0,44.835677444934845,hard,0.03785495089867523,0.037754875437548546,0.00028885092748797314,0.00036002333563075746,0.6318239650800584,0.0,success
337,4499.222102589401,499.1255939596042,4998.347696549005,True,0.0,0.0,False,306,-1.0,0.3589964807033539,0.46328988671302795,0.9372233748435974,1.0,241.78878545761108,1.0,44.98099535703659,hard,0.03657106593555894,0.0364594117572726,0.0005617612489308729,0.0005915522191558309,0.6352903288653406,0.0,success
338,-264.2605927848341,-2.2514128570560983,-266.5120056418902,False,0.0,0.0,False,1600,-0.9958123564720154,1.0,0.4723648130893707,0.9282788038253784,1.0,214.93294715881348,1.0,45.29591828584671,hard,0.0,0.0,0.007587587211477752,0.007942466035279752,0.7756986789976037,0.0,contact_alignment
339,-385.6787466281925,-2.3256090765793185,-388.00435570477185,False,0.0,0.0,False,1600,-0.99327152967453,1.0,0.4752580225467682,0.9224468469619751,1.0,216.48066878318787,1.0,45.752543807029724,hard,0.0,0.0,0.0108978116630473,0.010942549737885913,1.104402378924029,0.0,contact_alignment
340,4444.328375816675,499.1856007485233,4943.513976565198,True,0.0,0.0,False,257,-1.0,0.406852126121521,0.4656638205051422,0.9368656873703003,1.0,241.69653058052063,1.0,45.148224234580994,hard,0.03996255428472706,0.03983735867393132,0.00024239582084384148,0.0003991124841856589,0.6171931729068681,0.0,success
341,4497.0751109863795,499.12689256705283,4996.202003553432,True,0.0,0.0,False,299,-1.0,0.3519395887851715,0.4622480869293213,0.936377763748169,1.0,241.67529940605164,1.0,44.929955303668976,hard,0.03672345317287039,0.03656317250766884,0.00016574186309437086,0.0002151460413883318,0.7039724452795972,0.0,success
342,4211.7386549823295,499.1393184772179,4710.877973459547,True,0.0,0.0,False,298,-1.0,1.0,0.46460795402526855,0.9373067617416382,1.0,241.70846343040466,1.0,44.78663384914398,hard,0.039957983601052696,0.039839589345485205,0.0005068753496522455,0.000511410735489488,0.5906682921243126,0.0,success
343,3825.3855630478697,499.19786572245596,4324.583428770326,True,0.0,0.0,False,237,-1.0,0.9987689256668091,0.4647035598754883,0.9389185905456543,1.0,241.71794772148132,1.0,45.018548369407654,hard,0.0517483538858654,0.05167062739685249,0.0006496574218181608,0.000654636603630039,0.26134381217148145,0.0,success
344,4483.2111453412235,499.12813769872093,4982.339283039944,True,0.0,0.0,False,298,-1.0,0.36826953291893005,0.4645460247993469,0.9381458759307861,1.0,241.77930116653442,1.0,44.97650384902954,hard,0.037009673278932155,0.03686145917464485,0.00025691161327701686,0.0002964246994762456,0.7110490982525246,0.0,success
345,-337.17170296030656,-2.27171577358777,-339.4434187338943,False,0.0,0.0,False,1600,-0.9878919124603271,1.0,0.4772389233112335,0.9276576042175293,1.0,216.95998191833496,1.0,45.596774220466614,hard,0.0,0.0,0.009474645019631196,0.009644540513069299,0.9564166535262759,0.0,contact_alignment
346,-483.7183282251506,-2.340631180719454,-486.05895940587004,False,0.0,0.0,False,1600,-0.9906530976295471,1.0,0.48048514127731323,0.9222485423088074,1.0,216.06449127197266,1.0,45.51085352897644,hard,0.0,0.0,0.013673604033952857,0.013895209933533942,1.3228860633112605,0.0,coarse_alignment
347,-406.440671396243,-2.320939704205034,-408.761611100448,False,0.0,0.0,False,1600,-0.9906545877456665,1.0,0.4793001115322113,0.925638735294342,1.0,216.02757692337036,1.0,45.41001468896866,hard,0.0,0.0,0.011529165559186493,0.0115860073644679,1.1780987251848594,0.0,contact_alignment
348,4164.837315287482,499.16571650220743,4664.003031789689,True,0.0,0.0,False,270,-0.9990081191062927,0.9990251064300537,0.46354585886001587,0.9380912184715271,1.0,241.6873562335968,1.0,44.99142408370972,hard,0.04281843826587736,0.0427370772141169,0.0008826176483822662,0.0009063004103443211,0.4706676800950761,0.0,success
349,-208.3866166351582,-2.183651869068597,-210.5702685042268,False,0.0,0.0,False,1600,-0.993506133556366,0.5037777423858643,0.46363365650177,0.9301538467407227,1.0,213.70855927467346,1.0,45.147231221199036,hard,0.0,0.0,0.006091889590959543,0.006125991135325218,0.6581973568236671,0.0,contact_alignment
350,3995.8172030490505,499.062635772721,4494.879838821771,True,8.23758717503156,0.0,False,233,-1.0,1.0,0.46267908811569214,0.9400696158409119,1.0,241.6987156867981,1.0,45.73258966207504,hard,0.05109276265180497,0.05099806289374678,0.0005121202836598804,0.0005526043647339727,0.5045423699120323,0.03535445139498524,success
351,-348.3218591675551,-2.277423789457671,-350.59928295701275,False,0.0,0.0,False,1600,-1.0,1.0,0.4705963134765625,0.9264171123504639,1.0,216.30475997924805,1.0,45.61224311590195,hard,0.0,0.0,0.009814899129260271,0.009890054273047514,1.0161656889761082,0.0,contact_alignment
352,4554.099721010922,499.15924001650984,5053.258961027432,True,0.0,0.0,False,280,-0.9983295798301697,0.22703900933265686,0.4621981680393219,0.940010666847229,1.0,241.75431966781616,1.0,45.18064945936203,hard,0.037567728589651156,0.037490918128129644,0.0003682130036791455,0.0004330019460162995,0.64593675855318,0.0,success
353,-304.68859568279265,-2.2570184045296258,-306.94561408732227,False,0.0,0.0,False,1600,-0.999137818813324,1.0,0.4731529653072357,0.9311180114746094,1.0,214.04396533966064,1.0,45.20499497652054,hard,0.0,0.0,0.008956021397248562,0.009358022184235372,0.9353395603637261,0.0,contact_alignment
354,-468.9349637058092,-2.36564593497581,-471.300609640785,False,0.0,0.0,False,1600,-0.9891712665557861,1.0,0.48306596279144287,0.9266266226768494,1.0,216.9207739830017,1.0,45.82099914550781,hard,0.0,0.0,0.01312819236750173,0.013296743828797633,1.2989431479053335,0.0,coarse_alignment
355,-264.96396558744766,-2.2532701092560443,-267.2172356967037,False,0.0,0.0,False,1600,-0.9889416694641113,0.7084473967552185,0.466738224029541,0.9282559752464294,1.0,215.58148980140686,1.0,45.40673106908798,hard,0.0,0.0,0.007446117967764159,0.007581897398272501,0.8298555708919425,0.0,contact_alignment
356,4351.52991153299,499.1446411518184,4850.674552684808,True,0.0,0.0,False,300,-1.0,0.39310741424560547,0.4601428806781769,0.9377321004867554,1.0,241.7029619216919,1.0,44.88064885139465,hard,0.03856192348566984,0.03841430941860707,0.0005073814968455134,0.0005491275657028378,0.6241873409078824,0.0,success
357,-258.9130816468062,-2.2460653135997104,-261.1591469604059,False,0.0,0.0,False,1600,-0.9918529391288757,1.0,0.46881818771362305,0.9304890036582947,1.0,215.36810874938965,1.0,45.3506675362587,hard,0.0,0.0,0.007510123878401154,0.007695505190378998,0.794502742263462,0.0,contact_alignment
358,4290.877794686658,499.13664072909444,4790.014435415752,True,0.0,0.0,False,289,-0.9931887984275818,0.9967811703681946,0.46088606119155884,0.9392253160476685,1.0,241.72947764396667,1.0,44.848859906196594,hard,0.040370238153084964,0.04022734634606359,0.000319526728201075,0.00034869722963574073,0.5213353167769351,0.0,success
359,-256.9020152137987,-2.273196972745946,-259.1752121865446,False,0.0,0.0,False,1600,-0.988677978515625,1.0,0.4656260013580322,0.9306249618530273,1.0,215.73046445846558,1.0,45.49965292215347,hard,0.0,0.0,0.007262553614675907,0.0072752731900602085,0.7890717514310474,0.0,contact_alignment
360,4462.594051153256,499.13617311588814,4961.730224269144,True,0.0,0.0,False,295,-0.9980138540267944,0.3506331443786621,0.46029582619667053,0.9382373094558716,1.0,241.66372299194336,1.0,45.090639889240265,hard,0.03770665791473851,0.03757821234442785,0.00019806946928625888,0.0002323673143120621,0.6590502196828922,0.0,success
361,-338.9346797412825,-2.3243035589055765,-341.25898330018805,False,0.0,0.0,False,1600,-0.9978993535041809,0.8317937850952148,0.47176414728164673,0.9302727580070496,1.0,214.19466018676758,1.0,45.4821041226387,hard,0.0,0.0,0.0096793119946878,0.010050692929421023,1.0277990567801703,0.0,contact_alignment
362,3999.933289116188,499.18363418760794,4499.116923303796,True,0.0,0.0,False,252,-1.0,1.0,0.4611336290836334,0.9422996044158936,1.0,241.6916799545288,1.0,45.31515061855316,hard,0.04664676818698394,0.04657854091252635,0.0007805968308077127,0.0007956646801598071,0.3742919745179889,0.0,success
363,4071.746979544572,499.18904119186817,4570.93602073644,True,0.0,0.0,False,253,-0.9972055554389954,1.0,0.4600524604320526,0.9403417110443115,1.0,241.72202348709106,1.0,45.12011110782623,hard,0.04526056447936416,0.04515230197270362,0.0008209817855144861,0.000844290997596961,0.5351361784114053,0.0,success
364,-287.1155527848455,-2.2793867102404004,-289.39493949508585,False,0.0,0.0,False,1600,-0.9894556999206543,1.0,0.4708704948425293,0.9311907291412354,1.0,215.22922277450562,1.0,45.573375821113586,hard,0.0,0.0,0.008226119406811158,0.008454628527775471,0.8784533724828216,0.0,contact_alignment
365,-276.7627195734326,-2.282501619096487,-279.0452211925291,False,0.0,0.0,False,1600,-1.0,0.45477616786956787,0.4678216576576233,0.9349609613418579,1.0,214.03542637825012,1.0,45.270790457725525,hard,0.0,0.0,0.007991604006859762,0.008071820954108657,0.8861371801554683,0.0,contact_alignment
366,-204.7532004063125,-2.258185878370316,-207.0113862846828,False,0.0,0.0,False,1600,-1.0,0.2765924334526062,0.4695724844932556,0.9316889643669128,1.0,215.47815442085266,1.0,45.34942418336868,hard,0.0,0.0,0.005846472366093799,0.006002097158505858,0.6688742382696136,0.0,contact_alignment
367,-224.62139388816982,-2.2526059019467275,-226.87399979011656,False,0.0,0.0,False,1600,-0.9967870712280273,0.4481777846813202,0.46961095929145813,0.933960497379303,1.0,216.07036471366882,1.0,45.410723984241486,hard,0.0,0.0,0.006404055593221582,0.006529747392671634,0.7404015724601718,0.0,contact_alignment
368,-395.7441477400481,-2.319513725895138,-398.06366146594326,False,0.0,0.0,False,1600,-0.9972676634788513,1.0,0.4745480716228485,0.921654224395752,1.0,217.3948335647583,1.0,45.82662135362625,hard,0.0,0.0,0.011032138568272443,0.011253938602249033,1.161813329073086,0.0,contact_alignment
369,-328.33541630683624,-2.315688696397318,-330.65110500323357,False,0.0,0.0,False,1600,-0.9960981011390686,1.0,0.4770427346229553,0.9250960350036621,1.0,215.6533968448639,1.0,45.52885502576828,hard,0.0,0.0,0.00930979092995484,0.009467408951220016,0.9858207769853499,0.0,contact_alignment
370,4526.32178881551,499.1417150458045,5025.463503861315,True,0.0,0.0,False,294,-1.0,0.33206990361213684,0.46165987849235535,0.9411653876304626,1.0,241.7143678665161,1.0,44.956134557724,hard,0.03698938888917129,0.03681995352846121,0.00022628891120368737,0.0002486748778889321,0.6726143314030106,0.0,success
371,-252.143829487753,-2.2849851705833,-254.4288146583363,False,0.0,0.0,False,1600,-1.0,1.0,0.47098204493522644,0.9378967881202698,1.0,214.70912098884583,1.0,45.51151067018509,hard,0.0,0.0,0.007115688332640327,0.007367184073612703,0.7644078104329898,0.0,contact_alignment
372,-350.6957125443678,-2.3469654524641674,-353.04267799683197,False,0.0,0.0,False,1600,-0.9925594329833984,1.0,0.4762340188026428,0.9226731061935425,1.0,215.4088819026947,1.0,45.53976356983185,hard,0.0,0.0,0.009912893435359615,0.010186706976621726,1.0611176732301801,0.0,contact_alignment
373,-477.4616655479522,-2.3047051508523837,-479.76637069880456,False,0.0,0.0,False,1600,-1.0,1.0,0.48173409700393677,0.9213621020317078,1.0,217.16460704803467,1.0,45.79015523195267,hard,0.0,0.0,0.013496873531906074,0.013896950174384302,1.3447407839519658,0.0,coarse_alignment
374,4429.861093527191,499.1266034277178,4928.987696954909,True,0.0,0.0,False,306,-1.0,0.5895178318023682,0.45960888266563416,0.9417838454246521,1.0,241.76516771316528,1.0,45.06433755159378,hard,0.03702491115211296,0.03689622190344606,0.00019428818339162955,0.00020758179046194628,0.7164637830487517,0.0,success
375,-372.9948585431196,-2.346557714296881,-375.3414162574165,False,0.0,0.0,False,1600,-0.9960075616836548,1.0,0.4723438620567322,0.9251120090484619,1.0,216.52052760124207,1.0,45.75338661670685,hard,0.0,0.0,0.010579034489837607,0.010982776610035262,1.0617220044733624,0.0,contact_alignment
376,4685.441207350834,499.13778827904304,5184.578995629877,True,0.0,0.0,False,301,-1.0,1.0,0.4606640338897705,0.942009449005127,1.0,241.85012340545654,1.0,45.35796910524368,hard,0.035530016236981835,0.035423327825684164,0.0009265556777312918,0.000998304727956354,0.6603431616194335,0.0,success
377,-431.5012346292734,-2.346356728218918,-433.8475913574923,False,0.0,0.0,False,1600,-1.0,1.0,0.4783210754394531,0.919994056224823,1.0,217.31173753738403,1.0,45.90126425027847,hard,0.0,0.0,0.012104132225232715,0.012239732304034799,1.231224722359816,0.0,coarse_alignment
378,4369.72776988685,499.1465138982068,4868.874283785057,True,0.0,0.0,False,297,-1.0,1.0,0.459670752286911,0.9429435133934021,1.0,241.83436274528503,1.0,44.880459010601044,hard,0.03863754574193132,0.03852689241589652,0.0002989866542607312,0.00034749486075336426,0.5849112564778821,0.0,success
379,-313.25716975713897,-2.3051356634456295,-315.5623054205846,False,0.0,0.0,False,1600,-1.0,0.724753201007843,0.47304123640060425,0.9331098198890686,1.0,215.98485112190247,1.0,45.297482907772064,hard,0.0,0.0,0.008943457825981112,0.00900815989707836,0.9611475994945975,0.0,contact_alignment
380,-386.80056234644303,-2.3411390671582644,-389.1417014136013,False,0.0,0.0,False,1600,-0.9977622628211975,1.0,0.47786980867385864,0.9277735352516174,1.0,216.82442784309387,1.0,45.74391961097717,hard,0.0,0.0,0.01095256185198537,0.01130370522979623,1.119243379107725,0.0,contact_alignment
381,4463.470351953311,499.1336665124109,4962.604018465722,True,0.0,0.0,False,305,-1.0,0.3893909454345703,0.4619404971599579,0.9421662092208862,1.0,241.8257462978363,1.0,45.418152809143066,hard,0.03658588378805195,0.03644660936125252,0.0003868241733163824,0.0004543622368101325,0.6732014062533138,0.0,success
382,-375.06705117505106,-2.335487738232193,-377.40253891328325,False,0.0,0.0,False,1600,-1.0,1.0,0.47524377703666687,0.9251667857170105,1.0,214.84982013702393,1.0,45.540554225444794,hard,0.0,0.0,0.010623417942488658,0.010813793594726416,1.1114168501037798,0.0,contact_alignment
383,4324.7992532368535,499.17624017894286,4823.975493415796,True,0.0,0.0,False,285,-1.0,1.0,0.4588961899280548,0.9427982568740845,1.0,241.83687329292297,1.0,44.36320960521698,hard,0.039749306150623664,0.03961773924659237,0.0004342595449494191,0.0005006104942002833,0.5495542806487206,0.0,success
384,4442.05236790939,499.1676554732571,4941.220023382648,True,0.0,0.0,False,294,-1.0,1.0,0.46169379353523254,0.9440218210220337,1.0,241.86283111572266,1.0,45.01073569059372,hard,0.037846439601776576,0.03768763005557292,0.00029999575778067507,0.0003129393335275048,0.6345414772472617,0.0,success
385,-258.1665381594038,-2.208195549461223,-260.374733708865,False,0.0,0.0,False,1600,-0.9972070455551147,1.0,0.47203895449638367,0.939284086227417,1.0,215.85805296897888,1.0,45.43505907058716,hard,0.0,0.0,0.007451174545075456,0.00763988322469981,0.7919562510121977,0.0,contact_alignment
386,4361.941332532724,499.1535792615469,4861.094911794271,True,0.0,0.0,False,301,-1.0,0.9919952750205994,0.4604135751724243,0.942341148853302,1.0,241.8181836605072,1.0,45.1822704076767,hard,0.03838289303546555,0.03826054740976645,0.000464653162275313,0.00047517764728982007,0.5775003963158666,0.0,success
387,4458.23116955866,499.141662341635,4957.372831900296,True,0.0,0.0,False,307,-1.0,1.0,0.46375131607055664,0.9442059993743896,1.0,241.86413288116455,1.0,45.46134263277054,hard,0.03661466870241088,0.03642854768953564,0.00018899416791127335,0.0003020550156110263,0.6933654433630438,0.0,success
388,4042.3675508566116,499.1852851998472,4541.552836056459,True,0.0,0.0,False,257,-1.0,1.0,0.46236884593963623,0.9431685209274292,1.0,241.8575620651245,1.0,45.09573847055435,hard,0.04567573604696776,0.04559652911264464,0.000694350450222756,0.0007561043396119901,0.5841406658275323,0.0,success
389,-455.0360925970832,-2.308259120418655,-457.34435171750187,False,0.0,0.0,False,1600,-1.0,1.0,0.4790761470794678,0.926790177822113,1.0,217.39055633544922,1.0,45.94118922948837,hard,0.0,0.0,0.012733073921480615,0.01296357345775633,1.3033476282653675,0.0,coarse_alignment
390,-409.5124167910969,-2.353523381923012,-411.8659401730199,False,0.0,0.0,False,1600,-0.9968576431274414,1.0,0.47648563981056213,0.9310468435287476,1.0,216.40615820884705,1.0,45.9128737449646,hard,0.0,0.0,0.011420937654908803,0.011627183418099334,1.1564861808721962,0.0,contact_alignment
391,4435.405039754204,498.8660298728628,4934.271069627067,True,11.729578508451528,0.0,False,311,-1.0,0.40885937213897705,0.460501492023468,0.9437506198883057,1.0,241.86509370803833,1.0,45.21475404500961,hard,0.03647003588669824,0.03638346478548299,0.0006022957682668847,0.0006980125898905754,0.6862635922431372,0.03771568652235218,success
392,-308.6864058153147,-2.289794649708921,-310.9762004650236,False,0.0,0.0,False,1600,-1.0,0.9922726154327393,0.46834924817085266,0.9369487762451172,1.0,214.5706844329834,1.0,45.45471489429474,hard,0.0,0.0,0.008720670119464799,0.008912721024166952,0.9376542093536464,0.0,contact_alignment
393,2281.249397136391,499.2373433869811,2780.486740523372,True,0.0,0.0,False,182,-1.0,0.7969415187835693,0.46200406551361084,0.9421873092651367,1.0,241.83544754981995,1.0,45.54731339216232,hard,0.07855662362409788,0.07840532651294967,0.00048373436468362356,0.00048530665791678644,1.4993362267689065,0.0,success
394,4383.718973933443,499.1600363082413,4882.879010241684,True,0.0,0.0,False,298,-1.0,0.3320103883743286,0.46166709065437317,0.9444118142127991,1.0,241.87164902687073,1.0,44.9829375743866,hard,0.03856998489216369,0.038452741796572265,0.00027546205330324195,0.00032109264098821133,0.5788950307763036,0.0,success
395,-339.59509587571586,-2.297761198685937,-341.8928570744018,False,0.0,0.0,False,1600,-0.994818389415741,1.0,0.475774884223938,0.932389497756958,1.0,215.57340025901794,1.0,45.60193955898285,hard,0.0,0.0,0.009517440021404451,0.009602606967353046,0.9977511757867994,0.0,contact_alignment
396,2915.9755821042704,499.22802535684957,3415.20360746112,True,0.0,0.0,False,209,-1.0,0.21638794243335724,0.4610338509082794,0.941498339176178,1.0,241.82994604110718,1.0,45.00985950231552,hard,0.06868042662377413,0.06858455299825678,0.00073372708033787,0.000738382941555883,0.46998612517588556,0.0,success
397,-379.0775437183574,-2.2985526135558283,-381.37609633191323,False,0.0,0.0,False,1600,-1.0,1.0,0.47663620114326477,0.9256346225738525,1.0,217.1856987476349,1.0,45.94136655330658,hard,0.0,0.0,0.010519097367440713,0.01073554458090311,1.1079232416379332,0.0,contact_alignment
398,2509.8735591462314,499.19121465725,3009.0647738034813,True,0.0,0.0,False,237,-1.0,0.43459054827690125,0.4617844521999359,0.9413560032844543,1.0,241.83823704719543,1.0,46.01347267627716,hard,0.06643216265544538,0.06640305080476959,0.00043585761035765157,0.0004567832529453363,0.2738591413492401,0.0,success
399,4434.29627476105,499.176239766514,4933.472514527564,True,0.0,0.0,False,283,-1.0,0.2849440574645996,0.4611131548881531,0.9422674179077148,1.0,241.88119530677795,1.0,44.50223982334137,hard,0.03888147962314726,0.0387424426213378,0.0003753175515536281,0.00039986513162809434,0.5597775941016692,0.0,success
400,-272.7058044375767,-2.20799864963652,-274.91380308721324,False,0.0,0.0,False,1600,-1.0,1.0,0.4714466631412506,0.9345189332962036,1.0,215.24509191513062,1.0,45.33797323703766,hard,0.0,0.0,0.007806723187877364,0.007837651652737252,0.8592162082958436,0.0,contact_alignment
401,4370.744074917235,499.1722513880688,4869.916326305303,True,0.0,0.0,False,290,-1.0,1.0,0.4619600772857666,0.9421833753585815,1.0,241.8407940864563,1.0,44.80896830558777,hard,0.039152100757755104,0.039015326854916724,0.00022670701169469316,0.00029343998878153787,0.5743800453227771,0.0,success
402,3395.656519518374,499.23245953580897,3894.888979054183,True,0.0,0.0,False,213,-1.0,1.0,0.461852103471756,0.9422231316566467,1.0,241.8569576740265,1.0,45.407056510448456,hard,0.06125218349572624,0.06123361939786004,0.0007927737269650943,0.0008228897897125051,0.21741902971760288,0.0,success
403,-387.736946521331,-2.311060056747769,-390.04800657807874,False,0.0,0.0,False,1600,-1.0,1.0,0.4753127694129944,0.9274754524230957,1.0,214.96050119400024,1.0,45.68183124065399,hard,0.0,0.0,0.010923954201419239,0.011062230255675352,1.1052478722533057,0.0,contact_alignment
404,-302.9648075600305,-2.1948182923211506,-305.15962585235167,False,0.0,0.0,False,1600,-1.0,1.0,0.47065550088882446,0.9341427683830261,1.0,214.05876517295837,1.0,45.175557136535645,hard,0.0,0.0,0.008620655145573843,0.008861193731064308,0.8937626392088014,0.0,contact_alignment
405,5333.881015637226,499.15285440736574,5833.033870044591,True,0.0,0.0,False,328,-0.9988845586776733,0.9941725134849548,0.45931729674339294,0.9448018670082092,1.0,241.85973167419434,1.0,44.776549339294434,hard,0.03743532484664891,0.0373831895243292,0.0006597456792101452,0.0006599813617016034,0.2763318515226243,0.0,success
406,4380.619249889364,499.1628357239472,4879.782085613311,True,0.0,0.0,False,288,-1.0,1.0,0.4612220823764801,0.944853663444519,1.0,241.84423446655273,1.0,44.23715531826019,hard,0.03921525940191806,0.03908789434271209,0.0003427612503571207,0.0003590737316193158,0.5355630457791628,0.0,success
407,4375.350471551627,499.1503014221611,4874.500772973788,True,0.0,0.0,False,306,-1.0,0.4278123676776886,0.45958077907562256,0.9411622881889343,1.0,241.87408208847046,1.0,45.616392493247986,hard,0.03752542709815201,0.03745075059033744,0.0002724617639434103,0.0003031140912784715,0.6602804982060395,0.0,success
408,4474.040861772919,499.1514351203563,4973.192296893275,True,0.0,0.0,False,301,-1.0,0.34598785638809204,0.45934242010116577,0.9427695274353027,1.0,241.84744238853455,1.0,45.42049765586853,hard,0.03687565266997945,0.03674717566320451,0.00030386899133287863,0.0003517178238758085,0.6997304852860307,0.0,success
409,-311.0848684940779,-2.2547043052059834,-313.33957279928387,False,0.0,0.0,False,1600,-1.0,1.0,0.4694928824901581,0.9384623765945435,1.0,214.31336879730225,1.0,45.390878319740295,hard,0.0,0.0,0.008959739531356878,0.009040220484177273,0.9312586589749986,0.0,contact_alignment
410,-353.6951354782583,-2.2834495188215387,-355.97858499707985,False,0.0,0.0,False,1600,-1.0,1.0,0.47408539056777954,0.9276232123374939,1.0,215.2187466621399,1.0,45.449117720127106,hard,0.0,0.0,0.010185702624331574,0.01031802953647438,1.0707816653390454,0.0,contact_alignment
411,4574.682410229112,499.15873117050785,5073.84114139962,True,0.0,0.0,False,297,-1.0,1.0,0.4583849310874939,0.942122757434845,1.0,241.8575930595398,1.0,44.827190935611725,hard,0.03681764456572452,0.03671437472127656,0.00046776248062550455,0.0005128045274898418,0.6489061007642046,0.0,success
412,4376.345435795375,499.16600047193003,4875.511436267305,True,0.0,0.0,False,297,-1.0,0.48862946033477783,0.4570791721343994,0.9412044882774353,1.0,241.86134338378906,1.0,45.12751281261444,hard,0.0385169866213976,0.038371490765674116,0.00036810370588339335,0.00037677713153113994,0.5750472713450315,0.0,success
413,4431.5493063801305,499.17582065611884,4930.725127036249,True,0.0,0.0,False,287,-1.0,1.0,0.4595314562320709,0.9422004222869873,1.0,241.8542766571045,1.0,44.7926190495491,hard,0.03868841696160309,0.03853535388530355,0.00025865904479969385,0.0003682879885210484,0.6158115076434123,0.0,success
414,3040.5423509621446,498.904488056981,3539.4468390191255,True,12.25007624227463,0.0,False,222,-1.0,0.2729419767856598,0.46063467860221863,0.9410330653190613,1.0,241.8369197845459,1.0,45.23630619049072,hard,0.06914107393821702,0.06913449098234964,0.0005373358857422008,0.0007120326222987,0.5260187208627921,0.05518052361384969,success
415,4398.841306615346,499.15339879514426,4897.9947054104905,True,0.0,0.0,False,305,-1.0,0.3687581717967987,0.4587566554546356,0.9409564137458801,1.0,241.8795680999756,1.0,45.529704093933105,hard,0.03762087540618522,0.03753236909741725,0.0002517141271962242,0.00037571855669970135,0.5827107469052083,0.0,success
416,4514.660336941797,499.1532520664967,5013.813589008294,True,0.0,0.0,False,301,-1.0,0.8449288606643677,0.4575338661670685,0.9431407451629639,1.0,241.8647837638855,1.0,45.00478386878967,hard,0.03696817592392797,0.036841467031536984,0.0003446286411903503,0.0003506388410183326,0.6249986789220292,0.0,success
417,-389.09744579395056,-2.261981393767873,-391.35942718771844,False,0.0,0.0,False,1600,-1.0,1.0,0.4711138904094696,0.9297403693199158,1.0,217.48851418495178,1.0,45.98651736974716,hard,0.0,0.0,0.011016928599257927,0.011094828866548135,1.1158543807643526,0.0,contact_alignment
418,-199.41204713623563,-2.0387302700690886,-201.45077740630472,False,0.0,0.0,False,1600,-1.0,0.5178704261779785,0.463249534368515,0.9377894401550293,1.0,213.13804507255554,1.0,45.166974663734436,hard,0.0,0.0,0.0058124125223729985,0.00584374327776322,0.615667528241086,0.0,contact_alignment
419,3656.4424926992597,499.0816892804789,4155.524181979738,True,0.0,0.0,False,379,-1.0,1.0,0.4595276415348053,0.9427340626716614,1.0,241.88502311706543,1.0,45.19163101911545,hard,0.04648111955491081,0.04636802536593909,0.0004558222599907562,0.0005839409074980104,0.19447777528250673,0.0,success
420,-231.870937205136,-2.1155430043497705,-233.98648020948576,False,0.0,0.0,False,1600,-1.0,1.0,0.4676768183708191,0.9357416033744812,1.0,214.33512687683105,1.0,45.763990581035614,hard,0.0,0.0,0.006501781824366973,0.006527533157461196,0.7154720790329164,0.0,contact_alignment
421,-426.40416203992345,-2.333368364938754,-428.7375304048622,False,0.0,0.0,False,1600,-1.0,1.0,0.4721563458442688,0.9261484146118164,1.0,216.09821319580078,1.0,45.68536102771759,hard,0.0,0.0,0.01208700990939992,0.012190982191781477,1.1939667488371415,0.0,coarse_alignment
422,4302.456052506672,499.16924520405024,4801.625297710722,True,0.0,0.0,False,297,-1.0,1.0,0.46045398712158203,0.9415327310562134,1.0,241.89019918441772,1.0,44.87242937088013,hard,0.039215143134633784,0.03907560593734011,0.00016962899759186974,0.00024527841900446364,0.5531587559103204,0.0,success
423,-392.9369990261333,-2.3145547033916674,-395.25155372952497,False,0.0,0.0,False,1600,-1.0,1.0,0.47385790944099426,0.9268752932548523,1.0,218.4157121181488,1.0,46.15278661251068,hard,0.0,0.0,0.011059115082260967,0.011284214093444444,1.1139089329964744,0.0,contact_alignment
424,-363.338748951251,-2.2140682652950354,-365.55281721654603,False,0.0,0.0,False,1600,-1.0,1.0,0.4694327712059021,0.9312539100646973,1.0,216.32242679595947,1.0,45.81272542476654,hard,0.0,0.0,0.010343793485993598,0.010692837913213342,1.0145909802384323,0.0,contact_alignment
425,4447.910356135259,499.1797591936118,4947.0901153288705,True,0.0,0.0,False,283,-1.0,1.0,0.46002307534217834,0.9410156607627869,1.0,241.89181089401245,1.0,44.6356937289238,hard,0.038294723923124475,0.03813086567738605,0.0003375065711459919,0.00048316902852722483,0.6081770265334071,0.0,success
426,4529.741594048719,499.16221072228245,5028.903804771002,True,0.0,0.0,False,304,-1.0,0.9816932678222656,0.4600963294506073,0.9434853196144104,1.0,241.90361976623535,1.0,45.58299511671066,hard,0.036274317795401065,0.03614561798103706,0.0003653765872761332,0.0003785263931256031,0.6550276722427241,0.0,success
427,-331.2264814710423,-2.2035866602752847,-333.43006813131757,False,0.0,0.0,False,1600,-1.0,1.0,0.4691151976585388,0.9337141513824463,1.0,216.17416501045227,1.0,45.963096022605896,hard,0.0,0.0,0.00929502428310589,0.00955136040081744,0.9415578024965268,0.0,contact_alignment
428,3006.746776746688,499.213914243924,3505.960690990612,True,0.0,0.0,False,239,-1.0,0.37717145681381226,0.45993104577064514,0.9420738816261292,1.0,241.87175750732422,1.0,45.05305975675583,hard,0.0624438765477284,0.06223751644569474,0.0006015351969198943,0.0006871788950693376,0.488528974161505,0.0,success
429,-256.35353268196286,-2.1434433696521396,-258.496976051615,False,0.0,0.0,False,1600,-1.0,0.30965328216552734,0.46849721670150757,0.933457612991333,1.0,214.5426344871521,1.0,45.35628765821457,hard,0.0,0.0,0.0074469974724334625,0.007524985588741637,0.7705878913711061,0.0,contact_alignment
430,4384.425561161777,498.70487992174697,4883.130441083525,True,15.049006456658393,0.0,False,299,-1.0,0.5611007809638977,0.45731818675994873,0.9429031014442444,1.0,241.8895173072815,1.0,45.49562454223633,hard,0.03786545485025243,0.03772820373900285,0.00017452957799761758,0.00023716808659441168,0.645599845544035,0.050331125273104994,success
431,-273.1927978759513,-2.175008760414152,-275.36780663636546,False,0.0,0.0,False,1600,-1.0,0.934314489364624,0.4610845446586609,0.935875654220581,1.0,213.43746662139893,1.0,45.31120777130127,hard,0.0,0.0,0.0077568409871210005,0.007787829359038077,0.8484848561487947,0.0,contact_alignment
432,-237.30945829621075,-2.102809856386936,-239.41226815259768,False,0.0,0.0,False,1600,-1.0,1.0,0.46598827838897705,0.9345942735671997,1.0,214.56877827644348,1.0,45.63001722097397,hard,0.0,0.0,0.006954757759345911,0.007307704978558008,0.742232748009101,0.0,contact_alignment
433,-216.36025581882433,-2.126459783141552,-218.48671560196587,False,0.0,0.0,False,1600,-1.0,0.6154371500015259,0.46552127599716187,0.9390079379081726,1.0,213.4080684185028,1.0,45.34024506807327,hard,0.0,0.0,0.006164047887217169,0.006192565828416872,0.6836045456463612,0.0,contact_alignment
434,-319.6871874158402,-2.2438825636732034,-321.9310699795134,False,0.0,0.0,False,1600,-1.0,1.0,0.4700889587402344,0.9295501112937927,1.0,216.21292352676392,1.0,45.86238652467728,hard,0.0,0.0,0.00920012426449443,0.009564703409435035,0.9400052886571159,0.0,contact_alignment
435,4379.218323265774,499.1574209376486,4878.375744203423,True,0.0,0.0,False,309,-1.0,0.769201397895813,0.45852214097976685,0.9421495199203491,1.0,241.8943214416504,1.0,45.801174342632294,hard,0.03741588045699375,0.03730690289206569,0.0006828445847945471,0.0007307824452721047,0.6084263145255044,0.0,success
436,-332.99476874053516,-2.3231455491066995,-335.31791428964186,False,0.0,0.0,False,1600,-1.0,1.0,0.4740280508995056,0.9258029460906982,1.0,217.80527710914612,1.0,46.14226192235947,hard,0.0,0.0,0.009450682513706456,0.009550327331049104,0.9411666668188859,0.0,contact_alignment
437,-265.96791606129057,-2.2165613162132427,-268.1844773775038,False,0.0,0.0,False,1600,-1.0,1.0,0.4666493535041809,0.9322272539138794,1.0,216.82273864746094,1.0,45.887503921985626,hard,0.0,0.0,0.0076610345614046595,0.007677080620910324,0.7816835978274244,0.0,contact_alignment
438,3692.3516635469045,499.07912606302597,4191.430789609931,True,0.0,0.0,False,371,-1.0,1.0,0.4593934714794159,0.9407594203948975,1.0,241.90874934196472,1.0,45.34702926874161,hard,0.04593711446515146,0.04580021808630702,0.0003819281143671668,0.0006003363645957025,0.20950880749621223,0.0,success
439,-312.97861934477004,-2.2650295567348806,-315.2436489015049,False,0.0,0.0,False,1600,-1.0,1.0,0.4686930775642395,0.9340187907218933,1.0,215.72747349739075,1.0,45.66684007644653,hard,0.0,0.0,0.009073501826543585,0.00925156527373715,0.9123225589721433,0.0,contact_alignment
440,4399.129709334394,499.16836456273006,4898.298073897124,True,0.0,0.0,False,300,-1.0,0.3463631868362427,0.45691561698913574,0.9415887594223022,1.0,241.9146692752838,1.0,45.565830171108246,hard,0.03797451598937136,0.037842811839788784,0.00019394579575736397,0.00028526835034073714,0.5661957797042205,0.0,success
441,4400.643514340977,499.1761929307137,4899.819707271691,True,0.0,0.0,False,282,-1.0,0.2744416892528534,0.45761868357658386,0.9414876699447632,1.0,241.90273642539978,1.0,44.489775002002716,hard,0.039631473059098234,0.03951862700496207,0.00039447008683389506,0.000495186997061097,0.5153843969512641,0.0,success
442,-295.4445191739577,-2.221239809386522,-297.66575898334423,False,0.0,0.0,False,1600,-1.0,1.0,0.47371020913124084,0.9275752902030945,1.0,214.3612241744995,1.0,45.475576519966125,hard,0.0,0.0,0.00878481715301108,0.009116388937617343,0.8673829497481078,0.0,contact_alignment
443,-305.76122810880713,-2.274498368334779,-308.0357264771419,False,0.0,0.0,False,1600,-1.0,1.0,0.4619959592819214,0.9303736686706543,1.0,215.03767728805542,1.0,45.529858469963074,hard,0.0,0.0,0.009042853717557156,0.009185757297686718,0.9114027245036919,0.0,contact_alignment
444,-350.3475487355363,-2.320457830122001,-352.6680065656583,False,0.0,0.0,False,1600,-1.0,1.0,0.47294607758522034,0.9278296232223511,1.0,215.80844640731812,1.0,45.50444483757019,hard,0.0,0.0,0.010021570409111138,0.010352401338901456,1.0331825621692199,0.0,contact_alignment
445,4314.736235057746,499.1614234497721,4813.897658507518,True,0.0,0.0,False,299,-1.0,0.8128135800361633,0.45680683851242065,0.9394914507865906,1.0,241.9021475315094,1.0,44.979111552238464,hard,0.039127658381743785,0.03894617790476429,0.00027895640104312624,0.0002962570082872156,0.590820327165075,0.0,success
446,-369.76766516781026,-2.3569612326258094,-372.12462640043606,False,0.0,0.0,False,1600,-1.0,1.0,0.4743344783782959,0.9247674345970154,1.0,216.41446471214294,1.0,45.868534445762634,hard,0.0,0.0,0.010540637318236063,0.010676411526883072,1.02994039083721,0.0,contact_alignment
447,4437.893042145246,499.1840092808488,4937.077051426095,True,0.0,0.0,False,284,-1.0,0.2908128499984741,0.45690253376960754,0.9428436160087585,1.0,241.9060218334198,1.0,44.823166728019714,hard,0.039153713406843246,0.03904680233656285,0.0003390906806233589,0.0005136537296955365,0.5358548285373537,0.0,success
448,-299.27696293012,-2.24547736767434,-301.52244029779433,False,0.0,0.0,False,1600,-1.0,0.33283114433288574,0.4624502956867218,0.9356356859207153,1.0,213.2641613483429,1.0,45.31264513731003,hard,0.0,0.0,0.008830693974430343,0.009021594480058688,0.9368154615697845,0.0,contact_alignment
449,-214.15550868859333,-2.188542468320507,-216.34405115691385,False,0.0,0.0,False,1600,-1.0,0.5904926061630249,0.4687793254852295,0.9336201548576355,1.0,215.26240229606628,1.0,45.322802662849426,hard,0.0,0.0,0.005940761390597153,0.006134689958922477,0.6894282749672314,0.0,contact_alignment
450,5533.925938578164,495.8134371505353,6029.7393757287,True,40.680013539730304,0.0,False,341,-1.0,0.20106738805770874,0.45604443550109863,0.942739725112915,1.0,241.90366625785828,1.0,45.16547054052353,hard,0.037679418415262206,0.037499538282515565,0.0008195641661455717,0.0008792055479292054,0.3128240459119992,0.11929622738923842,success
451,-218.19815216178546,-2.172214741708912,-220.37036690349436,False,0.0,0.0,False,1600,-1.0,0.9687820672988892,0.4601971507072449,0.9379481077194214,1.0,214.35691595077515,1.0,45.31846344470978,hard,0.0,0.0,0.006619336041563116,0.007018237878943434,0.6806911629564271,0.0,contact_alignment
452,-385.5917214660715,-2.3128675081363608,-387.90458897420785,False,0.0,0.0,False,1600,-1.0,1.0,0.4733419418334961,0.9273191094398499,1.0,218.41596007347107,1.0,46.04303985834122,hard,0.0,0.0,0.010966540321400462,0.011136829248017422,1.1107636191144385,0.0,contact_alignment
453,3203.547776466568,499.1421178471199,3702.689894313688,True,0.0,0.0,False,306,-1.0,1.0,0.45628824830055237,0.942634105682373,1.0,241.88923835754395,1.0,46.07409447431564,hard,0.054010653831820916,0.053880108069849095,0.00048190068809817106,0.0005662554884336072,0.43338299338702885,0.0,success
454,-268.3939833908114,-2.232414026816058,-270.62639741762746,False,0.0,0.0,False,1600,-1.0,0.22709457576274872,0.4651602804660797,0.9374859929084778,1.0,213.1922698020935,1.0,45.26130259037018,hard,0.0,0.0,0.008022001344629374,0.008265084440781242,0.8362249673535579,0.0,contact_alignment
455,-221.07886207135,-2.1327853035162834,-223.21164737486626,False,0.0,0.0,False,1600,-1.0,0.056192249059677124,0.46167683601379395,0.9337631464004517,1.0,212.85271048545837,1.0,45.32996654510498,hard,0.0,0.0,0.006568466475157693,0.0068784971898063,0.6800240689483549,0.0,contact_alignment
456,4521.018510431585,499.17396770534754,5020.192478136933,True,0.0,0.0,False,292,-1.0,0.27343326807022095,0.45714235305786133,0.9414262175559998,1.0,241.9242775440216,1.0,45.20465910434723,hard,0.03732209266585912,0.03716327045042736,0.00011571171695572963,0.0001686879457912171,0.6203358737558047,0.0,success
457,-340.1447138528106,-2.3212419755282885,-342.46595582833885,False,0.0,0.0,False,1600,-0.9993286728858948,1.0,0.4685724973678589,0.9309160709381104,1.0,214.9601447582245,1.0,45.51143556833267,hard,0.0,0.0,0.009940402123012945,0.01010207242156987,1.0099708251564197,0.0,contact_alignment
458,3038.978320342059,499.2014320037512,3538.17975234581,True,0.0,0.0,False,242,-1.0,0.34930628538131714,0.4572061598300934,0.9422288537025452,1.0,241.93402528762817,1.0,45.5184930562973,hard,0.06223680636178472,0.06209318462845448,0.0008142229066610273,0.0008987613924474054,0.18709997840744755,0.0,success
459,2679.834357479159,499.22065671103275,3179.0550141901917,True,0.0,0.0,False,210,-1.0,0.22280310094356537,0.4583819508552551,0.941552460193634,1.0,241.92745447158813,1.0,45.10232448577881,hard,0.07453774882395764,0.07447028949409822,0.0006137155430431126,0.0006762839269170127,0.9096120002566158,0.0,success
460,-319.1215611827781,-2.2828205780833035,-321.40438176086144,False,0.0,0.0,False,1600,-1.0,1.0,0.46171456575393677,0.9344636797904968,1.0,214.09907341003418,1.0,45.426393151283264,hard,0.0,0.0,0.00918752236951299,0.009325530329192434,0.9819272701960557,0.0,contact_alignment
461,4402.561594869328,499.150263482139,4901.711858351467,True,0.0,0.0,False,305,-1.0,0.3970663249492645,0.45529332756996155,0.9429942965507507,1.0,241.95793747901917,1.0,45.81497013568878,hard,0.037486734684689146,0.03738672730249701,0.000807505786499952,0.0008680484901301442,0.6714946037000425,0.0,success
462,5168.197999809105,499.12324672655166,5667.321246535656,True,0.0,0.0,False,352,-1.0,0.47263669967651367,0.45586103200912476,0.9432604312896729,1.0,241.95018887519836,1.0,45.93264430761337,hard,0.0368675292695846,0.036835812839712295,0.0008714259181408681,0.0009041142769866868,0.4945182578594758,0.0,success
463,5766.036341315033,499.08580754208975,6265.122148857123,True,6.012427531158933,0.0,False,325,-1.0,0.9965192675590515,0.4558953046798706,0.9436564445495605,1.0,241.94358706474304,1.0,45.83031803369522,hard,0.038597918549833424,0.038517336810754615,0.00020937849124516122,0.00035941837464300127,0.14909913991630322,0.018499777018950562,success
464,-237.10971907363967,-2.131929020265139,-239.24164809390481,False,0.0,0.0,False,1600,-1.0,0.6907275319099426,0.4625551700592041,0.9333850741386414,1.0,213.7008261680603,1.0,45.038888454437256,hard,0.0,0.0,0.006907788214510245,0.007065560434443907,0.7536981150069757,0.0,contact_alignment
465,4443.164390098986,499.1746287167715,4942.339018815757,True,0.0,0.0,False,298,-1.0,1.0,0.45641764998435974,0.9434732794761658,1.0,241.93599343299866,1.0,45.55171936750412,hard,0.0382909495829334,0.03813470680847386,0.00038804275299433974,0.00038871563276394224,0.598705316434583,0.0,success
466,-381.86468490476284,-2.313265002609968,-384.1779499073728,False,0.0,0.0,False,1600,-1.0,1.0,0.4749484956264496,0.9284974336624146,1.0,217.24703669548035,1.0,45.900584161281586,hard,0.0,0.0,0.010995736656602589,0.011160415221544104,1.0834002242607386,0.0,contact_alignment
467,-477.9472236960021,-2.3152731955714074,-480.2624968915735,False,0.0,0.0,False,1600,-1.0,1.0,0.48137590289115906,0.926566481590271,1.0,219.79891538619995,1.0,46.207765340805054,hard,0.0,0.0,0.01373143286331065,0.013781602728837446,1.3010180615073526,0.0,coarse_alignment
468,4421.610122879796,499.1961492338255,4920.806272113621,True,0.0,0.0,False,288,-1.0,0.3079880177974701,0.4564455449581146,0.9439334869384766,1.0,241.9521415233612,1.0,44.18825775384903,hard,0.03896162945777615,0.03880690531471184,0.00038487956726634737,0.00045795480422991183,0.5242608464990061,0.0,success
469,-263.21395255494866,-2.1757660082330434,-265.3897185631817,False,0.0,0.0,False,1600,-1.0,1.0,0.46528440713882446,0.9376762509346008,1.0,213.60801339149475,1.0,45.65332382917404,hard,0.0,0.0,0.007803876586377399,0.007985897681427155,0.8061342607878554,0.0,contact_alignment
470,4316.807098387466,499.16824438584064,4815.975342773307,True,0.0,0.0,False,301,-1.0,0.8384360671043396,0.4565808176994324,0.942613422870636,1.0,241.9613778591156,1.0,45.45326501131058,hard,0.03866208962757614,0.038502330532330487,0.0003632018355148324,0.0003665060402298449,0.5944174580176639,0.0,success
471,-404.8898436753446,-2.293923523808673,-407.1837671991533,False,0.0,0.0,False,1600,-1.0,1.0,0.474886417388916,0.9250103831291199,1.0,219.16937232017517,1.0,46.128862500190735,hard,0.0,0.0,0.011557569386825107,0.011583204346125581,1.1330922378249682,0.0,contact_alignment
472,-329.8685076811129,-2.250673601192931,-332.1191812823058,False,0.0,0.0,False,1600,-1.0,1.0,0.4675223231315613,0.936059832572937,1.0,215.99639654159546,1.0,45.782828629016876,hard,0.0,0.0,0.009441238873514649,0.009464776694895346,0.9606374378337115,0.0,contact_alignment
473,-352.7479940972326,-2.287598168954422,-355.03559226618705,False,0.0,0.0,False,1600,-1.0,1.0,0.4657230079174042,0.930108368396759,1.0,214.02911901474,1.0,45.58826059103012,hard,0.0,0.0,0.010301862176553413,0.010672257573872667,1.0078924777030867,0.0,contact_alignment
474,1324.1714121584357,499.21416764710136,1823.385579805537,True,0.0,0.0,False,204,-1.0,0.4449240267276764,0.45917370915412903,0.9411609172821045,1.0,241.93985223770142,1.0,46.14091843366623,hard,0.06440431614941425,0.0643453089657932,0.0009180760132291079,0.0009623934838340979,0.7317744447395873,0.0,success
475,-273.76230529492256,-2.181152675225587,-275.94345797014813,False,0.0,0.0,False,1600,-1.0,0.7868674397468567,0.463234543800354,0.9344896674156189,1.0,214.26856637001038,1.0,45.2918940782547,hard,0.0,0.0,0.008100289318635791,0.00811734487704092,0.8451512807832848,0.0,contact_alignment
476,5411.39128889717,499.16374931682054,5910.555038213991,True,0.0,0.0,False,340,-1.0,1.0,0.45603370666503906,0.9442436695098877,1.0,241.96844458580017,1.0,44.6087571978569,hard,0.03758779666048288,0.03751239069546125,0.0007229856627574101,0.0007236192615249936,0.28197960695670143,0.0,success
477,-353.677077377403,-2.3165182558777326,-355.99359563328073,False,0.0,0.0,False,1600,-1.0,1.0,0.46873876452445984,0.9279470443725586,1.0,216.87691688537598,1.0,45.77081233263016,hard,0.0,0.0,0.010279764664114142,0.010439599914462045,1.0215759759283554,0.0,contact_alignment
478,4315.3907053634375,499.17043578807585,4814.561141151514,True,0.0,0.0,False,307,-1.0,0.42088091373443604,0.4570733606815338,0.9439803957939148,1.0,241.9682276248932,1.0,45.44401705265045,hard,0.038321511630362626,0.038166215278512605,0.0003266235580804245,0.00038893985037656467,0.5982005261877547,0.0,success
479,-273.7287860454887,-2.180002370673732,-275.9087884161624,False,0.0,0.0,False,1600,-1.0,0.1764928102493286,0.4626479148864746,0.9363316893577576,1.0,212.72958517074585,1.0,45.1354193687439,hard,0.0,0.0,0.008090144160454706,0.008167057598019792,0.8628390616578788,0.0,contact_alignment
480,-246.52170655432127,-2.1296392264430333,-248.6513457807643,False,0.0,0.0,False,1600,-1.0,0.7705156803131104,0.46283215284347534,0.9352769255638123,1.0,213.20372223854065,1.0,45.42555868625641,hard,0.0,0.0,0.0070949209667825214,0.007151445150174451,0.7660751172467516,0.0,contact_alignment
481,-394.0550181384473,-2.3052557718293034,-396.3602739102766,False,0.0,0.0,False,1600,-1.0,1.0,0.4791407585144043,0.9347286224365234,1.0,218.88970971107483,1.0,46.08485281467438,hard,0.0,0.0,0.011434224283537613,0.011732387774547206,1.1299313162514315,0.0,contact_alignment
482,4530.9273377125655,497.88212355431676,5028.809461266882,True,25.429231833812825,0.0,False,300,-1.0,0.33393529057502747,0.4573892652988434,0.9459578394889832,1.0,241.9601535797119,1.0,45.55039048194885,hard,0.036718343138571474,0.03656847209152829,0.000572732833368745,0.0006747630609251575,0.6295089095006591,0.08476410611270942,success
483,-227.52130490431884,-2.0886124544591027,-229.60991735877795,False,0.0,0.0,False,1600,-1.0,0.5958999991416931,0.4652969539165497,0.9397380352020264,1.0,213.74074697494507,1.0,45.587259232997894,hard,0.0,0.0,0.006745033236756195,0.0067802805250867645,0.7191150241578618,0.0,contact_alignment
484,4341.779493909708,499.1747051367448,4840.954199046453,True,0.0,0.0,False,297,-1.0,0.4414515197277069,0.4570881128311157,0.9451974630355835,1.0,241.97038173675537,1.0,45.600988268852234,hard,0.038985811906602885,0.03882827982112938,0.000282042758090819,0.0003442612673966524,0.5534466403566785,0.0,success
485,-228.77880203553352,-2.0752732648695744,-230.85407530040308,False,0.0,0.0,False,1600,-1.0,0.05516166239976883,0.46046239137649536,0.9408568739891052,1.0,211.78124904632568,1.0,44.95191842317581,hard,0.0,0.0,0.006694169849979009,0.0070006885438641435,0.7090657504031692,0.0,contact_alignment
486,3895.880362487013,499.2076507425866,4395.0880132296,True,0.0,0.0,False,254,-1.0,0.241559699177742,0.4563940763473511,0.9451499581336975,1.0,241.9568371772766,1.0,44.58680659532547,hard,0.048534256561130154,0.04814852534892686,0.0008891305884215821,0.0008920444678545727,0.4803495582745799,0.0,success
487,-328.5758169437428,-2.2113563944637153,-330.7871733382065,False,0.0,0.0,False,1600,-1.0,1.0,0.46759313344955444,0.9341673254966736,1.0,216.00735306739807,1.0,45.88405758142471,hard,0.0,0.0,0.009201183549423541,0.009524629678917986,0.9597527520732604,0.0,contact_alignment
488,-195.78226254176883,-2.1535942474601084,-197.93585678922895,False,0.0,0.0,False,1600,-1.0,0.3153718411922455,0.46202352643013,0.9407483339309692,1.0,215.00177025794983,1.0,45.620679557323456,hard,0.0,0.0,0.0058581576479673336,0.006092323821425796,0.6054266746278254,0.0,contact_alignment
489,-269.4925824511029,-2.2109999486616307,-271.70358239976457,False,0.0,0.0,False,1600,-1.0,0.4177047908306122,0.4611436724662781,0.9406307935714722,1.0,215.13118743896484,1.0,45.28234988451004,hard,0.0,0.0,0.007806232993616101,0.00797401249074821,0.8523919515846301,0.0,contact_alignment
490,-367.843645427927,-2.3316983829273186,-370.1753438108543,False,0.0,0.0,False,1600,-1.0,1.0,0.47078949213027954,0.9280663728713989,1.0,216.17624163627625,1.0,45.90400546789169,hard,0.0,0.0,0.010387994020302764,0.010734014292279971,1.0562983927520844,0.0,contact_alignment
491,3627.929603876779,499.08424185772003,4127.013845734499,True,0.0,0.0,False,374,-1.0,1.0,0.45662721991539,0.946502685546875,1.0,241.96546912193298,1.0,45.515647530555725,hard,0.047017708401862805,0.04688798969737165,0.0005442073944555729,0.0005891468495800427,0.2119348224075698,0.0,success
492,-218.79445180558412,-2.114208011094102,-220.9086598166782,False,0.0,0.0,False,1600,-1.0,1.0,0.4665279984474182,0.9417357444763184,1.0,213.94701480865479,1.0,45.55214911699295,hard,0.0,0.0,0.006299102735476705,0.006486034308308549,0.6731444258495601,0.0,contact_alignment
493,3182.914237957696,499.14673154451714,3682.060969502213,True,0.0,0.0,False,301,-0.9998540282249451,1.0,0.4590834975242615,0.9444470405578613,1.0,241.9593632221222,1.0,46.177981197834015,hard,0.05445375498558465,0.05433939683206104,0.0005668097858165457,0.0005688869140463666,0.43702508694545206,0.0,success
494,-430.4079001377346,-2.3159381764755826,-432.7238383142102,False,0.0,0.0,False,1600,-1.0,1.0,0.4778825342655182,0.933844804763794,1.0,218.95893573760986,1.0,46.23275339603424,hard,0.0,0.0,0.012249251301680916,0.012389658581249456,1.1948947667814709,0.0,coarse_alignment
495,-279.23426204278167,-2.282852799169997,-281.51711484195164,False,0.0,0.0,False,1600,-1.0,0.2737857401371002,0.47077426314353943,0.9402572512626648,1.0,215.43307304382324,1.0,45.51345497369766,hard,0.0,0.0,0.008057886207040272,0.008217960151009757,0.807477251242618,0.0,contact_alignment
496,4567.714466387246,499.1784844244952,5066.892950811741,True,0.0,0.0,False,292,-1.0,1.0,0.4584360420703888,0.9461162686347961,1.0,241.97442650794983,1.0,44.579482078552246,hard,0.03711137751841061,0.03696272595012301,0.00017434546317314026,0.0002077299741387778,0.5994685990533848,0.0,success
497,4330.407699761802,499.1656637389065,4829.573363500709,True,0.0,0.0,False,313,-1.0,1.0,0.4570872187614441,0.9465973973274231,1.0,241.97465896606445,1.0,46.23863637447357,hard,0.038103498081852955,0.037869674640546386,0.0008935725769241448,0.0009155934989298265,0.6594774023608735,0.0,success
498,-265.2097284329975,-2.225364115875952,-267.43509254887346,False,0.0,0.0,False,1600,-1.0,0.5449655652046204,0.46654996275901794,0.9380210638046265,1.0,214.32170629501343,1.0,45.291664600372314,hard,0.0,0.0,0.007731828438665353,0.007885721895481767,0.8013039221523407,0.0,contact_alignment
499,-255.9088515686987,-2.210836481190316,-258.119688049889,False,0.0,0.0,False,1600,-1.0,1.0,0.4657241404056549,0.9423626065254211,1.0,215.09349822998047,1.0,45.40919065475464,hard,0.0,0.0,0.007615991083806813,0.007742014455334716,0.7957832595185718,0.0,contact_alignment
