seed,variant,success,steps,completion_time_s,peg1_depth_m,peg2_depth_m,mean_depth_m,min_depth_m,peg1_lateral_error_m,peg2_lateral_error_m,mean_lateral_error_m,max_lateral_error_m,orientation_error_deg,peak_contact_force_N,mean_force_all_steps_N,mean_force_contact_steps_N,peak_contact_torque_Nm,contact_steps,mean_trajectory_residual_norm,peak_trajectory_residual_norm,mean_impedance_residual_norm,peak_impedance_residual_norm,mean_impedance_k_parallel,mean_impedance_k_lateral,mean_impedance_k_rotation,mean_impedance_d_parallel,mean_impedance_d_lateral,mean_impedance_d_rotation,jam,final_stage,failure_reason,setting,train_seed,checkpoint
41000000,no_adaptive_impedance,1,209,1.672,0.06283708309113259,0.06269522420683563,0.06276615364898411,0.06269522420683563,0.0007708781219131959,0.000725984626786069,0.0007484313743496324,0.0007708781219131959,0.8637299692698523,53.5206560595715,0.2560796940649354,8.920109343261917,0.0,6,0.043274077392989795,0.055577151477336884,0.0,0.0,0.5,0.6499999761581421,0.6499999761581421,0.8500000238418579,0.8999999761581421,0.8999999761581421,0,SUCCESS,success,nominal,20260921,results/a2po_dual_panda_dynamic_vertical/formal/seed_20260921/checkpoint_best.pt
41000001,no_adaptive_impedance,1,353,2.824,0.03731591839557555,0.03717532221764641,0.03724562030661098,0.03717532221764641,0.0009247459785864395,0.0009768272434873971,0.0009507866110369182,0.0009768272434873971,0.43396092335704745,0.0,0.0,0.0,0.0,5,0.03640079313873316,0.055343423038721085,0.0,0.0,0.5,0.6499999761581421,0.6499999761581421,0.8500000238418579,0.8999999761581421,0.8999999761581421,0,SUCCESS,success,nominal,20260921,results/a2po_dual_panda_dynamic_vertical/formal/seed_20260921/checkpoint_best.pt
41000002,no_adaptive_impedance,1,205,1.6400000000000001,0.061949970874149246,0.06181276518452944,0.06188136802933934,0.06181276518452944,0.0008445969184213626,0.0008356057345822581,0.0008401013265018104,0.0008445969184213626,0.8643690063306939,52.50180823080913,0.2561063816137031,7.500258318687019,0.0,7,0.04293690170275002,0.05521625280380249,0.0,0.0,0.5,0.6499999761581421,0.6499999761581421,0.8500000238418579,0.8999999761581421,0.8999999761581421,0,SUCCESS,success,nominal,20260921,results/a2po_dual_panda_dynamic_vertical/formal/seed_20260921/checkpoint_best.pt
41000003,no_adaptive_impedance,1,395,3.16,0.04087079435468535,0.04075293568383684,0.040811865019261095,0.04075293568383684,0.0009354838537287238,0.0008846707762229422,0.000910077314975833,0.0009354838537287238,0.2027632025290513,0.0,0.0,0.0,0.0,6,0.03522139247506857,0.05568957328796387,0.0,0.0,0.5,0.6499999761581421,0.6499999761581421,0.8500000238418579,0.8999999761581421,0.8999999761581421,0,SUCCESS,success,nominal,20260921,results/a2po_dual_panda_dynamic_vertical/formal/seed_20260921/checkpoint_best.pt
41000004,no_adaptive_impedance,1,359,2.872,0.03760283400958232,0.03746421751128025,0.037533525760431286,0.03746421751128025,0.0009418437226038296,0.0009897684176285247,0.0009658060701161771,0.0009897684176285247,0.4204891364798485,0.0,0.0,0.0,0.0,6,0.03614333759822096,0.05554554611444473,0.0,0.0,0.5,0.6499999761581421,0.6499999761581421,0.8500000238418579,0.8999999761581421,0.8999999761581421,0,SUCCESS,success,nominal,20260921,results/a2po_dual_panda_dynamic_vertical/formal/seed_20260921/checkpoint_best.pt
41000005,no_adaptive_impedance,1,250,2.0,0.06131268271923514,0.06095963065914925,0.06113615668919219,0.06095963065914925,0.0008659422029044632,0.0009605501143638848,0.000913246158634174,0.0009605501143638848,0.4820266118930991,0.0,0.0,0.0,0.0,5,0.04269660690240562,0.05539198964834213,0.0,0.0,0.5,0.6499999761581421,0.6499999761581421,0.8500000238418579,0.8999999761581421,0.8999999761581421,0,SUCCESS,success,nominal,20260921,results/a2po_dual_panda_dynamic_vertical/formal/seed_20260921/checkpoint_best.pt
41000006,no_adaptive_impedance,1,264,2.112,0.05447895087867839,0.05419704851325796,0.05433799969596818,0.05419704851325796,0.00041529871737837744,0.00046447844021518597,0.0004398885787967817,0.00046447844021518597,0.17813038601419337,9.432872770016651,0.0357305786743055,1.572145461669442,0.0,6,0.0415691336278211,0.0555448941886425,0.0,0.0,0.5,0.6499999761581421,0.6499999761581421,0.8500000238418579,0.8999999761581421,0.8999999761581421,0,SUCCESS,success,nominal,20260921,results/a2po_dual_panda_dynamic_vertical/formal/seed_20260921/checkpoint_best.pt
41000007,no_adaptive_impedance,1,364,2.912,0.03771213242188906,0.037591011683454134,0.0376515720526716,0.037591011683454134,0.0009336253634679896,0.0009743304586125745,0.000953977911040282,0.0009743304586125745,0.4235176566973684,0.0,0.0,0.0,0.0,5,0.03606979539720239,0.055625393986701965,0.0,0.0,0.5,0.6499999761581421,0.6499999761581421,0.8500000238418579,0.8999999761581421,0.8999999761581421,0,SUCCESS,success,nominal,20260921,results/a2po_dual_panda_dynamic_vertical/formal/seed_20260921/checkpoint_best.pt
41000008,no_adaptive_impedance,1,264,2.112,0.054611977727966804,0.05445649607877477,0.05453423690337079,0.05445649607877477,0.00021551313231242932,0.0003407589897796491,0.0002781360610460392,0.0003407589897796491,0.19997886864492567,0.0,0.0,0.0,0.0,5,0.04174296577129456,0.05532263219356537,0.0,0.0,0.5,0.6499999761581421,0.6499999761581421,0.8500000238418579,0.8999999761581421,0.8999999761581421,0,SUCCESS,success,nominal,20260921,results/a2po_dual_panda_dynamic_vertical/formal/seed_20260921/checkpoint_best.pt
41000009,no_adaptive_impedance,1,317,2.536,0.036875822523217416,0.036589890485821064,0.03673285650451924,0.036589890485821064,0.0008724089479228347,0.0007926622459186877,0.0008325355969207612,0.0008724089479228347,0.6494102465815262,0.0,0.0,0.0,0.0,6,0.038098717239106586,0.05494999513030052,0.0,0.0,0.5,0.6499999761581421,0.6499999761581421,0.8500000238418579,0.8999999761581421,0.8999999761581421,0,SUCCESS,success,nominal,20260921,results/a2po_dual_panda_dynamic_vertical/formal/seed_20260921/checkpoint_best.pt
41000010,no_adaptive_impedance,1,355,2.84,0.03754462422154814,0.03738501825573881,0.037464821238643475,0.03738501825573881,0.0008693294367772588,0.000990534898556067,0.000929932167666663,0.000990534898556067,0.4060328876056005,0.0,0.0,0.0,0.0,6,0.03633057623183433,0.0552731417119503,0.0,0.0,0.5,0.6499999761581421,0.6499999761581421,0.8500000238418579,0.8999999761581421,0.8999999761581421,0,SUCCESS,success,nominal,20260921,results/a2po_dual_panda_dynamic_vertical/formal/seed_20260921/checkpoint_best.pt
41000011,no_adaptive_impedance,1,258,2.064,0.05614835465530872,0.05585161635269269,0.055999985504000704,0.05585161635269269,0.00042531358812454724,0.0003237911135555409,0.0003745523508400441,0.00042531358812454724,0.33157950455002044,10.2097557858398,0.03957269684434031,1.7016259643066334,0.0,6,0.0415389872148864,0.05519864335656166,0.0,0.0,0.5,0.6499999761581421,0.6499999761581421,0.8500000238418579,0.8999999761581421,0.8999999761581421,0,SUCCESS,success,nominal,20260921,results/a2po_dual_panda_dynamic_vertical/formal/seed_20260921/checkpoint_best.pt
41000012,no_adaptive_impedance,1,250,2.0,0.060788388267271426,0.060325654752290694,0.06055702150978106,0.060325654752290694,0.0007634733987560402,0.0008288316198452059,0.000796152509300623,0.0008288316198452059,0.4845841518620703,0.0,0.0,0.0,0.0,5,0.042657268568873405,0.05532050505280495,0.0,0.0,0.5,0.6499999761581421,0.6499999761581421,0.8500000238418579,0.8999999761581421,0.8999999761581421,0,SUCCESS,success,nominal,20260921,results/a2po_dual_panda_dynamic_vertical/formal/seed_20260921/checkpoint_best.pt
41000013,no_adaptive_impedance,1,205,1.6400000000000001,0.0625254425674984,0.062417057697673445,0.06247125013258592,0.062417057697673445,0.0002261001426648832,0.00047417962060124246,0.00035013988163306285,0.00047417962060124246,0.8774596590976939,0.0,0.0,0.0,0.0,5,0.04192380259131513,0.05513738840818405,0.0,0.0,0.5,0.6499999761581421,0.6499999761581421,0.8500000238418579,0.8999999761581421,0.8999999761581421,0,SUCCESS,success,nominal,20260921,results/a2po_dual_panda_dynamic_vertical/formal/seed_20260921/checkpoint_best.pt
41000014,no_adaptive_impedance,1,319,2.552,0.037038021721063075,0.036810714810315226,0.03692436826568915,0.036810714810315226,0.0009704648263153431,0.0008119342881215241,0.0008911995572184336,0.0009704648263153431,0.6294803672716821,0.0,0.0,0.0,0.0,5,0.03776885469248489,0.05514270439743996,0.0,0.0,0.5,0.6499999761581421,0.6499999761581421,0.8500000238418579,0.8999999761581421,0.8999999761581421,0,SUCCESS,success,nominal,20260921,results/a2po_dual_panda_dynamic_vertical/formal/seed_20260921/checkpoint_best.pt
41000015,no_adaptive_impedance,1,266,2.128,0.05339764699310276,0.053281863247783084,0.05333975512044292,0.053281863247783084,0.0002807064177811479,0.00044601771475023637,0.00036336206626569215,0.00044601771475023637,0.15149880605968785,0.0,0.0,0.0,0.0,6,0.0418368877030741,0.05534888058900833,0.0,0.0,0.5,0.6499999761581421,0.6499999761581421,0.8500000238418579,0.8999999761581421,0.8999999761581421,0,SUCCESS,success,nominal,20260921,results/a2po_dual_panda_dynamic_vertical/formal/seed_20260921/checkpoint_best.pt
41000016,no_adaptive_impedance,1,320,2.56,0.03670861725570121,0.03643524600137814,0.036571931628539674,0.03643524600137814,0.0009999268822625744,0.0009406054439189529,0.0009702661630907636,0.0009999268822625744,0.6739967138672052,0.0,0.0,0.0,0.0,5,0.037577337035327216,0.055303361266851425,0.0,0.0,0.5,0.6499999761581421,0.6499999761581421,0.8500000238418579,0.8999999761581421,0.8999999761581421,0,SUCCESS,success,nominal,20260921,results/a2po_dual_panda_dynamic_vertical/formal/seed_20260921/checkpoint_best.pt
41000017,no_adaptive_impedance,1,273,2.184,0.05010625676225075,0.049999033804657894,0.05005264528345432,0.049999033804657894,0.0008574570544707151,0.0009731861777546775,0.0009153216161126963,0.0009731861777546775,0.15298569728143435,0.0,0.0,0.0,0.0,5,0.04159945817391351,0.05559808760881424,0.0,0.0,0.5,0.6499999761581421,0.6499999761581421,0.8500000238418579,0.8999999761581421,0.8999999761581421,0,SUCCESS,success,nominal,20260921,results/a2po_dual_panda_dynamic_vertical/formal/seed_20260921/checkpoint_best.pt
41000018,no_adaptive_impedance,1,264,2.112,0.05341266376593487,0.05338582586672902,0.053399244816331945,0.05338582586672902,0.00020192243544858016,0.0004855189519058265,0.00034372069367720335,0.0004855189519058265,0.17114187968757852,52.28000843628098,0.1980303349859128,7.468572633754426,0.0,7,0.04242536506199306,0.055053308606147766,0.0,0.0,0.5,0.6499999761581421,0.6499999761581421,0.8500000238418579,0.8999999761581421,0.8999999761581421,0,SUCCESS,success,nominal,20260921,results/a2po_dual_panda_dynamic_vertical/formal/seed_20260921/checkpoint_best.pt
41000019,no_adaptive_impedance,1,387,3.096,0.04045189726050827,0.04035974830059595,0.04040582278055211,0.04035974830059595,0.0008673110402231639,0.0006700066687663997,0.0007686588544947818,0.0008673110402231639,0.1945480101533295,0.0,0.0,0.0,0.0,5,0.035380354494058575,0.05554214492440224,0.0,0.0,0.5,0.6499999761581421,0.6499999761581421,0.8500000238418579,0.8999999761581421,0.8999999761581421,0,SUCCESS,success,nominal,20260921,results/a2po_dual_panda_dynamic_vertical/formal/seed_20260921/checkpoint_best.pt
41000020,no_adaptive_impedance,1,209,1.672,0.06198012700412628,0.06192294326361937,0.061951535133872825,0.06192294326361937,0.00031677866714606217,0.00037081595730398975,0.00034379731222502596,0.00037081595730398975,0.8132578148928479,0.0,0.0,0.0,0.0,6,0.042185072196674264,0.05538572371006012,0.0,0.0,0.5,0.6499999761581421,0.6499999761581421,0.8500000238418579,0.8999999761581421,0.8999999761581421,0,SUCCESS,success,nominal,20260921,results/a2po_dual_panda_dynamic_vertical/formal/seed_20260921/checkpoint_best.pt
41000021,no_adaptive_impedance,1,323,2.584,0.03680562002116852,0.03655609895011311,0.036680859485640815,0.03655609895011311,0.000981390334072989,0.0008945665303473333,0.0009379784322101612,0.000981390334072989,0.6364184774280588,0.0,0.0,0.0,0.0,5,0.03768711528040169,0.05540110915899277,0.0,0.0,0.5,0.6499999761581421,0.6499999761581421,0.8500000238418579,0.8999999761581421,0.8999999761581421,0,SUCCESS,success,nominal,20260921,results/a2po_dual_panda_dynamic_vertical/formal/seed_20260921/checkpoint_best.pt
41000022,no_adaptive_impedance,1,395,3.16,0.04086258283742611,0.04074851949522995,0.04080555116632803,0.04074851949522995,0.0009417818225527006,0.0008979875763118311,0.0009198846994322658,0.0009417818225527006,0.19994976965564804,0.0,0.0,0.0,0.0,5,0.03519958275240622,0.05570029094815254,0.0,0.0,0.5,0.6499999761581421,0.6499999761581421,0.8500000238418579,0.8999999761581421,0.8999999761581421,0,SUCCESS,success,nominal,20260921,results/a2po_dual_panda_dynamic_vertical/formal/seed_20260921/checkpoint_best.pt
41000023,no_adaptive_impedance,1,245,1.96,0.0627949059982446,0.06244423267452558,0.06261956933638509,0.06244423267452558,0.0008503929017849432,0.000918051152860224,0.0008842220273225836,0.000918051152860224,0.6378278693299908,0.0,0.0,0.0,0.0,5,0.043057620842770046,0.05518469959497452,0.0,0.0,0.5,0.6499999761581421,0.6499999761581421,0.8500000238418579,0.8999999761581421,0.8999999761581421,0,SUCCESS,success,nominal,20260921,results/a2po_dual_panda_dynamic_vertical/formal/seed_20260921/checkpoint_best.pt
41000024,no_adaptive_impedance,1,270,2.16,0.05139828031132766,0.051333898946490125,0.051366089628908894,0.051333898946490125,0.0007975104127511767,0.0008263330538823548,0.0008119217333167658,0.0008263330538823548,0.04086289052610367,0.0,0.0,0.0,0.0,6,0.04175037110776261,0.05538804829120636,0.0,0.0,0.5,0.6499999761581421,0.6499999761581421,0.8500000238418579,0.8999999761581421,0.8999999761581421,0,SUCCESS,success,nominal,20260921,results/a2po_dual_panda_dynamic_vertical/formal/seed_20260921/checkpoint_best.pt
41000025,no_adaptive_impedance,1,391,3.128,0.04053342130556753,0.040408805107485624,0.04047111320652658,0.040408805107485624,0.0008646579167329729,0.0008203954031586607,0.0008425266599458168,0.0008646579167329729,0.21548315333707765,0.0,0.0,0.0,0.0,5,0.03531329454544484,0.05562332272529602,0.0,0.0,0.5,0.6499999761581421,0.6499999761581421,0.8500000238418579,0.8999999761581421,0.8999999761581421,0,SUCCESS,success,nominal,20260921,results/a2po_dual_panda_dynamic_vertical/formal/seed_20260921/checkpoint_best.pt
41000026,no_adaptive_impedance,1,207,1.6560000000000001,0.0622371174072322,0.06218197397144386,0.06220954568933803,0.06218197397144386,0.00021974690573503932,0.0004269607981742103,0.0003233538519546248,0.0004269607981742103,0.8627524055958623,53.13589496021737,0.2566951447353496,7.59084213717391,0.0,7,0.04217738325253201,0.05538059398531914,0.0,0.0,0.5,0.6499999761581421,0.6499999761581421,0.8500000238418579,0.8999999761581421,0.8999999761581421,0,SUCCESS,success,nominal,20260921,results/a2po_dual_panda_dynamic_vertical/formal/seed_20260921/checkpoint_best.pt
41000027,no_adaptive_impedance,1,363,2.904,0.03773643276336275,0.037591555880936905,0.03766399432214983,0.037591555880936905,0.0008946240903452251,0.0009706135696556293,0.0009326188300004272,0.0009706135696556293,0.41493784798772043,0.0,0.0,0.0,0.0,5,0.03600939111938038,0.05553145334124565,0.0,0.0,0.5,0.6499999761581421,0.6499999761581421,0.8500000238418579,0.8999999761581421,0.8999999761581421,0,SUCCESS,success,nominal,20260921,results/a2po_dual_panda_dynamic_vertical/formal/seed_20260921/checkpoint_best.pt
41000028,no_adaptive_impedance,1,206,1.6480000000000001,0.0629137145821056,0.0628964848387295,0.06290509971041755,0.0628964848387295,0.0009247147126117462,0.0008602016282145382,0.0008924581704131422,0.0009247147126117462,0.9262553919423999,0.0,0.0,0.0,0.0,6,0.04309121097519415,0.055405572056770325,0.0,0.0,0.5,0.6499999761581421,0.6499999761581421,0.8500000238418579,0.8999999761581421,0.8999999761581421,0,SUCCESS,success,nominal,20260921,results/a2po_dual_panda_dynamic_vertical/formal/seed_20260921/checkpoint_best.pt
41000029,no_adaptive_impedance,1,206,1.6480000000000001,0.06234754451334601,0.062286391590721774,0.06231696805203389,0.062286391590721774,0.0007480441921492206,0.0007546842600428607,0.0007513642260960406,0.0007546842600428607,0.8991226008351216,0.0,0.0,0.0,0.0,6,0.04240576069105814,0.05531450733542442,0.0,0.0,0.5,0.6499999761581421,0.6499999761581421,0.8500000238418579,0.8999999761581421,0.8999999761581421,0,SUCCESS,success,nominal,20260921,results/a2po_dual_panda_dynamic_vertical/formal/seed_20260921/checkpoint_best.pt
41000030,no_adaptive_impedance,1,247,1.976,0.061804170444664575,0.06138466409025595,0.06159441726746026,0.06138466409025595,0.0007565789991105835,0.0008552895377641225,0.000805934268437353,0.0008552895377641225,0.6001669828557471,0.0,0.0,0.0,0.0,5,0.04288633716733832,0.05515195429325104,0.0,0.0,0.5,0.6499999761581421,0.6499999761581421,0.8500000238418579,0.8999999761581421,0.8999999761581421,0,SUCCESS,success,nominal,20260921,results/a2po_dual_panda_dynamic_vertical/formal/seed_20260921/checkpoint_best.pt
41000031,no_adaptive_impedance,1,208,1.6640000000000001,0.061875638364903854,0.06169231502117904,0.06178397669304145,0.06169231502117904,0.0008769561063431328,0.0008888986124838105,0.0008829273594134716,0.0008888986124838105,0.8258305189861624,0.0,0.0,0.0,0.0,5,0.043581395551042915,0.055515043437480927,0.0,0.0,0.5,0.6499999761581421,0.6499999761581421,0.8500000238418579,0.8999999761581421,0.8999999761581421,0,SUCCESS,success,nominal,20260921,results/a2po_dual_panda_dynamic_vertical/formal/seed_20260921/checkpoint_best.pt
41000032,no_adaptive_impedance,1,433,3.464,0.042760055731683566,0.0426216327295596,0.04269084423062158,0.0426216327295596,0.0007500411475654503,0.0009813383877288362,0.0008656897676471433,0.0009813383877288362,0.17252118216724455,48.473627721408675,0.11194833192011241,8.078937953568113,0.0,6,0.03417677812678331,0.05560825392603874,0.0,0.0,0.5,0.6499999761581421,0.6499999761581421,0.8500000238418579,0.8999999761581421,0.8999999761581421,0,SUCCESS,success,nominal,20260921,results/a2po_dual_panda_dynamic_vertical/formal/seed_20260921/checkpoint_best.pt
41000033,no_adaptive_impedance,1,270,2.16,0.05188527709367946,0.0517876495022529,0.05183646329796618,0.0517876495022529,0.0007586975238763698,0.0007631086756932058,0.0007609030997847878,0.0007631086756932058,0.048639018308050855,0.0,0.0,0.0,0.0,6,0.041721558191434104,0.055505767464637756,0.0,0.0,0.5,0.6499999761581421,0.6499999761581421,0.8500000238418579,0.8999999761581421,0.8999999761581421,0,SUCCESS,success,nominal,20260921,results/a2po_dual_panda_dynamic_vertical/formal/seed_20260921/checkpoint_best.pt
41000034,no_adaptive_impedance,1,360,2.88,0.037549987457933295,0.037416036027274224,0.03748301174260376,0.037416036027274224,0.0009534239159740171,0.000997734877786395,0.0009755793968802061,0.000997734877786395,0.4196096560233015,53.71406488733707,0.14920573579815852,8.95234414788951,0.0,6,0.03609738614177331,0.05547603964805603,0.0,0.0,0.5,0.6499999761581421,0.6499999761581421,0.8500000238418579,0.8999999761581421,0.8999999761581421,0,SUCCESS,success,nominal,20260921,results/a2po_dual_panda_dynamic_vertical/formal/seed_20260921/checkpoint_best.pt
41000035,no_adaptive_impedance,1,206,1.6480000000000001,0.061685423334501194,0.06163093738759809,0.06165818036104964,0.06163093738759809,0.0003203972092538943,0.0003331867298932692,0.0003267919695735818,0.0003331867298932692,0.8354863507016382,0.0,0.0,0.0,0.0,5,0.04189435531638418,0.055120598524808884,0.0,0.0,0.5,0.6499999761581421,0.6499999761581421,0.8500000238418579,0.8999999761581421,0.8999999761581421,0,SUCCESS,success,nominal,20260921,results/a2po_dual_panda_dynamic_vertical/formal/seed_20260921/checkpoint_best.pt
41000036,no_adaptive_impedance,1,386,3.088,0.04046437203063219,0.04036898993347601,0.0404166809820541,0.04036898993347601,0.0008485104113288136,0.0006566705204835123,0.000752590465906163,0.0008485104113288136,0.182497942813701,0.0,0.0,0.0,0.0,5,0.03540881146758872,0.05545375868678093,0.0,0.0,0.5,0.6499999761581421,0.6499999761581421,0.8500000238418579,0.8999999761581421,0.8999999761581421,0,SUCCESS,success,nominal,20260921,results/a2po_dual_panda_dynamic_vertical/formal/seed_20260921/checkpoint_best.pt
41000037,no_adaptive_impedance,1,205,1.6400000000000001,0.061842325388021924,0.06162496102659534,0.06173364320730863,0.06162496102659534,0.0008784433439761837,0.0008903811105814939,0.0008844122272788388,0.0008903811105814939,0.8625730128115621,0.0,0.0,0.0,0.0,6,0.04279914112398174,0.054792191833257675,0.0,0.0,0.5,0.6499999761581421,0.6499999761581421,0.8500000238418579,0.8999999761581421,0.8999999761581421,0,SUCCESS,success,nominal,20260921,results/a2po_dual_panda_dynamic_vertical/formal/seed_20260921/checkpoint_best.pt
41000038,no_adaptive_impedance,1,255,2.04,0.05748706893141592,0.057360958331252265,0.05742401363133409,0.057360958331252265,0.0005719756545400367,0.0006309364730227805,0.0006014560637814085,0.0006309364730227805,0.4614246678921501,51.4097897398366,0.2016070185875945,7.344255677119514,0.0,7,0.042547992386800404,0.05497679114341736,0.0,0.0,0.5,0.6499999761581421,0.6499999761581421,0.8500000238418579,0.8999999761581421,0.8999999761581421,0,SUCCESS,success,nominal,20260921,results/a2po_dual_panda_dynamic_vertical/formal/seed_20260921/checkpoint_best.pt
41000039,no_adaptive_impedance,1,382,3.056,0.03986949113191464,0.03969997668489837,0.039784733908406505,0.03969997668489837,0.0007720386560524782,0.0007961074919408898,0.000784073073996684,0.0007961074919408898,0.24417846794252518,46.819622399164984,0.12256445654231671,7.803270399860831,0.0,6,0.03523916465288798,0.05535205453634262,0.0,0.0,0.5,0.6499999761581421,0.6499999761581421,0.8500000238418579,0.8999999761581421,0.8999999761581421,0,SUCCESS,success,nominal,20260921,results/a2po_dual_panda_dynamic_vertical/formal/seed_20260921/checkpoint_best.pt
41000040,no_adaptive_impedance,1,390,3.12,0.04057884566189991,0.04043539216473796,0.040507118913318936,0.04043539216473796,0.0008074794309621404,0.0008436733726122904,0.0008255764017872154,0.0008436733726122904,0.20608562109970288,0.0,0.0,0.0,0.0,6,0.035406638954121335,0.055512502789497375,0.0,0.0,0.5,0.6499999761581421,0.6499999761581421,0.8500000238418579,0.8999999761581421,0.8999999761581421,0,SUCCESS,success,nominal,20260921,results/a2po_dual_panda_dynamic_vertical/formal/seed_20260921/checkpoint_best.pt
41000041,no_adaptive_impedance,1,324,2.592,0.03695681588142098,0.036670644776710254,0.03681373032906562,0.036670644776710254,0.0009438504869982497,0.0009138053956244848,0.0009288279413113673,0.0009438504869982497,0.6444861471364045,53.68617774441554,0.16569807945807266,7.669453963487934,0.0,7,0.03813771383238979,0.055608220398426056,0.0,0.0,0.5,0.6499999761581421,0.6499999761581421,0.8500000238418579,0.8999999761581421,0.8999999761581421,0,SUCCESS,success,nominal,20260921,results/a2po_dual_panda_dynamic_vertical/formal/seed_20260921/checkpoint_best.pt
41000042,no_adaptive_impedance,1,355,2.84,0.03750145090809942,0.0373896967697178,0.03744557383890861,0.0373896967697178,0.0009905777153407774,0.00099029469617044,0.0009904362057556087,0.0009905777153407774,0.4045270265485999,53.888962847708704,0.15179989534565833,7.698423263958387,0.0,7,0.03624554293125238,0.055292896926403046,0.0,0.0,0.5,0.6499999761581421,0.6499999761581421,0.8500000238418579,0.8999999761581421,0.8999999761581421,0,SUCCESS,success,nominal,20260921,results/a2po_dual_panda_dynamic_vertical/formal/seed_20260921/checkpoint_best.pt
41000043,no_adaptive_impedance,1,207,1.6560000000000001,0.06270721332051687,0.06266014930505451,0.06268368131278569,0.06266014930505451,0.0008847984765681366,0.0008582460691441775,0.0008715222728561571,0.0008847984765681366,0.885431674693881,0.0,0.0,0.0,0.0,5,0.04320623247618764,0.055583395063877106,0.0,0.0,0.5,0.6499999761581421,0.6499999761581421,0.8500000238418579,0.8999999761581421,0.8999999761581421,0,SUCCESS,success,nominal,20260921,results/a2po_dual_panda_dynamic_vertical/formal/seed_20260921/checkpoint_best.pt
41000044,no_adaptive_impedance,1,271,2.168,0.05168579563944371,0.05160160846423474,0.05164370205183923,0.05160160846423474,0.0005850112022769181,0.0007476572795714787,0.0006663342409241983,0.0007476572795714787,0.05651629983560882,0.0,0.0,0.0,0.0,6,0.041881990081173576,0.05556250363588333,0.0,0.0,0.5,0.6499999761581421,0.6499999761581421,0.8500000238418579,0.8999999761581421,0.8999999761581421,0,SUCCESS,success,nominal,20260921,results/a2po_dual_panda_dynamic_vertical/formal/seed_20260921/checkpoint_best.pt
41000045,no_adaptive_impedance,1,402,3.216,0.041409020809706265,0.041251607032636056,0.04133031392117116,0.041251607032636056,0.0008970856767301806,0.0009607453856186465,0.0009289155311744136,0.0009607453856186465,0.202441278298854,53.82087952681653,0.13388278489257843,8.970146587802756,0.0,6,0.03515745715738566,0.055676624178886414,0.0,0.0,0.5,0.6499999761581421,0.6499999761581421,0.8500000238418579,0.8999999761581421,0.8999999761581421,0,SUCCESS,success,nominal,20260921,results/a2po_dual_panda_dynamic_vertical/formal/seed_20260921/checkpoint_best.pt
41000046,no_adaptive_impedance,1,358,2.864,0.037475936354057895,0.037331341822926925,0.03740363908849241,0.037331341822926925,0.0009042006366566667,0.0009637242583892393,0.0009339624475229529,0.0009637242583892393,0.41978322505280025,0.0,0.0,0.0,0.0,5,0.03613562815609341,0.055349163711071014,0.0,0.0,0.5,0.6499999761581421,0.6499999761581421,0.8500000238418579,0.8999999761581421,0.8999999761581421,0,SUCCESS,success,nominal,20260921,results/a2po_dual_panda_dynamic_vertical/formal/seed_20260921/checkpoint_best.pt
41000047,no_adaptive_impedance,1,259,2.072,0.05530650571792728,0.055103598989364,0.05520505235364564,0.055103598989364,0.0003924088721826144,0.0001553828532930951,0.00027389586273785475,0.0003924088721826144,0.32600746734966535,18.93765737117818,0.07311836822848718,3.1562762285296966,0.0,6,0.04161629025036879,0.05521439015865326,0.0,0.0,0.5,0.6499999761581421,0.6499999761581421,0.8500000238418579,0.8999999761581421,0.8999999761581421,0,SUCCESS,success,nominal,20260921,results/a2po_dual_panda_dynamic_vertical/formal/seed_20260921/checkpoint_best.pt
41000048,no_adaptive_impedance,1,204,1.6320000000000001,0.06197187949905908,0.06182673616270258,0.06189930783088083,0.06182673616270258,0.0009968254887717397,0.0009988658093154426,0.0009978456490435912,0.0009988658093154426,0.8799587973470431,0.0,0.0,0.0,0.0,5,0.042908511944023855,0.05487615615129471,0.0,0.0,0.5,0.6499999761581421,0.6499999761581421,0.8500000238418579,0.8999999761581421,0.8999999761581421,0,SUCCESS,success,nominal,20260921,results/a2po_dual_panda_dynamic_vertical/formal/seed_20260921/checkpoint_best.pt
41000049,no_adaptive_impedance,1,274,2.192,0.05002824951329379,0.04999250105402936,0.050010375283661576,0.04999250105402936,0.0007149427665402586,0.0009236327568252217,0.0008192877616827401,0.0009236327568252217,0.07371466660491617,0.0,0.0,0.0,0.0,6,0.04176466256196536,0.055544164031744,0.0,0.0,0.5,0.6499999761581421,0.6499999761581421,0.8500000238418579,0.8999999761581421,0.8999999761581421,0,SUCCESS,success,nominal,20260921,results/a2po_dual_panda_dynamic_vertical/formal/seed_20260921/checkpoint_best.pt
41000050,no_adaptive_impedance,1,209,1.672,0.062302597519043476,0.06223787201954216,0.06227023476929282,0.06223787201954216,0.0002067217662896141,0.0004174882166263306,0.00031210499145797237,0.0004174882166263306,0.8294945516704892,0.0,0.0,0.0,0.0,5,0.04193800208760363,0.055473074316978455,0.0,0.0,0.5,0.6499999761581421,0.6499999761581421,0.8500000238418579,0.8999999761581421,0.8999999761581421,0,SUCCESS,success,nominal,20260921,results/a2po_dual_panda_dynamic_vertical/formal/seed_20260921/checkpoint_best.pt
41000051,no_adaptive_impedance,1,361,2.888,0.037778878784175324,0.03764311126063649,0.03771099502240591,0.03764311126063649,0.0009391414232810574,0.0009735681415197994,0.0009563547824004285,0.0009735681415197994,0.39318050055677073,0.0,0.0,0.0,0.0,5,0.035896969738563426,0.05535593256354332,0.0,0.0,0.5,0.6499999761581421,0.6499999761581421,0.8500000238418579,0.8999999761581421,0.8999999761581421,0,SUCCESS,success,nominal,20260921,results/a2po_dual_panda_dynamic_vertical/formal/seed_20260921/checkpoint_best.pt
41000052,no_adaptive_impedance,1,318,2.544,0.0372123543627359,0.03691188701202611,0.037062120687381,0.03691188701202611,0.0008053000533457374,0.0007800098035442952,0.0007926549284450163,0.0008053000533457374,0.6426996437907954,0.0,0.0,0.0,0.0,5,0.037926149632160865,0.05520161613821983,0.0,0.0,0.5,0.6499999761581421,0.6499999761581421,0.8500000238418579,0.8999999761581421,0.8999999761581421,0,SUCCESS,success,nominal,20260921,results/a2po_dual_panda_dynamic_vertical/formal/seed_20260921/checkpoint_best.pt
41000053,no_adaptive_impedance,1,316,2.528,0.03742217771216398,0.03712795084672607,0.037275064279445026,0.03712795084672607,0.000941492819607864,0.0009112519089062034,0.0009263723642570338,0.000941492819607864,0.6467229472346893,0.0,0.0,0.0,0.0,5,0.038157607673349074,0.05514995753765106,0.0,0.0,0.5,0.6499999761581421,0.6499999761581421,0.8500000238418579,0.8999999761581421,0.8999999761581421,0,SUCCESS,success,nominal,20260921,results/a2po_dual_panda_dynamic_vertical/formal/seed_20260921/checkpoint_best.pt
41000054,no_adaptive_impedance,1,315,2.52,0.03749321817149065,0.03721401569596103,0.03735361693372584,0.03721401569596103,0.0009728929543637401,0.0009306557070837358,0.000951774330723738,0.0009728929543637401,0.6296930956608175,0.0,0.0,0.0,0.0,5,0.037978061390597194,0.05492493137717247,0.0,0.0,0.5,0.6499999761581421,0.6499999761581421,0.8500000238418579,0.8999999761581421,0.8999999761581421,0,SUCCESS,success,nominal,20260921,results/a2po_dual_panda_dynamic_vertical/formal/seed_20260921/checkpoint_best.pt
41000055,no_adaptive_impedance,1,207,1.6560000000000001,0.06335121416749658,0.06318942681309055,0.06327032049029356,0.06318942681309055,0.0005989095686905736,0.0007706079205664147,0.0006847587446284942,0.0007706079205664147,0.9148674046230636,0.0,0.0,0.0,0.0,5,0.04237373948439164,0.05541680008172989,0.0,0.0,0.5,0.6499999761581421,0.6499999761581421,0.8500000238418579,0.8999999761581421,0.8999999761581421,0,SUCCESS,success,nominal,20260921,results/a2po_dual_panda_dynamic_vertical/formal/seed_20260921/checkpoint_best.pt
41000056,no_adaptive_impedance,1,326,2.608,0.03647346242227473,0.036169121507280605,0.036321291964777666,0.036169121507280605,0.0009676946638617395,0.0009616088785264669,0.0009646517711941032,0.0009676946638617395,0.6641500388276945,54.46395787094301,0.16706735543234053,7.780565410134716,0.0,7,0.03806885114179616,0.05565212294459343,0.0,0.0,0.5,0.6499999761581421,0.6499999761581421,0.8500000238418579,0.8999999761581421,0.8999999761581421,0,SUCCESS,success,nominal,20260921,results/a2po_dual_panda_dynamic_vertical/formal/seed_20260921/checkpoint_best.pt
41000057,no_adaptive_impedance,1,360,2.88,0.03761823776340367,0.03749294518021162,0.03755559147180765,0.03749294518021162,0.0009345827605215557,0.0009454070962642401,0.0009399949283928979,0.0009454070962642401,0.404416541338637,0.0,0.0,0.0,0.0,6,0.03599472890944323,0.05536076799035072,0.0,0.0,0.5,0.6499999761581421,0.6499999761581421,0.8500000238418579,0.8999999761581421,0.8999999761581421,0,SUCCESS,success,nominal,20260921,results/a2po_dual_panda_dynamic_vertical/formal/seed_20260921/checkpoint_best.pt
41000058,no_adaptive_impedance,1,204,1.6320000000000001,0.061886508092653836,0.06182690061443838,0.06185670435354611,0.06182690061443838,0.0001128703477396302,0.00030906366420035633,0.00021096700596999327,0.00030906366420035633,0.8613304463332921,0.0,0.0,0.0,0.0,5,0.041802708774019835,0.05472484976053238,0.0,0.0,0.5,0.6499999761581421,0.6499999761581421,0.8500000238418579,0.8999999761581421,0.8999999761581421,0,SUCCESS,success,nominal,20260921,results/a2po_dual_panda_dynamic_vertical/formal/seed_20260921/checkpoint_best.pt
41000059,no_adaptive_impedance,1,271,2.168,0.05105506248944941,0.050965390001729685,0.05101022624558955,0.050965390001729685,0.0005845816804054996,0.0007261734017693257,0.0006553775410874127,0.0007261734017693257,0.053560390862500445,0.0,0.0,0.0,0.0,5,0.0417213605311304,0.05552900210022926,0.0,0.0,0.5,0.6499999761581421,0.6499999761581421,0.8500000238418579,0.8999999761581421,0.8999999761581421,0,SUCCESS,success,nominal,20260921,results/a2po_dual_panda_dynamic_vertical/formal/seed_20260921/checkpoint_best.pt
41000060,no_adaptive_impedance,1,384,3.072,0.04005468348383068,0.03987642076240558,0.03996555212311813,0.03987642076240558,0.0007732884547131615,0.0008604866200243165,0.000816887537368739,0.0008604866200243165,0.2429214030666672,0.0,0.0,0.0,0.0,6,0.0353939320993959,0.05544295161962509,0.0,0.0,0.5,0.6499999761581421,0.6499999761581421,0.8500000238418579,0.8999999761581421,0.8999999761581421,0,SUCCESS,success,nominal,20260921,results/a2po_dual_panda_dynamic_vertical/formal/seed_20260921/checkpoint_best.pt
41000061,no_adaptive_impedance,1,389,3.112,0.04083908553400423,0.040710811303158484,0.040774948418581355,0.040710811303158484,0.0007537981655857708,0.0007992421013978291,0.0007765201334917999,0.0007992421013978291,0.14981959636287556,0.0,0.0,0.0,0.0,5,0.03531264525222901,0.055187761783599854,0.0,0.0,0.5,0.6499999761581421,0.6499999761581421,0.8500000238418579,0.8999999761581421,0.8999999761581421,0,SUCCESS,success,nominal,20260921,results/a2po_dual_panda_dynamic_vertical/formal/seed_20260921/checkpoint_best.pt
41000062,no_adaptive_impedance,1,206,1.6480000000000001,0.06206409287949516,0.061875592191490705,0.06196984253549293,0.061875592191490705,0.0009244981540366986,0.0009147943659487856,0.000919646259992742,0.0009244981540366986,0.8550098537666154,0.0,0.0,0.0,0.0,6,0.04267275077290833,0.054938141256570816,0.0,0.0,0.5,0.6499999761581421,0.6499999761581421,0.8500000238418579,0.8999999761581421,0.8999999761581421,0,SUCCESS,success,nominal,20260921,results/a2po_dual_panda_dynamic_vertical/formal/seed_20260921/checkpoint_best.pt
41000063,no_adaptive_impedance,1,243,1.944,0.06310465649106069,0.06272424651964434,0.06291445150535252,0.06272424651964434,0.0008921386118119213,0.0008669959126740781,0.0008795672622429997,0.0008921386118119213,0.7109117816631148,52.36499512586494,0.21549380710232485,7.480713589409277,0.0,7,0.042861071443990054,0.05515141785144806,0.0,0.0,0.5,0.6499999761581421,0.6499999761581421,0.8500000238418579,0.8999999761581421,0.8999999761581421,0,SUCCESS,success,nominal,20260921,results/a2po_dual_panda_dynamic_vertical/formal/seed_20260921/checkpoint_best.pt
41000064,no_adaptive_impedance,1,205,1.6400000000000001,0.06199595187384711,0.06189392213967029,0.0619449370067587,0.06189392213967029,0.00032966082827429427,0.0003419609593241887,0.0003358108937992415,0.0003419609593241887,0.884524822427382,0.0,0.0,0.0,0.0,6,0.042296462962631044,0.05511346086859703,0.0,0.0,0.5,0.6499999761581421,0.6499999761581421,0.8500000238418579,0.8999999761581421,0.8999999761581421,0,SUCCESS,success,nominal,20260921,results/a2po_dual_panda_dynamic_vertical/formal/seed_20260921/checkpoint_best.pt
41000065,no_adaptive_impedance,1,262,2.096,0.055399234421211474,0.05520887279980197,0.05530405361050672,0.05520887279980197,0.0005446728968929862,0.0002917729884484333,0.0004182229426707097,0.0005446728968929862,0.2085873032356736,9.1977369176764,0.03510586609800152,1.3139624168109143,0.0,7,0.041562476732149606,0.05557246133685112,0.0,0.0,0.5,0.6499999761581421,0.6499999761581421,0.8500000238418579,0.8999999761581421,0.8999999761581421,0,SUCCESS,success,nominal,20260921,results/a2po_dual_panda_dynamic_vertical/formal/seed_20260921/checkpoint_best.pt
41000066,no_adaptive_impedance,1,323,2.584,0.03700951958583079,0.0367980163873302,0.036903767986580495,0.0367980163873302,0.000878443150683979,0.0006725376039437368,0.0007754903773138579,0.000878443150683979,0.6143560558342672,0.0,0.0,0.0,0.0,6,0.0378678596460321,0.05539160594344139,0.0,0.0,0.5,0.6499999761581421,0.6499999761581421,0.8500000238418579,0.8999999761581421,0.8999999761581421,0,SUCCESS,success,nominal,20260921,results/a2po_dual_panda_dynamic_vertical/formal/seed_20260921/checkpoint_best.pt
41000067,no_adaptive_impedance,1,363,2.904,0.03782348715313752,0.03770964136945065,0.037766564261294086,0.03770964136945065,0.000946138541454078,0.0009252779902802162,0.000935708265867147,0.000946138541454078,0.3963607150024339,0.0,0.0,0.0,0.0,5,0.03587885448945168,0.05544601008296013,0.0,0.0,0.5,0.6499999761581421,0.6499999761581421,0.8500000238418579,0.8999999761581421,0.8999999761581421,0,SUCCESS,success,nominal,20260921,results/a2po_dual_panda_dynamic_vertical/formal/seed_20260921/checkpoint_best.pt
41000068,no_adaptive_impedance,1,205,1.6400000000000001,0.06269119903657282,0.06259010435065429,0.06264065169361355,0.06259010435065429,0.00048321732681150064,0.000621224832132336,0.0005522210794719183,0.000621224832132336,0.8994245811722009,0.0,0.0,0.0,0.0,5,0.04209966165717782,0.05507700517773628,0.0,0.0,0.5,0.6499999761581421,0.6499999761581421,0.8500000238418579,0.8999999761581421,0.8999999761581421,0,SUCCESS,success,nominal,20260921,results/a2po_dual_panda_dynamic_vertical/formal/seed_20260921/checkpoint_best.pt
41000069,no_adaptive_impedance,1,399,3.192,0.04129752543235085,0.041151007828317474,0.04122426663033416,0.041151007828317474,0.000884396705075209,0.0009508684918884533,0.0009176325984818312,0.0009508684918884533,0.1926400684293029,0.0,0.0,0.0,0.0,6,0.03512572071965513,0.05560532957315445,0.0,0.0,0.5,0.6499999761581421,0.6499999761581421,0.8500000238418579,0.8999999761581421,0.8999999761581421,0,SUCCESS,success,nominal,20260921,results/a2po_dual_panda_dynamic_vertical/formal/seed_20260921/checkpoint_best.pt
41000070,no_adaptive_impedance,1,271,2.168,0.05157210052257519,0.05143527004933374,0.05150368528595446,0.05143527004933374,0.0006330820796128086,0.0009940029768035568,0.0008135425282081827,0.0009940029768035568,0.07395271487666831,47.81318024511867,0.17643239942848218,6.830454320731239,0.0,7,0.04163485508226546,0.05540832504630089,0.0,0.0,0.5,0.6499999761581421,0.6499999761581421,0.8500000238418579,0.8999999761581421,0.8999999761581421,0,SUCCESS,success,nominal,20260921,results/a2po_dual_panda_dynamic_vertical/formal/seed_20260921/checkpoint_best.pt
41000071,no_adaptive_impedance,1,319,2.552,0.03721470789067338,0.0369403252163604,0.03707751655351689,0.0369403252163604,0.0009008909480623026,0.000828094086462064,0.0008644925172621833,0.0009008909480623026,0.6240454644140538,0.0,0.0,0.0,0.0,6,0.037905780950321766,0.05515335127711296,0.0,0.0,0.5,0.6499999761581421,0.6499999761581421,0.8500000238418579,0.8999999761581421,0.8999999761581421,0,SUCCESS,success,nominal,20260921,results/a2po_dual_panda_dynamic_vertical/formal/seed_20260921/checkpoint_best.pt
41000072,no_adaptive_impedance,1,325,2.6,0.0365762574674523,0.03632241959598728,0.03644933853171979,0.03632241959598728,0.0009808028772808899,0.0008995106556700449,0.0009401567664754674,0.0009808028772808899,0.6437493207084615,0.0,0.0,0.0,0.0,5,0.03789468929887964,0.05557835474610329,0.0,0.0,0.5,0.6499999761581421,0.6499999761581421,0.8500000238418579,0.8999999761581421,0.8999999761581421,0,SUCCESS,success,nominal,20260921,results/a2po_dual_panda_dynamic_vertical/formal/seed_20260921/checkpoint_best.pt
41000073,no_adaptive_impedance,1,319,2.552,0.036778412913552674,0.03648170456480063,0.03663005873917665,0.03648170456480063,0.0009732746225088843,0.0009459848055383829,0.0009596297140236337,0.0009732746225088843,0.6779975862278834,49.19311854392227,0.15421040295900398,8.198853090653712,0.0,6,0.037860710944595005,0.055162739008665085,0.0,0.0,0.5,0.6499999761581421,0.6499999761581421,0.8500000238418579,0.8999999761581421,0.8999999761581421,0,SUCCESS,success,nominal,20260921,results/a2po_dual_panda_dynamic_vertical/formal/seed_20260921/checkpoint_best.pt
41000074,no_adaptive_impedance,1,405,3.24,0.04169650944880374,0.04151924700331644,0.04160787822606009,0.04151924700331644,0.0008382706639149348,0.0009376570150889273,0.000887963839501931,0.0009376570150889273,0.19042462263582802,0.0,0.0,0.0,0.0,5,0.0348495423115422,0.055549256503582,0.0,0.0,0.5,0.6499999761581421,0.6499999761581421,0.8500000238418579,0.8999999761581421,0.8999999761581421,0,SUCCESS,success,nominal,20260921,results/a2po_dual_panda_dynamic_vertical/formal/seed_20260921/checkpoint_best.pt
41000075,no_adaptive_impedance,1,318,2.544,0.03675558826725295,0.03646383430725478,0.03660971128725386,0.03646383430725478,0.0009327388358470463,0.0008449302421819845,0.0008888345390145153,0.0009327388358470463,0.6803303981226321,0.0,0.0,0.0,0.0,5,0.0380798223832587,0.055215153843164444,0.0,0.0,0.5,0.6499999761581421,0.6499999761581421,0.8500000238418579,0.8999999761581421,0.8999999761581421,0,SUCCESS,success,nominal,20260921,results/a2po_dual_panda_dynamic_vertical/formal/seed_20260921/checkpoint_best.pt
41000076,no_adaptive_impedance,1,254,2.032,0.05875178912044031,0.058455114829394736,0.05860345197491752,0.058455114829394736,0.0005432885539587904,0.0005562587282441684,0.0005497736411014793,0.0005562587282441684,0.41639374409628793,0.0,0.0,0.0,0.0,6,0.04214992337882167,0.055208854377269745,0.0,0.0,0.5,0.6499999761581421,0.6499999761581421,0.8500000238418579,0.8999999761581421,0.8999999761581421,0,SUCCESS,success,nominal,20260921,results/a2po_dual_panda_dynamic_vertical/formal/seed_20260921/checkpoint_best.pt
41000077,no_adaptive_impedance,1,356,2.848,0.03764990466472748,0.03749076202577625,0.037570333345251866,0.03749076202577625,0.0008531598826986997,0.0009165630221861063,0.000884861452442403,0.0009165630221861063,0.3939615947428262,52.344997928378696,0.1470365110347716,7.4778568469112425,0.0,7,0.036079815681762155,0.05514732003211975,0.0,0.0,0.5,0.6499999761581421,0.6499999761581421,0.8500000238418579,0.8999999761581421,0.8999999761581421,0,SUCCESS,success,nominal,20260921,results/a2po_dual_panda_dynamic_vertical/formal/seed_20260921/checkpoint_best.pt
41000078,no_adaptive_impedance,1,319,2.552,0.037326951394929295,0.037076179787836144,0.03720156559138272,0.037076179787836144,0.0009287809211103449,0.0008372564939331706,0.0008830187075217577,0.0009287809211103449,0.6188899884719741,0.0,0.0,0.0,0.0,6,0.03781910730835319,0.05505797639489174,0.0,0.0,0.5,0.6499999761581421,0.6499999761581421,0.8500000238418579,0.8999999761581421,0.8999999761581421,0,SUCCESS,success,nominal,20260921,results/a2po_dual_panda_dynamic_vertical/formal/seed_20260921/checkpoint_best.pt
41000079,no_adaptive_impedance,1,360,2.88,0.03751893344964621,0.03740857293150694,0.03746375319057658,0.03740857293150694,0.0009712209891971432,0.000978052094218938,0.0009746365417080407,0.000978052094218938,0.4179206216250855,0.0,0.0,0.0,0.0,6,0.036053500479708116,0.055455151945352554,0.0,0.0,0.5,0.6499999761581421,0.6499999761581421,0.8500000238418579,0.8999999761581421,0.8999999761581421,0,SUCCESS,success,nominal,20260921,results/a2po_dual_panda_dynamic_vertical/formal/seed_20260921/checkpoint_best.pt
41000080,no_adaptive_impedance,1,311,2.488,0.03753433240065458,0.03728570673150347,0.03741001956607903,0.03728570673150347,0.0007901644561767678,0.0008685269951260363,0.000829345725651402,0.0008685269951260363,0.678332292233619,0.0,0.0,0.0,0.0,5,0.038145338728652604,0.05544986575841904,0.0,0.0,0.5,0.6499999761581421,0.6499999761581421,0.8500000238418579,0.8999999761581421,0.8999999761581421,0,SUCCESS,success,nominal,20260921,results/a2po_dual_panda_dynamic_vertical/formal/seed_20260921/checkpoint_best.pt
41000081,no_adaptive_impedance,1,270,2.16,0.05030600228137297,0.050261370960936524,0.05028368662115475,0.050261370960936524,0.000658280205916416,0.0008273377965267726,0.0007428090012215943,0.0008273377965267726,0.02268571510180259,0.0,0.0,0.0,0.0,5,0.0416997740217657,0.05502717196941376,0.0,0.0,0.5,0.6499999761581421,0.6499999761581421,0.8500000238418579,0.8999999761581421,0.8999999761581421,0,SUCCESS,success,nominal,20260921,results/a2po_dual_panda_dynamic_vertical/formal/seed_20260921/checkpoint_best.pt
41000082,no_adaptive_impedance,1,208,1.6640000000000001,0.06301846578213677,0.06292542966829502,0.06297194772521589,0.06292542966829502,0.0009028488371906973,0.0007862801653087328,0.000844564501249715,0.0009028488371906973,0.8926264134065953,51.71031724226577,0.24860729443397006,7.387188177466539,0.0,7,0.04288379473683353,0.055492281913757324,0.0,0.0,0.5,0.6499999761581421,0.6499999761581421,0.8500000238418579,0.8999999761581421,0.8999999761581421,0,SUCCESS,success,nominal,20260921,results/a2po_dual_panda_dynamic_vertical/formal/seed_20260921/checkpoint_best.pt
41000083,no_adaptive_impedance,1,207,1.6560000000000001,0.06342908719308116,0.06320660486615129,0.06331784602961622,0.06320660486615129,0.0007900403542287419,0.000967882859423999,0.0008789616068263704,0.000967882859423999,0.9263477090112961,0.0,0.0,0.0,0.0,5,0.04261420282944677,0.055565960705280304,0.0,0.0,0.5,0.6499999761581421,0.6499999761581421,0.8500000238418579,0.8999999761581421,0.8999999761581421,0,SUCCESS,success,nominal,20260921,results/a2po_dual_panda_dynamic_vertical/formal/seed_20260921/checkpoint_best.pt
41000084,no_adaptive_impedance,1,271,2.168,0.051731807149563214,0.05165063290655686,0.051691220028060036,0.05165063290655686,0.0006842883706391375,0.0007827652891049575,0.0007335268298720475,0.0007827652891049575,0.04339194315529399,53.570268610906794,0.19767626793692544,7.652895515843828,0.0,7,0.04187302742277124,0.05556410923600197,0.0,0.0,0.5,0.6499999761581421,0.6499999761581421,0.8500000238418579,0.8999999761581421,0.8999999761581421,0,SUCCESS,success,nominal,20260921,results/a2po_dual_panda_dynamic_vertical/formal/seed_20260921/checkpoint_best.pt
41000085,no_adaptive_impedance,1,207,1.6560000000000001,0.06322848797162423,0.06310049386815547,0.06316449091988985,0.06310049386815547,0.0006493404647589802,0.0007481080890005165,0.0006987242768797484,0.0007481080890005165,0.8842811355033083,0.0,0.0,0.0,0.0,5,0.04184384504558095,0.05528748035430908,0.0,0.0,0.5,0.6499999761581421,0.6499999761581421,0.8500000238418579,0.8999999761581421,0.8999999761581421,0,SUCCESS,success,nominal,20260921,results/a2po_dual_panda_dynamic_vertical/formal/seed_20260921/checkpoint_best.pt
41000086,no_adaptive_impedance,1,264,2.112,0.05418030238148325,0.05401338049693449,0.05409684143920887,0.05401338049693449,0.0003764261279521065,0.0004186218968511635,0.000397524012401635,0.0004186218968511635,0.17598769044350596,0.0,0.0,0.0,0.0,5,0.04181888006154843,0.055270589888095856,0.0,0.0,0.5,0.6499999761581421,0.6499999761581421,0.8500000238418579,0.8999999761581421,0.8999999761581421,0,SUCCESS,success,nominal,20260921,results/a2po_dual_panda_dynamic_vertical/formal/seed_20260921/checkpoint_best.pt
41000087,no_adaptive_impedance,1,205,1.6400000000000001,0.06266691374315232,0.06257600922796744,0.06262146148555989,0.06257600922796744,0.000647369921870338,0.0006265049836653531,0.0006369374527678455,0.000647369921870338,0.9054305614118352,0.0,0.0,0.0,0.0,5,0.043598294830540334,0.055294811725616455,0.0,0.0,0.5,0.6499999761581421,0.6499999761581421,0.8500000238418579,0.8999999761581421,0.8999999761581421,0,SUCCESS,success,nominal,20260921,results/a2po_dual_panda_dynamic_vertical/formal/seed_20260921/checkpoint_best.pt
41000088,no_adaptive_impedance,1,208,1.6640000000000001,0.061831829283468226,0.061695164695103735,0.06176349698928598,0.061695164695103735,0.0008444930296612691,0.0008262580857513973,0.0008353755577063331,0.0008444930296612691,0.8224629468836477,0.0,0.0,0.0,0.0,6,0.04268223580528194,0.055523887276649475,0.0,0.0,0.5,0.6499999761581421,0.6499999761581421,0.8500000238418579,0.8999999761581421,0.8999999761581421,0,SUCCESS,success,nominal,20260921,results/a2po_dual_panda_dynamic_vertical/formal/seed_20260921/checkpoint_best.pt
41000089,no_adaptive_impedance,1,355,2.84,0.0375613954473937,0.037387535472229644,0.03747446545981167,0.037387535472229644,0.0008427803880370436,0.0009679685260460962,0.0009053744570415699,0.0009679685260460962,0.4095812176472889,0.0,0.0,0.0,0.0,6,0.03633996379810949,0.055282335728406906,0.0,0.0,0.5,0.6499999761581421,0.6499999761581421,0.8500000238418579,0.8999999761581421,0.8999999761581421,0,SUCCESS,success,nominal,20260921,results/a2po_dual_panda_dynamic_vertical/formal/seed_20260921/checkpoint_best.pt
41000090,no_adaptive_impedance,1,271,2.168,0.05108105963151299,0.05095254122034629,0.05101680042592964,0.05095254122034629,0.0009145399215626851,0.0008773151166632457,0.0008959275191129654,0.0009145399215626851,0.06200386470968788,0.0,0.0,0.0,0.0,6,0.041308325734264406,0.05541485548019409,0.0,0.0,0.5,0.6499999761581421,0.6499999761581421,0.8500000238418579,0.8999999761581421,0.8999999761581421,0,SUCCESS,success,nominal,20260921,results/a2po_dual_panda_dynamic_vertical/formal/seed_20260921/checkpoint_best.pt
41000091,no_adaptive_impedance,1,262,2.096,0.054227167752858824,0.05413935706584744,0.05418326240935313,0.05413935706584744,0.00023377905016746536,0.00042938985455168535,0.00033158445235957536,0.00042938985455168535,0.2418150090784544,0.0,0.0,0.0,0.0,6,0.04210962289553278,0.054937027394771576,0.0,0.0,0.5,0.6499999761581421,0.6499999761581421,0.8500000238418579,0.8999999761581421,0.8999999761581421,0,SUCCESS,success,nominal,20260921,results/a2po_dual_panda_dynamic_vertical/formal/seed_20260921/checkpoint_best.pt
41000092,no_adaptive_impedance,1,204,1.6320000000000001,0.06235025768336652,0.062240762843762204,0.06229551026356436,0.062240762843762204,0.0008781288518020519,0.00083121292005836,0.000854670885930206,0.0008781288518020519,0.888033903333902,0.0,0.0,0.0,0.0,6,0.04266662618565355,0.05501006916165352,0.0,0.0,0.5,0.6499999761581421,0.6499999761581421,0.8500000238418579,0.8999999761581421,0.8999999761581421,0,SUCCESS,success,nominal,20260921,results/a2po_dual_panda_dynamic_vertical/formal/seed_20260921/checkpoint_best.pt
41000093,no_adaptive_impedance,1,259,2.072,0.05517746222304748,0.054895075801044496,0.05503626901204599,0.054895075801044496,0.000332947624994595,0.0001966677965399988,0.0002648077107672969,0.000332947624994595,0.31994332274873344,18.032019377504845,0.06962169643824265,3.005336562917474,0.0,6,0.04160454862438229,0.05517115071415901,0.0,0.0,0.5,0.6499999761581421,0.6499999761581421,0.8500000238418579,0.8999999761581421,0.8999999761581421,0,SUCCESS,success,nominal,20260921,results/a2po_dual_panda_dynamic_vertical/formal/seed_20260921/checkpoint_best.pt
41000094,no_adaptive_impedance,1,208,1.6640000000000001,0.06264325393617512,0.0625661436219404,0.06260469877905776,0.0625661436219404,0.0006937810905257306,0.0006938496605728364,0.0006938153755492835,0.0006938496605728364,0.892235248797978,0.0,0.0,0.0,0.0,6,0.042419259915522374,0.05549444630742073,0.0,0.0,0.5,0.6499999761581421,0.6499999761581421,0.8500000238418579,0.8999999761581421,0.8999999761581421,0,SUCCESS,success,nominal,20260921,results/a2po_dual_panda_dynamic_vertical/formal/seed_20260921/checkpoint_best.pt
41000095,no_adaptive_impedance,1,267,2.136,0.05209813117772846,0.051977095873134954,0.05203761352543171,0.051977095873134954,0.0007773853626914602,0.0007492710156073519,0.0007633281891494061,0.0007773853626914602,0.12912260017777855,0.0,0.0,0.0,0.0,6,0.041320556874146284,0.054886747151613235,0.0,0.0,0.5,0.6499999761581421,0.6499999761581421,0.8500000238418579,0.8999999761581421,0.8999999761581421,0,SUCCESS,success,nominal,20260921,results/a2po_dual_panda_dynamic_vertical/formal/seed_20260921/checkpoint_best.pt
41000096,no_adaptive_impedance,1,376,3.008,0.03970236413428732,0.039539444212851535,0.03962090417356943,0.039539444212851535,0.000583276543786476,0.0006617074873939244,0.0006224920155902002,0.0006617074873939244,0.22187000780242427,0.0,0.0,0.0,0.0,6,0.03544218530581194,0.05508973449468613,0.0,0.0,0.5,0.6499999761581421,0.6499999761581421,0.8500000238418579,0.8999999761581421,0.8999999761581421,0,SUCCESS,success,nominal,20260921,results/a2po_dual_panda_dynamic_vertical/formal/seed_20260921/checkpoint_best.pt
41000097,no_adaptive_impedance,1,318,2.544,0.03656058274524451,0.03628884412170752,0.036424713433476016,0.03628884412170752,0.000976806988125307,0.0008457408808570417,0.0009112739344911743,0.000976806988125307,0.6880055331504459,54.87756757270866,0.17257096720977566,7.8396525103869505,0.0,7,0.0382417317263126,0.05527894198894501,0.0,0.0,0.5,0.6499999761581421,0.6499999761581421,0.8500000238418579,0.8999999761581421,0.8999999761581421,0,SUCCESS,success,nominal,20260921,results/a2po_dual_panda_dynamic_vertical/formal/seed_20260921/checkpoint_best.pt
41000098,no_adaptive_impedance,1,258,2.064,0.05611823740874457,0.05581508599887346,0.05596666170380901,0.05581508599887346,0.00041347599498383063,0.0002667099311243422,0.0003400929630540864,0.00041347599498383063,0.3700984577510823,0.0,0.0,0.0,0.0,5,0.041412868500910985,0.05522005632519722,0.0,0.0,0.5,0.6499999761581421,0.6499999761581421,0.8500000238418579,0.8999999761581421,0.8999999761581421,0,SUCCESS,success,nominal,20260921,results/a2po_dual_panda_dynamic_vertical/formal/seed_20260921/checkpoint_best.pt
41000099,no_adaptive_impedance,1,250,2.0,0.0614487209957756,0.06106873990015457,0.061258730447965086,0.06106873990015457,0.0008213835352362531,0.0009556162812948604,0.0008884999082655568,0.0009556162812948604,0.44164874042362634,52.440024115294726,0.2097600964611789,10.488004823058946,0.0,5,0.04299330119229853,0.05555814132094383,0.0,0.0,0.5,0.6499999761581421,0.6499999761581421,0.8500000238418579,0.8999999761581421,0.8999999761581421,0,SUCCESS,success,nominal,20260921,results/a2po_dual_panda_dynamic_vertical/formal/seed_20260921/checkpoint_best.pt
41000100,no_adaptive_impedance,1,323,2.584,0.037120861858423004,0.036912038552089355,0.03701645020525618,0.036912038552089355,0.0008813004181346461,0.0006899504274590228,0.0007856254227968344,0.0008813004181346461,0.6123282889933785,52.633529849685246,0.16295210479778713,7.519075692812178,0.0,7,0.03790129017482739,0.05541465803980827,0.0,0.0,0.5,0.6499999761581421,0.6499999761581421,0.8500000238418579,0.8999999761581421,0.8999999761581421,0,SUCCESS,success,nominal,20260921,results/a2po_dual_panda_dynamic_vertical/formal/seed_20260921/checkpoint_best.pt
41000101,no_adaptive_impedance,1,251,2.008,0.06081674768652513,0.060399554144914935,0.060608150915720034,0.060399554144914935,0.0008815342487816987,0.0008684315884415444,0.0008749829186116215,0.0008815342487816987,0.4827810763149479,51.78304023435392,0.20630693320459728,7.3975771763362745,0.0,7,0.042313230554183644,0.055370669811964035,0.0,0.0,0.5,0.6499999761581421,0.6499999761581421,0.8500000238418579,0.8999999761581421,0.8999999761581421,0,SUCCESS,success,nominal,20260921,results/a2po_dual_panda_dynamic_vertical/formal/seed_20260921/checkpoint_best.pt
41000102,no_adaptive_impedance,1,355,2.84,0.03724218818257767,0.03704658149501243,0.03714438483879505,0.03704658149501243,0.0008094355136904883,0.0009125385445539611,0.0008609870291222247,0.0009125385445539611,0.4495051303606649,0.0,0.0,0.0,0.0,5,0.03608338440519194,0.05523281544446945,0.0,0.0,0.5,0.6499999761581421,0.6499999761581421,0.8500000238418579,0.8999999761581421,0.8999999761581421,0,SUCCESS,success,nominal,20260921,results/a2po_dual_panda_dynamic_vertical/formal/seed_20260921/checkpoint_best.pt
41000103,no_adaptive_impedance,1,272,2.176,0.050212988457263213,0.05018374196723535,0.05019836521224928,0.05018374196723535,0.0007266866770259319,0.0008923526000137439,0.0008095196385198379,0.0008923526000137439,0.028868166241253462,0.0,0.0,0.0,0.0,6,0.04185847786720842,0.05534952133893967,0.0,0.0,0.5,0.6499999761581421,0.6499999761581421,0.8500000238418579,0.8999999761581421,0.8999999761581421,0,SUCCESS,success,nominal,20260921,results/a2po_dual_panda_dynamic_vertical/formal/seed_20260921/checkpoint_best.pt
41000104,no_adaptive_impedance,1,361,2.888,0.03761771860281213,0.0374516901866421,0.037534704394727114,0.0374516901866421,0.0008332955374981997,0.0009082943538168743,0.0008707949456575369,0.0009082943538168743,0.4156623098428354,52.86549530623858,0.14644181525273844,8.810915884373097,0.0,6,0.036046770839871956,0.05540337413549423,0.0,0.0,0.5,0.6499999761581421,0.6499999761581421,0.8500000238418579,0.8999999761581421,0.8999999761581421,0,SUCCESS,success,nominal,20260921,results/a2po_dual_panda_dynamic_vertical/formal/seed_20260921/checkpoint_best.pt
41000105,no_adaptive_impedance,1,320,2.56,0.037042929448537085,0.03679033379020483,0.036916631619370956,0.03679033379020483,0.0009676852486053231,0.0008765530123237077,0.0009221191304645154,0.0009676852486053231,0.6322177583973376,0.0,0.0,0.0,0.0,6,0.037772708623379,0.055134471505880356,0.0,0.0,0.5,0.6499999761581421,0.6499999761581421,0.8500000238418579,0.8999999761581421,0.8999999761581421,0,SUCCESS,success,nominal,20260921,results/a2po_dual_panda_dynamic_vertical/formal/seed_20260921/checkpoint_best.pt
41000106,no_adaptive_impedance,1,386,3.088,0.040228425814452906,0.04006183246659978,0.04014512914052634,0.04006183246659978,0.0007835981297636922,0.0008806728123768784,0.0008321354710702853,0.0008806728123768784,0.2138228002490736,48.730769268353214,0.12624551623925703,6.961538466907602,0.0,7,0.035238908730456944,0.05539342015981674,0.0,0.0,0.5,0.6499999761581421,0.6499999761581421,0.8500000238418579,0.8999999761581421,0.8999999761581421,0,SUCCESS,success,nominal,20260921,results/a2po_dual_panda_dynamic_vertical/formal/seed_20260921/checkpoint_best.pt
41000107,no_adaptive_impedance,1,360,2.88,0.03748824589666008,0.03737185578865934,0.03743005084265971,0.03737185578865934,0.000972440709742863,0.0009858623126285913,0.0009791515111857271,0.0009858623126285913,0.4237587206237976,0.0,0.0,0.0,0.0,6,0.03613507982032994,0.05550701916217804,0.0,0.0,0.5,0.6499999761581421,0.6499999761581421,0.8500000238418579,0.8999999761581421,0.8999999761581421,0,SUCCESS,success,nominal,20260921,results/a2po_dual_panda_dynamic_vertical/formal/seed_20260921/checkpoint_best.pt
41000108,no_adaptive_impedance,1,397,3.176,0.04098739467388239,0.04083371800986235,0.04091055634187237,0.04083371800986235,0.0008927747175466093,0.0009289378001939089,0.000910856258870259,0.0009289378001939089,0.21061153436613458,0.0,0.0,0.0,0.0,6,0.0350994372714583,0.05567152425646782,0.0,0.0,0.5,0.6499999761581421,0.6499999761581421,0.8500000238418579,0.8999999761581421,0.8999999761581421,0,SUCCESS,success,nominal,20260921,results/a2po_dual_panda_dynamic_vertical/formal/seed_20260921/checkpoint_best.pt
41000109,no_adaptive_impedance,1,354,2.832,0.037349823066006385,0.03723758088723805,0.03729370197662222,0.03723758088723805,0.000974112299054014,0.0009408549942138022,0.0009574836466339082,0.000974112299054014,0.4253544147469584,53.20548311978493,0.1502979749146467,7.600783302826419,0.0,7,0.03626869900788754,0.05531327426433563,0.0,0.0,0.5,0.6499999761581421,0.6499999761581421,0.8500000238418579,0.8999999761581421,0.8999999761581421,0,SUCCESS,success,nominal,20260921,results/a2po_dual_panda_dynamic_vertical/formal/seed_20260921/checkpoint_best.pt
41000110,no_adaptive_impedance,1,320,2.56,0.036536994166964834,0.03621875683841029,0.03637787550268756,0.03621875683841029,0.0009316984659007291,0.0008831885785460438,0.0009074435222233865,0.0009316984659007291,0.6907540749700791,55.60735620804124,0.17377298815012887,9.267892701340207,0.0,6,0.038409984689496926,0.055372513830661774,0.0,0.0,0.5,0.6499999761581421,0.6499999761581421,0.8500000238418579,0.8999999761581421,0.8999999761581421,0,SUCCESS,success,nominal,20260921,results/a2po_dual_panda_dynamic_vertical/formal/seed_20260921/checkpoint_best.pt
41000111,no_adaptive_impedance,1,324,2.592,0.03698003722218968,0.036676795393887865,0.03682841630803877,0.036676795393887865,0.000864879695769412,0.0008539774903999433,0.0008594285930846777,0.000864879695769412,0.6449752102653279,0.0,0.0,0.0,0.0,6,0.03812908151267487,0.055537931621074677,0.0,0.0,0.5,0.6499999761581421,0.6499999761581421,0.8500000238418579,0.8999999761581421,0.8999999761581421,0,SUCCESS,success,nominal,20260921,results/a2po_dual_panda_dynamic_vertical/formal/seed_20260921/checkpoint_best.pt
41000112,no_adaptive_impedance,1,265,2.12,0.05382113606773678,0.05363492668629097,0.053728031377013874,0.05363492668629097,0.00046826095225381955,0.0005115702175363247,0.0004899155848950721,0.0005115702175363247,0.1391413234567871,0.0,0.0,0.0,0.0,6,0.04169497871947176,0.0554167702794075,0.0,0.0,0.5,0.6499999761581421,0.6499999761581421,0.8500000238418579,0.8999999761581421,0.8999999761581421,0,SUCCESS,success,nominal,20260921,results/a2po_dual_panda_dynamic_vertical/formal/seed_20260921/checkpoint_best.pt
41000113,no_adaptive_impedance,1,316,2.528,0.03704841046337619,0.0367584694882615,0.036903439975818846,0.0367584694882615,0.000967317829671926,0.000915912339249438,0.000941615084460682,0.000967317829671926,0.660105571390575,0.0,0.0,0.0,0.0,5,0.03800488287683199,0.05514076352119446,0.0,0.0,0.5,0.6499999761581421,0.6499999761581421,0.8500000238418579,0.8999999761581421,0.8999999761581421,0,SUCCESS,success,nominal,20260921,results/a2po_dual_panda_dynamic_vertical/formal/seed_20260921/checkpoint_best.pt
41000114,no_adaptive_impedance,1,357,2.856,0.03774782497318088,0.03758899932717924,0.03766841215018006,0.03758899932717924,0.0008590183286194442,0.0009295081877701969,0.0008942632581948205,0.0009295081877701969,0.3858588097259265,0.0,0.0,0.0,0.0,6,0.03604560517327709,0.055174410343170166,0.0,0.0,0.5,0.6499999761581421,0.6499999761581421,0.8500000238418579,0.8999999761581421,0.8999999761581421,0,SUCCESS,success,nominal,20260921,results/a2po_dual_panda_dynamic_vertical/formal/seed_20260921/checkpoint_best.pt
41000115,no_adaptive_impedance,1,245,1.96,0.06267156021147521,0.0623292624307239,0.06250041132109956,0.0623292624307239,0.0009091783574600707,0.000917014951344317,0.0009130966544021939,0.000917014951344317,0.6273599401129543,0.0,0.0,0.0,0.0,6,0.04277453888587806,0.05525963380932808,0.0,0.0,0.5,0.6499999761581421,0.6499999761581421,0.8500000238418579,0.8999999761581421,0.8999999761581421,0,SUCCESS,success,nominal,20260921,results/a2po_dual_panda_dynamic_vertical/formal/seed_20260921/checkpoint_best.pt
41000116,no_adaptive_impedance,1,261,2.088,0.05509950163260663,0.05488516517122449,0.05499233340191556,0.05488516517122449,0.0002349173816505765,0.00022993639543667568,0.0002324268885436261,0.0002349173816505765,0.31644833485909263,0.0,0.0,0.0,0.0,6,0.041667246950212226,0.05499647185206413,0.0,0.0,0.5,0.6499999761581421,0.6499999761581421,0.8500000238418579,0.8999999761581421,0.8999999761581421,0,SUCCESS,success,nominal,20260921,results/a2po_dual_panda_dynamic_vertical/formal/seed_20260921/checkpoint_best.pt
41000117,no_adaptive_impedance,1,264,2.112,0.05457853849849559,0.05440711383878999,0.05449282616864279,0.05440711383878999,0.00020483404916167195,0.00030582474733366544,0.00025532939824766867,0.00030582474733366544,0.19083700901869602,0.0,0.0,0.0,0.0,5,0.04172243440530799,0.0553324893116951,0.0,0.0,0.5,0.6499999761581421,0.6499999761581421,0.8500000238418579,0.8999999761581421,0.8999999761581421,0,SUCCESS,success,nominal,20260921,results/a2po_dual_panda_dynamic_vertical/formal/seed_20260921/checkpoint_best.pt
41000118,no_adaptive_impedance,1,209,1.672,0.06254394409188829,0.06246988170764452,0.0625069128997664,0.06246988170764452,0.0002671984905426922,0.00048361090310626706,0.0003754046968244796,0.00048361090310626706,0.8499119045962096,53.50119484262439,0.2559865781943751,8.916865807104065,0.0,6,0.04231158658443242,0.05550268664956093,0.0,0.0,0.5,0.6499999761581421,0.6499999761581421,0.8500000238418579,0.8999999761581421,0.8999999761581421,0,SUCCESS,success,nominal,20260921,results/a2po_dual_panda_dynamic_vertical/formal/seed_20260921/checkpoint_best.pt
41000119,no_adaptive_impedance,1,205,1.6400000000000001,0.06284478230903581,0.0626814758138598,0.0627631290614478,0.0626814758138598,0.0006999213587908272,0.0008447716414139788,0.000772346500102403,0.0008447716414139788,0.9098198844033637,0.0,0.0,0.0,0.0,5,0.04234617960571153,0.05514037609100342,0.0,0.0,0.5,0.6499999761581421,0.6499999761581421,0.8500000238418579,0.8999999761581421,0.8999999761581421,0,SUCCESS,success,nominal,20260921,results/a2po_dual_panda_dynamic_vertical/formal/seed_20260921/checkpoint_best.pt
41000120,no_adaptive_impedance,1,323,2.584,0.036836945991086376,0.036575454256740914,0.036706200123913645,0.036575454256740914,0.0009853019028290156,0.0009168507985061121,0.0009510763506675639,0.0009853019028290156,0.6391400644260888,53.14233261415451,0.16452734555465792,8.857055435692418,0.0,6,0.03788056764203836,0.0554400198161602,0.0,0.0,0.5,0.6499999761581421,0.6499999761581421,0.8500000238418579,0.8999999761581421,0.8999999761581421,0,SUCCESS,success,nominal,20260921,results/a2po_dual_panda_dynamic_vertical/formal/seed_20260921/checkpoint_best.pt
41000121,no_adaptive_impedance,1,208,1.6640000000000001,0.06311770991815722,0.06295578729926483,0.06303674860871103,0.06295578729926483,0.0008683579191232988,0.0009797652350637953,0.0009240615770935471,0.0009797652350637953,0.8961703813630624,53.01668554853768,0.25488791129104654,7.573812221219669,0.0,7,0.04200413319407604,0.05538230016827583,0.0,0.0,0.5,0.6499999761581421,0.6499999761581421,0.8500000238418579,0.8999999761581421,0.8999999761581421,0,SUCCESS,success,nominal,20260921,results/a2po_dual_panda_dynamic_vertical/formal/seed_20260921/checkpoint_best.pt
41000122,no_adaptive_impedance,1,360,2.88,0.03751518601929134,0.037366869909808864,0.0374410279645501,0.037366869909808864,0.0008850592889017362,0.0009685926068291788,0.0009268259478654575,0.0009685926068291788,0.42384685286928403,0.0,0.0,0.0,0.0,5,0.03615151895856899,0.05545788258314133,0.0,0.0,0.5,0.6499999761581421,0.6499999761581421,0.8500000238418579,0.8999999761581421,0.8999999761581421,0,SUCCESS,success,nominal,20260921,results/a2po_dual_panda_dynamic_vertical/formal/seed_20260921/checkpoint_best.pt
41000123,no_adaptive_impedance,1,383,3.064,0.040200197111001645,0.040112543854666435,0.04015637048283404,0.040112543854666435,0.0007622235903584537,0.0005522725913021673,0.0006572480908303105,0.0007622235903584537,0.1914823241200239,0.0,0.0,0.0,0.0,5,0.03544494277717395,0.05538872629404068,0.0,0.0,0.5,0.6499999761581421,0.6499999761581421,0.8500000238418579,0.8999999761581421,0.8999999761581421,0,SUCCESS,success,nominal,20260921,results/a2po_dual_panda_dynamic_vertical/formal/seed_20260921/checkpoint_best.pt
41000124,no_adaptive_impedance,1,206,1.6480000000000001,0.06327159759008144,0.06309156256921972,0.06318158007965058,0.06309156256921972,0.0008181566511070972,0.0009563644836088546,0.0008872605673579759,0.0009563644836088546,0.9261730633388621,0.0,0.0,0.0,0.0,6,0.04212455531057802,0.05522685870528221,0.0,0.0,0.5,0.6499999761581421,0.6499999761581421,0.8500000238418579,0.8999999761581421,0.8999999761581421,0,SUCCESS,success,nominal,20260921,results/a2po_dual_panda_dynamic_vertical/formal/seed_20260921/checkpoint_best.pt
41000125,no_adaptive_impedance,1,268,2.144,0.05226073732205774,0.05219069328521406,0.0522257153036359,0.05219069328521406,0.0007822500593595168,0.0007743639059842759,0.0007783069826718964,0.0007822500593595168,0.09933067602223215,0.0,0.0,0.0,0.0,5,0.041910415035741985,0.05529981106519699,0.0,0.0,0.5,0.6499999761581421,0.6499999761581421,0.8500000238418579,0.8999999761581421,0.8999999761581421,0,SUCCESS,success,nominal,20260921,results/a2po_dual_panda_dynamic_vertical/formal/seed_20260921/checkpoint_best.pt
41000126,no_adaptive_impedance,1,208,1.6640000000000001,0.06149820093407085,0.06149785688387116,0.061498028908971006,0.06149785688387116,0.0005053353821176404,0.0004979421283042033,0.0005016387552109218,0.0005053353821176404,0.8102568487678019,0.0,0.0,0.0,0.0,6,0.04198991204835833,0.05537508428096771,0.0,0.0,0.5,0.6499999761581421,0.6499999761581421,0.8500000238418579,0.8999999761581421,0.8999999761581421,0,SUCCESS,success,nominal,20260921,results/a2po_dual_panda_dynamic_vertical/formal/seed_20260921/checkpoint_best.pt
41000127,no_adaptive_impedance,1,396,3.168,0.04090792869585751,0.040747658739815326,0.040827793717836416,0.040747658739815326,0.000874369314214842,0.0009139340082210532,0.0008941516612179476,0.0009139340082210532,0.21581684734033096,0.0,0.0,0.0,0.0,5,0.03518763851289722,0.05565071851015091,0.0,0.0,0.5,0.6499999761581421,0.6499999761581421,0.8500000238418579,0.8999999761581421,0.8999999761581421,0,SUCCESS,success,nominal,20260921,results/a2po_dual_panda_dynamic_vertical/formal/seed_20260921/checkpoint_best.pt
41000128,no_adaptive_impedance,1,355,2.84,0.03754889709579615,0.03738543074720399,0.03746716392150007,0.03738543074720399,0.0008429078938476395,0.0009209283139700672,0.0008819181039088533,0.0009209283139700672,0.40562125107097696,0.0,0.0,0.0,0.0,6,0.03616381944091597,0.055176202207803726,0.0,0.0,0.5,0.6499999761581421,0.6499999761581421,0.8500000238418579,0.8999999761581421,0.8999999761581421,0,SUCCESS,success,nominal,20260921,results/a2po_dual_panda_dynamic_vertical/formal/seed_20260921/checkpoint_best.pt
41000129,no_adaptive_impedance,1,271,2.168,0.051234680230540564,0.05120600325798401,0.051220341744262286,0.05120600325798401,0.0004862742942041365,0.0007176089592080261,0.0006019416267060813,0.0007176089592080261,0.021654432845643768,0.0,0.0,0.0,0.0,5,0.042194426831242894,0.055556826293468475,0.0,0.0,0.5,0.6499999761581421,0.6499999761581421,0.8500000238418579,0.8999999761581421,0.8999999761581421,0,SUCCESS,success,nominal,20260921,results/a2po_dual_panda_dynamic_vertical/formal/seed_20260921/checkpoint_best.pt
41000130,no_adaptive_impedance,1,273,2.184,0.05018271981331823,0.0501023089212366,0.050142514367277416,0.0501023089212366,0.0008562008942347101,0.000939856731579899,0.0008980288129073046,0.000939856731579899,0.08946127180115973,0.0,0.0,0.0,0.0,5,0.041502605412401014,0.055455610156059265,0.0,0.0,0.5,0.6499999761581421,0.6499999761581421,0.8500000238418579,0.8999999761581421,0.8999999761581421,0,SUCCESS,success,nominal,20260921,results/a2po_dual_panda_dynamic_vertical/formal/seed_20260921/checkpoint_best.pt
41000131,no_adaptive_impedance,1,365,2.92,0.03793828584496792,0.03775519174172243,0.03784673879334517,0.03775519174172243,0.0008179275329410208,0.0009170922358832962,0.0008675098844121586,0.0009170922358832962,0.39996039091373,0.0,0.0,0.0,0.0,5,0.035726139855201115,0.05546114221215248,0.0,0.0,0.5,0.6499999761581421,0.6499999761581421,0.8500000238418579,0.8999999761581421,0.8999999761581421,0,SUCCESS,success,nominal,20260921,results/a2po_dual_panda_dynamic_vertical/formal/seed_20260921/checkpoint_best.pt
41000132,no_adaptive_impedance,1,253,2.024,0.059941784768180226,0.0596196998106729,0.059780742289426564,0.0596196998106729,0.0008464873089289054,0.0009175701915573526,0.000882028750243129,0.0009175701915573526,0.42634659603251274,0.0,0.0,0.0,0.0,5,0.0425889005501692,0.05547661706805229,0.0,0.0,0.5,0.6499999761581421,0.6499999761581421,0.8500000238418579,0.8999999761581421,0.8999999761581421,0,SUCCESS,success,nominal,20260921,results/a2po_dual_panda_dynamic_vertical/formal/seed_20260921/checkpoint_best.pt
41000133,no_adaptive_impedance,1,263,2.104,0.05321452361884019,0.05317715096550055,0.05319583729217037,0.05317715096550055,0.00016841018231130418,0.00044883175867026177,0.00030862097049078296,0.00044883175867026177,0.21514749309628262,0.0,0.0,0.0,0.0,6,0.042199995775951404,0.054782480001449585,0.0,0.0,0.5,0.6499999761581421,0.6499999761581421,0.8500000238418579,0.8999999761581421,0.8999999761581421,0,SUCCESS,success,nominal,20260921,results/a2po_dual_panda_dynamic_vertical/formal/seed_20260921/checkpoint_best.pt
41000134,no_adaptive_impedance,1,266,2.128,0.053380308252243464,0.0532755409941993,0.05332792462322138,0.0532755409941993,0.00023921458501625215,0.0004372991025295501,0.00033825684377290115,0.0004372991025295501,0.14344802980759885,0.0,0.0,0.0,0.0,6,0.04188483156249823,0.05533381178975105,0.0,0.0,0.5,0.6499999761581421,0.6499999761581421,0.8500000238418579,0.8999999761581421,0.8999999761581421,0,SUCCESS,success,nominal,20260921,results/a2po_dual_panda_dynamic_vertical/formal/seed_20260921/checkpoint_best.pt
41000135,no_adaptive_impedance,1,368,2.944,0.03816008284282586,0.03799222984274689,0.038076156342786376,0.03799222984274689,0.0009127547117550181,0.0009782805611302883,0.0009455176364426532,0.0009782805611302883,0.3970553858357945,0.0,0.0,0.0,0.0,5,0.03569428309919718,0.05560288578271866,0.0,0.0,0.5,0.6499999761581421,0.6499999761581421,0.8500000238418579,0.8999999761581421,0.8999999761581421,0,SUCCESS,success,nominal,20260921,results/a2po_dual_panda_dynamic_vertical/formal/seed_20260921/checkpoint_best.pt
41000136,no_adaptive_impedance,1,269,2.152,0.051214378510135106,0.05118267160001197,0.05119852505507354,0.05118267160001197,0.0004222969190543719,0.0007026887211727408,0.0005624928201135563,0.0007026887211727408,0.02412862036214241,0.0,0.0,0.0,0.0,5,0.04205611866957692,0.055205680429935455,0.0,0.0,0.5,0.6499999761581421,0.6499999761581421,0.8500000238418579,0.8999999761581421,0.8999999761581421,0,SUCCESS,success,nominal,20260921,results/a2po_dual_panda_dynamic_vertical/formal/seed_20260921/checkpoint_best.pt
41000137,no_adaptive_impedance,1,269,2.152,0.0522820139723008,0.05221743823557222,0.05224972610393651,0.05221743823557222,0.00047552811265011294,0.0006143192707080966,0.0005449236916791047,0.0006143192707080966,0.04628527756072494,0.0,0.0,0.0,0.0,6,0.04205261498384981,0.055490393191576004,0.0,0.0,0.5,0.6499999761581421,0.6499999761581421,0.8500000238418579,0.8999999761581421,0.8999999761581421,0,SUCCESS,success,nominal,20260921,results/a2po_dual_panda_dynamic_vertical/formal/seed_20260921/checkpoint_best.pt
41000138,no_adaptive_impedance,1,243,1.944,0.06279758687252959,0.062334993363035704,0.06256629011778264,0.062334993363035704,0.0007271404797901048,0.0007024960793430325,0.0007148182795665687,0.0007271404797901048,0.7277976660821768,51.44742956289428,0.21171781713125218,7.349632794699183,0.0,7,0.04265746518149359,0.055145036429166794,0.0,0.0,0.5,0.6499999761581421,0.6499999761581421,0.8500000238418579,0.8999999761581421,0.8999999761581421,0,SUCCESS,success,nominal,20260921,results/a2po_dual_panda_dynamic_vertical/formal/seed_20260921/checkpoint_best.pt
41000139,no_adaptive_impedance,1,206,1.6480000000000001,0.06244175759882707,0.06230508264341926,0.062373420121123166,0.06230508264341926,0.0005477664811189544,0.0006975479349606202,0.0006226572080397873,0.0006975479349606202,0.8756666121846519,0.0,0.0,0.0,0.0,5,0.04206287252798098,0.05519361421465874,0.0,0.0,0.5,0.6499999761581421,0.6499999761581421,0.8500000238418579,0.8999999761581421,0.8999999761581421,0,SUCCESS,success,nominal,20260921,results/a2po_dual_panda_dynamic_vertical/formal/seed_20260921/checkpoint_best.pt
41000140,no_adaptive_impedance,1,355,2.84,0.037335098239845266,0.037129479173105384,0.037232288706475325,0.037129479173105384,0.0008399149208289745,0.0009550790483392739,0.0008974969845841242,0.0009550790483392739,0.4380088189203371,0.0,0.0,0.0,0.0,5,0.036116590531883944,0.055176787078380585,0.0,0.0,0.5,0.6499999761581421,0.6499999761581421,0.8500000238418579,0.8999999761581421,0.8999999761581421,0,SUCCESS,success,nominal,20260921,results/a2po_dual_panda_dynamic_vertical/formal/seed_20260921/checkpoint_best.pt
41000141,no_adaptive_impedance,1,209,1.672,0.06189049688646989,0.061877000290226136,0.06188374858834801,0.061877000290226136,0.00019254241550972588,0.00027684620160917545,0.00023469430855945067,0.00027684620160917545,0.808813893240449,0.0,0.0,0.0,0.0,6,0.041927788720764754,0.05531518533825874,0.0,0.0,0.5,0.6499999761581421,0.6499999761581421,0.8500000238418579,0.8999999761581421,0.8999999761581421,0,SUCCESS,success,nominal,20260921,results/a2po_dual_panda_dynamic_vertical/formal/seed_20260921/checkpoint_best.pt
41000142,no_adaptive_impedance,1,205,1.6400000000000001,0.0625082651525368,0.062434803959785096,0.062471534556160946,0.062434803959785096,0.0008595220883132572,0.0008162582576602635,0.0008378901729867603,0.0008595220883132572,0.8869486463351623,0.0,0.0,0.0,0.0,5,0.04312875947756011,0.05522022768855095,0.0,0.0,0.5,0.6499999761581421,0.6499999761581421,0.8500000238418579,0.8999999761581421,0.8999999761581421,0,SUCCESS,success,nominal,20260921,results/a2po_dual_panda_dynamic_vertical/formal/seed_20260921/checkpoint_best.pt
41000143,no_adaptive_impedance,1,390,3.12,0.040622728318208054,0.04047171269031838,0.040547220504263216,0.04047171269031838,0.0007545474439762133,0.0008329314123220494,0.0007937394281491313,0.0008329314123220494,0.20157863628634365,0.0,0.0,0.0,0.0,6,0.035409690488655214,0.05561596900224686,0.0,0.0,0.5,0.6499999761581421,0.6499999761581421,0.8500000238418579,0.8999999761581421,0.8999999761581421,0,SUCCESS,success,nominal,20260921,results/a2po_dual_panda_dynamic_vertical/formal/seed_20260921/checkpoint_best.pt
41000144,no_adaptive_impedance,1,360,2.88,0.03766888357119724,0.03753921535873572,0.03760404946496648,0.03753921535873572,0.0008399711864189768,0.0008253537476530785,0.0008326624670360277,0.0008399711864189768,0.39828144230604334,0.0,0.0,0.0,0.0,6,0.03594859892424817,0.05522187799215317,0.0,0.0,0.5,0.6499999761581421,0.6499999761581421,0.8500000238418579,0.8999999761581421,0.8999999761581421,0,SUCCESS,success,nominal,20260921,results/a2po_dual_panda_dynamic_vertical/formal/seed_20260921/checkpoint_best.pt
41000145,no_adaptive_impedance,1,209,1.672,0.06254153502978582,0.06238754725016546,0.06246454113997564,0.06238754725016546,0.0006831800897901647,0.0006314459583555421,0.0006573130240728534,0.0006831800897901647,0.8444084997097417,0.0,0.0,0.0,0.0,5,0.042997544087719115,0.05555778741836548,0.0,0.0,0.5,0.6499999761581421,0.6499999761581421,0.8500000238418579,0.8999999761581421,0.8999999761581421,0,SUCCESS,success,nominal,20260921,results/a2po_dual_panda_dynamic_vertical/formal/seed_20260921/checkpoint_best.pt
41000146,no_adaptive_impedance,1,387,3.096,0.0403726444956366,0.0402126713614301,0.04029265792853335,0.0402126713614301,0.0007945732471876391,0.0008939584058485973,0.0008442658265181181,0.0008939584058485973,0.2142712818468981,0.0,0.0,0.0,0.0,5,0.035211759260843585,0.05540856719017029,0.0,0.0,0.5,0.6499999761581421,0.6499999761581421,0.8500000238418579,0.8999999761581421,0.8999999761581421,0,SUCCESS,success,nominal,20260921,results/a2po_dual_panda_dynamic_vertical/formal/seed_20260921/checkpoint_best.pt
41000147,no_adaptive_impedance,1,356,2.848,0.037277650207912266,0.0371220727513641,0.037199861479638184,0.0371220727513641,0.0008508810481569226,0.0009146686882115716,0.0008827748681842472,0.0009146686882115716,0.43997748740725034,0.0,0.0,0.0,0.0,5,0.03630684676784185,0.05532321706414223,0.0,0.0,0.5,0.6499999761581421,0.6499999761581421,0.8500000238418579,0.8999999761581421,0.8999999761581421,0,SUCCESS,success,nominal,20260921,results/a2po_dual_panda_dynamic_vertical/formal/seed_20260921/checkpoint_best.pt
41000148,no_adaptive_impedance,1,250,2.0,0.06152756962122116,0.0615558569157352,0.06154171326847818,0.06152756962122116,0.000703338645616632,0.0005127308178129588,0.0006080347317147954,0.000703338645616632,0.3889535531457317,0.0,0.0,0.0,0.0,5,0.04228771363943815,0.05560211092233658,0.0,0.0,0.5,0.6499999761581421,0.6499999761581421,0.8500000238418579,0.8999999761581421,0.8999999761581421,0,SUCCESS,success,nominal,20260921,results/a2po_dual_panda_dynamic_vertical/formal/seed_20260921/checkpoint_best.pt
41000149,no_adaptive_impedance,1,209,1.672,0.06285631084355942,0.06275300957648153,0.06280466021002047,0.06275300957648153,0.00034566947497994047,0.0005802283942216964,0.0004629489346008184,0.0005802283942216964,0.8628092022383009,0.0,0.0,0.0,0.0,5,0.042111196824790614,0.05551775172352791,0.0,0.0,0.5,0.6499999761581421,0.6499999761581421,0.8500000238418579,0.8999999761581421,0.8999999761581421,0,SUCCESS,success,nominal,20260921,results/a2po_dual_panda_dynamic_vertical/formal/seed_20260921/checkpoint_best.pt
41000150,no_adaptive_impedance,1,319,2.552,0.037196247039371064,0.036890129252207596,0.03704318814578933,0.036890129252207596,0.0008509950305597563,0.0008263448611863482,0.0008386699458730522,0.0008509950305597563,0.651944629721176,0.0,0.0,0.0,0.0,5,0.038105436035820214,0.05540268495678902,0.0,0.0,0.5,0.6499999761581421,0.6499999761581421,0.8500000238418579,0.8999999761581421,0.8999999761581421,0,SUCCESS,success,nominal,20260921,results/a2po_dual_panda_dynamic_vertical/formal/seed_20260921/checkpoint_best.pt
41000151,no_adaptive_impedance,1,250,2.0,0.06151719505572137,0.06146191007815871,0.06148955256694004,0.06146191007815871,0.0008715973052854429,0.0006830027969341191,0.000777300051109781,0.0008715973052854429,0.3997702353534062,0.0,0.0,0.0,0.0,6,0.042186188315972685,0.05557117238640785,0.0,0.0,0.5,0.6499999761581421,0.6499999761581421,0.8500000238418579,0.8999999761581421,0.8999999761581421,0,SUCCESS,success,nominal,20260921,results/a2po_dual_panda_dynamic_vertical/formal/seed_20260921/checkpoint_best.pt
41000152,no_adaptive_impedance,1,361,2.888,0.037800541091749476,0.03764089223040047,0.037720716661074974,0.03764089223040047,0.0008829930981719657,0.0009308287117711893,0.0009069109049715774,0.0009308287117711893,0.39517170065048973,52.94306346669047,0.1466566855032977,8.823843911115079,0.0,6,0.03596861083370084,0.055326979607343674,0.0,0.0,0.5,0.6499999761581421,0.6499999761581421,0.8500000238418579,0.8999999761581421,0.8999999761581421,0,SUCCESS,success,nominal,20260921,results/a2po_dual_panda_dynamic_vertical/formal/seed_20260921/checkpoint_best.pt
41000153,no_adaptive_impedance,1,267,2.136,0.052243419461295515,0.0521011152229251,0.05217226734211031,0.0521011152229251,0.0008968291246967666,0.000822634362866219,0.0008597317437814929,0.0008968291246967666,0.14296326377820764,0.0,0.0,0.0,0.0,5,0.04135931878828545,0.05505083501338959,0.0,0.0,0.5,0.6499999761581421,0.6499999761581421,0.8500000238418579,0.8999999761581421,0.8999999761581421,0,SUCCESS,success,nominal,20260921,results/a2po_dual_panda_dynamic_vertical/formal/seed_20260921/checkpoint_best.pt
41000154,no_adaptive_impedance,1,262,2.096,0.055031564984616546,0.0548766609824356,0.05495411298352607,0.0548766609824356,0.00028152859643287766,0.00031588630135003925,0.00029870744889145845,0.00031588630135003925,0.24902379688511053,0.0,0.0,0.0,0.0,6,0.04191320122909228,0.05507632717490196,0.0,0.0,0.5,0.6499999761581421,0.6499999761581421,0.8500000238418579,0.8999999761581421,0.8999999761581421,0,SUCCESS,success,nominal,20260921,results/a2po_dual_panda_dynamic_vertical/formal/seed_20260921/checkpoint_best.pt
41000155,no_adaptive_impedance,1,353,2.824,0.03705789893845127,0.03690542483628448,0.03698166188736787,0.03690542483628448,0.000896518538059895,0.0009492180984863922,0.0009228683182731436,0.0009492180984863922,0.46363506043344704,53.71870260073056,0.15217762776410923,8.95311710012176,0.0,6,0.036540452861847095,0.05535794049501419,0.0,0.0,0.5,0.6499999761581421,0.6499999761581421,0.8500000238418579,0.8999999761581421,0.8999999761581421,0,SUCCESS,success,nominal,20260921,results/a2po_dual_panda_dynamic_vertical/formal/seed_20260921/checkpoint_best.pt
41000156,no_adaptive_impedance,1,314,2.512,0.03720311636147265,0.03690579674536196,0.037054456553417305,0.03690579674536196,0.0008209194830819398,0.0007444161629761932,0.0007826678230290665,0.0008209194830819398,0.6670074464593904,0.0,0.0,0.0,0.0,5,0.038239113072965555,0.055207259953022,0.0,0.0,0.5,0.6499999761581421,0.6499999761581421,0.8500000238418579,0.8999999761581421,0.8999999761581421,0,SUCCESS,success,nominal,20260921,results/a2po_dual_panda_dynamic_vertical/formal/seed_20260921/checkpoint_best.pt
41000157,no_adaptive_impedance,1,209,1.672,0.06298442030878554,0.06279573101998101,0.06289007566438327,0.06279573101998101,0.0007524196009623956,0.0008574602951161492,0.0008049399480392724,0.0008574602951161492,0.8673418421224691,54.63649760212104,0.26141864881397625,9.10608293368684,0.0,6,0.042048019613250734,0.055643875151872635,0.0,0.0,0.5,0.6499999761581421,0.6499999761581421,0.8500000238418579,0.8999999761581421,0.8999999761581421,0,SUCCESS,success,nominal,20260921,results/a2po_dual_panda_dynamic_vertical/formal/seed_20260921/checkpoint_best.pt
41000158,no_adaptive_impedance,1,357,2.856,0.037480098120963395,0.03735312903009039,0.03741661357552689,0.03735312903009039,0.0009279263586312424,0.0009497958177718911,0.0009388610882015667,0.0009497958177718911,0.4104199392945425,53.54519566647025,0.14998654248310994,8.924199277745041,0.0,6,0.036195261846100835,0.055249087512493134,0.0,0.0,0.5,0.6499999761581421,0.6499999761581421,0.8500000238418579,0.8999999761581421,0.8999999761581421,0,SUCCESS,success,nominal,20260921,results/a2po_dual_panda_dynamic_vertical/formal/seed_20260921/checkpoint_best.pt
41000159,no_adaptive_impedance,1,270,2.16,0.051295050149530536,0.05120884016579452,0.05125194515766253,0.05120884016579452,0.0007438488036728547,0.000782012723081515,0.0007629307633771848,0.000782012723081515,0.04148957946823583,0.0,0.0,0.0,0.0,5,0.04165266012703931,0.055370982736349106,0.0,0.0,0.5,0.6499999761581421,0.6499999761581421,0.8500000238418579,0.8999999761581421,0.8999999761581421,0,SUCCESS,success,nominal,20260921,results/a2po_dual_panda_dynamic_vertical/formal/seed_20260921/checkpoint_best.pt
41000160,no_adaptive_impedance,1,319,2.552,0.03710718045551667,0.036847714783215677,0.03697744761936617,0.036847714783215677,0.0009639525392629158,0.0008760443352807491,0.0009199984372718325,0.0009639525392629158,0.6378123407393677,0.0,0.0,0.0,0.0,5,0.03780971783239593,0.05512888729572296,0.0,0.0,0.5,0.6499999761581421,0.6499999761581421,0.8500000238418579,0.8999999761581421,0.8999999761581421,0,SUCCESS,success,nominal,20260921,results/a2po_dual_panda_dynamic_vertical/formal/seed_20260921/checkpoint_best.pt
41000161,no_adaptive_impedance,1,385,3.08,0.040070703619912995,0.039877955984601615,0.039974329802257305,0.039877955984601615,0.0007666522285364684,0.0008421403572437286,0.0008043962928900985,0.0008421403572437286,0.24530478568456465,48.76030611513993,0.12665014575361022,8.126717685856656,0.0,6,0.03515439147081274,0.05542603135108948,0.0,0.0,0.5,0.6499999761581421,0.6499999761581421,0.8500000238418579,0.8999999761581421,0.8999999761581421,0,SUCCESS,success,nominal,20260921,results/a2po_dual_panda_dynamic_vertical/formal/seed_20260921/checkpoint_best.pt
41000162,no_adaptive_impedance,1,319,2.552,0.03708491820077525,0.036873161960031375,0.036979040080403314,0.036873161960031375,0.0009626151939246991,0.0007690460906524841,0.0008658306422885916,0.0009626151939246991,0.6260295699615255,0.0,0.0,0.0,0.0,5,0.037863381577766614,0.05518971011042595,0.0,0.0,0.5,0.6499999761581421,0.6499999761581421,0.8500000238418579,0.8999999761581421,0.8999999761581421,0,SUCCESS,success,nominal,20260921,results/a2po_dual_panda_dynamic_vertical/formal/seed_20260921/checkpoint_best.pt
41000163,no_adaptive_impedance,1,207,1.6560000000000001,0.06222123281331371,0.06207634950575028,0.062148791159531994,0.06207634950575028,0.0007263137662429831,0.0007237189748888579,0.0007250163705659206,0.0007263137662429831,0.8673665699009521,0.0,0.0,0.0,0.0,6,0.0432961814146003,0.055464379489421844,0.0,0.0,0.5,0.6499999761581421,0.6499999761581421,0.8500000238418579,0.8999999761581421,0.8999999761581421,0,SUCCESS,success,nominal,20260921,results/a2po_dual_panda_dynamic_vertical/formal/seed_20260921/checkpoint_best.pt
41000164,no_adaptive_impedance,1,364,2.912,0.03766426225669249,0.03748266732295291,0.0375734647898227,0.03748266732295291,0.0008820325554783933,0.0007992209076901019,0.0008406267315842475,0.0008820325554783933,0.44043274419256057,0.0,0.0,0.0,0.0,5,0.035792056103953376,0.05564276874065399,0.0,0.0,0.5,0.6499999761581421,0.6499999761581421,0.8500000238418579,0.8999999761581421,0.8999999761581421,0,SUCCESS,success,nominal,20260921,results/a2po_dual_panda_dynamic_vertical/formal/seed_20260921/checkpoint_best.pt
41000165,no_adaptive_impedance,1,355,2.84,0.03757409477672077,0.037409761582279766,0.03749192817950027,0.037409761582279766,0.0008116189722450058,0.0008575651422241613,0.0008345920572345835,0.0008575651422241613,0.40292092841249194,0.0,0.0,0.0,0.0,6,0.036052341962521765,0.05510189011693001,0.0,0.0,0.5,0.6499999761581421,0.6499999761581421,0.8500000238418579,0.8999999761581421,0.8999999761581421,0,SUCCESS,success,nominal,20260921,results/a2po_dual_panda_dynamic_vertical/formal/seed_20260921/checkpoint_best.pt
41000166,no_adaptive_impedance,1,208,1.6640000000000001,0.06174993144283994,0.06148962280061154,0.06161977712172574,0.06148962280061154,0.0009089973408692172,0.0009165241575842762,0.0009127607492267467,0.0009165241575842762,0.8247891670432246,0.0,0.0,0.0,0.0,5,0.04244447476006686,0.05526106804609299,0.0,0.0,0.5,0.6499999761581421,0.6499999761581421,0.8500000238418579,0.8999999761581421,0.8999999761581421,0,SUCCESS,success,nominal,20260921,results/a2po_dual_panda_dynamic_vertical/formal/seed_20260921/checkpoint_best.pt
41000167,no_adaptive_impedance,1,320,2.56,0.036528548119396265,0.03623079558695766,0.03637967185317696,0.03623079558695766,0.0009749785567851069,0.0009243905064355116,0.0009496845316103093,0.0009749785567851069,0.670705227527471,53.05870451130918,0.1658084515978412,8.84311741855153,0.0,6,0.03799466811469756,0.05520019307732582,0.0,0.0,0.5,0.6499999761581421,0.6499999761581421,0.8500000238418579,0.8999999761581421,0.8999999761581421,0,SUCCESS,success,nominal,20260921,results/a2po_dual_panda_dynamic_vertical/formal/seed_20260921/checkpoint_best.pt
41000168,no_adaptive_impedance,1,253,2.024,0.06052744506868332,0.06017178375427831,0.06034961441148082,0.06017178375427831,0.0009213079418577823,0.0009697252094620358,0.000945516575659909,0.0009697252094620358,0.40362174790367417,0.0,0.0,0.0,0.0,6,0.04241742908019617,0.055604010820388794,0.0,0.0,0.5,0.6499999761581421,0.6499999761581421,0.8500000238418579,0.8999999761581421,0.8999999761581421,0,SUCCESS,success,nominal,20260921,results/a2po_dual_panda_dynamic_vertical/formal/seed_20260921/checkpoint_best.pt
41000169,no_adaptive_impedance,1,246,1.968,0.06163068853470344,0.061307248868996245,0.06146896870184984,0.061307248868996245,0.0009401734306222398,0.0009360928592266007,0.0009381331449244202,0.0009401734306222398,0.6519229521491472,52.16870023763593,0.21206788714486152,8.694783372939321,0.0,6,0.04259127242740516,0.05509791150689125,0.0,0.0,0.5,0.6499999761581421,0.6499999761581421,0.8500000238418579,0.8999999761581421,0.8999999761581421,0,SUCCESS,success,nominal,20260921,results/a2po_dual_panda_dynamic_vertical/formal/seed_20260921/checkpoint_best.pt
41000170,no_adaptive_impedance,1,207,1.6560000000000001,0.0631265783851018,0.06297800161716373,0.06305229000113277,0.06297800161716373,0.0005666639963583619,0.0007262601486212255,0.0006464620724897937,0.0007262601486212255,0.8966666657051711,54.59016340060101,0.2637205961381691,9.098360566766834,0.0,6,0.042130432483078774,0.0553949773311615,0.0,0.0,0.5,0.6499999761581421,0.6499999761581421,0.8500000238418579,0.8999999761581421,0.8999999761581421,0,SUCCESS,success,nominal,20260921,results/a2po_dual_panda_dynamic_vertical/formal/seed_20260921/checkpoint_best.pt
41000171,no_adaptive_impedance,1,208,1.6640000000000001,0.06238745923877463,0.06221173272034407,0.06229959597955935,0.06221173272034407,0.0008582769744617847,0.000825138666224659,0.0008417078203432219,0.0008582769744617847,0.8450287884345404,0.0,0.0,0.0,0.0,6,0.042568128813470066,0.055414121598005295,0.0,0.0,0.5,0.6499999761581421,0.6499999761581421,0.8500000238418579,0.8999999761581421,0.8999999761581421,0,SUCCESS,success,nominal,20260921,results/a2po_dual_panda_dynamic_vertical/formal/seed_20260921/checkpoint_best.pt
41000172,no_adaptive_impedance,1,321,2.568,0.03668689675648801,0.036422869562114185,0.036554883159301096,0.036422869562114185,0.0009627195946375793,0.0008569618834613333,0.0009098407390494563,0.0009627195946375793,0.6583312634537793,0.0,0.0,0.0,0.0,6,0.03806282648224836,0.05538168549537659,0.0,0.0,0.5,0.6499999761581421,0.6499999761581421,0.8500000238418579,0.8999999761581421,0.8999999761581421,0,SUCCESS,success,nominal,20260921,results/a2po_dual_panda_dynamic_vertical/formal/seed_20260921/checkpoint_best.pt
41000173,no_adaptive_impedance,1,266,2.128,0.05307524379345133,0.05303204401600098,0.05305364390472615,0.05303204401600098,0.0002385734029355142,0.0004862596016717834,0.0003624165023036488,0.0004862596016717834,0.11987058732162423,0.0,0.0,0.0,0.0,6,0.042245459646560755,0.055211007595062256,0.0,0.0,0.5,0.6499999761581421,0.6499999761581421,0.8500000238418579,0.8999999761581421,0.8999999761581421,0,SUCCESS,success,nominal,20260921,results/a2po_dual_panda_dynamic_vertical/formal/seed_20260921/checkpoint_best.pt
41000174,no_adaptive_impedance,1,275,2.2,0.04981859526520406,0.0497096093325102,0.04976410229885713,0.0497096093325102,0.0008869719658250989,0.0009844794247622275,0.0009357256952936632,0.0009844794247622275,0.09020064120996532,0.0,0.0,0.0,0.0,6,0.04103150427680124,0.05547712370753288,0.0,0.0,0.5,0.6499999761581421,0.6499999761581421,0.8500000238418579,0.8999999761581421,0.8999999761581421,0,SUCCESS,success,nominal,20260921,results/a2po_dual_panda_dynamic_vertical/formal/seed_20260921/checkpoint_best.pt
41000175,no_adaptive_impedance,1,208,1.6640000000000001,0.061466924907053674,0.06140345608379047,0.06143519049542207,0.06140345608379047,0.000287446388889286,0.0002678124242268373,0.0002776294065580617,0.000287446388889286,0.8031019348582877,0.0,0.0,0.0,0.0,6,0.04213239799495428,0.05541962757706642,0.0,0.0,0.5,0.6499999761581421,0.6499999761581421,0.8500000238418579,0.8999999761581421,0.8999999761581421,0,SUCCESS,success,nominal,20260921,results/a2po_dual_panda_dynamic_vertical/formal/seed_20260921/checkpoint_best.pt
41000176,no_adaptive_impedance,1,206,1.6480000000000001,0.06197433268390404,0.061947669744205736,0.06196100121405489,0.061947669744205736,0.0001651502212000437,0.000274918581698018,0.00022003440144903084,0.000274918581698018,0.847680327987597,0.0,0.0,0.0,0.0,6,0.04191436264121417,0.055025771260261536,0.0,0.0,0.5,0.6499999761581421,0.6499999761581421,0.8500000238418579,0.8999999761581421,0.8999999761581421,0,SUCCESS,success,nominal,20260921,results/a2po_dual_panda_dynamic_vertical/formal/seed_20260921/checkpoint_best.pt
41000177,no_adaptive_impedance,1,356,2.848,0.03746543017732025,0.037332475257979864,0.03739895271765006,0.037332475257979864,0.0008747590441493418,0.0009047733037056136,0.0008897661739274776,0.0009047733037056136,0.4058990031753183,0.0,0.0,0.0,0.0,5,0.03627282701265276,0.055124957114458084,0.0,0.0,0.5,0.6499999761581421,0.6499999761581421,0.8500000238418579,0.8999999761581421,0.8999999761581421,0,SUCCESS,success,nominal,20260921,results/a2po_dual_panda_dynamic_vertical/formal/seed_20260921/checkpoint_best.pt
41000178,no_adaptive_impedance,1,400,3.2,0.04139050978997996,0.04125797040265017,0.041324240096315065,0.04125797040265017,0.0009077123550112163,0.0009442622239860564,0.0009259872894986363,0.0009442622239860564,0.1843762867598722,53.434078826225154,0.13358519706556288,8.905679804370859,0.0,6,0.03508941451902501,0.05558595433831215,0.0,0.0,0.5,0.6499999761581421,0.6499999761581421,0.8500000238418579,0.8999999761581421,0.8999999761581421,0,SUCCESS,success,nominal,20260921,results/a2po_dual_panda_dynamic_vertical/formal/seed_20260921/checkpoint_best.pt
41000179,no_adaptive_impedance,1,361,2.888,0.03765999818523072,0.037528582591595055,0.03759429038841289,0.037528582591595055,0.0009286583220962255,0.0009643918132386885,0.0009465250676674571,0.0009643918132386885,0.40834161276691705,52.4588845158231,0.1453154695729172,7.4941263594033005,0.0,7,0.03597817556684904,0.05541370436549187,0.0,0.0,0.5,0.6499999761581421,0.6499999761581421,0.8500000238418579,0.8999999761581421,0.8999999761581421,0,SUCCESS,success,nominal,20260921,results/a2po_dual_panda_dynamic_vertical/formal/seed_20260921/checkpoint_best.pt
41000180,no_adaptive_impedance,1,209,1.672,0.061723519101458374,0.06157812306158031,0.06165082108151934,0.06157812306158031,0.0005253372206535192,0.0005185955396248206,0.0005219663801391699,0.0005253372206535192,0.8189447127300498,0.0,0.0,0.0,0.0,5,0.04216671723908072,0.055507298558950424,0.0,0.0,0.5,0.6499999761581421,0.6499999761581421,0.8500000238418579,0.8999999761581421,0.8999999761581421,0,SUCCESS,success,nominal,20260921,results/a2po_dual_panda_dynamic_vertical/formal/seed_20260921/checkpoint_best.pt
41000181,no_adaptive_impedance,1,260,2.08,0.05470331872081147,0.054524287782314315,0.05461380325156289,0.054524287782314315,0.0006528411397644351,0.0006918799261178611,0.0006723605329411481,0.0006918799261178611,0.24428455447965747,1.0915239626980358,0.0041981690873001375,0.18192066044967262,0.0,6,0.04202307329262392,0.0551752969622612,0.0,0.0,0.5,0.6499999761581421,0.6499999761581421,0.8500000238418579,0.8999999761581421,0.8999999761581421,0,SUCCESS,success,nominal,20260921,results/a2po_dual_panda_dynamic_vertical/formal/seed_20260921/checkpoint_best.pt
41000182,no_adaptive_impedance,1,365,2.92,0.03777929099761687,0.037670863039551056,0.03772507701858396,0.037670863039551056,0.0009754682839300709,0.0009707475267102489,0.00097310790532016,0.0009754682839300709,0.41463793024462153,0.0,0.0,0.0,0.0,6,0.035900516461019646,0.0556316040456295,0.0,0.0,0.5,0.6499999761581421,0.6499999761581421,0.8500000238418579,0.8999999761581421,0.8999999761581421,0,SUCCESS,success,nominal,20260921,results/a2po_dual_panda_dynamic_vertical/formal/seed_20260921/checkpoint_best.pt
41000183,no_adaptive_impedance,1,204,1.6320000000000001,0.06307131803145652,0.06301049805695777,0.06304090804420714,0.06301049805695777,0.0009417376720064059,0.0009001713203066305,0.0009209544961565182,0.0009417376720064059,0.9322440088095213,0.0,0.0,0.0,0.0,5,0.04308928349101003,0.05505864694714546,0.0,0.0,0.5,0.6499999761581421,0.6499999761581421,0.8500000238418579,0.8999999761581421,0.8999999761581421,0,SUCCESS,success,nominal,20260921,results/a2po_dual_panda_dynamic_vertical/formal/seed_20260921/checkpoint_best.pt
41000184,no_adaptive_impedance,1,321,2.568,0.036859769671059,0.036567339240782676,0.03671355445592084,0.036567339240782676,0.0009411334743484878,0.0009154396549602312,0.0009282865646543595,0.0009411334743484878,0.6705056476451191,0.0,0.0,0.0,0.0,5,0.03781198517410694,0.0555184930562973,0.0,0.0,0.5,0.6499999761581421,0.6499999761581421,0.8500000238418579,0.8999999761581421,0.8999999761581421,0,SUCCESS,success,nominal,20260921,results/a2po_dual_panda_dynamic_vertical/formal/seed_20260921/checkpoint_best.pt
41000185,no_adaptive_impedance,1,207,1.6560000000000001,0.061556851314267635,0.06147532926648386,0.06151609029037575,0.06147532926648386,0.0008576234301790774,0.0008567663027109018,0.0008571948664449897,0.0008576234301790774,0.8465119884848236,0.0,0.0,0.0,0.0,6,0.04206614771290966,0.055317554622888565,0.0,0.0,0.5,0.6499999761581421,0.6499999761581421,0.8500000238418579,0.8999999761581421,0.8999999761581421,0,SUCCESS,success,nominal,20260921,results/a2po_dual_panda_dynamic_vertical/formal/seed_20260921/checkpoint_best.pt
41000186,no_adaptive_impedance,1,320,2.56,0.03716550128758826,0.036882123278781986,0.037023812283185124,0.036882123278781986,0.0009460085100173466,0.0009141760004529809,0.0009300922552351637,0.0009460085100173466,0.649475697338507,46.86060063117847,0.14643937697243273,7.810100105196412,0.0,6,0.03794331194076221,0.05547275394201279,0.0,0.0,0.5,0.6499999761581421,0.6499999761581421,0.8500000238418579,0.8999999761581421,0.8999999761581421,0,SUCCESS,success,nominal,20260921,results/a2po_dual_panda_dynamic_vertical/formal/seed_20260921/checkpoint_best.pt
41000187,no_adaptive_impedance,1,258,2.064,0.055815802586333355,0.055491207237908624,0.05565350491212099,0.055491207237908624,0.0004561206415069994,0.00034380768615753016,0.00039996416383226475,0.0004561206415069994,0.35324749695429,4.251401231409811,0.016478299346549655,0.7085668719016351,0.0,6,0.041435675143242576,0.05507920682430267,0.0,0.0,0.5,0.6499999761581421,0.6499999761581421,0.8500000238418579,0.8999999761581421,0.8999999761581421,0,SUCCESS,success,nominal,20260921,results/a2po_dual_panda_dynamic_vertical/formal/seed_20260921/checkpoint_best.pt
41000188,no_adaptive_impedance,1,205,1.6400000000000001,0.06236335584538655,0.062225261656296105,0.062294308750841326,0.062225261656296105,0.0009990531898495258,0.0009940673148234643,0.000996560252336495,0.0009990531898495258,0.8902832849496494,52.872830307530315,0.2579162454025869,7.553261472504331,0.0,7,0.043164843493481965,0.05523395165801048,0.0,0.0,0.5,0.6499999761581421,0.6499999761581421,0.8500000238418579,0.8999999761581421,0.8999999761581421,0,SUCCESS,success,nominal,20260921,results/a2po_dual_panda_dynamic_vertical/formal/seed_20260921/checkpoint_best.pt
41000189,no_adaptive_impedance,1,380,3.04,0.039922807166823254,0.03982359278000169,0.039873199973412474,0.03982359278000169,0.0006971378055502302,0.0005261801752989995,0.0006116589904246149,0.0006971378055502302,0.20837454939471073,0.0,0.0,0.0,0.0,6,0.03545252318175412,0.05532663315534592,0.0,0.0,0.5,0.6499999761581421,0.6499999761581421,0.8500000238418579,0.8999999761581421,0.8999999761581421,0,SUCCESS,success,nominal,20260921,results/a2po_dual_panda_dynamic_vertical/formal/seed_20260921/checkpoint_best.pt
41000190,no_adaptive_impedance,1,205,1.6400000000000001,0.06238057143402964,0.06232442889428802,0.06235250016415883,0.06232442889428802,0.0008950008151487058,0.0009096025478359801,0.0009023016814923429,0.0009096025478359801,0.9210603143672607,62.285020974330685,0.3038293706064911,8.897860139190097,0.0,7,0.04228968138965528,0.055168356746435165,0.0,0.0,0.5,0.6499999761581421,0.6499999761581421,0.8500000238418579,0.8999999761581421,0.8999999761581421,0,SUCCESS,success,nominal,20260921,results/a2po_dual_panda_dynamic_vertical/formal/seed_20260921/checkpoint_best.pt
41000191,no_adaptive_impedance,1,207,1.6560000000000001,0.06264023833497447,0.06253594943691128,0.06258809388594287,0.06253594943691128,0.000317932198223696,0.0005947545290460253,0.0004563433636348606,0.0005947545290460253,0.8994958672597196,0.0,0.0,0.0,0.0,5,0.042121698652452605,0.05532020330429077,0.0,0.0,0.5,0.6499999761581421,0.6499999761581421,0.8500000238418579,0.8999999761581421,0.8999999761581421,0,SUCCESS,success,nominal,20260921,results/a2po_dual_panda_dynamic_vertical/formal/seed_20260921/checkpoint_best.pt
41000192,no_adaptive_impedance,1,205,1.6400000000000001,0.06220021731066308,0.06212604824291637,0.062163132776789726,0.06212604824291637,0.0002816637341131594,0.00038691234085389757,0.0003342880374835285,0.00038691234085389757,0.8726612297891396,0.0,0.0,0.0,0.0,5,0.04197546363149474,0.054944053292274475,0.0,0.0,0.5,0.6499999761581421,0.6499999761581421,0.8500000238418579,0.8999999761581421,0.8999999761581421,0,SUCCESS,success,nominal,20260921,results/a2po_dual_panda_dynamic_vertical/formal/seed_20260921/checkpoint_best.pt
41000193,no_adaptive_impedance,1,254,2.032,0.058264585813602235,0.05798526990087796,0.0581249278572401,0.05798526990087796,0.0006994012188021824,0.0007208824598076475,0.0007101418393049149,0.0007208824598076475,0.46709168279462626,0.0,0.0,0.0,0.0,6,0.042016659707461636,0.055009618401527405,0.0,0.0,0.5,0.6499999761581421,0.6499999761581421,0.8500000238418579,0.8999999761581421,0.8999999761581421,0,SUCCESS,success,nominal,20260921,results/a2po_dual_panda_dynamic_vertical/formal/seed_20260921/checkpoint_best.pt
41000194,no_adaptive_impedance,1,209,1.672,0.06140067760641896,0.06125518472333244,0.0613279311648757,0.06125518472333244,0.0003259648475682643,0.000329818602026578,0.00032789172479742116,0.000329818602026578,0.8054030059204562,0.0,0.0,0.0,0.0,5,0.04247227544410591,0.05543519929051399,0.0,0.0,0.5,0.6499999761581421,0.6499999761581421,0.8500000238418579,0.8999999761581421,0.8999999761581421,0,SUCCESS,success,nominal,20260921,results/a2po_dual_panda_dynamic_vertical/formal/seed_20260921/checkpoint_best.pt
41000195,no_adaptive_impedance,1,207,1.6560000000000001,0.0619116037284779,0.06178771805326952,0.06184966089087371,0.06178771805326952,0.00037869466654114856,0.0003849232974846502,0.00038180898201289936,0.0003849232974846502,0.8770215016616785,60.849427699923815,0.29395858792233726,8.692775385703403,0.0,7,0.04231698176450128,0.05536163970828056,0.0,0.0,0.5,0.6499999761581421,0.6499999761581421,0.8500000238418579,0.8999999761581421,0.8999999761581421,0,SUCCESS,success,nominal,20260921,results/a2po_dual_panda_dynamic_vertical/formal/seed_20260921/checkpoint_best.pt
41000196,no_adaptive_impedance,1,208,1.6640000000000001,0.06200845424650507,0.062003810040817606,0.06200613214366134,0.062003810040817606,8.624423806963854e-05,0.00014923062147216413,0.00011773742977090134,0.00014923062147216413,0.8298620519645739,54.064538796738894,0.25992566729201394,7.723505542391271,0.0,7,0.04208588914703936,0.05528873950242996,0.0,0.0,0.5,0.6499999761581421,0.6499999761581421,0.8500000238418579,0.8999999761581421,0.8999999761581421,0,SUCCESS,success,nominal,20260921,results/a2po_dual_panda_dynamic_vertical/formal/seed_20260921/checkpoint_best.pt
41000197,no_adaptive_impedance,1,210,1.68,0.06215261887710877,0.06209056156904655,0.06212159022307766,0.06209056156904655,0.00017210181197381978,0.00038044695678777536,0.00027627438438079755,0.00038044695678777536,0.8069911009375975,0.0,0.0,0.0,0.0,5,0.042047785595059395,0.05559868365526199,0.0,0.0,0.5,0.6499999761581421,0.6499999761581421,0.8500000238418579,0.8999999761581421,0.8999999761581421,0,SUCCESS,success,nominal,20260921,results/a2po_dual_panda_dynamic_vertical/formal/seed_20260921/checkpoint_best.pt
41000198,no_adaptive_impedance,1,206,1.6480000000000001,0.061682867916988474,0.06161753195206475,0.06165019993452661,0.06161753195206475,0.0001184813150251142,0.00032191716961421505,0.00022019924231966463,0.00032191716961421505,0.8327276021612395,0.0,0.0,0.0,0.0,5,0.04165396175473856,0.05503750964999199,0.0,0.0,0.5,0.6499999761581421,0.6499999761581421,0.8500000238418579,0.8999999761581421,0.8999999761581421,0,SUCCESS,success,nominal,20260921,results/a2po_dual_panda_dynamic_vertical/formal/seed_20260921/checkpoint_best.pt
41000199,no_adaptive_impedance,1,264,2.112,0.053065012908856,0.05304683792810279,0.053055925418479394,0.05304683792810279,0.00018940171417418405,0.0004915706616402574,0.00034048618790722074,0.0004915706616402574,0.18226608383995538,0.0,0.0,0.0,0.0,6,0.04234007944416424,0.0549195259809494,0.0,0.0,0.5,0.6499999761581421,0.6499999761581421,0.8500000238418579,0.8999999761581421,0.8999999761581421,0,SUCCESS,success,nominal,20260921,results/a2po_dual_panda_dynamic_vertical/formal/seed_20260921/checkpoint_best.pt
