seed,variant,success,steps,completion_time_s,peg1_depth_m,peg2_depth_m,mean_depth_m,min_depth_m,peg1_lateral_error_m,peg2_lateral_error_m,mean_lateral_error_m,max_lateral_error_m,orientation_error_deg,peak_contact_force_N,mean_force_all_steps_N,mean_force_contact_steps_N,peak_contact_torque_Nm,contact_steps,mean_trajectory_residual_norm,peak_trajectory_residual_norm,mean_impedance_residual_norm,peak_impedance_residual_norm,mean_impedance_k_parallel,mean_impedance_k_lateral,mean_impedance_k_rotation,mean_impedance_d_parallel,mean_impedance_d_lateral,mean_impedance_d_rotation,jam,final_stage,failure_reason,setting,train_seed,checkpoint
41000000,no_staged_alignment_recovery,0,1600,12.8,0.0,0.0,0.0,0.0,0.025880405648612364,0.02591132458586964,0.025895865117241002,0.02591132458586964,3.45335936306771,600.6792472258213,15.087623192106562,16.19060838857847,0.0,1491,0.0507361958140973,0.05559397488832474,0.10514862987751257,0.1070803701877594,0.4548457914032042,0.6936345738917589,0.6652965169027447,0.8883041426539421,0.9448474862426519,0.9449497317150235,1,COMPLIANT_ALIGNMENT,jam,nominal,20260921,results/a2po_dual_panda_dynamic_vertical/formal/seed_20260921/checkpoint_best.pt
41000001,no_staged_alignment_recovery,0,1600,12.8,0.0,0.0,0.0,0.0,0.02274907003858712,0.02212761242683214,0.02243834123270963,0.02274907003858712,3.123486124633999,92.25982893325177,14.876290309371038,15.931770076970322,0.0,1494,0.0501932315499289,0.05540560185909271,0.10505603252328001,0.10709383338689804,0.45457297906279565,0.6939171588420868,0.6653946363553405,0.888561421521008,0.9451186947524548,0.9452208076044917,1,COMPLIANT_ALIGNMENT,jam,nominal,20260921,results/a2po_dual_panda_dynamic_vertical/formal/seed_20260921/checkpoint_best.pt
41000002,no_staged_alignment_recovery,0,1600,12.8,0.0,0.0,0.0,0.0,0.024677711123927602,0.024603581532436747,0.024640646328182175,0.024677711123927602,3.4422376095172496,92.52442466462531,14.910128473787696,15.968009075006902,0.0,1494,0.050339240226894615,0.05528900772333145,0.10503035866771825,0.10707513242959976,0.4544961635954678,0.6939980145916342,0.6654217571020127,0.8886351384595037,0.9451955857872963,0.9452971759811044,1,COMPLIANT_ALIGNMENT,jam,nominal,20260921,results/a2po_dual_panda_dynamic_vertical/formal/seed_20260921/checkpoint_best.pt
41000003,no_staged_alignment_recovery,0,1600,12.8,0.0,0.0,0.0,0.0,0.023095243112063533,0.02260336454613984,0.022849303829101685,0.023095243112063533,3.01691762498263,549.3171821457024,15.00610727912973,16.113940702421186,0.0,1490,0.050203990663867444,0.05567953363060951,0.1051331176898384,0.10704594850540161,0.4548833867534995,0.6936002771183848,0.6652891240268946,0.8882779896631837,0.9448106560856104,0.9449129018560052,1,COMPLIANT_ALIGNMENT,jam,nominal,20260921,results/a2po_dual_panda_dynamic_vertical/formal/seed_20260921/checkpoint_best.pt
41000004,no_staged_alignment_recovery,0,1600,12.8,0.0,0.0,0.0,0.0,0.02375176090215541,0.023356801951775915,0.02355428142696566,0.02375176090215541,3.1966170154941085,320.4470428417058,14.9682605430875,16.04100259138647,0.0,1493,0.050470890450524164,0.055567044764757156,0.10513550347241107,0.1070411205291748,0.45471067832782863,0.6937717090919614,0.6653448088467121,0.8884279750660062,0.9449818808212876,0.9450841810926796,1,COMPLIANT_ALIGNMENT,jam,nominal,20260921,results/a2po_dual_panda_dynamic_vertical/formal/seed_20260921/checkpoint_best.pt
41000005,no_staged_alignment_recovery,0,1600,12.8,0.0,0.0,0.0,0.0,0.023241067838986905,0.023241743703030518,0.02324140577100871,0.023241743703030518,3.1806774752144173,54.792403164204806,14.707588015527536,15.793383103922183,0.0,1490,0.04973559229838429,0.05540585145354271,0.10495571267209015,0.10704459995031357,0.4547378706745803,0.6937602445855737,0.6653475381806493,0.888432484716177,0.9449549614265561,0.9450573659688234,1,COMPLIANT_ALIGNMENT,jam,nominal,20260921,results/a2po_dual_panda_dynamic_vertical/formal/seed_20260921/checkpoint_best.pt
41000006,no_staged_alignment_recovery,0,1600,12.8,0.0,0.0,0.0,0.0,0.02367263528497605,0.023608084830028006,0.02364036005750203,0.02367263528497605,3.1525332051256285,704.2374035734927,15.026408231031951,16.1574282054107,0.0,1488,0.04961870462604565,0.05551082268357277,0.10502359416132094,0.1070864126086235,0.4548790086247027,0.693619783744216,0.665305461473763,0.8883118547871709,0.9448162225633859,0.9449183016270399,1,COMPLIANT_ALIGNMENT,jam,nominal,20260921,results/a2po_dual_panda_dynamic_vertical/formal/seed_20260921/checkpoint_best.pt
41000007,no_staged_alignment_recovery,0,1600,12.8,0.0,0.0,0.0,0.0,0.022770597646093738,0.022726463442336423,0.02274853054421508,0.022770597646093738,3.047119952284954,351.7063828945032,14.810189176401542,15.924934598281228,0.0,1488,0.04949763067619642,0.05558650940656662,0.10507582109916257,0.10703921318054199,0.45491445090621707,0.693581858612597,0.665294097699225,0.8882766557857394,0.9447813357040286,0.9448832971975207,1,COMPLIANT_ALIGNMENT,jam,nominal,20260921,results/a2po_dual_panda_dynamic_vertical/formal/seed_20260921/checkpoint_best.pt
41000008,no_staged_alignment_recovery,0,1600,12.8,0.0,0.0,0.0,0.0,0.02625679339392482,0.0261421843255928,0.026199488859758813,0.02625679339392482,3.6260292610928,125.29185259819803,15.02812203329619,16.05139870044987,0.0,1498,0.051478954733465795,0.05544062703847885,0.10515509721357376,0.10709083080291748,0.4545368801616132,0.6939477349072695,0.6653948535025119,0.8885770696774125,0.9451557680219412,0.945257150158286,1,COMPLIANT_ALIGNMENT,jam,nominal,20260921,results/a2po_dual_panda_dynamic_vertical/formal/seed_20260921/checkpoint_best.pt
41000009,no_staged_alignment_recovery,0,1600,12.8,0.0,0.0,0.0,0.0,0.02040510981880074,0.020332359995452482,0.02036873490712661,0.02040510981880074,3.000708463341889,241.48500183899563,14.968508984917811,16.030531710755355,0.0,1494,0.04897335457499139,0.05504387244582176,0.10476916230938514,0.10708227008581161,0.45432617485523225,0.6941749207302927,0.6654818413034082,0.8887953660264611,0.9453610920161009,0.9454636902734638,1,COMPLIANT_ALIGNMENT,jam,nominal,20260921,results/a2po_dual_panda_dynamic_vertical/formal/seed_20260921/checkpoint_best.pt
41000010,no_staged_alignment_recovery,0,1600,12.8,0.0,0.0,0.0,0.0,0.022208160439928945,0.02212256566891995,0.022165363054424448,0.022208160439928945,3.0720083246738157,266.6843742363853,15.611915186126044,16.71958788340138,0.0,1494,0.04998676469840575,0.055340081453323364,0.10496963410580065,0.10703985393047333,0.4545087080076337,0.6939857315644622,0.6654157255962491,0.8886229738220572,0.9451821069419384,0.9452842378616333,1,COMPLIANT_ALIGNMENT,jam,nominal,20260921,results/a2po_dual_panda_dynamic_vertical/formal/seed_20260921/checkpoint_best.pt
41000011,no_staged_alignment_recovery,0,1600,12.8,0.0,0.0,0.0,0.0,0.021000701560233325,0.020716223090501383,0.020858462325367352,0.021000701560233325,2.9220407269600313,682.4625771839143,15.03339749813827,16.164943546385235,0.0,1488,0.048281126663205214,0.05514754727482796,0.10478335317704478,0.10708603262901306,0.45458100240677596,0.6939327051490545,0.6654160608723759,0.8886021778360009,0.9451107129827142,0.9452128662168979,1,COMPLIANT_ALIGNMENT,jam,nominal,20260921,results/a2po_dual_panda_dynamic_vertical/formal/seed_20260921/checkpoint_best.pt
41000012,no_staged_alignment_recovery,0,1600,12.8,0.0,0.0,0.0,0.0,0.02221453723855603,0.022198531711210397,0.022206534474883213,0.02221453723855603,3.0642631797989126,41.45887395106043,14.64745492021052,15.749951527108086,0.0,1488,0.049014421222382226,0.05529378727078438,0.10482993159792386,0.10702681541442871,0.45470255287364125,0.6938067416101694,0.66536960657686,0.8884851120784879,0.9449902767688036,0.9450926510617137,1,COMPLIANT_ALIGNMENT,jam,nominal,20260921,results/a2po_dual_panda_dynamic_vertical/formal/seed_20260921/checkpoint_best.pt
41000013,no_staged_alignment_recovery,0,1600,12.8,0.0,0.0,0.0,0.0,0.021588356489269198,0.021318282946060276,0.02145331971766474,0.021588356489269198,3.0785049561657982,109.55483225536811,14.862134016610527,15.927270212040753,0.0,1493,0.04928476887929719,0.055176906287670135,0.10484099111708929,0.10706266015768051,0.4543631205707788,0.6941389371082187,0.6654709585383535,0.888765556961298,0.9453259611874819,0.9454281472414732,1,COMPLIANT_ALIGNMENT,jam,nominal,20260921,results/a2po_dual_panda_dynamic_vertical/formal/seed_20260921/checkpoint_best.pt
41000014,no_staged_alignment_recovery,0,1600,12.8,0.0,0.0,0.0,0.0,0.022570847707010965,0.02228184518577264,0.022426346446391802,0.022570847707010965,3.209211067916044,161.25988804271273,14.960927880025539,16.011695389993886,0.0,1495,0.04992308916873298,0.055227480828762054,0.10497225535684265,0.10709401965141296,0.45440393026918174,0.6940952982753515,0.665455991588533,0.8887240970134735,0.9452872827276587,0.9453887586668134,1,COMPLIANT_ALIGNMENT,jam,nominal,20260921,results/a2po_dual_panda_dynamic_vertical/formal/seed_20260921/checkpoint_best.pt
41000015,no_staged_alignment_recovery,0,1600,12.8,0.0,0.0,0.0,0.0,0.025652856370843743,0.025697906541643382,0.02567538145624356,0.025697906541643382,3.554808165729381,447.8076896023772,15.198848906258123,16.244594689387437,0.0,1497,0.051120549126062544,0.055447015911340714,0.10519442124525086,0.10704650729894638,0.45454991292208435,0.6939360143244266,0.6653958749771118,0.8885706932097673,0.9451436425372958,0.9452445859834552,1,COMPLIANT_ALIGNMENT,jam,nominal,20260921,results/a2po_dual_panda_dynamic_vertical/formal/seed_20260921/checkpoint_best.pt
41000016,no_staged_alignment_recovery,0,1600,12.8,0.0,0.0,0.0,0.0,0.021447545473002774,0.021112850090384463,0.02128019778169362,0.021447545473002774,2.958678656270366,461.4252910028829,14.992460974016208,16.08848930813275,0.0,1491,0.04935908620042028,0.05531226843595505,0.10487645405111834,0.1070922389626503,0.4545739698596299,0.6939301394298673,0.6654020419344306,0.8885841616615653,0.9451174177601933,0.9452195914462209,1,COMPLIANT_ALIGNMENT,jam,nominal,20260921,results/a2po_dual_panda_dynamic_vertical/formal/seed_20260921/checkpoint_best.pt
41000017,no_staged_alignment_recovery,0,1600,12.8,0.0,0.0,0.0,0.0,0.02459758764022599,0.024451074643284845,0.024524331141755416,0.02459758764022599,3.2691147562872223,342.2467902209543,14.85598424232132,15.963448480667639,0.0,1489,0.050130604144942484,0.055579036474227905,0.10511030058776669,0.10704072564840317,0.4548781879618764,0.693610888235271,0.6652976390719414,0.8882943319529295,0.9448164935410023,0.9449185329675674,1,COMPLIANT_ALIGNMENT,jam,nominal,20260921,results/a2po_dual_panda_dynamic_vertical/formal/seed_20260921/checkpoint_best.pt
41000018,no_staged_alignment_recovery,0,1600,12.8,0.0,0.0,0.0,0.0,0.023143788621662123,0.023279042681283776,0.02321141565147295,0.023279042681283776,3.331860086078362,67.91194956622577,14.944436721056793,15.983354781878923,0.0,1496,0.05010915878927335,0.055196844041347504,0.10497036724933423,0.10707992315292358,0.4544425625912845,0.6940519182011485,0.6654389795288443,0.8886811995878816,0.9452478292956948,0.9453497420623899,1,COMPLIANT_ALIGNMENT,jam,nominal,20260921,results/a2po_dual_panda_dynamic_vertical/formal/seed_20260921/checkpoint_best.pt
41000019,no_staged_alignment_recovery,0,1600,12.8,0.0,0.0,0.0,0.0,0.024717381357608124,0.023937698835250886,0.024327540096429505,0.024717381357608124,3.287163826096753,212.78487493034405,15.02446375445074,16.079693650248277,0.0,1495,0.05100317932781764,0.055590417236089706,0.10522698774118908,0.10709868371486664,0.4546681414730847,0.6938092873618007,0.6653527750819922,0.8884545088931918,0.9450245266780257,0.9451263990998268,1,COMPLIANT_ALIGNMENT,jam,nominal,20260921,results/a2po_dual_panda_dynamic_vertical/formal/seed_20260921/checkpoint_best.pt
41000020,no_staged_alignment_recovery,0,1600,12.8,0.0,0.0,0.0,0.0,0.028166999286377753,0.028000433543971994,0.028083716415174875,0.028166999286377753,3.815344220193606,48.330054628075445,14.959351858476666,15.999306800509803,0.0,1496,0.051621046640211714,0.055474162101745605,0.10518195659271441,0.10701768100261688,0.45459503224119546,0.6938851647824049,0.6653727912157774,0.8885198209434748,0.9450973061099649,0.9451989834010601,1,COMPLIANT_ALIGNMENT,jam,nominal,20260921,results/a2po_dual_panda_dynamic_vertical/formal/seed_20260921/checkpoint_best.pt
41000021,no_staged_alignment_recovery,0,1600,12.8,0.0,0.0,0.0,0.0,0.023999143143277946,0.02345159336860653,0.023725368255942236,0.023999143143277946,3.2544957885189083,67.90369642911479,14.906865836397563,15.95383634664622,0.0,1495,0.05077388846373651,0.05547104403376579,0.10509852578747086,0.10707350820302963,0.45457573417574165,0.6939106475561857,0.6653863956406713,0.8885491275042295,0.945116192959249,0.9452181103080511,1,COMPLIANT_ALIGNMENT,jam,nominal,20260921,results/a2po_dual_panda_dynamic_vertical/formal/seed_20260921/checkpoint_best.pt
41000022,no_staged_alignment_recovery,0,1600,12.8,0.0,0.0,0.0,0.0,0.023527850075478817,0.023404661710545078,0.023466255893011947,0.023527850075478817,3.040536028092236,374.722095720977,15.269009482627323,16.39625179342531,0.0,1490,0.050448581493692475,0.05569733679294586,0.10510677814629162,0.10708486288785934,0.45489732656627896,0.6935837053880095,0.665278184786439,0.8882585296779871,0.9447959142178297,0.9448985758051276,1,COMPLIANT_ALIGNMENT,jam,nominal,20260921,results/a2po_dual_panda_dynamic_vertical/formal/seed_20260921/checkpoint_best.pt
41000023,no_staged_alignment_recovery,0,1600,12.8,0.0,0.0,0.0,0.0,0.022309884311949645,0.022277264493608978,0.022293574402779313,0.022309884311949645,3.1359735836224103,303.6019098224459,14.90783137950963,15.997672841861439,0.0,1491,0.049291930055478585,0.0552232563495636,0.1049079640317359,0.10708819329738617,0.4545807865820825,0.6939229529350996,0.6654040729999542,0.8885804373398423,0.9451109383627773,0.9452129032090306,1,COMPLIANT_ALIGNMENT,jam,nominal,20260921,results/a2po_dual_panda_dynamic_vertical/formal/seed_20260921/checkpoint_best.pt
41000024,no_staged_alignment_recovery,0,1600,12.8,0.0,0.0,0.0,0.0,0.025927290881641998,0.025751193364711798,0.025839242123176898,0.025927290881641998,3.565285160655764,130.07298598641682,15.008471868875954,16.051841570990327,0.0,1496,0.05103513547277544,0.05547541007399559,0.10523274641833268,0.10709769278764725,0.45459617353975773,0.6938859267532825,0.6653808388486504,0.8885258079320192,0.9450972439721227,0.9451983860880137,1,COMPLIANT_ALIGNMENT,jam,nominal,20260921,results/a2po_dual_panda_dynamic_vertical/formal/seed_20260921/checkpoint_best.pt
41000025,no_staged_alignment_recovery,0,1600,12.8,0.0,0.0,0.0,0.0,0.023369531592803177,0.02285551855238106,0.023112525072592118,0.023369531592803177,3.0882136548148957,549.9163559166749,15.025413498718473,16.123850836988304,0.0,1491,0.050340844410820866,0.055630821734666824,0.10513598934063338,0.10704633593559265,0.454827913120389,0.6936556280404329,0.6653061356395483,0.8883261401206255,0.9448656327277422,0.9449678072333336,1,COMPLIANT_ALIGNMENT,jam,nominal,20260921,results/a2po_dual_panda_dynamic_vertical/formal/seed_20260921/checkpoint_best.pt
41000026,no_staged_alignment_recovery,0,1600,12.8,0.0,0.0,0.0,0.0,0.02563075299236625,0.025209159398372427,0.02541995619536934,0.02563075299236625,3.4694809147941763,63.94281704594394,14.842061025062751,15.905758633690823,0.0,1493,0.05060335393762216,0.05541129410266876,0.10510532857268118,0.10707053542137146,0.4545985736511648,0.6938898457586765,0.6653856601566076,0.8885373578593135,0.9450937039777636,0.9451956399530173,1,COMPLIANT_ALIGNMENT,jam,nominal,20260921,results/a2po_dual_panda_dynamic_vertical/formal/seed_20260921/checkpoint_best.pt
41000027,no_staged_alignment_recovery,0,1600,12.8,0.0,0.0,0.0,0.0,0.0217566727337286,0.02157433224168188,0.02166550248770524,0.0217566727337286,2.945551126095784,486.39075608157503,14.922685798504663,16.035122416123208,0.0,1489,0.04937652019667439,0.05550453066825867,0.10500612320916844,0.1070445328950882,0.45480919277295473,0.6936907107383012,0.6653292167931795,0.88837486743927,0.9448854940384627,0.944987489245832,1,COMPLIANT_ALIGNMENT,jam,nominal,20260921,results/a2po_dual_panda_dynamic_vertical/formal/seed_20260921/checkpoint_best.pt
41000028,no_staged_alignment_recovery,0,1600,12.8,0.0,0.0,0.0,0.0,0.023333296561122194,0.02336755972410195,0.023350428142612074,0.02336755972410195,3.177933457450716,136.1809710765475,14.730207008727689,15.828294972440768,0.0,1489,0.04961401726730401,0.055398017168045044,0.10495210948851309,0.107081837952137,0.4547847068682313,0.6937162997201085,0.665336265526712,0.8883976033329963,0.9449091313034296,0.9450113558769226,1,COMPLIANT_ALIGNMENT,jam,nominal,20260921,results/a2po_dual_panda_dynamic_vertical/formal/seed_20260921/checkpoint_best.pt
41000029,no_staged_alignment_recovery,0,1600,12.8,0.0,0.0,0.0,0.0,0.02438584413287532,0.02405381850545256,0.02421983131916394,0.02438584413287532,3.3536133974832607,119.02477223353658,14.871639833567915,15.937457289824957,0.0,1493,0.05015442725096363,0.05535291135311127,0.1050663858174812,0.10708656907081604,0.45454921236261725,0.6939441110938788,0.6654070776700973,0.8885899156332016,0.9451430884003639,0.9452447875216603,1,COMPLIANT_ALIGNMENT,jam,nominal,20260921,results/a2po_dual_panda_dynamic_vertical/formal/seed_20260921/checkpoint_best.pt
41000030,no_staged_alignment_recovery,0,1600,12.8,0.0,0.0,0.0,0.0,0.0206433272814588,0.02069255728819429,0.020667942284826546,0.02069255728819429,2.9452752997325327,102.08689529638703,14.710257422515978,15.806858210896957,0.0,1489,0.04840515634976327,0.05514664947986603,0.10474637145060114,0.1070699542760849,0.4545663084834814,0.6939446364715696,0.6654150057211519,0.8886068948730826,0.9451242350414395,0.9452267315238714,1,COMPLIANT_ALIGNMENT,jam,nominal,20260921,results/a2po_dual_panda_dynamic_vertical/formal/seed_20260921/checkpoint_best.pt
41000031,no_staged_alignment_recovery,0,1600,12.8,0.0,0.0,0.0,0.0,0.026371220324260612,0.026505302246786273,0.026438261285523443,0.026505302246786273,3.596425999988135,89.62839394321054,14.907952538933568,15.954999372771713,0.0,1495,0.05123098137322813,0.05559512600302696,0.1052081912808353,0.10708539187908173,0.45474679945036767,0.6937226286530495,0.6653196870908141,0.8883703497052192,0.9449445335939527,0.9450471450760961,1,COMPLIANT_ALIGNMENT,jam,nominal,20260921,results/a2po_dual_panda_dynamic_vertical/formal/seed_20260921/checkpoint_best.pt
41000032,no_staged_alignment_recovery,0,1600,12.8,0.0,0.0,0.0,0.0,0.022230015718959835,0.022202843361633685,0.02221642954029676,0.022230015718959835,2.9069784945319137,45.65395439793145,14.864553301738118,15.983390647030234,0.0,1488,0.049703327458992135,0.05558117479085922,0.10494396522728494,0.10702085494995117,0.45490612849593165,0.6935940281301737,0.6652909005060792,0.8882856997847557,0.9447884849831462,0.9448911065235734,1,COMPLIANT_ALIGNMENT,jam,nominal,20260921,results/a2po_dual_panda_dynamic_vertical/formal/seed_20260921/checkpoint_best.pt
41000033,no_staged_alignment_recovery,0,1600,12.8,0.0,0.0,0.0,0.0,0.028630012076232017,0.02835400334639068,0.02849200771131135,0.028630012076232017,3.844336535258373,122.61096614481852,14.987631931680134,16.0295528681071,0.0,1496,0.05180994508555159,0.05558203160762787,0.10529039271641523,0.1070914939045906,0.4546822483837605,0.6937873793765903,0.6653385964035988,0.8884258308634162,0.9450101054087281,0.9451119082421064,1,COMPLIANT_ALIGNMENT,jam,nominal,20260921,results/a2po_dual_panda_dynamic_vertical/formal/seed_20260921/checkpoint_best.pt
41000034,no_staged_alignment_recovery,0,1600,12.8,0.0,0.0,0.0,0.0,0.0224374984865404,0.02194064383164486,0.02218907115909263,0.0224374984865404,3.0405639990420656,257.73054711994587,14.858644732213474,15.944890390034583,0.0,1491,0.04985873002908193,0.05548637732863426,0.10506158271164168,0.10707870870828629,0.454697329737246,0.6937975939363241,0.665358730070293,0.8884622039273381,0.9449961085617542,0.9450978944078088,1,COMPLIANT_ALIGNMENT,jam,nominal,20260921,results/a2po_dual_panda_dynamic_vertical/formal/seed_20260921/checkpoint_best.pt
41000035,no_staged_alignment_recovery,0,1600,12.8,0.0,0.0,0.0,0.0,0.024244521234648864,0.023906246030548587,0.024075383632598726,0.024244521234648864,3.3944952851083947,280.5949933502733,15.071074064626307,16.118795791044178,0.0,1496,0.05023171509325039,0.05522311478853226,0.10505882722121897,0.10707349330186844,0.454394626300782,0.694106601215899,0.6654626396298409,0.8887365474924445,0.9452987966313958,0.9453992982208729,1,COMPLIANT_ALIGNMENT,jam,nominal,20260921,results/a2po_dual_panda_dynamic_vertical/formal/seed_20260921/checkpoint_best.pt
41000036,no_staged_alignment_recovery,0,1600,12.8,0.0,0.0,0.0,0.0,0.023768227993900434,0.02301485410054444,0.023391541047222436,0.023768227993900434,3.205387133420076,497.30901528865746,15.18308836341619,16.24945911803739,0.0,1495,0.05062852497445419,0.05550557002425194,0.10518269550520927,0.10708902776241302,0.4545970221422613,0.693888565376401,0.6653836029022933,0.8885319635644555,0.9450961461290717,0.9451975777372718,1,COMPLIANT_ALIGNMENT,jam,nominal,20260921,results/a2po_dual_panda_dynamic_vertical/formal/seed_20260921/checkpoint_best.pt
41000037,no_staged_alignment_recovery,0,1600,12.8,0.0,0.0,0.0,0.0,0.02447543723568013,0.024546722618486734,0.024511079927083432,0.024546722618486734,3.5357737551115003,553.4921721745818,15.325565668601143,16.36909550718413,0.0,1498,0.05042537185305264,0.05498382821679115,0.10478767462482211,0.10708995908498764,0.4542407335527241,0.694258369281888,0.6655006519705057,0.8888597523421049,0.9454468115419149,0.9455488869920373,1,COMPLIANT_ALIGNMENT,jam,nominal,20260921,results/a2po_dual_panda_dynamic_vertical/formal/seed_20260921/checkpoint_best.pt
41000038,no_staged_alignment_recovery,0,1600,12.8,0.0,0.0,0.0,0.0,0.022220871697943737,0.02215635199416506,0.022188611846054397,0.022220871697943737,3.267182126593078,143.58664164975048,15.058482068978314,16.083825974876707,0.0,1498,0.050109109908225945,0.055041685700416565,0.1048170534192468,0.10709510743618011,0.4542698794417083,0.6942289862036705,0.6654934243485332,0.8888352322205901,0.9454181294888258,0.9455202013999223,1,COMPLIANT_ALIGNMENT,jam,nominal,20260921,results/a2po_dual_panda_dynamic_vertical/formal/seed_20260921/checkpoint_best.pt
41000039,no_staged_alignment_recovery,0,1600,12.8,0.0,0.0,0.0,0.0,0.021550017417315805,0.02117818597647359,0.021364101696894698,0.021550017417315805,2.9533577373728273,39.78482925177717,14.690447722347312,15.77497741997027,0.0,1490,0.04942626595526235,0.05536188557744026,0.1048630354780471,0.10702444612979889,0.4546524627506733,0.6938503422960639,0.6653760091215372,0.8885138587653637,0.9450390861555934,0.9451417011022568,1,COMPLIANT_ALIGNMENT,jam,nominal,20260921,results/a2po_dual_panda_dynamic_vertical/formal/seed_20260921/checkpoint_best.pt
41000040,no_staged_alignment_recovery,0,1600,12.8,0.0,0.0,0.0,0.0,0.02179406090355591,0.021506139243548578,0.021650100073552246,0.02179406090355591,2.9605967175728227,477.01159200623226,14.959581013089641,16.06397961137143,0.0,1490,0.04955896401894279,0.05550799146294594,0.10503483700143988,0.1070442944765091,0.4547795416414738,0.6937166264280676,0.6653349836170673,0.8883933344855904,0.9449146554991603,0.9450165491178631,1,COMPLIANT_ALIGNMENT,jam,nominal,20260921,results/a2po_dual_panda_dynamic_vertical/formal/seed_20260921/checkpoint_best.pt
41000041,no_staged_alignment_recovery,0,1600,12.8,0.0,0.0,0.0,0.0,0.02586022345763452,0.02545641059531265,0.025658317026473584,0.02586022345763452,3.4065411995840913,447.44365812310696,15.22705625202565,16.2747428211363,0.0,1497,0.05169795128633268,0.0556870698928833,0.10526200414940831,0.10707317292690277,0.4547412716783583,0.6937224672362209,0.6653116392344236,0.888360998891294,0.9449498986080289,0.9450523997470737,1,COMPLIANT_ALIGNMENT,jam,nominal,20260921,results/a2po_dual_panda_dynamic_vertical/formal/seed_20260921/checkpoint_best.pt
41000042,no_staged_alignment_recovery,0,1600,12.8,0.0,0.0,0.0,0.0,0.02203916642910927,0.02137540260613812,0.021707284517623694,0.02203916642910927,3.075818341180209,226.13938413985724,14.97557506335226,16.038099130765474,0.0,1494,0.04979782529931981,0.055341482162475586,0.10504555233346764,0.10704685002565384,0.4544777171127498,0.6940196507424116,0.6654335530847311,0.8886586420983076,0.9452146959677339,0.9453160186111927,1,COMPLIANT_ALIGNMENT,jam,nominal,20260921,results/a2po_dual_panda_dynamic_vertical/formal/seed_20260921/checkpoint_best.pt
41000043,no_staged_alignment_recovery,0,1600,12.8,0.0,0.0,0.0,0.0,0.022012855425565313,0.02198000980740847,0.021996432616486893,0.022012855425565313,2.981283046558894,676.6935746436833,15.026729342234772,16.146922060158246,0.0,1489,0.04955871112149907,0.0555671826004982,0.10504473897541175,0.10707975178956985,0.45486650755628943,0.6936284911260009,0.6653058246523141,0.8883147308975459,0.9448283382505178,0.9449303709715605,1,COMPLIANT_ALIGNMENT,jam,nominal,20260921,results/a2po_dual_panda_dynamic_vertical/formal/seed_20260921/checkpoint_best.pt
41000044,no_staged_alignment_recovery,0,1600,12.8,0.0,0.0,0.0,0.0,0.026072178444300095,0.026005140358596,0.026038659401448047,0.026072178444300095,3.485189486926467,52.148411996955204,14.748009630900315,15.826167276620057,0.0,1491,0.05085481858754065,0.0555899515748024,0.10513554202043451,0.10704311728477478,0.4548456609621644,0.6936336569488049,0.6652954123541712,0.8883022866770625,0.9448470899090171,0.9449496084451675,1,COMPLIANT_ALIGNMENT,jam,nominal,20260921,results/a2po_dual_panda_dynamic_vertical/formal/seed_20260921/checkpoint_best.pt
41000045,no_staged_alignment_recovery,0,1600,12.8,0.0,0.0,0.0,0.0,0.022674455010434885,0.022623450544878576,0.02264895277765673,0.022674455010434885,3.0133406927593156,147.36627713755297,14.669098786553912,15.773224501670873,0.0,1488,0.04979201357695274,0.055648740381002426,0.10506667509500403,0.10708143562078476,0.4549778091534972,0.6935152661427856,0.6652669782936573,0.8882122847065329,0.9447177082300187,0.9448200413584709,1,COMPLIANT_ALIGNMENT,jam,nominal,20260921,results/a2po_dual_panda_dynamic_vertical/formal/seed_20260921/checkpoint_best.pt
41000046,no_staged_alignment_recovery,0,1600,12.8,0.0,0.0,0.0,0.0,0.021594038439907974,0.021205592709501373,0.021399815574704675,0.021594038439907974,2.991163055400478,173.30048389542503,14.810164055109484,15.892865518561482,0.0,1491,0.04948686585703399,0.05536926910281181,0.10497345815238077,0.10708975046873093,0.45462186524644493,0.6938787729293108,0.6653875800222159,0.88853839520365,0.9450706381350755,0.9451725288107992,1,COMPLIANT_ALIGNMENT,jam,nominal,20260921,results/a2po_dual_panda_dynamic_vertical/formal/seed_20260921/checkpoint_best.pt
41000047,no_staged_alignment_recovery,0,1600,12.8,0.0,0.0,0.0,0.0,0.020585146870383347,0.020358720331688496,0.02047193360103592,0.020585146870383347,2.9136838250779302,151.11865272168208,14.74391392867201,15.843023697699945,0.0,1489,0.04840409743716009,0.055189378559589386,0.10481388786502066,0.10708609968423843,0.4545568318851292,0.6939536368101835,0.6654203966632486,0.8886162731423974,0.9451343217119574,0.9452365785837173,1,COMPLIANT_ALIGNMENT,jam,nominal,20260921,results/a2po_dual_panda_dynamic_vertical/formal/seed_20260921/checkpoint_best.pt
41000048,no_staged_alignment_recovery,0,1600,12.8,0.0,0.0,0.0,0.0,0.023521600594883584,0.023552315679861973,0.023536958137372777,0.023552315679861973,3.3910323000194684,88.35699178712568,15.041963605023593,16.0876616096509,0.0,1496,0.050003168164985255,0.05502493306994438,0.10480542990204413,0.10707640647888184,0.4542960804514587,0.6942025075852871,0.6654850162565709,0.888813347555697,0.9453915750980377,0.9454938660934568,1,COMPLIANT_ALIGNMENT,jam,nominal,20260921,results/a2po_dual_panda_dynamic_vertical/formal/seed_20260921/checkpoint_best.pt
41000049,no_staged_alignment_recovery,0,1600,12.8,0.0,0.0,0.0,0.0,0.025541059118951718,0.025052229690182358,0.02529664440456704,0.025541059118951718,3.4275726031338123,72.25916754885765,14.938084500936203,15.976560963568135,0.0,1496,0.0514216229779413,0.05562495067715645,0.10522319997427985,0.10708896815776825,0.45472751488909124,0.6937407704070211,0.665322949513793,0.8883837569877505,0.94496368303895,0.9450662723183632,1,COMPLIANT_ALIGNMENT,jam,nominal,20260921,results/a2po_dual_panda_dynamic_vertical/formal/seed_20260921/checkpoint_best.pt
41000050,no_staged_alignment_recovery,0,1600,12.8,0.0,0.0,0.0,0.0,0.02575527809876852,0.02533839209450962,0.02554683509663907,0.02575527809876852,3.444743728187986,53.011229155099585,14.749825679454093,15.828116087945372,0.0,1491,0.05058492957352428,0.05548958107829094,0.10513469370431267,0.10705015063285828,0.4546990269050002,0.6937906623631716,0.6653529430180788,0.8884513171762228,0.9449944389611482,0.9450960795208811,1,COMPLIANT_ALIGNMENT,jam,nominal,20260921,results/a2po_dual_panda_dynamic_vertical/formal/seed_20260921/checkpoint_best.pt
41000051,no_staged_alignment_recovery,0,1600,12.8,0.0,0.0,0.0,0.0,0.021315199342226948,0.020878627381480205,0.021096913361853577,0.021315199342226948,2.881713703299091,594.1969134663913,15.160565747298646,16.26888343103812,0.0,1491,0.04942010317288805,0.05535555258393288,0.1049341984698549,0.1070714145898819,0.45460241245105865,0.6938996937870979,0.6653926943987608,0.8885567440092563,0.9450895956158638,0.9451916731521487,1,COMPLIANT_ALIGNMENT,jam,nominal,20260921,results/a2po_dual_panda_dynamic_vertical/formal/seed_20260921/checkpoint_best.pt
41000052,no_staged_alignment_recovery,0,1600,12.8,0.0,0.0,0.0,0.0,0.02307824464291403,0.023133880503982983,0.023106062573448508,0.023133880503982983,3.2563438597193706,228.773742983137,14.982539470371757,16.034824851233992,0.0,1495,0.05018747368303593,0.05528847873210907,0.10496259295265191,0.1070871353149414,0.45448668222874405,0.6940071492269635,0.6654212906584144,0.8886403700709343,0.945203820168972,0.9453059906512499,1,COMPLIANT_ALIGNMENT,jam,nominal,20260921,results/a2po_dual_panda_dynamic_vertical/formal/seed_20260921/checkpoint_best.pt
41000053,no_staged_alignment_recovery,0,1600,12.8,0.0,0.0,0.0,0.0,0.02267287662537273,0.02265191130790781,0.02266239396664027,0.02267287662537273,3.1683539658891107,111.04816850401602,15.366614865521992,16.43488220911443,0.0,1496,0.05031904853414744,0.055279169231653214,0.10493737515469548,0.10709458589553833,0.45443579377606513,0.6940575176849961,0.6654340521991253,0.8886809252947568,0.9452540207654238,0.9453561681136489,1,COMPLIANT_ALIGNMENT,jam,nominal,20260921,results/a2po_dual_panda_dynamic_vertical/formal/seed_20260921/checkpoint_best.pt
41000054,no_staged_alignment_recovery,0,1600,12.8,0.0,0.0,0.0,0.0,0.02228002217514996,0.022244094502006755,0.022262058338578358,0.02228002217514996,3.1644676933350016,483.8322267962238,15.82370157298028,16.912439890960886,0.0,1497,0.050118909480515866,0.055079080164432526,0.10475124979406246,0.10704536736011505,0.45427194219082595,0.6942245386913419,0.6654857869446278,0.8888266129046678,0.9454143879562616,0.9455171214416623,1,COMPLIANT_ALIGNMENT,jam,nominal,20260921,results/a2po_dual_panda_dynamic_vertical/formal/seed_20260921/checkpoint_best.pt
41000055,no_staged_alignment_recovery,0,1600,12.8,0.0,0.0,0.0,0.0,0.023375009323746542,0.02306394842087787,0.023219478872312207,0.023375009323746542,3.160804474276126,102.43538080333428,14.721630580646021,15.819079200156905,0.0,1489,0.049524935075023674,0.055402930825948715,0.1050115127058234,0.10707039386034012,0.45471915006637575,0.6937806242331862,0.665359560623765,0.8884554505348206,0.944974647425115,0.9450764768570662,1,COMPLIANT_ALIGNMENT,jam,nominal,20260921,results/a2po_dual_panda_dynamic_vertical/formal/seed_20260921/checkpoint_best.pt
41000056,no_staged_alignment_recovery,0,1600,12.8,0.0,0.0,0.0,0.0,0.024075904875403325,0.023745637406980102,0.023910771141191715,0.024075904875403325,3.180071666128417,223.84285298782666,14.927487018237606,15.997306918406007,0.0,1493,0.05079883288999554,0.05568379908800125,0.10513787496027362,0.10705282539129257,0.45484789289534094,0.6936243190988898,0.6652895386517048,0.8882867893204093,0.9448439909145236,0.9449470506235957,1,COMPLIANT_ALIGNMENT,jam,nominal,20260921,results/a2po_dual_panda_dynamic_vertical/formal/seed_20260921/checkpoint_best.pt
41000057,no_staged_alignment_recovery,0,1600,12.8,0.0,0.0,0.0,0.0,0.021331554827925106,0.021057805468645083,0.021194680148285093,0.021331554827925106,2.9697019292460602,261.2196929250697,14.821150205458133,15.915329079686588,0.0,1490,0.04911963053542422,0.05535532906651497,0.10495795413618908,0.10707952827215195,0.4546208441071212,0.6938828675821423,0.6653929249569773,0.8885468501597643,0.9450719801336527,0.9451737775281072,1,COMPLIANT_ALIGNMENT,jam,nominal,20260921,results/a2po_dual_panda_dynamic_vertical/formal/seed_20260921/checkpoint_best.pt
41000058,no_staged_alignment_recovery,0,1600,12.8,0.0,0.0,0.0,0.0,0.023593519005120387,0.02319122252444539,0.02339237076478289,0.023593519005120387,3.3909438394811215,87.51232419683517,14.982617397414407,16.024189729854978,0.0,1496,0.04987403726321645,0.05485987290740013,0.1046787004423095,0.10707835108041763,0.45415273049846294,0.6943474554643035,0.665532384775579,0.8889414110034705,0.9455319954454899,0.9456347388029098,1,COMPLIANT_ALIGNMENT,jam,nominal,20260921,results/a2po_dual_panda_dynamic_vertical/formal/seed_20260921/checkpoint_best.pt
41000059,no_staged_alignment_recovery,0,1600,12.8,0.0,0.0,0.0,0.0,0.025796704109070787,0.025812190291778617,0.025804447200424702,0.025812190291778617,3.502881207356791,55.18620926677607,14.85030796683588,15.903944275058507,0.0,1494,0.051004880774416964,0.05558173730969429,0.1051980004075449,0.10705950111150742,0.45471417156979443,0.6937607793137431,0.6653357721120119,0.8884100272506475,0.9449778653681278,0.9450801548361778,1,COMPLIANT_ALIGNMENT,jam,nominal,20260921,results/a2po_dual_panda_dynamic_vertical/formal/seed_20260921/checkpoint_best.pt
41000060,no_staged_alignment_recovery,0,1600,12.8,0.0,0.0,0.0,0.0,0.021755909299956827,0.02172098664153439,0.02173844797074561,0.021755909299956827,2.9876554146443546,655.5047987329268,15.05290456251468,16.164192818807706,0.0,1490,0.049476476915879176,0.055443715304136276,0.10496108885577997,0.10708337277173996,0.45474583325907586,0.6937536239996552,0.6653462152928113,0.8884276701882482,0.9449475789815187,0.9450497452169657,1,COMPLIANT_ALIGNMENT,jam,nominal,20260921,results/a2po_dual_panda_dynamic_vertical/formal/seed_20260921/checkpoint_best.pt
41000061,no_staged_alignment_recovery,0,1600,12.8,0.0,0.0,0.0,0.0,0.020389996128760104,0.020199685207116496,0.0202948406679383,0.020389996128760104,2.87810903980979,396.3036622399397,15.098461015196374,16.19137910476823,0.0,1492,0.04909259653650224,0.055234186351299286,0.10482318294787546,0.1070849820971489,0.45450260169804096,0.6940025018155574,0.6654260696470737,0.8886475320160389,0.9451874455809594,0.945289739407599,1,COMPLIANT_ALIGNMENT,jam,nominal,20260921,results/a2po_dual_panda_dynamic_vertical/formal/seed_20260921/checkpoint_best.pt
41000062,no_staged_alignment_recovery,0,1600,12.8,0.0,0.0,0.0,0.0,0.02483797916426036,0.02469902880784591,0.024768503986053132,0.02483797916426036,3.5348946204281004,228.1614044607542,15.096577288229817,16.13528634680542,0.0,1497,0.05051470923237503,0.055091239511966705,0.1049417350096337,0.10708583146333694,0.45432981522753835,0.694170449078083,0.6654776864498854,0.8887876533344388,0.9453610312938691,0.9454622062295676,1,COMPLIANT_ALIGNMENT,jam,nominal,20260921,results/a2po_dual_panda_dynamic_vertical/formal/seed_20260921/checkpoint_best.pt
41000063,no_staged_alignment_recovery,0,1600,12.8,0.0,0.0,0.0,0.0,0.023930866724423093,0.02373707242665367,0.02383396957553838,0.023930866724423093,3.354580281886956,248.3665037523423,14.990929370021655,16.054542832687183,0.0,1494,0.05003282383317128,0.055225152522325516,0.10502083033090458,0.10708119720220566,0.45447455521672964,0.6940221785008908,0.6654337236657739,0.8886604398861527,0.9452172662690281,0.9453187204524874,1,COMPLIANT_ALIGNMENT,jam,nominal,20260921,results/a2po_dual_panda_dynamic_vertical/formal/seed_20260921/checkpoint_best.pt
41000064,no_staged_alignment_recovery,0,1600,12.8,0.0,0.0,0.0,0.0,0.02380414238866384,0.023608075411881466,0.02370610890027265,0.02380414238866384,3.3474162711392776,239.04240201991175,14.98979799181128,16.053331182662678,0.0,1494,0.049925555373192765,0.05518145486712456,0.10493142392369918,0.1070869043469429,0.45439605617895723,0.6941037734597921,0.6654581421613693,0.8887321991845966,0.9452945075184107,0.9453961612284183,1,COMPLIANT_ALIGNMENT,jam,nominal,20260921,results/a2po_dual_panda_dynamic_vertical/formal/seed_20260921/checkpoint_best.pt
41000065,no_staged_alignment_recovery,0,1600,12.8,0.0,0.0,0.0,0.0,0.023608355493305772,0.02327438534040835,0.02344137041685706,0.023608355493305772,3.135142221081602,578.1788600417342,14.955975922930543,16.08169454078553,0.0,1488,0.0496266443451168,0.05552951991558075,0.10507296766896616,0.10704778879880905,0.454871241543442,0.6936259677633643,0.6653097258508205,0.8883174251392484,0.9448243210092186,0.9449261790513992,1,COMPLIANT_ALIGNMENT,jam,nominal,20260921,results/a2po_dual_panda_dynamic_vertical/formal/seed_20260921/checkpoint_best.pt
41000066,no_staged_alignment_recovery,0,1600,12.8,0.0,0.0,0.0,0.0,0.02778287992226108,0.02733981908179325,0.027561349502027165,0.02778287992226108,3.758022864554593,50.75843791158022,14.949542583161573,15.98881559696425,0.0,1496,0.051525204960489644,0.05547865480184555,0.10525995721225627,0.10707180202007294,0.45460807042196394,0.6938706903904677,0.6653727574273944,0.8885088755190372,0.9450851681828499,0.9451864232495427,1,COMPLIANT_ALIGNMENT,jam,nominal,20260921,results/a2po_dual_panda_dynamic_vertical/formal/seed_20260921/checkpoint_best.pt
41000067,no_staged_alignment_recovery,0,1600,12.8,0.0,0.0,0.0,0.0,0.0220936091587045,0.021931341900861854,0.02201247552978318,0.0220936091587045,3.016825563162157,323.1362565614106,14.821528150919898,15.92642380219734,0.0,1489,0.049204644888231994,0.055419184267520905,0.104961803030601,0.1070873886346817,0.45470924401655793,0.6937938747182488,0.6653643958643078,0.8884691597148776,0.9449843869730831,0.9450863944366574,1,COMPLIANT_ALIGNMENT,jam,nominal,20260921,results/a2po_dual_panda_dynamic_vertical/formal/seed_20260921/checkpoint_best.pt
41000068,no_staged_alignment_recovery,0,1600,12.8,0.0,0.0,0.0,0.0,0.022000141241760075,0.021712288029105336,0.021856214635432705,0.022000141241760075,3.1161559248104176,96.05970233638298,14.849441191638398,15.913667720443025,0.0,1493,0.04911073729337659,0.055121198296546936,0.10493167300941422,0.10707475990056992,0.45441424652934076,0.6940879270806909,0.66546072576195,0.8887254439666867,0.9452765261754393,0.9453782214596868,1,COMPLIANT_ALIGNMENT,jam,nominal,20260921,results/a2po_dual_panda_dynamic_vertical/formal/seed_20260921/checkpoint_best.pt
41000069,no_staged_alignment_recovery,0,1600,12.8,0.0,0.0,0.0,0.0,0.0225289462571894,0.022458045359699173,0.022493495808444286,0.0225289462571894,2.9454989022170754,541.3059657029547,15.137753199395329,16.25530544901512,0.0,1490,0.050058059034054164,0.055599864572286606,0.10502392903690634,0.10704609751701355,0.454872333984822,0.6936183127760888,0.6652946726977825,0.8882982654497027,0.9448213807493449,0.9449239982664586,1,COMPLIANT_ALIGNMENT,jam,nominal,20260921,results/a2po_dual_panda_dynamic_vertical/formal/seed_20260921/checkpoint_best.pt
41000070,no_staged_alignment_recovery,0,1600,12.8,0.0,0.0,0.0,0.0,0.02527080334579869,0.02494143419053452,0.025106118768166603,0.02527080334579869,3.4232536223274,362.7942058832913,15.198667333970402,16.244400624150064,0.0,1497,0.051335883330320936,0.055503472685813904,0.1051218053343473,0.1070781946182251,0.4545908715762198,0.693890179656446,0.6653724544122815,0.88852280177176,0.9451007610931993,0.9452027592808008,1,COMPLIANT_ALIGNMENT,jam,nominal,20260921,results/a2po_dual_panda_dynamic_vertical/formal/seed_20260921/checkpoint_best.pt
41000071,no_staged_alignment_recovery,0,1600,12.8,0.0,0.0,0.0,0.0,0.023145497805795633,0.022657678931083773,0.022901588368439703,0.023145497805795633,3.2333147913476883,51.38883506464114,14.939200327669385,15.97775436114373,0.0,1496,0.05044471587636508,0.05526718124747276,0.10495017698616721,0.10705824196338654,0.4544420010969043,0.6940517013892531,0.6654338496178389,0.8886774373799562,0.9452480329573154,0.9453502163290978,1,COMPLIANT_ALIGNMENT,jam,nominal,20260921,results/a2po_dual_panda_dynamic_vertical/formal/seed_20260921/checkpoint_best.pt
41000072,no_staged_alignment_recovery,0,1600,12.8,0.0,0.0,0.0,0.0,0.024549486482402873,0.023996977289342834,0.024273231885872854,0.024549486482402873,3.2753797296131926,96.75774476717969,14.869013346344161,15.923976810007131,0.0,1494,0.050935861543985085,0.0556226447224617,0.10518446597561706,0.10704749077558517,0.45474766109138726,0.6937260103598237,0.6653236541897058,0.888378066085279,0.9449441811814904,0.9450467618182301,1,COMPLIANT_ALIGNMENT,jam,nominal,20260921,results/a2po_dual_panda_dynamic_vertical/formal/seed_20260921/checkpoint_best.pt
41000073,no_staged_alignment_recovery,0,1600,12.8,0.0,0.0,0.0,0.0,0.021235984490840243,0.02119510889287566,0.02121554669185795,0.021235984490840243,2.9605302191510354,589.4758017438747,15.577556598531528,16.70515452925633,0.0,1492,0.04938061562657822,0.05520882457494736,0.10479541641194373,0.10708393901586533,0.4544754986464977,0.6940282868593931,0.6654295810312033,0.8886664030700921,0.9452137976884842,0.9453162088245154,1,COMPLIANT_ALIGNMENT,jam,nominal,20260921,results/a2po_dual_panda_dynamic_vertical/formal/seed_20260921/checkpoint_best.pt
41000074,no_staged_alignment_recovery,0,1600,12.8,0.0,0.0,0.0,0.0,0.021835350360132618,0.02179773247112118,0.0218165414156269,0.021835350360132618,2.941395564631996,105.93160582938698,14.654795027895153,15.757844116016296,0.0,1488,0.049412402145972006,0.05552229657769203,0.10494839107006555,0.10706732422113419,0.4548950778506696,0.6936080884560942,0.6653011113405227,0.8883033895492554,0.9447999873012304,0.9449024043977261,1,COMPLIANT_ALIGNMENT,jam,nominal,20260921,results/a2po_dual_panda_dynamic_vertical/formal/seed_20260921/checkpoint_best.pt
41000075,no_staged_alignment_recovery,0,1600,12.8,0.0,0.0,0.0,0.0,0.02238781628104504,0.02240791972756409,0.022397868004304565,0.02240791972756409,3.1512197173108154,111.10211265385077,14.786288337868996,15.867244359886246,0.0,1491,0.04934597561106784,0.055246856063604355,0.10490498337021563,0.10707571357488632,0.45454866921529175,0.6939549940824509,0.66541249319911,0.8886071196943521,0.945142834149301,0.945244692787528,1,COMPLIANT_ALIGNMENT,jam,nominal,20260921,results/a2po_dual_panda_dynamic_vertical/formal/seed_20260921/checkpoint_best.pt
41000076,no_staged_alignment_recovery,0,1600,12.8,0.0,0.0,0.0,0.0,0.024810779865084707,0.02459887846981623,0.024704829167450468,0.024810779865084707,3.4313635489345122,133.80001014504086,14.935391965329263,15.995065023110323,0.0,1494,0.05035839721793309,0.055274832993745804,0.10503475787467323,0.10708734393119812,0.454510741494596,0.6939829134941101,0.665417341850698,0.8886222434788942,0.9451809192821383,0.9452826710045338,1,COMPLIANT_ALIGNMENT,jam,nominal,20260921,results/a2po_dual_panda_dynamic_vertical/formal/seed_20260921/checkpoint_best.pt
41000077,no_staged_alignment_recovery,0,1600,12.8,0.0,0.0,0.0,0.0,0.021319077132528137,0.02100382492585183,0.02116145102918998,0.021319077132528137,2.9793921369949885,385.5001390115311,15.293568000826554,16.378653816146244,0.0,1494,0.04950332418608014,0.05520593374967575,0.1048710833772202,0.10708709061145782,0.4543890130147338,0.6941108778864146,0.6654587331414222,0.8887371730059386,0.9453004013001919,0.9454025473818183,1,COMPLIANT_ALIGNMENT,jam,nominal,20260921,results/a2po_dual_panda_dynamic_vertical/formal/seed_20260921/checkpoint_best.pt
41000078,no_staged_alignment_recovery,0,1600,12.8,0.0,0.0,0.0,0.0,0.022721825982680438,0.022075898746147276,0.02239886236441386,0.022721825982680438,3.173404068802809,462.6263997848244,15.2847271305302,16.32547624088673,0.0,1498,0.05048807903076522,0.05520428717136383,0.10492783302848693,0.10704488307237625,0.4543331783078611,0.6941662154719234,0.6654728808254003,0.8887804655730724,0.94535745408386,0.9454588612169027,1,COMPLIANT_ALIGNMENT,jam,nominal,20260921,results/a2po_dual_panda_dynamic_vertical/formal/seed_20260921/checkpoint_best.pt
41000079,no_staged_alignment_recovery,0,1600,12.8,0.0,0.0,0.0,0.0,0.021736231040660598,0.021433577394088948,0.021584904217374773,0.021736231040660598,2.9894848297614263,255.2638596143535,14.825862186391515,15.920388924984172,0.0,1490,0.04937493066274328,0.05544567480683327,0.1050351598369889,0.10704268515110016,0.454696794282645,0.6938024254888296,0.6653661396354437,0.8884730457514525,0.9449970578029752,0.9450987366586924,1,COMPLIANT_ALIGNMENT,jam,nominal,20260921,results/a2po_dual_panda_dynamic_vertical/formal/seed_20260921/checkpoint_best.pt
41000080,no_staged_alignment_recovery,0,1600,12.8,0.0,0.0,0.0,0.0,0.022842694698506562,0.02269131237954256,0.022767003539024562,0.022842694698506562,3.1020151961355067,46.04881350246206,14.645882496676695,15.748260749114726,0.0,1488,0.04927946889976738,0.05541696026921272,0.1049237076661666,0.10703086853027344,0.4547265866026282,0.6937780591472983,0.6653588300570845,0.8884563565626741,0.9449670203775168,0.9450691211223602,1,COMPLIANT_ALIGNMENT,jam,nominal,20260921,results/a2po_dual_panda_dynamic_vertical/formal/seed_20260921/checkpoint_best.pt
41000081,no_staged_alignment_recovery,0,1600,12.8,0.0,0.0,0.0,0.0,0.02114996214016174,0.021050416426152223,0.021100189283156982,0.02114996214016174,3.079616199667903,295.1935017643478,15.06060607712632,16.11837439692449,0.0,1495,0.04941118926508352,0.05513870343565941,0.10490596867763088,0.10708744823932648,0.4543927316740155,0.6941071587055921,0.665461499877274,0.8887359276041389,0.9452972144261003,0.9453990722075105,1,COMPLIANT_ALIGNMENT,jam,nominal,20260921,results/a2po_dual_panda_dynamic_vertical/formal/seed_20260921/checkpoint_best.pt
41000082,no_staged_alignment_recovery,0,1600,12.8,0.0,0.0,0.0,0.0,0.024360368461725377,0.02436468688815332,0.02436252767493935,0.02436468688815332,3.2784030273534412,41.209076978834204,14.673093684688643,15.766924039960935,0.0,1489,0.05002414848771877,0.05548783019185066,0.10500255301914876,0.10702137649059296,0.45481888819485905,0.6936760504543781,0.6653187387809157,0.8883559496328235,0.9448748075217008,0.9449771614372731,1,COMPLIANT_ALIGNMENT,jam,nominal,20260921,results/a2po_dual_panda_dynamic_vertical/formal/seed_20260921/checkpoint_best.pt
41000083,no_staged_alignment_recovery,0,1600,12.8,0.0,0.0,0.0,0.0,0.023728130352704477,0.02351889377365941,0.023623512063181945,0.023728130352704477,3.1655100101038887,299.2555600858001,14.786380101894565,15.899333442897381,0.0,1488,0.04963145399466157,0.05552896857261658,0.10507320246542803,0.1070859283208847,0.4548445668630302,0.693651492036879,0.6653169115260243,0.8883387773111463,0.9448506557568908,0.9449524037539959,1,COMPLIANT_ALIGNMENT,jam,nominal,20260921,results/a2po_dual_panda_dynamic_vertical/formal/seed_20260921/checkpoint_best.pt
41000084,no_staged_alignment_recovery,0,1600,12.8,0.0,0.0,0.0,0.0,0.026252177017602556,0.02611419379254453,0.026183185405073542,0.026252177017602556,3.5115744483399394,523.662217796045,15.063291805086124,16.153664134140616,0.0,1492,0.05093626834161114,0.055593106895685196,0.10522518376586959,0.107047438621521,0.454797850959003,0.6936800152063369,0.6653110139071942,0.8883420260995627,0.9448955627530813,0.9449973658472299,1,COMPLIANT_ALIGNMENT,jam,nominal,20260921,results/a2po_dual_panda_dynamic_vertical/formal/seed_20260921/checkpoint_best.pt
41000085,no_staged_alignment_recovery,0,1600,12.8,0.0,0.0,0.0,0.0,0.020847051270788217,0.020553159609105323,0.02070010543994677,0.020847051270788217,2.8884778971440705,102.69222149551587,14.696156400465464,15.791706004529715,0.0,1489,0.0484762679898995,0.0552733950316906,0.10498325154010672,0.107073575258255,0.4545974631793797,0.6939097394421697,0.6654106123745441,0.8885790531709791,0.9450960851833224,0.9451974214613438,1,COMPLIANT_ALIGNMENT,jam,nominal,20260921,results/a2po_dual_panda_dynamic_vertical/formal/seed_20260921/checkpoint_best.pt
41000086,no_staged_alignment_recovery,0,1600,12.8,0.0,0.0,0.0,0.0,0.026170274543200665,0.02593488012148825,0.026052577332344458,0.026170274543200665,3.593896390436679,285.80553427073505,15.080245772889718,16.128605104694884,0.0,1496,0.05095985556195956,0.05536017194390297,0.10516708324663342,0.1070534735918045,0.4545315868780017,0.6939573460072279,0.6654062971100211,0.8885941449180246,0.9451617895811796,0.9452627605944872,1,COMPLIANT_ALIGNMENT,jam,nominal,20260921,results/a2po_dual_panda_dynamic_vertical/formal/seed_20260921/checkpoint_best.pt
41000087,no_staged_alignment_recovery,0,1600,12.8,0.0,0.0,0.0,0.0,0.02339318928174737,0.02351639854494473,0.02345479391334605,0.02351639854494473,3.252222949668225,306.8100434648738,14.91109731615626,16.001177535781366,0.0,1491,0.04976130983908661,0.05533355474472046,0.10499391745543107,0.10708843916654587,0.45466250520199536,0.6938358951732516,0.6653729223832489,0.8884990171343088,0.9450303862616419,0.9451321486756206,1,COMPLIANT_ALIGNMENT,jam,nominal,20260921,results/a2po_dual_panda_dynamic_vertical/formal/seed_20260921/checkpoint_best.pt
41000088,no_staged_alignment_recovery,0,1600,12.8,0.0,0.0,0.0,0.0,0.02662393218424003,0.026435274915784457,0.026529603550012243,0.02662393218424003,3.5734761461761315,344.84253877387164,15.024521869658521,16.090518735912745,0.0,1494,0.051067679880652576,0.05556957796216011,0.10524831833608914,0.10707901418209076,0.4547154781036079,0.6937587735801936,0.6653367833793163,0.8884088966995478,0.9449772348627448,0.9450791394338012,1,COMPLIANT_ALIGNMENT,jam,nominal,20260921,results/a2po_dual_panda_dynamic_vertical/formal/seed_20260921/checkpoint_best.pt
41000089,no_staged_alignment_recovery,0,1600,12.8,0.0,0.0,0.0,0.0,0.022346458493509296,0.022259533809778353,0.022302996151643825,0.022346458493509296,3.0730947958131627,73.20969669736705,15.190692973247415,16.268479757159213,0.0,1494,0.050078569900360886,0.055353064090013504,0.10496831381344236,0.10708250850439072,0.454525495134294,0.6939672923088074,0.6654079667478799,0.8886049272865058,0.9451650689169765,0.9452674249187112,1,COMPLIANT_ALIGNMENT,jam,nominal,20260921,results/a2po_dual_panda_dynamic_vertical/formal/seed_20260921/checkpoint_best.pt
41000090,no_staged_alignment_recovery,0,1600,12.8,0.0,0.0,0.0,0.0,0.02650016631203598,0.026144486295243186,0.026322326303639582,0.02650016631203598,3.5892943837893925,78.77757471265267,14.88351631997596,15.939508776413348,0.0,1494,0.05099404901440721,0.05547067150473595,0.1051959078235086,0.10708458721637726,0.45461879061535,0.6938640145212411,0.665374240167439,0.8885086567699909,0.9450741298869252,0.9451756688207388,1,COMPLIANT_ALIGNMENT,jam,nominal,20260921,results/a2po_dual_panda_dynamic_vertical/formal/seed_20260921/checkpoint_best.pt
41000091,no_staged_alignment_recovery,0,1600,12.8,0.0,0.0,0.0,0.0,0.022608985638780044,0.022407687068573965,0.022508336353677005,0.022608985638780044,3.2747922718524847,247.1540878107864,15.114865426887818,16.144048520040393,0.0,1498,0.05030196930165402,0.05511799082159996,0.10488024910810054,0.1070907935500145,0.45432277088984846,0.6941751588508487,0.6654756186902523,0.8887875350564718,0.9453664885833859,0.9454683465138077,1,COMPLIANT_ALIGNMENT,jam,nominal,20260921,results/a2po_dual_panda_dynamic_vertical/formal/seed_20260921/checkpoint_best.pt
41000092,no_staged_alignment_recovery,0,1600,12.8,0.0,0.0,0.0,0.0,0.023287124301056426,0.023185407168965947,0.023236265735011186,0.023287124301056426,3.3105936750655247,236.32242402731674,14.993449867546374,16.057242160692233,0.0,1494,0.0497098261420615,0.05508925020694733,0.10486512127579772,0.107086680829525,0.4543617032468319,0.6941388150677085,0.6654695365577936,0.8887633089721203,0.9453275552019477,0.9454295237362385,1,COMPLIANT_ALIGNMENT,jam,nominal,20260921,results/a2po_dual_panda_dynamic_vertical/formal/seed_20260921/checkpoint_best.pt
41000093,no_staged_alignment_recovery,0,1600,12.8,0.0,0.0,0.0,0.0,0.020718615374405443,0.02052260164867001,0.020620608511537727,0.020718615374405443,2.9197971698413596,104.99915517528758,14.684067210906205,15.789319581619576,0.0,1488,0.0482310359767871,0.0551241859793663,0.10470750254316954,0.10706982016563416,0.45453767167404296,0.6939757887274027,0.6654269699379802,0.8886376212537289,0.9451523198187352,0.9452549705654383,1,COMPLIANT_ALIGNMENT,jam,nominal,20260921,results/a2po_dual_panda_dynamic_vertical/formal/seed_20260921/checkpoint_best.pt
41000094,no_staged_alignment_recovery,0,1600,12.8,0.0,0.0,0.0,0.0,0.024227581638736086,0.02389231820576705,0.024059949922251567,0.024227581638736086,3.246747875552912,641.0035274573402,15.109762897581772,16.225248749081096,0.0,1490,0.04995526960905408,0.055489856749773026,0.10512850684317528,0.10708141326904297,0.45475755726918576,0.693733985312283,0.6653406259790063,0.8884064883366227,0.9449367396906019,0.9450383151322603,1,COMPLIANT_ALIGNMENT,jam,nominal,20260921,results/a2po_dual_panda_dynamic_vertical/formal/seed_20260921/checkpoint_best.pt
41000095,no_staged_alignment_recovery,0,1600,12.8,0.0,0.0,0.0,0.0,0.02391835701596029,0.023614425829319854,0.023766391422640074,0.02391835701596029,3.4175458333961966,352.9057479211395,15.240216363744665,16.288808404803916,0.0,1497,0.050148511109291576,0.05502587556838989,0.10488082453579409,0.10708881169557571,0.4542736950330436,0.6942291587218642,0.6654986253753304,0.8888417261838913,0.9454160669445991,0.945517454072833,1,COMPLIANT_ALIGNMENT,jam,nominal,20260921,results/a2po_dual_panda_dynamic_vertical/formal/seed_20260921/checkpoint_best.pt
41000096,no_staged_alignment_recovery,0,1600,12.8,0.0,0.0,0.0,0.0,0.02174208004776629,0.02168867563534723,0.021715377841556763,0.02174208004776629,3.043778135090776,127.63454145382804,15.446826401777757,16.54278597245275,0.0,1494,0.049692736947908996,0.05517042428255081,0.10478359802538761,0.10708606988191605,0.454398954603821,0.6940983614325523,0.6654491518437863,0.888721392378211,0.9452884713560343,0.945391502417624,1,COMPLIANT_ALIGNMENT,jam,nominal,20260921,results/a2po_dual_panda_dynamic_vertical/formal/seed_20260921/checkpoint_best.pt
41000097,no_staged_alignment_recovery,0,1600,12.8,0.0,0.0,0.0,0.0,0.02177142307832766,0.02171129786595888,0.02174136047214327,0.02177142307832766,3.0586742414087116,142.91465313747315,14.78396236269913,15.875395825717188,0.0,1490,0.04905134643195197,0.0552898570895195,0.10493251739389961,0.10708622634410858,0.4546134188771248,0.6938909790664911,0.6653963363170624,0.8885547392442823,0.9450791570171714,0.9451809365674854,1,COMPLIANT_ALIGNMENT,jam,nominal,20260921,results/a2po_dual_panda_dynamic_vertical/formal/seed_20260921/checkpoint_best.pt
41000098,no_staged_alignment_recovery,0,1600,12.8,0.0,0.0,0.0,0.0,0.021552189902765643,0.021266155907082477,0.02140917290492406,0.021552189902765643,2.9955414356193133,150.4745428633779,14.719886851561128,15.82783532425928,0.0,1488,0.04857214633288095,0.05517452955245972,0.10478079481341411,0.1070452556014061,0.4545604339800775,0.6939514462649822,0.6654191935434938,0.8886156550049782,0.945130670145154,0.9452329453453422,1,COMPLIANT_ALIGNMENT,jam,nominal,20260921,results/a2po_dual_panda_dynamic_vertical/formal/seed_20260921/checkpoint_best.pt
41000099,no_staged_alignment_recovery,0,1600,12.8,0.0,0.0,0.0,0.0,0.023037025160728353,0.0230720425641588,0.023054533862443577,0.0230720425641588,3.0952044346859675,277.56748134094283,14.771123081776233,15.882928044920682,0.0,1488,0.04948969813733129,0.0555264912545681,0.10501731803145958,0.10708237439393997,0.4548974736407399,0.6936024215817451,0.6653003568947315,0.8882969667762518,0.9447980431094766,0.9449001016840338,1,COMPLIANT_ALIGNMENT,jam,nominal,20260921,results/a2po_dual_panda_dynamic_vertical/formal/seed_20260921/checkpoint_best.pt
41000100,no_staged_alignment_recovery,0,1600,12.8,0.0,0.0,0.0,0.0,0.02841001643478876,0.02801714981031622,0.02821358312255249,0.02841001643478876,3.849230412203391,57.88175330960205,14.980486169912844,16.0112076632335,0.0,1497,0.05177366287796758,0.05551055073738098,0.10528191322693602,0.10708369314670563,0.45460027549415827,0.6938775401934981,0.6653721915557981,0.8885119133070112,0.9450933265313506,0.945194358304143,1,COMPLIANT_ALIGNMENT,jam,nominal,20260921,results/a2po_dual_panda_dynamic_vertical/formal/seed_20260921/checkpoint_best.pt
41000101,no_staged_alignment_recovery,0,1600,12.8,0.0,0.0,0.0,0.0,0.02390622692047394,0.023714850884340794,0.023810538902407367,0.02390622692047394,3.2510640840631893,100.40677907831278,14.785468778932023,15.877013453886736,0.0,1490,0.04984226370084798,0.05537540093064308,0.10498411155858775,0.10707014054059982,0.4546768830902874,0.693822298720479,0.6653685671836138,0.8884884451329708,0.9450159853696823,0.9451180040836334,1,COMPLIANT_ALIGNMENT,jam,nominal,20260921,results/a2po_dual_panda_dynamic_vertical/formal/seed_20260921/checkpoint_best.pt
41000102,no_staged_alignment_recovery,0,1600,12.8,0.0,0.0,0.0,0.0,0.021191386879775686,0.02111555421234151,0.021153470546058598,0.021191386879775686,2.997909152458502,249.07149888139074,14.85388815871946,15.939786085815651,0.0,1491,0.0491636772066704,0.05525634065270424,0.10487597110739444,0.10708451271057129,0.454535008687526,0.6939698940142989,0.6654173542559146,0.8886208693310619,0.9451561382040381,0.9452581446617841,1,COMPLIANT_ALIGNMENT,jam,nominal,20260921,results/a2po_dual_panda_dynamic_vertical/formal/seed_20260921/checkpoint_best.pt
41000103,no_staged_alignment_recovery,0,1600,12.8,0.0,0.0,0.0,0.0,0.02419261561808744,0.023696584872794742,0.02394460024544109,0.02419261561808744,3.3372825930526813,204.8092464190162,15.059919590449809,16.096106442698527,0.0,1497,0.05095700530218892,0.05546120926737785,0.10518259021220729,0.10705623030662537,0.45457528967410327,0.6939081311598421,0.6653866621106863,0.888544721417129,0.9451175055280328,0.9452188681811095,1,COMPLIANT_ALIGNMENT,jam,nominal,20260921,results/a2po_dual_panda_dynamic_vertical/formal/seed_20260921/checkpoint_best.pt
41000104,no_staged_alignment_recovery,0,1600,12.8,0.0,0.0,0.0,0.0,0.021733130152430842,0.02179664307544386,0.02176488661393735,0.02179664307544386,3.01362189937928,103.97204358747871,14.699472766851011,15.795269595004441,0.0,1489,0.04910450846480671,0.055387306958436966,0.1049356370206806,0.10707122832536697,0.4546941372565925,0.693809796012938,0.6653694839030504,0.8884833246469498,0.944999231621623,0.9451011887192726,1,COMPLIANT_ALIGNMENT,jam,nominal,20260921,results/a2po_dual_panda_dynamic_vertical/formal/seed_20260921/checkpoint_best.pt
41000105,no_staged_alignment_recovery,0,1600,12.8,0.0,0.0,0.0,0.0,0.022535304645299844,0.02200176502873904,0.02226853483701944,0.022535304645299844,3.156323326194906,83.7413053632076,14.97147874462221,16.01227673221627,0.0,1496,0.05024903047189582,0.05524718388915062,0.10493199736869428,0.10709027200937271,0.45438394099473955,0.6941134479269385,0.6654560139402748,0.8887344408035278,0.9453063480928541,0.9454081217199564,1,COMPLIANT_ALIGNMENT,jam,nominal,20260921,results/a2po_dual_panda_dynamic_vertical/formal/seed_20260921/checkpoint_best.pt
41000106,no_staged_alignment_recovery,0,1600,12.8,0.0,0.0,0.0,0.0,0.0218682847149186,0.021836467392412778,0.02185237605366569,0.0218682847149186,2.964386394958522,270.3567820060292,15.48374216419543,16.62683722329711,0.0,1490,0.04958711335639236,0.0554017499089241,0.10487201615724188,0.10706423968076706,0.45467741321772337,0.6938243385404348,0.6653651940450073,0.8884885485842824,0.9450145310536027,0.9451170201972127,1,COMPLIANT_ALIGNMENT,jam,nominal,20260921,results/a2po_dual_panda_dynamic_vertical/formal/seed_20260921/checkpoint_best.pt
41000107,no_staged_alignment_recovery,0,1600,12.8,0.0,0.0,0.0,0.0,0.022301288874105145,0.022101248169171285,0.022201268521638215,0.022301288874105145,3.0493467623757606,541.4247271749333,14.994952946853774,16.10196289595036,0.0,1490,0.049526682203577366,0.05549585446715355,0.1050864751910558,0.10704699158668518,0.4547305088490248,0.6937653854861856,0.6653531639650464,0.8884377859905362,0.9449638284742832,0.9450653599202633,1,COMPLIANT_ALIGNMENT,jam,nominal,20260921,results/a2po_dual_panda_dynamic_vertical/formal/seed_20260921/checkpoint_best.pt
41000108,no_staged_alignment_recovery,0,1600,12.8,0.0,0.0,0.0,0.0,0.023496341931882016,0.023101488142172496,0.023298915037027256,0.023496341931882016,3.068425218852217,314.2037645656017,14.851627272110232,15.94805613112508,0.0,1490,0.050346887296182107,0.05566662549972534,0.10508772043947828,0.10708829015493393,0.4548956422135234,0.6935889020562171,0.6652830167859792,0.8882672824338078,0.9447980124875903,0.944900577031076,1,COMPLIANT_ALIGNMENT,jam,nominal,20260921,results/a2po_dual_panda_dynamic_vertical/formal/seed_20260921/checkpoint_best.pt
41000109,no_staged_alignment_recovery,0,1600,12.8,0.0,0.0,0.0,0.0,0.023681891983649787,0.023409463072093795,0.02354567752787179,0.023681891983649787,3.287539964367921,236.6753301910549,14.973278822442932,16.035639970487747,0.0,1494,0.05009337553870864,0.05536036565899849,0.10509510048897937,0.10704608261585236,0.45451164098456504,0.6939831790328026,0.6654208514094353,0.8886249399185181,0.9451812998205423,0.9452825279533863,1,COMPLIANT_ALIGNMENT,jam,nominal,20260921,results/a2po_dual_panda_dynamic_vertical/formal/seed_20260921/checkpoint_best.pt
41000110,no_staged_alignment_recovery,0,1600,12.8,0.0,0.0,0.0,0.0,0.021206405487931877,0.02132185089194141,0.021264128189936643,0.02132185089194141,2.9818695654204306,162.65688680437123,14.763758439874177,15.853700338119921,0.0,1490,0.049200067030033094,0.05539979785680771,0.10496470502752345,0.1070878729224205,0.454742677025497,0.6937578991055489,0.6653518421202897,0.8884343744814396,0.9449509473890066,0.9450529596582055,1,COMPLIANT_ALIGNMENT,jam,nominal,20260921,results/a2po_dual_panda_dynamic_vertical/formal/seed_20260921/checkpoint_best.pt
41000111,no_staged_alignment_recovery,0,1600,12.8,0.0,0.0,0.0,0.0,0.025374254123383237,0.02500381689438158,0.025189035508882407,0.025374254123383237,3.398874316905141,411.09987753240017,15.178880810566534,16.223252703344325,0.0,1497,0.05147648347658105,0.055627815425395966,0.10524496960337273,0.10704603046178818,0.45470653254538773,0.6937621214613319,0.6653290150314569,0.8884016125276685,0.944985102377832,0.9450873155146837,1,COMPLIANT_ALIGNMENT,jam,nominal,20260921,results/a2po_dual_panda_dynamic_vertical/formal/seed_20260921/checkpoint_best.pt
41000112,no_staged_alignment_recovery,0,1600,12.8,0.0,0.0,0.0,0.0,0.02627313537669075,0.02604226125499936,0.026157698315845055,0.02627313537669075,3.5564775555845447,394.32254197706703,15.075411872499869,16.145019408299728,0.0,1494,0.050889398398867344,0.05546547845005989,0.10517454424407333,0.10709136724472046,0.4546237636730075,0.6938600553944707,0.6653728589415551,0.8885058093070984,0.945069083571434,0.9451707055419684,1,COMPLIANT_ALIGNMENT,jam,nominal,20260921,results/a2po_dual_panda_dynamic_vertical/formal/seed_20260921/checkpoint_best.pt
41000113,no_staged_alignment_recovery,0,1600,12.8,0.0,0.0,0.0,0.0,0.020934626967251235,0.02063760765145104,0.020786117309351138,0.020934626967251235,2.9804036448897233,95.6113653355306,14.853210681699885,15.917707361500211,0.0,1493,0.04927467045083176,0.05520141124725342,0.10483430236810819,0.10707283765077591,0.45445215560495855,0.6940476433187723,0.6654400051757693,0.8886835688725114,0.9452369303256273,0.9453395738825202,1,COMPLIANT_ALIGNMENT,jam,nominal,20260921,results/a2po_dual_panda_dynamic_vertical/formal/seed_20260921/checkpoint_best.pt
41000114,no_staged_alignment_recovery,0,1600,12.8,0.0,0.0,0.0,0.0,0.02137430278670751,0.02108973755490939,0.021232020170808448,0.02137430278670751,2.9681624246977543,50.752073737309246,15.093683702295907,16.175414550350602,0.0,1493,0.049500446831807494,0.05522267892956734,0.10483467427489813,0.10704903304576874,0.4544429854117334,0.6940555957332254,0.665439585223794,0.888688077032566,0.9452457295358181,0.9453485438600182,1,COMPLIANT_ALIGNMENT,jam,nominal,20260921,results/a2po_dual_panda_dynamic_vertical/formal/seed_20260921/checkpoint_best.pt
41000115,no_staged_alignment_recovery,0,1600,12.8,0.0,0.0,0.0,0.0,0.02429627736083504,0.0241587356158419,0.02422750648833847,0.02429627736083504,3.3682045579344844,495.1219243194047,15.142661617592367,16.217040554315787,0.0,1494,0.050225024931132796,0.05532180890440941,0.10507044840662275,0.10704739391803741,0.45455366222187876,0.6939385271072388,0.6654042821377516,0.88858317181468,0.9451385788246989,0.9452402513474226,1,COMPLIANT_ALIGNMENT,jam,nominal,20260921,results/a2po_dual_panda_dynamic_vertical/formal/seed_20260921/checkpoint_best.pt
41000116,no_staged_alignment_recovery,0,1600,12.8,0.0,0.0,0.0,0.0,0.02600307082640124,0.025726215286097573,0.025864643056249408,0.02600307082640124,3.663619569121587,517.7144880400366,15.348291064280376,16.393368292956342,0.0,1498,0.05094441860332154,0.05514642223715782,0.10497993868455524,0.10708533972501755,0.4543228780478239,0.6941789780184626,0.665479538179934,0.8887948567420244,0.9453693301975727,0.9454700158908963,1,COMPLIANT_ALIGNMENT,jam,nominal,20260921,results/a2po_dual_panda_dynamic_vertical/formal/seed_20260921/checkpoint_best.pt
41000117,no_staged_alignment_recovery,0,1600,12.8,0.0,0.0,0.0,0.0,0.02718298543371171,0.027109785160028897,0.0271463852968703,0.02718298543371171,3.7319510942038083,544.0920613659633,15.279522246688023,16.31991695240376,0.0,1498,0.05152924992726184,0.05544516444206238,0.1051778222352732,0.1070842370390892,0.4545408335141838,0.6939437249302864,0.6653938568383455,0.8885737136751414,0.9451522471383214,0.9452534391358495,1,COMPLIANT_ALIGNMENT,jam,nominal,20260921,results/a2po_dual_panda_dynamic_vertical/formal/seed_20260921/checkpoint_best.pt
41000118,no_staged_alignment_recovery,0,1600,12.8,0.0,0.0,0.0,0.0,0.025727967654562412,0.025356555173789118,0.025542261414175767,0.025727967654562412,3.4244578620708856,98.27264859782083,14.761256819952314,15.840382905381423,0.0,1491,0.05060211616713786,0.05551498383283615,0.10514200246660038,0.1070699617266655,0.4547529882192612,0.6937334267422557,0.6653334089368582,0.88839849550277,0.944940331839025,0.9450422893837094,1,COMPLIANT_ALIGNMENT,jam,nominal,20260921,results/a2po_dual_panda_dynamic_vertical/formal/seed_20260921/checkpoint_best.pt
41000119,no_staged_alignment_recovery,0,1600,12.8,0.0,0.0,0.0,0.0,0.022221605154636566,0.02196580904186007,0.022093707098248316,0.022221605154636566,3.1128349821855013,566.3634675336539,15.06787356387096,16.16941495787628,0.0,1491,0.04907211937243119,0.055159635841846466,0.10491705349981202,0.10709379613399506,0.45449640695005655,0.694010381475091,0.6654353545606136,0.8886608223244548,0.9451954086869955,0.9452968365326524,1,COMPLIANT_ALIGNMENT,jam,nominal,20260921,results/a2po_dual_panda_dynamic_vertical/formal/seed_20260921/checkpoint_best.pt
41000120,no_staged_alignment_recovery,0,1600,12.8,0.0,0.0,0.0,0.0,0.024236907314005896,0.02375791475877635,0.023997411036391122,0.024236907314005896,3.256838775097008,416.58590527660243,15.244790886515503,16.304589183439038,0.0,1496,0.05096815208846237,0.0555131770670414,0.10515937882708386,0.10709024965763092,0.4545979768782854,0.6938850849494338,0.6653763745725155,0.8885231155529618,0.9450945409014821,0.9451961808651685,1,COMPLIANT_ALIGNMENT,jam,nominal,20260921,results/a2po_dual_panda_dynamic_vertical/formal/seed_20260921/checkpoint_best.pt
41000121,no_staged_alignment_recovery,0,1600,12.8,0.0,0.0,0.0,0.0,0.022306126340092033,0.022041588984374454,0.022173857662233246,0.022306126340092033,3.030058148972158,44.603801730193275,14.660794411432002,15.753707896770452,0.0,1489,0.0491348726148135,0.05537647381424904,0.10499749468595837,0.10702977329492569,0.4547104102745652,0.6937912099808454,0.6653660617396235,0.8884679888561368,0.9449833254143596,0.9450852240994573,1,COMPLIANT_ALIGNMENT,jam,nominal,20260921,results/a2po_dual_panda_dynamic_vertical/formal/seed_20260921/checkpoint_best.pt
41000122,no_staged_alignment_recovery,0,1600,12.8,0.0,0.0,0.0,0.0,0.02123114526225494,0.021036176800952103,0.021133661031603523,0.02123114526225494,2.922974612460771,128.583627209744,14.708957691625848,15.805461589389763,0.0,1489,0.04916117835207842,0.05544164776802063,0.10495976215912378,0.10708329826593399,0.45475067993626,0.6937515863403678,0.6653503773361444,0.8884308100864291,0.9449432305619121,0.9450452718883753,1,COMPLIANT_ALIGNMENT,jam,nominal,20260921,results/a2po_dual_panda_dynamic_vertical/formal/seed_20260921/checkpoint_best.pt
41000123,no_staged_alignment_recovery,0,1600,12.8,0.0,0.0,0.0,0.0,0.025471996947000787,0.024643874903148746,0.025057935925074767,0.025471996947000787,3.4242246564466794,284.8554635639447,15.25470193094224,16.293406601807465,0.0,1498,0.051437288649613035,0.05548859387636185,0.10521119849290698,0.10709647089242935,0.45454854702576997,0.6939356398954988,0.6653925043344497,0.888567010872066,0.9451449694111943,0.9452460179105401,1,COMPLIANT_ALIGNMENT,jam,nominal,20260921,results/a2po_dual_panda_dynamic_vertical/formal/seed_20260921/checkpoint_best.pt
41000124,no_staged_alignment_recovery,0,1600,12.8,0.0,0.0,0.0,0.0,0.022872005196254902,0.02263623554795167,0.02275412037210329,0.022872005196254902,3.153769646236454,355.9445055112436,14.930925084602514,16.03320814453961,0.0,1490,0.04929960667475825,0.05522571876645088,0.10489239856338826,0.1070731058716774,0.4545571600459516,0.693948803730309,0.6654129828885198,0.8886056390032172,0.9451345336437226,0.9452364445850253,1,COMPLIANT_ALIGNMENT,jam,nominal,20260921,results/a2po_dual_panda_dynamic_vertical/formal/seed_20260921/checkpoint_best.pt
41000125,no_staged_alignment_recovery,0,1600,12.8,0.0,0.0,0.0,0.0,0.027887579914535835,0.027641977674403004,0.027764778794469418,0.027887579914535835,3.83711495464266,133.3842586866191,15.070304456269259,16.096453357830985,0.0,1498,0.05165703655802645,0.05542445555329323,0.10525152264162899,0.10704908519983292,0.45453988639637827,0.6939444174617528,0.6653974170982838,0.8885758515074849,0.9451543882861734,0.9452549057453871,1,COMPLIANT_ALIGNMENT,jam,nominal,20260921,results/a2po_dual_panda_dynamic_vertical/formal/seed_20260921/checkpoint_best.pt
41000126,no_staged_alignment_recovery,0,1600,12.8,0.0,0.0,0.0,0.0,0.02595676688241707,0.025928267928360005,0.025942517405388537,0.02595676688241707,3.5532195294979667,224.67879687230072,15.01398861938953,16.05774183891928,0.0,1496,0.0511081255011959,0.0554511696100235,0.10511879369267263,0.10708925873041153,0.45454879259690645,0.6939378708600998,0.665393651239574,0.888572009652853,0.9451435182988643,0.9452451723068953,1,COMPLIANT_ALIGNMENT,jam,nominal,20260921,results/a2po_dual_panda_dynamic_vertical/formal/seed_20260921/checkpoint_best.pt
41000127,no_staged_alignment_recovery,0,1600,12.8,0.0,0.0,0.0,0.0,0.022926983086574516,0.022875743868880256,0.022901363477727386,0.022926983086574516,3.0626762472164275,347.09498950556207,14.819559204855631,15.924308077749505,0.0,1489,0.04992280674487119,0.05563286691904068,0.10508576657623053,0.10708674043416977,0.45490825464949014,0.693581230007112,0.665286520794034,0.8882672654092312,0.9447864178195595,0.9448886531218886,1,COMPLIANT_ALIGNMENT,jam,nominal,20260921,results/a2po_dual_panda_dynamic_vertical/formal/seed_20260921/checkpoint_best.pt
41000128,no_staged_alignment_recovery,0,1600,12.8,0.0,0.0,0.0,0.0,0.021233054692840467,0.02093671664283119,0.021084885667835826,0.021233054692840467,2.9662322192439996,508.1353266020079,15.338003448545548,16.426241979700723,0.0,1494,0.0495050532463938,0.055234961211681366,0.10491279661393492,0.1070464625954628,0.45442105622962115,0.6940783885121345,0.6654494963958859,0.8887093278765679,0.9452691842988133,0.9453711321204901,1,COMPLIANT_ALIGNMENT,jam,nominal,20260921,results/a2po_dual_panda_dynamic_vertical/formal/seed_20260921/checkpoint_best.pt
41000129,no_staged_alignment_recovery,0,1600,12.8,0.0,0.0,0.0,0.0,0.026522039927371767,0.0266927439472544,0.026607391937313082,0.0266927439472544,3.6080267279360734,361.52413440272176,15.096164518669243,16.145630501250526,0.0,1496,0.051382419919827955,0.055633243173360825,0.10528453638311476,0.107033371925354,0.4547429721802473,0.6937231105193495,0.6653185698762536,0.8883672925457359,0.9449489150941371,0.9450510951504111,1,COMPLIANT_ALIGNMENT,jam,nominal,20260921,results/a2po_dual_panda_dynamic_vertical/formal/seed_20260921/checkpoint_best.pt
41000130,no_staged_alignment_recovery,0,1600,12.8,0.0,0.0,0.0,0.0,0.02387209173874412,0.023720853736386584,0.02379647273756535,0.02387209173874412,3.2543305280306463,288.3539763272321,14.883894702158067,15.97198626656801,0.0,1491,0.0500151083257515,0.055473942309617996,0.10510842543444596,0.10708903521299362,0.45472148133441803,0.6937704752013087,0.6653504272550345,0.8884368823096156,0.9449722943082451,0.9450739176943899,1,COMPLIANT_ALIGNMENT,jam,nominal,20260921,results/a2po_dual_panda_dynamic_vertical/formal/seed_20260921/checkpoint_best.pt
41000131,no_staged_alignment_recovery,0,1600,12.8,0.0,0.0,0.0,0.0,0.021212679038785022,0.021171206740620133,0.021191942889702577,0.021212679038785022,2.917584587814097,189.28439552761478,14.70975617934502,15.816942128327979,0.0,1488,0.048941487547999714,0.05542273819446564,0.10490595811628736,0.10705950111150742,0.45475147776305674,0.6937557049095631,0.6653533904626966,0.888438898101449,0.9449426452070475,0.9450446966290474,1,COMPLIANT_ALIGNMENT,jam,nominal,20260921,results/a2po_dual_panda_dynamic_vertical/formal/seed_20260921/checkpoint_best.pt
41000132,no_staged_alignment_recovery,0,1600,12.8,0.0,0.0,0.0,0.0,0.024545621540520018,0.024470967653287105,0.02450829459690356,0.024545621540520018,3.3240069302074224,179.6345026057538,14.945123534375924,16.03769125083935,0.0,1491,0.05027130356233101,0.055497318506240845,0.10509011150454171,0.10708550363779068,0.4547507988102734,0.6937390153482557,0.6653365958854556,0.8884058444201947,0.9449425523355603,0.9450445191562176,1,COMPLIANT_ALIGNMENT,jam,nominal,20260921,results/a2po_dual_panda_dynamic_vertical/formal/seed_20260921/checkpoint_best.pt
41000133,no_staged_alignment_recovery,0,1600,12.8,0.0,0.0,0.0,0.0,0.021187321174394973,0.021076639870958168,0.02113198052267657,0.021187321174394973,3.15248550119543,66.58183795340446,14.980766936857487,16.011507748144275,0.0,1497,0.049634704822674396,0.054989833384752274,0.10477768944867422,0.10708219558000565,0.4542554488964379,0.6942434929311275,0.66550023637712,0.8888498216122389,0.9454313899576664,0.9455337977036834,1,COMPLIANT_ALIGNMENT,jam,nominal,20260921,results/a2po_dual_panda_dynamic_vertical/formal/seed_20260921/checkpoint_best.pt
41000134,no_staged_alignment_recovery,0,1600,12.8,0.0,0.0,0.0,0.0,0.02527161909342399,0.025333209343007035,0.02530241421821551,0.025333209343007035,3.5111762661252697,280.2983709153264,15.094452651725758,16.133015526226593,0.0,1497,0.05103210677450989,0.055434711277484894,0.10517929817433469,0.10705624520778656,0.4545506959408522,0.6939353051409125,0.665395839959383,0.8885703202709556,0.9451425558701158,0.9452436445653438,1,COMPLIANT_ALIGNMENT,jam,nominal,20260921,results/a2po_dual_panda_dynamic_vertical/formal/seed_20260921/checkpoint_best.pt
41000135,no_staged_alignment_recovery,0,1600,12.8,0.0,0.0,0.0,0.0,0.022773611388842638,0.02271085880685894,0.02274223509785079,0.022773611388842638,3.04116244033155,122.99157746672927,14.658267247536475,15.76157768552309,0.0,1488,0.04962371145258657,0.05556951463222504,0.10499753437747131,0.10705803334712982,0.454867573492229,0.6936314425617457,0.6653073523938656,0.8883210641518235,0.9448272663354874,0.9449295447394251,1,COMPLIANT_ALIGNMENT,jam,nominal,20260921,results/a2po_dual_panda_dynamic_vertical/formal/seed_20260921/checkpoint_best.pt
41000136,no_staged_alignment_recovery,0,1600,12.8,0.0,0.0,0.0,0.0,0.022612652108931913,0.022727558360478038,0.022670105234704974,0.022727558360478038,3.21821959221093,216.1203440615847,14.988632978530264,16.041346331537405,0.0,1495,0.05002600000880193,0.05531127750873566,0.10503374110732694,0.10705067962408066,0.4545390441827476,0.6939527288451791,0.6654078226163983,0.8885940189287066,0.9451524210348725,0.9452543530985713,1,COMPLIANT_ALIGNMENT,jam,nominal,20260921,results/a2po_dual_panda_dynamic_vertical/formal/seed_20260921/checkpoint_best.pt
41000137,no_staged_alignment_recovery,0,1600,12.8,0.0,0.0,0.0,0.0,0.02754916159084098,0.0274962569357883,0.02752270926331464,0.02754916159084098,3.730543189908088,211.79860858750723,15.023735851126649,16.06816668569695,0.0,1496,0.05154709090827964,0.05557263270020485,0.1052571702672867,0.1070483848452568,0.45469946712255477,0.6937703557685018,0.6653342764824629,0.8884117194637656,0.9449924241378903,0.9450945334881544,1,COMPLIANT_ALIGNMENT,jam,nominal,20260921,results/a2po_dual_panda_dynamic_vertical/formal/seed_20260921/checkpoint_best.pt
41000138,no_staged_alignment_recovery,0,1600,12.8,0.0,0.0,0.0,0.0,0.022360134105540438,0.022146222941098314,0.022253178523319376,0.022360134105540438,3.1988971240251485,52.83640682430099,14.860487190019652,15.925505361039146,0.0,1493,0.049248632010130675,0.05503237247467041,0.10483879941893974,0.10705314576625824,0.45436039205640555,0.6941414923220873,0.66547433514148,0.8887696129456163,0.9453283264487982,0.9454305144399404,1,COMPLIANT_ALIGNMENT,jam,nominal,20260921,results/a2po_dual_panda_dynamic_vertical/formal/seed_20260921/checkpoint_best.pt
41000139,no_staged_alignment_recovery,0,1600,12.8,0.0,0.0,0.0,0.0,0.024069304198597284,0.02390780411532102,0.023988554156959153,0.024069304198597284,3.351172483164676,108.09071779457159,14.873869968229961,15.939847253293996,0.0,1493,0.04997070155019173,0.055238913744688034,0.10495171262416989,0.10706567019224167,0.45446128768846394,0.6940368409454822,0.665436201915145,0.8886732841655612,0.9452295914664864,0.9453314645588398,1,COMPLIANT_ALIGNMENT,jam,nominal,20260921,results/a2po_dual_panda_dynamic_vertical/formal/seed_20260921/checkpoint_best.pt
41000140,no_staged_alignment_recovery,0,1600,12.8,0.0,0.0,0.0,0.0,0.021072014833203576,0.021092821277815046,0.02108241805550931,0.021092821277815046,2.988114887957986,431.7964678195104,14.965151728691872,16.059183612278332,0.0,1491,0.04905035022617085,0.05519624426960945,0.10481582643871662,0.1070694848895073,0.4545290927030146,0.6939768231660127,0.66541912548244,0.8886273871362209,0.9451611641049386,0.9452635549008847,1,COMPLIANT_ALIGNMENT,jam,nominal,20260921,results/a2po_dual_panda_dynamic_vertical/formal/seed_20260921/checkpoint_best.pt
41000141,no_staged_alignment_recovery,0,1600,12.8,0.0,0.0,0.0,0.0,0.025763091931532017,0.025454143090280244,0.02560861751090613,0.025763091931532017,3.5250951509556487,38.18833186418131,14.91100571001195,15.947599689852353,0.0,1496,0.05091328350128606,0.05540836974978447,0.10520449555711821,0.10702355951070786,0.4545496351644397,0.6939373375847936,0.6654007092490792,0.8885761385038495,0.9451440417394043,0.9452450193092227,1,COMPLIANT_ALIGNMENT,jam,nominal,20260921,results/a2po_dual_panda_dynamic_vertical/formal/seed_20260921/checkpoint_best.pt
41000142,no_staged_alignment_recovery,0,1600,12.8,0.0,0.0,0.0,0.0,0.022979511658311823,0.022954163915444394,0.022966837786878108,0.022979511658311823,3.215554129997541,248.38126974304004,14.871640596925277,15.95883632131485,0.0,1491,0.049531794368522244,0.05525539815425873,0.10496111632062821,0.1070827916264534,0.45457896174862983,0.6939232705160976,0.665403504408896,0.888579372279346,0.9451134032383561,0.9452149829640984,1,COMPLIANT_ALIGNMENT,jam,nominal,20260921,results/a2po_dual_panda_dynamic_vertical/formal/seed_20260921/checkpoint_best.pt
41000143,no_staged_alignment_recovery,0,1600,12.8,0.0,0.0,0.0,0.0,0.024185759644865638,0.023811109977981915,0.023998434811423774,0.024185759644865638,3.1890597917256294,87.53724639527007,14.852135116509302,15.916554712936962,0.0,1493,0.050838664414477534,0.05564799904823303,0.10511365165191819,0.10708387196063995,0.4547882907651365,0.6936872036010027,0.6653099256381393,0.8883446341753006,0.9449033582210541,0.9450063187628984,1,COMPLIANT_ALIGNMENT,jam,nominal,20260921,results/a2po_dual_panda_dynamic_vertical/formal/seed_20260921/checkpoint_best.pt
41000144,no_staged_alignment_recovery,0,1600,12.8,0.0,0.0,0.0,0.0,0.022226897978031762,0.02195448211979724,0.0220906900489145,0.022226897978031762,3.087325553470778,311.80796694768435,14.875043933798485,15.973201539649382,0.0,1490,0.04908679740037769,0.05521877482533455,0.10488196817779681,0.10708793997764587,0.4545621147379279,0.6939444837719202,0.6654132262244821,0.8886030730977654,0.9451294932514429,0.9452315099164843,1,COMPLIANT_ALIGNMENT,jam,nominal,20260921,results/a2po_dual_panda_dynamic_vertical/formal/seed_20260921/checkpoint_best.pt
41000145,no_staged_alignment_recovery,0,1600,12.8,0.0,0.0,0.0,0.0,0.025918757998569464,0.025861855779413093,0.025890306888991278,0.025918757998569464,3.461258003972105,97.8036590751165,14.760423341288856,15.839488495011516,0.0,1491,0.05074560010340065,0.05558215454220772,0.10515296617333661,0.10707120597362518,0.4548284203372896,0.6936518581211567,0.6653027103468776,0.8883199495449662,0.9448646346479654,0.9449668949842454,1,COMPLIANT_ALIGNMENT,jam,nominal,20260921,results/a2po_dual_panda_dynamic_vertical/formal/seed_20260921/checkpoint_best.pt
41000146,no_staged_alignment_recovery,0,1600,12.8,0.0,0.0,0.0,0.0,0.02264841309836991,0.02262874986578352,0.022638581482076717,0.02264841309836991,3.033004746491847,140.24268079084518,15.306519408396207,16.42550707809117,0.0,1491,0.05003492079325952,0.055432822555303574,0.10489509855869983,0.10708454251289368,0.45470632491633295,0.6937908394262194,0.6653492130711675,0.8884530472010375,0.9449852752685547,0.9450880695134402,1,COMPLIANT_ALIGNMENT,jam,nominal,20260921,results/a2po_dual_panda_dynamic_vertical/formal/seed_20260921/checkpoint_best.pt
41000147,no_staged_alignment_recovery,0,1600,12.8,0.0,0.0,0.0,0.0,0.021930311876187134,0.021940414054862845,0.02193536296552499,0.021940414054862845,3.0669422365580994,404.87980336812245,14.96787571236608,16.062106733592042,0.0,1491,0.04932585829141317,0.05533844977617264,0.10500088668602985,0.10704997181892395,0.45462095767259597,0.6938807413727045,0.6653913862258196,0.8885426953434944,0.9450722281262278,0.9451737488433719,1,COMPLIANT_ALIGNMENT,jam,nominal,20260921,results/a2po_dual_panda_dynamic_vertical/formal/seed_20260921/checkpoint_best.pt
41000148,no_staged_alignment_recovery,0,1600,12.8,0.0,0.0,0.0,0.0,0.024084085445573788,0.023750678240369413,0.0239173818429716,0.024084085445573788,3.1771666809319496,622.5027756001364,14.981153713448556,16.108767433815654,0.0,1488,0.049801621579099446,0.055561140179634094,0.10508692142844665,0.10706266015768051,0.4548848805390298,0.6936099378019571,0.6653022375702858,0.8883005141094327,0.9448105370625853,0.9449124844372272,1,COMPLIANT_ALIGNMENT,jam,nominal,20260921,results/a2po_dual_panda_dynamic_vertical/formal/seed_20260921/checkpoint_best.pt
41000149,no_staged_alignment_recovery,0,1600,12.8,0.0,0.0,0.0,0.0,0.02509074659680167,0.024790538930468564,0.02494064276363512,0.02509074659680167,3.3493211606395064,617.5480256675222,15.070587020653411,16.172326782726664,0.0,1491,0.05037241643847665,0.05551744997501373,0.10511812472250312,0.10708089172840118,0.4547348117828369,0.6937549394369126,0.6653415712714196,0.8884200391173362,0.9449587320163846,0.9450605845078826,1,COMPLIANT_ALIGNMENT,jam,nominal,20260921,results/a2po_dual_panda_dynamic_vertical/formal/seed_20260921/checkpoint_best.pt
41000150,no_staged_alignment_recovery,0,1600,12.8,0.0,0.0,0.0,0.0,0.02450533974901302,0.02469767155852587,0.024601505653769444,0.02469767155852587,3.3909833020156097,288.02692925212614,15.013396823076132,16.067849442757066,0.0,1495,0.05073695314815268,0.055477965623140335,0.10512370589305647,0.1070917397737503,0.4546362186782062,0.6938461558520794,0.6653655950352549,0.8884904748946428,0.9450556493923068,0.9451577705144882,1,COMPLIANT_ALIGNMENT,jam,nominal,20260921,results/a2po_dual_panda_dynamic_vertical/formal/seed_20260921/checkpoint_best.pt
41000151,no_staged_alignment_recovery,0,1600,12.8,0.0,0.0,0.0,0.0,0.02377784740627749,0.023475936902321352,0.02362689215429942,0.02377784740627749,3.146877879590977,42.328499775995134,14.594226438959202,15.703269873796048,0.0,1487,0.049609942389652134,0.0555286705493927,0.10501611735264305,0.1070282831788063,0.4548846197687089,0.6936157117411494,0.6653063122928142,0.8883109817281365,0.9448107312247157,0.9449128696322441,1,COMPLIANT_ALIGNMENT,jam,nominal,20260921,results/a2po_dual_panda_dynamic_vertical/formal/seed_20260921/checkpoint_best.pt
41000152,no_staged_alignment_recovery,0,1600,12.8,0.0,0.0,0.0,0.0,0.02205653112806393,0.021836230481634977,0.021946380804849452,0.02205653112806393,3.052780188014784,96.8480797848207,14.753123588914802,15.831655092061492,0.0,1491,0.049612978467484935,0.05534268543124199,0.1049211307335645,0.10707184672355652,0.4546000028215349,0.6939012279361486,0.6653921541199088,0.8885570207238197,0.9450915738195181,0.9451938338950276,1,COMPLIANT_ALIGNMENT,jam,nominal,20260921,results/a2po_dual_panda_dynamic_vertical/formal/seed_20260921/checkpoint_best.pt
41000153,no_staged_alignment_recovery,0,1600,12.8,0.0,0.0,0.0,0.0,0.02376664956806635,0.023332579665827663,0.023549614616947007,0.02376664956806635,3.3550316121311194,137.28086639273445,14.996720866715577,16.05000226538122,0.0,1495,0.04997100844979286,0.0551472008228302,0.10502001767439652,0.10709327459335327,0.45438359754160046,0.6941177447512746,0.6654680954664945,0.8887480887770652,0.9453087344020605,0.9454095557332038,1,COMPLIANT_ALIGNMENT,jam,nominal,20260921,results/a2po_dual_panda_dynamic_vertical/formal/seed_20260921/checkpoint_best.pt
41000154,no_staged_alignment_recovery,0,1600,12.8,0.0,0.0,0.0,0.0,0.026067029841169525,0.02582516891014105,0.025946099375655285,0.026067029841169525,3.639642017957039,45.883167399367935,14.98038245518687,16.011096812490976,0.0,1497,0.05099290926475078,0.05521863326430321,0.1050527009787038,0.10704979300498962,0.45443384159356354,0.6940598445013165,0.6654386547207832,0.8886855318024754,0.9452580975368619,0.9453593559190631,1,COMPLIANT_ALIGNMENT,jam,nominal,20260921,results/a2po_dual_panda_dynamic_vertical/formal/seed_20260921/checkpoint_best.pt
41000155,no_staged_alignment_recovery,0,1600,12.8,0.0,0.0,0.0,0.0,0.022775033756605112,0.022750168289964415,0.022762601023284763,0.022775033756605112,3.1597941245743164,397.964782776116,15.002396040945525,16.088360365625224,0.0,1492,0.04979991101543419,0.05539058893918991,0.10507120097056032,0.10707145929336548,0.4546405020542443,0.693856226876378,0.6653798744082451,0.8885156128183007,0.9450529683381319,0.9451543893665075,1,COMPLIANT_ALIGNMENT,jam,nominal,20260921,results/a2po_dual_panda_dynamic_vertical/formal/seed_20260921/checkpoint_best.pt
41000156,no_staged_alignment_recovery,0,1600,12.8,0.0,0.0,0.0,0.0,0.023496068832341437,0.023498159813194405,0.023497114322767923,0.023498159813194405,3.2986732793011457,247.92661908944822,14.956156774498716,16.028031372537136,0.0,1493,0.049765478615881875,0.05525946617126465,0.1049983728933148,0.10708797723054886,0.45450758980587125,0.6939892406761646,0.665423106662929,0.8886322275176645,0.9451841503381729,0.9452858018130064,1,COMPLIANT_ALIGNMENT,jam,nominal,20260921,results/a2po_dual_panda_dynamic_vertical/formal/seed_20260921/checkpoint_best.pt
41000157,no_staged_alignment_recovery,0,1600,12.8,0.0,0.0,0.0,0.0,0.024548310333658244,0.024138427192247017,0.02434336876295263,0.024548310333658244,3.2084835645076355,682.5049949817133,15.051569351941517,16.184483174130662,0.0,1488,0.04990169446798973,0.05560879036784172,0.10511311767535517,0.10708809643983841,0.4548678155429661,0.6936236612498761,0.6653046454116702,0.8883098781853914,0.9448272144794464,0.9449291421473026,1,COMPLIANT_ALIGNMENT,jam,nominal,20260921,results/a2po_dual_panda_dynamic_vertical/formal/seed_20260921/checkpoint_best.pt
41000158,no_staged_alignment_recovery,0,1600,12.8,0.0,0.0,0.0,0.0,0.021064334182489264,0.02074366835075406,0.02090400126662166,0.021064334182489264,2.962528340095148,193.29347109249636,14.832579487642207,15.91691963797956,0.0,1491,0.04915312123514013,0.05526479706168175,0.104902891292586,0.10709045082330704,0.4545484131015837,0.6939563085883855,0.6654149311780929,0.8886102266982198,0.9451430534943939,0.9452450586482882,1,COMPLIANT_ALIGNMENT,jam,nominal,20260921,results/a2po_dual_panda_dynamic_vertical/formal/seed_20260921/checkpoint_best.pt
41000159,no_staged_alignment_recovery,0,1600,12.8,0.0,0.0,0.0,0.0,0.02575970072350955,0.0255558355734009,0.025657768148455225,0.02575970072350955,3.530687711821207,73.5643276247226,14.905073979808314,15.95191864059753,0.0,1495,0.050902139344252646,0.05544854328036308,0.10516966348746791,0.1070837453007698,0.45460513783618806,0.6938778810203076,0.6653779697045684,0.8885199469327927,0.9450873045995831,0.9451890270784498,1,COMPLIANT_ALIGNMENT,jam,nominal,20260921,results/a2po_dual_panda_dynamic_vertical/formal/seed_20260921/checkpoint_best.pt
41000160,no_staged_alignment_recovery,0,1600,12.8,0.0,0.0,0.0,0.0,0.022501538067675828,0.021974088525735083,0.022237813296705454,0.022501538067675828,3.165617006520367,111.6183742561265,14.982742316185902,16.024323332819147,0.0,1496,0.05018837454146705,0.055239349603652954,0.10493503762059846,0.10709107667207718,0.45437564093619587,0.6941227624565363,0.6654601624980568,0.8887438240274786,0.945314906463027,0.9454165164381265,1,COMPLIANT_ALIGNMENT,jam,nominal,20260921,results/a2po_dual_panda_dynamic_vertical/formal/seed_20260921/checkpoint_best.pt
41000161,no_staged_alignment_recovery,0,1600,12.8,0.0,0.0,0.0,0.0,0.02162178785068439,0.021319871562033348,0.02147082970635887,0.02162178785068439,2.928052782916684,475.13269863753095,14.964932629568661,16.06972631363078,0.0,1490,0.04942319527035579,0.055417727679014206,0.104914017386036,0.10709144920110703,0.4546871064603329,0.6938154578953981,0.6653655154630542,0.8884834619238973,0.9450057223439217,0.9451079034432769,1,COMPLIANT_ALIGNMENT,jam,nominal,20260921,results/a2po_dual_panda_dynamic_vertical/formal/seed_20260921/checkpoint_best.pt
41000162,no_staged_alignment_recovery,0,1600,12.8,0.0,0.0,0.0,0.0,0.024529058590227623,0.024180788107140173,0.0243549233486839,0.024529058590227623,3.4305324786087352,369.56735212665166,15.19270127922427,16.248878373501892,0.0,1496,0.05040942955121864,0.0552789680659771,0.10509414767526323,0.1070886105298996,0.4544318477623165,0.694066365659237,0.6654476753249764,0.8886983249336481,0.9452616580948233,0.9453622344508767,1,COMPLIANT_ALIGNMENT,jam,nominal,20260921,results/a2po_dual_panda_dynamic_vertical/formal/seed_20260921/checkpoint_best.pt
41000163,no_staged_alignment_recovery,0,1600,12.8,0.0,0.0,0.0,0.0,0.025966183382816373,0.026066192452873033,0.026016187917844703,0.026066192452873033,3.528392642903255,39.10721729766019,14.830120836567403,15.892962718357563,0.0,1493,0.05083509624761064,0.055514413863420486,0.10511361461220076,0.10701598227024078,0.45473164634779095,0.6937473030015826,0.6653332805261016,0.8884024656191468,0.9449600671976804,0.9450627043843269,1,COMPLIANT_ALIGNMENT,jam,nominal,20260921,results/a2po_dual_panda_dynamic_vertical/formal/seed_20260921/checkpoint_best.pt
41000164,no_staged_alignment_recovery,0,1600,12.8,0.0,0.0,0.0,0.0,0.024505897844199872,0.024265402642401384,0.024385650243300628,0.024505897844199872,3.2151395282202286,156.22771803149357,14.694995184182076,15.801070090518362,0.0,1488,0.049974627245683224,0.05561531335115433,0.10510148350716918,0.10705585777759552,0.45491669036448,0.6935734375193715,0.6652866924181581,0.8882634283974766,0.944778247922659,0.9448804500326514,1,COMPLIANT_ALIGNMENT,jam,nominal,20260921,results/a2po_dual_panda_dynamic_vertical/formal/seed_20260921/checkpoint_best.pt
41000165,no_staged_alignment_recovery,0,1600,12.8,0.0,0.0,0.0,0.0,0.021309905886326377,0.021069448357582916,0.021189677121954645,0.021309905886326377,3.048266275983859,404.5053188147751,15.07008676759614,16.139316484708047,0.0,1494,0.049359549784567205,0.05515683814883232,0.10485978282056749,0.1070488840341568,0.4543728362582624,0.6941286048293114,0.6654672319442034,0.8887554414197802,0.9453165061026811,0.945418597497046,1,COMPLIANT_ALIGNMENT,jam,nominal,20260921,results/a2po_dual_panda_dynamic_vertical/formal/seed_20260921/checkpoint_best.pt
41000166,no_staged_alignment_recovery,0,1600,12.8,0.0,0.0,0.0,0.0,0.026673336570390702,0.026671458567767672,0.026672397569079187,0.026673336570390702,3.6842796053473323,525.991674745821,15.268870114192532,16.308539507815787,0.0,1498,0.0513613464590162,0.05538222938776016,0.10511224549729377,0.10708744078874588,0.4545076325722039,0.6939797658473253,0.6654060369357466,0.8886073381453753,0.9451846665143967,0.945286116823554,1,COMPLIANT_ALIGNMENT,jam,nominal,20260921,results/a2po_dual_panda_dynamic_vertical/formal/seed_20260921/checkpoint_best.pt
41000167,no_staged_alignment_recovery,0,1600,12.8,0.0,0.0,0.0,0.0,0.020020200807309204,0.01983112654425925,0.019925663675784227,0.020020200807309204,2.807822560305657,599.584232144595,15.143673808585934,16.250756602104293,0.0,1491,0.048810771928110626,0.05517701059579849,0.10478898521367228,0.10707709938287735,0.454526092838496,0.6939804964885116,0.6654204549267888,0.8886309284344316,0.9451638693735004,0.9452663422003389,1,COMPLIANT_ALIGNMENT,jam,nominal,20260921,results/a2po_dual_panda_dynamic_vertical/formal/seed_20260921/checkpoint_best.pt
41000168,no_staged_alignment_recovery,0,1600,12.8,0.0,0.0,0.0,0.0,0.024600787760783612,0.024502253694768012,0.024551520727775812,0.024600787760783612,3.27043721214488,63.87035498374205,14.788332175127866,15.890753176766008,0.0,1489,0.050190566176315767,0.055593762546777725,0.10506995400239248,0.10705605894327164,0.4548900461196899,0.6935987355560065,0.6652911147475242,0.8882821056991815,0.9448040029406548,0.9449064693599939,1,COMPLIANT_ALIGNMENT,jam,nominal,20260921,results/a2po_dual_panda_dynamic_vertical/formal/seed_20260921/checkpoint_best.pt
41000169,no_staged_alignment_recovery,0,1600,12.8,0.0,0.0,0.0,0.0,0.022700364703784857,0.02259582694279259,0.022648095823288722,0.022700364703784857,3.259083624024707,106.19310289993554,14.941388997386944,15.99078421125024,0.0,1495,0.04973531105439179,0.05510909855365753,0.10488089825499629,0.10709050297737122,0.45435552777722477,0.6941442388668656,0.6654710607603193,0.8887667924165725,0.9453337880596518,0.9454357733950018,1,COMPLIANT_ALIGNMENT,jam,nominal,20260921,results/a2po_dual_panda_dynamic_vertical/formal/seed_20260921/checkpoint_best.pt
41000170,no_staged_alignment_recovery,0,1600,12.8,0.0,0.0,0.0,0.0,0.023536095051761952,0.02326832728114374,0.023402211166452844,0.023536095051761952,3.1960080101120294,43.321833658358734,14.685460746577995,15.780213025201334,0.0,1489,0.049577153534046375,0.055381543934345245,0.10494530155090614,0.10703204572200775,0.45465122513473033,0.6938514052703977,0.6653798671066761,0.8885177145153285,0.9450414969027042,0.9451435190811753,1,COMPLIANT_ALIGNMENT,jam,nominal,20260921,results/a2po_dual_panda_dynamic_vertical/formal/seed_20260921/checkpoint_best.pt
41000171,no_staged_alignment_recovery,0,1600,12.8,0.0,0.0,0.0,0.0,0.026090048247544236,0.025862347502476984,0.025976197875010612,0.026090048247544236,3.5387903908472835,93.21407413157677,14.879388878472941,15.935088491001812,0.0,1494,0.050860967924818395,0.05547144636511803,0.10518397096195259,0.10707390308380127,0.454634644780308,0.6938478270545602,0.6653691850602627,0.8884944698214531,0.9450581191852688,0.9451598004996776,1,COMPLIANT_ALIGNMENT,jam,nominal,20260921,results/a2po_dual_panda_dynamic_vertical/formal/seed_20260921/checkpoint_best.pt
41000172,no_staged_alignment_recovery,0,1600,12.8,0.0,0.0,0.0,0.0,0.02247297022527875,0.022337183390810922,0.022405076808044835,0.02247297022527875,3.146390287437062,148.38292663407447,14.872506319441364,15.93838587481995,0.0,1493,0.04987665779539384,0.05542995408177376,0.1050910868064966,0.10709217935800552,0.45461939077824354,0.6938708873838186,0.6653841391950845,0.8885239596292377,0.9450732749328017,0.9451750922575592,1,COMPLIANT_ALIGNMENT,jam,nominal,20260921,results/a2po_dual_panda_dynamic_vertical/formal/seed_20260921/checkpoint_best.pt
41000173,no_staged_alignment_recovery,0,1600,12.8,0.0,0.0,0.0,0.0,0.025280400305235307,0.025378799032796818,0.025329599669016063,0.025378799032796818,3.5455405232702515,45.95463793423523,15.0140792838394,16.04711212701606,0.0,1497,0.050948158256942405,0.05535033717751503,0.10510215742397122,0.10705361515283585,0.4545369745604694,0.6939486706256867,0.6653992035612464,0.8885815092548728,0.9451545880734921,0.9452563959732652,1,COMPLIANT_ALIGNMENT,jam,nominal,20260921,results/a2po_dual_panda_dynamic_vertical/formal/seed_20260921/checkpoint_best.pt
41000174,no_staged_alignment_recovery,0,1600,12.8,0.0,0.0,0.0,0.0,0.026270030426681946,0.025613662486879518,0.025941846456780732,0.026270030426681946,3.516484735288822,260.19865347218416,15.119387625904373,16.159666133231127,0.0,1497,0.051614880636916494,0.0555623359978199,0.10520638461981434,0.10709390044212341,0.45461520794779064,0.6938623373955488,0.665363261140883,0.8884961999580264,0.9450772188231349,0.9451789424195886,1,COMPLIANT_ALIGNMENT,jam,nominal,20260921,results/a2po_dual_panda_dynamic_vertical/formal/seed_20260921/checkpoint_best.pt
41000175,no_staged_alignment_recovery,0,1600,12.8,0.0,0.0,0.0,0.0,0.02801889755628789,0.027812151608043893,0.027915524582165892,0.02801889755628789,3.792139876780603,319.10310811057604,15.101906695073474,16.151771866388742,0.0,1496,0.05155517013627105,0.055496226996183395,0.1052206305868458,0.1070743277668953,0.454586665853858,0.6938951859623194,0.6653781560063362,0.8885305348411202,0.945106732584536,0.9452078579366208,1,COMPLIANT_ALIGNMENT,jam,nominal,20260921,results/a2po_dual_panda_dynamic_vertical/formal/seed_20260921/checkpoint_best.pt
41000176,no_staged_alignment_recovery,0,1600,12.8,0.0,0.0,0.0,0.0,0.02401241625850923,0.023800557144855555,0.02390648670168239,0.02401241625850923,3.4132776978223545,549.4502218273391,15.271121663930119,16.321840121769,0.0,1497,0.05033445126609877,0.05514702945947647,0.10490319519201875,0.10708718001842499,0.45429329432547094,0.6942096070200204,0.6654903726279735,0.8888232073932886,0.9453973788395524,0.9454986192658543,1,COMPLIANT_ALIGNMENT,jam,nominal,20260921,results/a2po_dual_panda_dynamic_vertical/formal/seed_20260921/checkpoint_best.pt
41000177,no_staged_alignment_recovery,0,1600,12.8,0.0,0.0,0.0,0.0,0.02041864657060215,0.0202935055982175,0.020356076084409827,0.02041864657060215,2.929896377441748,403.0311856257671,14.978640954441794,16.073658971902667,0.0,1491,0.04863371250918135,0.055141232907772064,0.10483961742196697,0.1070726066827774,0.4544850440323353,0.6940232673659921,0.6654397859424352,0.8886728968098759,0.945205502808094,0.9453074914216996,1,COMPLIANT_ALIGNMENT,jam,nominal,20260921,results/a2po_dual_panda_dynamic_vertical/formal/seed_20260921/checkpoint_best.pt
41000178,no_staged_alignment_recovery,0,1600,12.8,0.0,0.0,0.0,0.0,0.022040602869578346,0.021971185799120524,0.022005894334349435,0.022040602869578346,2.896515260481538,56.134909784785364,15.026687396752727,16.157728383605082,0.0,1488,0.04961629659723257,0.05555815249681473,0.1049445636125165,0.10703925788402557,0.4549031621962786,0.6935983951762319,0.6652945261448622,0.8882915485277771,0.9447916238382459,0.9448942110687494,1,COMPLIANT_ALIGNMENT,jam,nominal,20260921,results/a2po_dual_panda_dynamic_vertical/formal/seed_20260921/checkpoint_best.pt
41000179,no_staged_alignment_recovery,0,1600,12.8,0.0,0.0,0.0,0.0,0.02153255099174874,0.021146228791554898,0.02133938989165182,0.02153255099174874,2.946532358670635,296.0548324452786,14.849586964792707,15.945865197092838,0.0,1490,0.04933563874481479,0.05540638044476509,0.10495438909332734,0.1070883721113205,0.45467701187357307,0.6938250233978033,0.6653718272224068,0.8884936564043164,0.9450159895792604,0.945118063762784,1,COMPLIANT_ALIGNMENT,jam,nominal,20260921,results/a2po_dual_panda_dynamic_vertical/formal/seed_20260921/checkpoint_best.pt
41000180,no_staged_alignment_recovery,0,1600,12.8,0.0,0.0,0.0,0.0,0.02550592206156512,0.02529406003549322,0.02539999104852917,0.02550592206156512,3.4481117716064484,121.2258481205541,14.912235768898132,15.959583431596663,0.0,1495,0.05117704682401381,0.05556443706154823,0.10517759820038919,0.1070750504732132,0.45464907059445975,0.6938298762217164,0.6653564988821745,0.888471954241395,0.9450431353226304,0.9451451675593853,1,COMPLIANT_ALIGNMENT,jam,nominal,20260921,results/a2po_dual_panda_dynamic_vertical/formal/seed_20260921/checkpoint_best.pt
41000181,no_staged_alignment_recovery,0,1600,12.8,0.0,0.0,0.0,0.0,0.019609744418348223,0.019723346201551153,0.019666545309949688,0.019723346201551153,2.8122635865688532,330.7468094069204,14.81710849896705,15.932374730072095,0.0,1488,0.047900091695191806,0.05513480678200722,0.10471693352708826,0.10708442330360413,0.4546124556101859,0.6939041354879737,0.6654070482030511,0.8885781019553542,0.9450791658088565,0.9451815615966916,1,COMPLIANT_ALIGNMENT,jam,nominal,20260921,results/a2po_dual_panda_dynamic_vertical/formal/seed_20260921/checkpoint_best.pt
41000182,no_staged_alignment_recovery,0,1600,12.8,0.0,0.0,0.0,0.0,0.022735653999275858,0.022619256631119324,0.02267745531519759,0.022735653999275858,3.045167302653671,269.52387010773265,14.755718119045737,15.866363568866387,0.0,1488,0.04947142018791055,0.055589459836483,0.10508057615938014,0.10704223066568375,0.4548684782162309,0.6936273077130317,0.6653091488033533,0.8883169627562165,0.9448269608616829,0.9449288023263216,1,COMPLIANT_ALIGNMENT,jam,nominal,20260921,results/a2po_dual_panda_dynamic_vertical/formal/seed_20260921/checkpoint_best.pt
41000183,no_staged_alignment_recovery,0,1600,12.8,0.0,0.0,0.0,0.0,0.019913158182083925,0.019919021544063366,0.019916089863073645,0.019919021544063366,2.8909715400378295,588.7108294419163,15.070381769087307,16.172106526183562,0.0,1491,0.048528985648881647,0.055090855807065964,0.10474128679474233,0.10707975178956985,0.4544579592719674,0.6940501162782311,0.6654447320103646,0.8886937582492829,0.9452308654785156,0.9453333733603358,1,COMPLIANT_ALIGNMENT,jam,nominal,20260921,results/a2po_dual_panda_dynamic_vertical/formal/seed_20260921/checkpoint_best.pt
41000184,no_staged_alignment_recovery,0,1600,12.8,0.0,0.0,0.0,0.0,0.02337340722962425,0.023022991002914606,0.023198199116269427,0.02337340722962425,3.148238703863,249.89379374847474,14.92802345582029,15.997881801280952,0.0,1493,0.05041925565921702,0.05555206909775734,0.10508495743211825,0.10708396136760712,0.4546999981626868,0.6937838981300593,0.6653469718992711,0.8884383723512292,0.9449921354651452,0.9450945508480072,1,COMPLIANT_ALIGNMENT,jam,nominal,20260921,results/a2po_dual_panda_dynamic_vertical/formal/seed_20260921/checkpoint_best.pt
41000185,no_staged_alignment_recovery,0,1600,12.8,0.0,0.0,0.0,0.0,0.02523769629413481,0.024959122868838612,0.02509840958148671,0.02523769629413481,3.474881849004082,111.9490880564773,14.961511501631762,16.001616579285308,0.0,1496,0.05090222725761123,0.055397458374500275,0.10511843648855575,0.1070898026227951,0.4545103988610208,0.6939798287674784,0.6654118049889803,0.8886135111004114,0.9451822719350457,0.9452836404368281,1,COMPLIANT_ALIGNMENT,jam,nominal,20260921,results/a2po_dual_panda_dynamic_vertical/formal/seed_20260921/checkpoint_best.pt
41000186,no_staged_alignment_recovery,0,1600,12.8,0.0,0.0,0.0,0.0,0.02456170545846616,0.02417608905439256,0.02436889725642936,0.02456170545846616,3.2821373374042646,211.95659516926267,15.035857754696597,16.091887898003044,0.0,1495,0.05110031530843116,0.055543266236782074,0.10510006539407186,0.10701386630535126,0.4546523608081043,0.6938269107416272,0.6653530599176883,0.8884679291769862,0.945038673914969,0.9451412719115615,1,COMPLIANT_ALIGNMENT,jam,nominal,20260921,results/a2po_dual_panda_dynamic_vertical/formal/seed_20260921/checkpoint_best.pt
41000187,no_staged_alignment_recovery,0,1600,12.8,0.0,0.0,0.0,0.0,0.020775206891515217,0.020497337575685178,0.0206362722336002,0.020775206891515217,2.9310446639658108,41.39346283855405,14.651706739963142,15.754523376304455,0.0,1488,0.04819273446511943,0.05504452809691429,0.10468084897700464,0.10703489929437637,0.454498349763453,0.6940145618841052,0.6654392927139997,0.8886714820936322,0.9451905258372426,0.9452933822572231,1,COMPLIANT_ALIGNMENT,jam,nominal,20260921,results/a2po_dual_panda_dynamic_vertical/formal/seed_20260921/checkpoint_best.pt
41000188,no_staged_alignment_recovery,0,1600,12.8,0.0,0.0,0.0,0.0,0.02193877694327634,0.021849205599689833,0.021893991271483088,0.02193877694327634,3.1060863527956464,581.9069744811227,15.168988076389033,16.245234887699098,0.0,1494,0.04974100354942493,0.055300258100032806,0.10498558043618686,0.10707482695579529,0.4545112951286137,0.6939845351874828,0.6654194837063551,0.8886255343258381,0.9451800271868706,0.94528195399791,1,COMPLIANT_ALIGNMENT,jam,nominal,20260921,results/a2po_dual_panda_dynamic_vertical/formal/seed_20260921/checkpoint_best.pt
41000189,no_staged_alignment_recovery,0,1600,12.8,0.0,0.0,0.0,0.0,0.02460521315553221,0.02380922476108489,0.02420721895830855,0.02460521315553221,3.346231013841873,88.95867411923243,14.999893799690078,16.03195062091124,0.0,1497,0.051068030160386114,0.05542507767677307,0.10513574164593592,0.10706260800361633,0.4545133022964001,0.6939752840995789,0.6654082584381104,0.8886065793037414,0.9451794676110148,0.9452807768061757,1,COMPLIANT_ALIGNMENT,jam,nominal,20260921,results/a2po_dual_panda_dynamic_vertical/formal/seed_20260921/checkpoint_best.pt
41000190,no_staged_alignment_recovery,0,1600,12.8,0.0,0.0,0.0,0.0,0.022970100277789566,0.02265308013454822,0.022811590206168894,0.022970100277789566,3.2228276697110236,436.5046894195808,15.108653969193393,16.180620047328933,0.0,1494,0.049673830642132086,0.055209655314683914,0.10496261197549757,0.10704837739467621,0.4544174926541746,0.6940830497443676,0.6654544366896152,0.8887165440618991,0.9452736720815301,0.9453752534464002,1,COMPLIANT_ALIGNMENT,jam,nominal,20260921,results/a2po_dual_panda_dynamic_vertical/formal/seed_20260921/checkpoint_best.pt
41000191,no_staged_alignment_recovery,0,1600,12.8,0.0,0.0,0.0,0.0,0.02391461633940188,0.023812651655730026,0.023863633997565956,0.02391461633940188,3.290465560859339,568.4382054144792,15.133256365635125,16.217823298738246,0.0,1493,0.049975154950807336,0.05533984303474426,0.10498998386319727,0.10709410905838013,0.4545453293249011,0.693950098194182,0.6654069390147924,0.8885952342301607,0.9451462107151747,0.9452483117952943,1,COMPLIANT_ALIGNMENT,jam,nominal,20260921,results/a2po_dual_panda_dynamic_vertical/formal/seed_20260921/checkpoint_best.pt
41000192,no_staged_alignment_recovery,0,1600,12.8,0.0,0.0,0.0,0.0,0.023578096599275324,0.023203350799190885,0.023390723699233104,0.023578096599275324,3.3411643968929625,42.38280365531894,14.923155910393177,15.971270539551227,0.0,1495,0.04985799831629265,0.05504457652568817,0.10486526046996004,0.10703134536743164,0.45430480502545834,0.6941970437765121,0.6654889936745166,0.8888148369640112,0.9453844687342644,0.9454862349480391,1,COMPLIANT_ALIGNMENT,jam,nominal,20260921,results/a2po_dual_panda_dynamic_vertical/formal/seed_20260921/checkpoint_best.pt
41000193,no_staged_alignment_recovery,0,1600,12.8,0.0,0.0,0.0,0.0,0.023476725695869952,0.023413222674601303,0.023444974185235626,0.023476725695869952,3.3611587816462527,223.6547758853062,15.064107146403495,16.100582120404543,0.0,1497,0.050308014442562124,0.0551433302462101,0.10489701426384272,0.10708963125944138,0.45432372072711585,0.6941761281341314,0.6654772990196943,0.888790872618556,0.9453662551939488,0.9454678704217077,1,COMPLIANT_ALIGNMENT,jam,nominal,20260921,results/a2po_dual_panda_dynamic_vertical/formal/seed_20260921/checkpoint_best.pt
41000194,no_staged_alignment_recovery,0,1600,12.8,0.0,0.0,0.0,0.0,0.029018069235717633,0.028824251411902438,0.028921160323810036,0.029018069235717633,3.923594724534189,35.785853761642244,14.973068757951616,16.003279901618296,0.0,1497,0.0519326987338718,0.05553346872329712,0.10525990185502451,0.10701736062765121,0.4546208710223436,0.6938543181121349,0.6653603840991855,0.8884876070916653,0.9450720617920161,0.945173437744379,1,COMPLIANT_ALIGNMENT,jam,nominal,20260921,results/a2po_dual_panda_dynamic_vertical/formal/seed_20260921/checkpoint_best.pt
41000195,no_staged_alignment_recovery,0,1600,12.8,0.0,0.0,0.0,0.0,0.025204279896378617,0.025049446984799977,0.025126863440589297,0.025204279896378617,3.44101877684909,238.9996570885153,14.955557783548862,16.01666161558111,0.0,1494,0.05056730943964794,0.055406346917152405,0.10507106780889444,0.1070857048034668,0.4545770499482751,0.6939119994267822,0.6653901606425643,0.888554905578494,0.9451147930696606,0.9452168339863419,1,COMPLIANT_ALIGNMENT,jam,nominal,20260921,results/a2po_dual_panda_dynamic_vertical/formal/seed_20260921/checkpoint_best.pt
41000196,no_staged_alignment_recovery,0,1600,12.8,0.0,0.0,0.0,0.0,0.026866013814465853,0.026428392240582875,0.026647203027524366,0.026866013814465853,3.6659957031604584,89.3758696962215,14.955750155852979,15.995454712142221,0.0,1496,0.051153483301168305,0.0553806908428669,0.1051671444287058,0.10707858204841614,0.45450292848050594,0.6939879857003689,0.6654157661646605,0.8886217976361513,0.9451908675208688,0.9452916214987636,1,COMPLIANT_ALIGNMENT,jam,nominal,20260921,results/a2po_dual_panda_dynamic_vertical/formal/seed_20260921/checkpoint_best.pt
41000197,no_staged_alignment_recovery,0,1600,12.8,0.0,0.0,0.0,0.0,0.026923032526309586,0.026517372356975412,0.0267202024416425,0.026923032526309586,3.5473540633296383,52.54183658293275,14.748639146014307,15.82684281262434,0.0,1491,0.05103016141743865,0.05561256408691406,0.10520105420204345,0.10704725235700607,0.4548031940869987,0.6936753933131695,0.6653089660406113,0.8883390789851546,0.9448898891359567,0.944992008805275,1,COMPLIANT_ALIGNMENT,jam,nominal,20260921,results/a2po_dual_panda_dynamic_vertical/formal/seed_20260921/checkpoint_best.pt
41000198,no_staged_alignment_recovery,0,1600,12.8,0.0,0.0,0.0,0.0,0.02276341592507904,0.022435020559609678,0.022599218242344357,0.02276341592507904,3.249451707865763,221.15899598814744,15.028886020683998,16.073674888432084,0.0,1496,0.050029979979153726,0.05514154210686684,0.1048536081398197,0.10708814114332199,0.45429353456944227,0.6942081908881664,0.665488965921104,0.8888212583586573,0.9453958022966981,0.945497571900487,1,COMPLIANT_ALIGNMENT,jam,nominal,20260921,results/a2po_dual_panda_dynamic_vertical/formal/seed_20260921/checkpoint_best.pt
41000199,no_staged_alignment_recovery,0,1600,12.8,0.0,0.0,0.0,0.0,0.022024629084202274,0.022143284566859316,0.022083956825530795,0.022143284566859316,3.2344959252285737,203.54148894242837,15.085073701223259,16.12299126383247,0.0,1497,0.04984089784673415,0.05510999634861946,0.10491616166269523,0.1070711761713028,0.45435625230893495,0.6941422774642706,0.6654702006652952,0.8887629938498139,0.9453336132690311,0.9454352830722929,1,COMPLIANT_ALIGNMENT,jam,nominal,20260921,results/a2po_dual_panda_dynamic_vertical/formal/seed_20260921/checkpoint_best.pt
