seed,variant,success,steps,completion_time_s,peg1_depth_m,peg2_depth_m,mean_depth_m,min_depth_m,peg1_lateral_error_m,peg2_lateral_error_m,mean_lateral_error_m,max_lateral_error_m,orientation_error_deg,peak_contact_force_N,mean_force_all_steps_N,mean_force_contact_steps_N,peak_contact_torque_Nm,contact_steps,mean_trajectory_residual_norm,peak_trajectory_residual_norm,mean_impedance_residual_norm,peak_impedance_residual_norm,mean_impedance_k_parallel,mean_impedance_k_lateral,mean_impedance_k_rotation,mean_impedance_d_parallel,mean_impedance_d_lateral,mean_impedance_d_rotation,jam,final_stage,failure_reason,setting,train_seed,checkpoint
41000000,a2po,1,212,1.696,0.060259839351775854,0.060020120152803114,0.060139979752289484,0.060020120152803114,0.0008928182618671723,0.000815260449402335,0.0008540393556347536,0.0008928182618671723,0.7511213820517121,0.0,0.0,0.0,0.0,5,0.04252601700246264,0.055577173829078674,0.07827696838539164,0.10446084290742874,0.4870287149019961,0.6618514207174193,0.6536634404141948,0.8603474014210251,0.9122536539469125,0.9126153003494695,0,SUCCESS,success,nominal,20260921,results/a2po_dual_panda_dynamic_vertical/formal/seed_20260921/checkpoint_best.pt
41000001,a2po,1,316,2.528,0.03894878426126014,0.03870648213219258,0.03882763319672636,0.03870648213219258,0.0009632120237572836,0.0008246983477377439,0.0008939551857475138,0.0009632120237572836,0.5427380397859776,0.0,0.0,0.0,0.0,6,0.038280563271321545,0.05534353107213974,0.08633282610518811,0.10550030320882797,0.47410975896482227,0.6745565097920502,0.6579968999081021,0.8712979919171031,0.9252857315012172,0.9255634908434711,0,SUCCESS,success,nominal,20260921,results/a2po_dual_panda_dynamic_vertical/formal/seed_20260921/checkpoint_best.pt
41000002,a2po,1,209,1.672,0.0600093082430212,0.05974082946565146,0.05987506885433633,0.05974082946565146,0.0009737891408900312,0.0008899263122382017,0.0009318577265641165,0.0009737891408900312,0.7921889103913637,0.0,0.0,0.0,0.0,6,0.04216584913281091,0.05521584302186966,0.07845053367949488,0.10474582016468048,0.4841656489520552,0.664742447542802,0.6545258369742398,0.8628401057571886,0.9151050950351515,0.9154532098313838,0,SUCCESS,success,nominal,20260921,results/a2po_dual_panda_dynamic_vertical/formal/seed_20260921/checkpoint_best.pt
41000003,a2po,1,356,2.848,0.037274628668131415,0.03712495861128104,0.03719979363970623,0.03712495861128104,0.0009050236498537158,0.0009880269509647426,0.0009465253004092292,0.0009880269509647426,0.4541014740887637,0.0,0.0,0.0,0.0,6,0.03645263601413645,0.05569025129079819,0.08994435713354372,0.10552719980478287,0.47227814701500903,0.6760953214396251,0.6584443804923068,0.8724142495500907,0.9271133208877584,0.9273819838012203,0,SUCCESS,success,nominal,20260921,results/a2po_dual_panda_dynamic_vertical/formal/seed_20260921/checkpoint_best.pt
41000004,a2po,1,318,2.544,0.038685587050522746,0.0384394147993683,0.03856250092494552,0.0384394147993683,0.0009888866517974051,0.0008509111828729949,0.0009198989173352,0.0009888866517974051,0.5588009840577195,0.0,0.0,0.0,0.0,6,0.038173488216802665,0.05554815009236336,0.08685811572421179,0.10552065074443817,0.4746482729349496,0.6739657663699216,0.6578069460466973,0.8707539011847298,0.9247489232312208,0.9250290174529238,0,SUCCESS,success,nominal,20260921,results/a2po_dual_panda_dynamic_vertical/formal/seed_20260921/checkpoint_best.pt
41000005,a2po,1,247,1.976,0.06211827166603888,0.06174546282250547,0.061931867244272173,0.06174546282250547,0.0007918874439065451,0.0008761076374382419,0.0008339975406723935,0.0008761076374382419,0.4817221426696832,0.0,0.0,0.0,0.0,5,0.04244162502928603,0.05539468675851822,0.08285086276763787,0.10537190735340118,0.4802216630474276,0.6684196456241221,0.6557758954855112,0.8658798602428514,0.9190755838807295,0.9194016070501042,0,SUCCESS,success,nominal,20260921,results/a2po_dual_panda_dynamic_vertical/formal/seed_20260921/checkpoint_best.pt
41000006,a2po,1,260,2.08,0.05730560871180411,0.056951521702019586,0.05712856520691185,0.056951521702019586,0.0005834642844565623,0.0006435705695085686,0.0006135174269825655,0.0006435705695085686,0.24739476242298042,9.588759358657144,0.036879843687142866,1.5981265597761907,0.0,6,0.04152969926094206,0.055545873939991,0.08630363319355708,0.10554531961679459,0.4785217278278791,0.6698666329567249,0.6561430348799779,0.8669013491043678,0.9207795901940419,0.921090773664988,0,SUCCESS,success,nominal,20260921,results/a2po_dual_panda_dynamic_vertical/formal/seed_20260921/checkpoint_best.pt
41000007,a2po,1,357,2.856,0.037223971990688554,0.03708122065589184,0.037152596323290196,0.03708122065589184,0.0008443728549348712,0.000886486006097221,0.000865429430516046,0.000886486006097221,0.4517297589498093,0.0,0.0,0.0,0.0,5,0.03651531961425638,0.05562683194875717,0.09160584953277051,0.10558173805475235,0.4712882906782861,0.6769419534533632,0.6586335293051242,0.8730134302828493,0.9280889186204648,0.9283521265542808,0,SUCCESS,success,nominal,20260921,results/a2po_dual_panda_dynamic_vertical/formal/seed_20260921/checkpoint_best.pt
41000008,a2po,1,257,2.056,0.05825886548118443,0.058022972116435756,0.058140918798810094,0.058022972116435756,0.00042544528380772975,0.0004700526784354502,0.00044774898112159,0.0004700526784354502,0.34508591638668273,0.0,0.0,0.0,0.0,6,0.04148248978075118,0.055321104824543,0.08056104893285188,0.10533883422613144,0.4812914928573579,0.6680200248376869,0.6560056919253754,0.8660660877765849,0.9181707339064157,0.9184556090878142,0,SUCCESS,success,nominal,20260921,results/a2po_dual_panda_dynamic_vertical/formal/seed_20260921/checkpoint_best.pt
41000009,a2po,1,243,1.944,0.06216765809365826,0.06183517281008624,0.06200141545187225,0.06183517281008624,0.0008506996863827139,0.0009213549810862123,0.0008860273337344631,0.0009213549810862123,0.6504268966977116,47.96844619368116,0.19740101314272082,6.85263517052588,0.0,7,0.04246648451037429,0.05494895577430725,0.08133375325044732,0.10527512431144714,0.47796567575431165,0.6706856761449649,0.6564070984659862,0.8677905636069215,0.9212944652317974,0.9216201052744202,0,SUCCESS,success,nominal,20260921,results/a2po_dual_panda_dynamic_vertical/formal/seed_20260921/checkpoint_best.pt
41000010,a2po,1,348,2.7840000000000003,0.03745289963324075,0.03726949735217461,0.03736119849270768,0.03726949735217461,0.0007833162409639281,0.0009019264444363816,0.0008426213427001549,0.0009019264444363816,0.4258912385105054,0.0,0.0,0.0,0.0,6,0.03672962511445385,0.05527292937040329,0.08814848995307224,0.10545453429222107,0.47141146454317817,0.6770819156676874,0.6587602544104916,0.873348645437723,0.927970274597749,0.9282397996077593,0,SUCCESS,success,nominal,20260921,results/a2po_dual_panda_dynamic_vertical/formal/seed_20260921/checkpoint_best.pt
41000011,a2po,1,254,2.032,0.05884745781793668,0.05864015608000778,0.05874380694897223,0.05864015608000778,0.0005586105266262869,0.0005135077510924432,0.0005360591388593651,0.0005586105266262869,0.3751419743116809,0.0,0.0,0.0,0.0,5,0.041474668463090746,0.055197574198246,0.08714939503908509,0.10557033866643906,0.47618365276047564,0.672325440983134,0.6568580225227386,0.8690187170749574,0.9231587815003133,0.923433881575667,0,SUCCESS,success,nominal,20260921,results/a2po_dual_panda_dynamic_vertical/formal/seed_20260921/checkpoint_best.pt
41000012,a2po,1,257,2.056,0.05793990787619427,0.05758658941547207,0.05776324864583317,0.05758658941547207,0.0006312028330997733,0.0006810445762672139,0.0006561237046834936,0.0006810445762672139,0.3501222819379577,0.0,0.0,0.0,0.0,5,0.041574621381027924,0.05532008782029152,0.08605115391234305,0.10551777482032776,0.4772976454825717,0.671143699248941,0.6565074904419569,0.8680040397996569,0.922006883509892,0.922306561284492,0,SUCCESS,success,nominal,20260921,results/a2po_dual_panda_dynamic_vertical/formal/seed_20260921/checkpoint_best.pt
41000013,a2po,1,257,2.056,0.05755090097913998,0.057211582527499166,0.05738124175331957,0.057211582527499166,0.0009223043792347733,0.0004922038325398833,0.0007072541058873282,0.0009223043792347733,0.3662598111927378,0.0,0.0,0.0,0.0,6,0.04091762903722634,0.05513927713036537,0.08454030680611498,0.10549653321504593,0.4760653601546232,0.6725192582560884,0.6570158343370787,0.8693243494757419,0.9232429143055868,0.9235421215049952,0,SUCCESS,success,nominal,20260921,results/a2po_dual_panda_dynamic_vertical/formal/seed_20260921/checkpoint_best.pt
41000014,a2po,1,267,2.136,0.053277025437811404,0.053146169326538345,0.053211597382174874,0.053146169326538345,0.0008108545625409454,0.0008468676666363627,0.0008288611145886541,0.0008468676666363627,0.11267092864953611,0.0,0.0,0.0,0.0,5,0.0410885006740466,0.0551423653960228,0.08379028722546185,0.10551369935274124,0.4765233074904381,0.6721786097640848,0.6570589441931649,0.8691888766342335,0.9228106882241781,0.9231118437056238,0,SUCCESS,success,nominal,20260921,results/a2po_dual_panda_dynamic_vertical/formal/seed_20260921/checkpoint_best.pt
41000015,a2po,1,256,2.048,0.05845200645990237,0.058231990637826914,0.05834199854886464,0.058231990637826914,0.0004040111719867515,0.0004649916810327888,0.00043450142650977016,0.0004649916810327888,0.3757484841346685,0.0,0.0,0.0,0.0,6,0.04172433375060791,0.05534835159778595,0.08072250371378686,0.1053621917963028,0.4805948177818209,0.6684888359159231,0.6560527430847287,0.8663006455171853,0.918812962481752,0.9191123647615314,0,SUCCESS,success,nominal,20260921,results/a2po_dual_panda_dynamic_vertical/formal/seed_20260921/checkpoint_best.pt
41000016,a2po,1,315,2.52,0.038951755855804876,0.03867463376192948,0.03881319480886718,0.03867463376192948,0.0009458539741331272,0.0008854955873428204,0.0009156747807379738,0.0009458539741331272,0.578756499990699,0.0,0.0,0.0,0.0,5,0.03803127563543736,0.05530612915754318,0.08762226665303821,0.10548961162567139,0.47295746547835216,0.6754901685411968,0.6581278441444276,0.871894377375406,0.9263885577519735,0.9266692770851983,0,SUCCESS,success,nominal,20260921,results/a2po_dual_panda_dynamic_vertical/formal/seed_20260921/checkpoint_best.pt
41000017,a2po,1,248,1.984,0.0621700462821117,0.06179379049853917,0.061981918390325436,0.06179379049853917,0.0008387633218344893,0.0008388964741649195,0.0008388298979997044,0.0008388964741649195,0.4562039431332924,0.0,0.0,0.0,0.0,6,0.04230464000307444,0.055598851293325424,0.08515986429917957,0.10542361438274384,0.4803475614997648,0.6681206046092895,0.6556177915584657,0.8654643044837059,0.9189513683799775,0.9192723071863574,0,SUCCESS,success,nominal,20260921,results/a2po_dual_panda_dynamic_vertical/formal/seed_20260921/checkpoint_best.pt
41000018,a2po,1,207,1.6560000000000001,0.05945299743445798,0.059225087866944914,0.059339042650701446,0.059225087866944914,0.0009395854521924529,0.0009313576689538781,0.0009354715605731656,0.0009395854521924529,0.7944639359919615,0.0,0.0,0.0,0.0,6,0.04289544580711259,0.05504203960299492,0.0743375773989294,0.10469331592321396,0.4858524292563471,0.6633852478386699,0.6542501602195887,0.8619421081266542,0.9134435095072945,0.913799223980466,0,SUCCESS,success,nominal,20260921,results/a2po_dual_panda_dynamic_vertical/formal/seed_20260921/checkpoint_best.pt
41000019,a2po,1,350,2.8000000000000003,0.03749525936157354,0.03736980053889048,0.03743252995023201,0.03736980053889048,0.0009527628662393633,0.0009454253887755139,0.0009490941275074386,0.0009527628662393633,0.4344832766242887,48.848049366107276,0.13956585533173507,6.978292766586754,0.0,7,0.03662523820863239,0.05554254725575447,0.0878393742485371,0.10554757714271545,0.473018855367388,0.6756757519926344,0.6584560237612043,0.8723082285267966,0.9264347210952214,0.9266914222921644,0,SUCCESS,success,nominal,20260921,results/a2po_dual_panda_dynamic_vertical/formal/seed_20260921/checkpoint_best.pt
41000020,a2po,1,212,1.696,0.05928712597511947,0.059256340494594106,0.05927173323485679,0.059256340494594106,0.00044671800054656694,0.000696230031707032,0.0005714740161267995,0.000696230031707032,0.7138322236809547,0.0,0.0,0.0,0.0,6,0.04150675000833734,0.05538569390773773,0.0760144814546879,0.10469260811805725,0.4869743527949981,0.6624041466780428,0.6540514913932333,0.8612106240020608,0.9124147388732659,0.9127458468923029,0,SUCCESS,success,nominal,20260921,results/a2po_dual_panda_dynamic_vertical/formal/seed_20260921/checkpoint_best.pt
41000021,a2po,1,317,2.536,0.0391076156414253,0.03884684902373954,0.03897723233258242,0.03884684902373954,0.0008958812748881776,0.0007982449783106581,0.0008470631265994179,0.0008958812748881776,0.5446639352380718,0.0,0.0,0.0,0.0,5,0.03808189213293537,0.0554007887840271,0.08555053626275283,0.10546941310167313,0.47465753724522397,0.6741090275887811,0.6578936849482804,0.8709835410118103,0.9247602423658883,0.9250339203828517,0,SUCCESS,success,nominal,20260921,results/a2po_dual_panda_dynamic_vertical/formal/seed_20260921/checkpoint_best.pt
41000022,a2po,1,384,3.072,0.03924779456730662,0.03913337917781948,0.03919058687256305,0.03913337917781948,0.0008274766688996073,0.0007944983764718232,0.0008109875226857152,0.0008274766688996073,0.2803103059429633,0.0,0.0,0.0,0.0,6,0.03547864612968018,0.05570081248879433,0.09045269442018859,0.10551566630601883,0.4710581754334271,0.6773256035521626,0.6588848534350594,0.8734988711463908,0.9283538307063282,0.928613209631294,0,SUCCESS,success,nominal,20260921,results/a2po_dual_panda_dynamic_vertical/formal/seed_20260921/checkpoint_best.pt
41000023,a2po,1,242,1.936,0.06326310890638778,0.0628940596040361,0.06307858425521194,0.0628940596040361,0.0007575902671445289,0.0008162061255297352,0.0007868981963371321,0.0008162061255297352,0.6234531642330648,0.0,0.0,0.0,0.0,5,0.04275250809136316,0.055184658616781235,0.08307004064968056,0.10533665120601654,0.479329667554414,0.6692825444966308,0.6559780038092747,0.8665643120107572,0.9199526073518863,0.920273694371389,0,SUCCESS,success,nominal,20260921,results/a2po_dual_panda_dynamic_vertical/formal/seed_20260921/checkpoint_best.pt
41000024,a2po,1,264,2.112,0.055265568832903095,0.05515896598825844,0.055212267410580766,0.05515896598825844,0.0005479176559229946,0.0005949212278829836,0.0005714194419029891,0.0005949212278829836,0.18224419356330715,0.0,0.0,0.0,0.0,6,0.041602540644817054,0.05538816377520561,0.08226218535459008,0.1054801195859909,0.47957221305731573,0.6693763401020657,0.6563246746857961,0.8669813198573662,0.9198271225799214,0.9201253535169543,0,SUCCESS,success,nominal,20260921,results/a2po_dual_panda_dynamic_vertical/formal/seed_20260921/checkpoint_best.pt
41000025,a2po,1,354,2.832,0.037288563997507546,0.037127868472518866,0.037208216235013206,0.037127868472518866,0.0008683751257052087,0.0009484925967200897,0.0009084338612126492,0.0009484925967200897,0.4583165831817491,49.28130358869285,0.1392127220019572,8.213550598115475,0.0,6,0.036561965053153914,0.055623505264520645,0.0891091375484126,0.10551361739635468,0.4725548337071629,0.6759027907740598,0.6584152373890418,0.87231739867205,0.926847035433613,0.9271153379968331,0,SUCCESS,success,nominal,20260921,results/a2po_dual_panda_dynamic_vertical/formal/seed_20260921/checkpoint_best.pt
41000026,a2po,1,211,1.688,0.060131058411812544,0.060147499002449006,0.060139278707130775,0.060131058411812544,0.000665153181565747,0.0008140196350652652,0.0007395864083155061,0.0008140196350652652,0.7593559402547294,0.0,0.0,0.0,0.0,6,0.04143243552057593,0.055383019149303436,0.0796157000034659,0.10494031012058258,0.48450825508171913,0.6643896097255544,0.654452073348077,0.8625451829196152,0.9147875224244538,0.9151316248410121,0,SUCCESS,success,nominal,20260921,results/a2po_dual_panda_dynamic_vertical/formal/seed_20260921/checkpoint_best.pt
41000027,a2po,1,356,2.848,0.03727665636156144,0.0371132805530959,0.03719496845732867,0.0371132805530959,0.0008173408706401793,0.0008938947612279487,0.0008556178159340639,0.0008938947612279487,0.44278386042161627,49.28403374576742,0.13843829703867253,7.040576249395345,0.0,7,0.03650841625077713,0.05553212761878967,0.09090215130970719,0.10554353892803192,0.47114437918984486,0.67714868703585,0.6587142661381303,0.8732456991846642,0.9282351876242777,0.9284981331798468,0,SUCCESS,success,nominal,20260921,results/a2po_dual_panda_dynamic_vertical/formal/seed_20260921/checkpoint_best.pt
41000028,a2po,1,245,1.96,0.06287995507816904,0.06246485218131892,0.06267240362974398,0.06246485218131892,0.0006288034238917608,0.000747807761991106,0.0006883055929414334,0.000747807761991106,0.5133835843804064,0.0,0.0,0.0,0.0,6,0.042741384604299555,0.05540545657277107,0.08392987860442729,0.10539437085390091,0.4800611005753887,0.6684735210574403,0.6557262663938561,0.8658221274006124,0.9192250645890527,0.9195489922348334,0,SUCCESS,success,nominal,20260921,results/a2po_dual_panda_dynamic_vertical/formal/seed_20260921/checkpoint_best.pt
41000029,a2po,1,248,1.984,0.06124077015475263,0.06086650691157042,0.06105363853316152,0.06086650691157042,0.000811094733613871,0.0007367072020565038,0.0007739009678351873,0.000811094733613871,0.5112450478689486,0.0,0.0,0.0,0.0,6,0.041666745146240795,0.055317167192697525,0.08383428132454414,0.10539688169956207,0.4788571009712835,0.6698048328680377,0.6562233423033068,0.8670798963116061,0.9204634307853637,0.9207750032505682,0,SUCCESS,success,nominal,20260921,results/a2po_dual_panda_dynamic_vertical/formal/seed_20260921/checkpoint_best.pt
41000030,a2po,1,244,1.952,0.06275560969679735,0.062335223443093335,0.06254541656994533,0.062335223443093335,0.000696369122355454,0.0007891056771728594,0.0007427373997641567,0.0007891056771728594,0.5999329737130802,0.0,0.0,0.0,0.0,6,0.04267599140332065,0.055150311440229416,0.08442149460926408,0.10534624010324478,0.47792261838912964,0.6706026567787421,0.6563101181241332,0.8675816369349839,0.9213628712736193,0.9216689464987301,0,SUCCESS,success,nominal,20260921,results/a2po_dual_panda_dynamic_vertical/formal/seed_20260921/checkpoint_best.pt
41000031,a2po,1,211,1.688,0.059287285866368986,0.05903870749147641,0.0591629966789227,0.05903870749147641,0.0008128769359901366,0.0008019006846409897,0.0008073888103155632,0.0008128769359901366,0.7333504283626513,0.0,0.0,0.0,0.0,5,0.04289825318902025,0.05551537126302719,0.0741523160854072,0.10444845259189606,0.4893961139199858,0.6600957080651234,0.6533910988066434,0.8592946277975471,0.9100140703232933,0.9103506043623973,0,SUCCESS,success,nominal,20260921,results/a2po_dual_panda_dynamic_vertical/formal/seed_20260921/checkpoint_best.pt
41000032,a2po,1,381,3.048,0.039062285322019635,0.03888278317594669,0.038972534248983164,0.03888278317594669,0.0007931218802326135,0.0008991258728581539,0.0008461238765453836,0.0008991258728581539,0.3073800193350666,0.0,0.0,0.0,0.0,5,0.03547725070810576,0.055609140545129776,0.09077354148030281,0.105481818318367,0.4705109590776949,0.6777645024101878,0.6589371834214278,0.8737798937036609,0.9288681905100665,0.9291330508672659,0,SUCCESS,success,nominal,20260921,results/a2po_dual_panda_dynamic_vertical/formal/seed_20260921/checkpoint_best.pt
41000033,a2po,1,265,2.12,0.05525887287253431,0.0551185476133243,0.055188710242929304,0.0551185476133243,0.0005926785653150814,0.0006102499480816542,0.0006014642566983678,0.0006102499480816542,0.14857009616167371,0.0,0.0,0.0,0.0,6,0.041521642297365755,0.05550575628876686,0.08211816236956643,0.10549604892730713,0.48071913010669204,0.6683720048868431,0.6560877527830735,0.8662211505871898,0.9187274588728851,0.9190162678934494,0,SUCCESS,success,nominal,20260921,results/a2po_dual_panda_dynamic_vertical/formal/seed_20260921/checkpoint_best.pt
41000034,a2po,1,353,2.824,0.03729733743586883,0.037142824641585775,0.0372200810387273,0.037142824641585775,0.000868843267118649,0.0009142341705586902,0.0008915387188386697,0.0009142341705586902,0.441303235157778,50.1487830450229,0.1420645412040309,8.358130507503818,0.0,6,0.03652167659405904,0.05547754094004631,0.08999444779652374,0.1055368110537529,0.4713793838496924,0.6770199094885807,0.658721976340999,0.8732268737665992,0.9280122754931788,0.928274750034127,0,SUCCESS,success,nominal,20260921,results/a2po_dual_panda_dynamic_vertical/formal/seed_20260921/checkpoint_best.pt
41000035,a2po,1,210,1.68,0.05961089177450089,0.05961868939095566,0.059614790582728276,0.05961089177450089,0.00047518476934149445,0.0006025665001905672,0.0005388756347660308,0.0006025665001905672,0.7595686584905778,0.0,0.0,0.0,0.0,6,0.04123307684924276,0.05512074753642082,0.07892584595884684,0.1050385981798172,0.48320398671286446,0.6657763898372651,0.6548791584514436,0.8637798539229802,0.9160940462634677,0.9164293706417084,0,SUCCESS,success,nominal,20260921,results/a2po_dual_panda_dynamic_vertical/formal/seed_20260921/checkpoint_best.pt
41000036,a2po,1,349,2.7920000000000003,0.03747375445109068,0.03734196862109597,0.03740786153609332,0.03734196862109597,0.0009310892511274255,0.0009268052862691237,0.0009289472686982746,0.0009310892511274255,0.43102004108937736,0.0,0.0,0.0,0.0,6,0.03656276360549097,0.05545391887426376,0.08832723858304599,0.10554420202970505,0.4722820113928065,0.6763306965459042,0.6586165477689836,0.8728102783760574,0.9271468991536466,0.9274071583092042,0,SUCCESS,success,nominal,20260921,results/a2po_dual_panda_dynamic_vertical/formal/seed_20260921/checkpoint_best.pt
41000037,a2po,1,259,2.072,0.05654811937471983,0.0563331676725944,0.056440643523657116,0.0563331676725944,0.0005090358441244693,0.0007300717246540748,0.0006195537843892721,0.0007300717246540748,0.3349287349518374,0.0,0.0,0.0,0.0,6,0.04155423684390873,0.05479152500629425,0.08006801925290333,0.10536897927522659,0.477320748981822,0.6715481902641679,0.6568574914600859,0.8687449495764773,0.9219909374778336,0.9223061544554574,0,SUCCESS,success,nominal,20260921,results/a2po_dual_panda_dynamic_vertical/formal/seed_20260921/checkpoint_best.pt
41000038,a2po,1,247,1.976,0.0608211255801802,0.06059258073394479,0.06070685315706249,0.06059258073394479,0.0007141038026080426,0.000759268215578053,0.0007366860090930478,0.000759268215578053,0.6101929466624305,0.0,0.0,0.0,0.0,6,0.04216361704550171,0.05483795329928398,0.07831740271119092,0.10521616041660309,0.47918580900802304,0.6698193407734396,0.6563313762668656,0.8673462380281827,0.9201313076231644,0.9204533220785349,0,SUCCESS,success,nominal,20260921,results/a2po_dual_panda_dynamic_vertical/formal/seed_20260921/checkpoint_best.pt
41000039,a2po,1,352,2.816,0.0372878413261257,0.03708183770531562,0.03718483951572066,0.03708183770531562,0.0008195865202800035,0.0009266360752232401,0.0008731112977516217,0.0009266360752232401,0.45011982886146235,43.299545318105245,0.12301007192643536,7.2165908863508745,0.0,6,0.036338328778087584,0.05535506457090378,0.08933464518221709,0.105503611266613,0.47106411011720245,0.6773172610185363,0.6587723381817341,0.873455570164052,0.9283067030324177,0.9285745646127246,0,SUCCESS,success,nominal,20260921,results/a2po_dual_panda_dynamic_vertical/formal/seed_20260921/checkpoint_best.pt
41000040,a2po,1,317,2.536,0.03862520605140912,0.03834438390845221,0.03848479497993067,0.03834438390845221,0.0009755338654909516,0.0008904518502673086,0.00093299285787913,0.0009755338654909516,0.5956318760084944,0.0,0.0,0.0,0.0,6,0.03841698752152102,0.055512670427560806,0.08844082792251362,0.10549496114253998,0.4739018806523705,0.6745054503720641,0.6578513528646355,0.87103487452498,0.925454916826182,0.9257368840253691,0,SUCCESS,success,nominal,20260921,results/a2po_dual_panda_dynamic_vertical/formal/seed_20260921/checkpoint_best.pt
41000041,a2po,1,319,2.552,0.03915291991914906,0.03886330515015314,0.0390081125346511,0.03886330515015314,0.0008777760991454466,0.0008412198567130569,0.0008594979779292518,0.0008777760991454466,0.5510098139883842,49.08938613876641,0.15388522300553734,7.012769448395201,0.0,7,0.038495184094601294,0.05560789629817009,0.08569915613471925,0.10540995001792908,0.47747812394438116,0.6716661974554151,0.6573077744824759,0.8691420510271126,0.9220520928735644,0.9222990506121358,0,SUCCESS,success,nominal,20260921,results/a2po_dual_panda_dynamic_vertical/formal/seed_20260921/checkpoint_best.pt
41000042,a2po,1,348,2.7840000000000003,0.03740674099185487,0.037269412832782955,0.03733807691231891,0.037269412832782955,0.0008832858399825236,0.0008795808236741196,0.0008814333318283216,0.0008832858399825236,0.42935154539904397,0.0,0.0,0.0,0.0,6,0.03648413902405521,0.0552925281226635,0.08965203245223939,0.10555346310138702,0.47070492170322903,0.6777387795777157,0.658950318207686,0.8738710011901527,0.9286876459573877,0.9289471743435695,0,SUCCESS,success,nominal,20260921,results/a2po_dual_panda_dynamic_vertical/formal/seed_20260921/checkpoint_best.pt
41000043,a2po,1,321,2.568,0.03795025089178129,0.03764444145760526,0.037797346174693276,0.03764444145760526,0.0009682145822856028,0.0009368921073544064,0.0009525533448200047,0.0009682145822856028,0.6162000267408398,0.0,0.0,0.0,0.0,6,0.038332323018589125,0.05558408051729202,0.08887116918543418,0.10547050833702087,0.47389028906079467,0.674467492512082,0.6578300118074981,0.8709643425599808,0.9254640723314612,0.9257464249186055,0,SUCCESS,success,nominal,20260921,results/a2po_dual_panda_dynamic_vertical/formal/seed_20260921/checkpoint_best.pt
41000044,a2po,1,211,1.688,0.06005661974297671,0.05985724041959509,0.0599569300812859,0.05985724041959509,0.0009909446590698283,0.0009331383286335706,0.0009620414938516994,0.0009909446590698283,0.7589489902683556,0.0,0.0,0.0,0.0,6,0.04269574963492099,0.05556275323033333,0.07775563732345735,0.10475756227970123,0.48741626810123573,0.6615641797888335,0.6536264247238919,0.8601808590346604,0.9118876321620851,0.9122453456241373,0,SUCCESS,success,nominal,20260921,results/a2po_dual_panda_dynamic_vertical/formal/seed_20260921/checkpoint_best.pt
41000045,a2po,1,359,2.872,0.037345598190840906,0.03715797729568476,0.037251787743262835,0.03715797729568476,0.0007900554804198325,0.0009368679882046755,0.0008634617343122541,0.0009368679882046755,0.45487636581580837,0.0,0.0,0.0,0.0,5,0.0364221711993259,0.05567797273397446,0.09041909833015838,0.1054985374212265,0.47198166936885017,0.6762948720236011,0.6584556534429779,0.8725033691334525,0.927390158674511,0.927662615490491,0,SUCCESS,success,nominal,20260921,results/a2po_dual_panda_dynamic_vertical/formal/seed_20260921/checkpoint_best.pt
41000046,a2po,1,351,2.8080000000000003,0.03727452138969492,0.03710899113596794,0.03719175626283143,0.03710899113596794,0.0008260160201222289,0.0008846791225663901,0.0008553475713443095,0.0008846791225663901,0.44048759332566656,49.96702442478306,0.1423561949424019,8.327837404130511,0.0,6,0.0366241123734249,0.05534891411662102,0.08990340159099518,0.10552208125591278,0.47095050796484333,0.677440056773672,0.658829459947059,0.8735708188467216,0.9284328949077856,0.9286947469426017,0,SUCCESS,success,nominal,20260921,results/a2po_dual_panda_dynamic_vertical/formal/seed_20260921/checkpoint_best.pt
41000047,a2po,1,353,2.824,0.03724212169117341,0.03711355939300215,0.03717784054208778,0.03711355939300215,0.0008088817314674291,0.0007947627197069499,0.0008018222255871895,0.0008088817314674291,0.41809975163144486,0.0,0.0,0.0,0.0,6,0.036446966879892954,0.055212777107954025,0.09161335448589356,0.10561556369066238,0.46944523828563206,0.6788822940996618,0.6592259727861658,0.874720289923314,0.9299495095234079,0.9301933040024538,0,SUCCESS,success,nominal,20260921,results/a2po_dual_panda_dynamic_vertical/formal/seed_20260921/checkpoint_best.pt
41000048,a2po,1,207,1.6560000000000001,0.05950782293758215,0.05923248270743306,0.059370152822507606,0.05923248270743306,0.0009203442258113673,0.0008705570868752143,0.0008954506563432908,0.0009203442258113673,0.7992011306657961,0.0,0.0,0.0,0.0,6,0.042215959598638726,0.05487578734755516,0.07535554631050802,0.1046690046787262,0.48349545341758915,0.6655276616414388,0.6547723208072681,0.8635892810452963,0.9157424111297165,0.9161016713593892,0,SUCCESS,success,nominal,20260921,results/a2po_dual_panda_dynamic_vertical/formal/seed_20260921/checkpoint_best.pt
41000049,a2po,1,268,2.144,0.05398496635214825,0.053936081108760914,0.05396052373045458,0.053936081108760914,0.00047499307600788276,0.0007299977092062941,0.0006024953926070884,0.0007299977092062941,0.0812996441204293,47.85360889604228,0.1785582421494115,6.836229842291755,0.0,7,0.04181800231184644,0.055544156581163406,0.08147851219435515,0.10540638864040375,0.4817430102335873,0.6675422102657717,0.655907856661882,0.8656415839248629,0.9177457200947092,0.9180247296593083,0,SUCCESS,success,nominal,20260921,results/a2po_dual_panda_dynamic_vertical/formal/seed_20260921/checkpoint_best.pt
41000050,a2po,1,211,1.688,0.059849222896875776,0.05983733067210151,0.05984327678448864,0.05983733067210151,0.0005211967415987309,0.0006862304910359462,0.0006037136163173386,0.0006862304910359462,0.7490435976567817,0.0,0.0,0.0,0.0,6,0.04156038795611093,0.055475834757089615,0.08111675705548853,0.1050473302602768,0.48462632722199245,0.6641872934820527,0.6543420917614942,0.8622889182578896,0.9146723165331294,0.9150091279739452,0,SUCCESS,success,nominal,20260921,results/a2po_dual_panda_dynamic_vertical/formal/seed_20260921/checkpoint_best.pt
41000051,a2po,1,355,2.84,0.03742935819324131,0.03727740784490487,0.03735338301907309,0.03727740784490487,0.0008424341522465861,0.0008765389693840311,0.0008594865608153086,0.0008765389693840311,0.42022595862930373,0.0,0.0,0.0,0.0,5,0.036168506409658095,0.05535909906029701,0.08995717526872603,0.10554715991020203,0.4706107098451802,0.6777747624356981,0.6589359305274318,0.8738570717019094,0.9287710122659173,0.9290327886460532,0,SUCCESS,success,nominal,20260921,results/a2po_dual_panda_dynamic_vertical/formal/seed_20260921/checkpoint_best.pt
41000052,a2po,1,313,2.504,0.03950742794960613,0.039206537629980026,0.03935698278979308,0.039206537629980026,0.0007545763629505093,0.0007280656734000108,0.0007413210181752601,0.0007545763629505093,0.5445605437048441,0.0,0.0,0.0,0.0,5,0.03833798247690018,0.05520128086209297,0.084879681253776,0.10542851686477661,0.4742494475917694,0.6744572423136653,0.6579373351301248,0.8712269284854681,0.9251298809203857,0.9254143390411766,0,SUCCESS,success,nominal,20260921,results/a2po_dual_panda_dynamic_vertical/formal/seed_20260921/checkpoint_best.pt
41000053,a2po,1,312,2.496,0.03976792881757896,0.03948022218347935,0.039624075500529155,0.03948022218347935,0.0008668090911925418,0.000839635685211932,0.0008532223882022369,0.0008668090911925418,0.5394310538083943,0.0,0.0,0.0,0.0,5,0.03839795699175925,0.055149663239717484,0.08421991054171649,0.10541092604398727,0.4743476928426669,0.6744080042609801,0.6579332605768473,0.8712120640736359,0.9250345761195208,0.9253180772066116,0,SUCCESS,success,nominal,20260921,results/a2po_dual_panda_dynamic_vertical/formal/seed_20260921/checkpoint_best.pt
41000054,a2po,1,310,2.48,0.04002118132549856,0.0397453851306514,0.03988328322807498,0.0397453851306514,0.0008793955348445917,0.0008405249279322274,0.0008599602313884096,0.0008793955348445917,0.5204942798558608,0.0,0.0,0.0,0.0,6,0.03830489049695673,0.054924558848142624,0.08371082876298216,0.1054132804274559,0.473322953139582,0.675375666733711,0.6581794661860312,0.8719862372644486,0.92602501146255,0.9263147757899377,0,SUCCESS,success,nominal,20260921,results/a2po_dual_panda_dynamic_vertical/formal/seed_20260921/checkpoint_best.pt
41000055,a2po,1,243,1.944,0.0632889712470138,0.06326235728821651,0.06327566426761516,0.06326235728821651,0.0008871449036326939,0.000771392690281871,0.0008292687969572825,0.0008871449036326939,0.5427437967616741,0.0,0.0,0.0,0.0,6,0.04188031696335033,0.055416353046894073,0.08575002864432434,0.10545195639133453,0.4791942222864049,0.6693266956403913,0.6559492663591487,0.8665017986003264,0.9201222778347785,0.9204255531354205,0,SUCCESS,success,nominal,20260921,results/a2po_dual_panda_dynamic_vertical/formal/seed_20260921/checkpoint_best.pt
41000056,a2po,1,321,2.568,0.03849619102460461,0.03818926107628201,0.03834272605044331,0.03818926107628201,0.0009031084491125911,0.0008915212374940357,0.0008973148433033134,0.0009031084491125911,0.5790675101814574,0.0,0.0,0.0,0.0,6,0.03839323129591959,0.0556526705622673,0.08479301592971944,0.10541722923517227,0.4762854691235076,0.6724988881301286,0.6574229375224248,0.8696051282674724,0.9231468708344338,0.923425840811566,0,SUCCESS,success,nominal,20260921,results/a2po_dual_panda_dynamic_vertical/formal/seed_20260921/checkpoint_best.pt
41000057,a2po,1,353,2.824,0.03725739035827977,0.037113132830342815,0.03718526159431129,0.037113132830342815,0.000859416409909709,0.000872028309629489,0.0008657223597695991,0.000872028309629489,0.4316271829966746,0.0,0.0,0.0,0.0,6,0.03643612950913629,0.05535993352532387,0.09118956564226459,0.10557305812835693,0.4702289315526276,0.678110103938127,0.6590134876307955,0.8740911487141683,0.9291629063509004,0.9294146490164586,0,SUCCESS,success,nominal,20260921,results/a2po_dual_panda_dynamic_vertical/formal/seed_20260921/checkpoint_best.pt
41000058,a2po,1,208,1.6640000000000001,0.059841512036753114,0.05985243330071546,0.05984697266873429,0.059841512036753114,0.0005921740327873344,0.0007601458057579223,0.0006761599192726284,0.0007601458057579223,0.7944826338557932,0.0,0.0,0.0,0.0,6,0.04111731601117823,0.05472511798143387,0.07731492409500508,0.1050480455160141,0.4808375289520392,0.6680272387770506,0.6554501099655261,0.8655740372263468,0.9183855136999717,0.9187315925955772,0,SUCCESS,success,nominal,20260921,results/a2po_dual_panda_dynamic_vertical/formal/seed_20260921/checkpoint_best.pt
41000059,a2po,1,259,2.072,0.05741312245691907,0.05723706499452472,0.05732509372572189,0.05723706499452472,0.00032358921160050507,0.00045818376863123166,0.00039088649011586837,0.00045818376863123166,0.2578957382351063,0.0,0.0,0.0,0.0,6,0.04187853826555103,0.055529166013002396,0.08161388121726905,0.10542949289083481,0.48084514470174045,0.6681045135015686,0.6559068413314671,0.8658759989793696,0.9185487257467734,0.9188547852416756,0,SUCCESS,success,nominal,20260921,results/a2po_dual_panda_dynamic_vertical/formal/seed_20260921/checkpoint_best.pt
41000060,a2po,1,315,2.52,0.03897374305043391,0.03867668331789054,0.038825213184162224,0.03867668331789054,0.0009452351017546935,0.0009064792170232991,0.0009258571593889963,0.0009452351017546935,0.5920046284409308,0.0,0.0,0.0,0.0,6,0.038368985376187735,0.05544280633330345,0.08768904671250355,0.1054779589176178,0.4739945065407526,0.6744414359804184,0.6578221760098897,0.8709985524889022,0.9253548031761533,0.9256406174765692,0,SUCCESS,success,nominal,20260921,results/a2po_dual_panda_dynamic_vertical/formal/seed_20260921/checkpoint_best.pt
41000061,a2po,1,351,2.8080000000000003,0.03738279816912404,0.037194909090159295,0.03728885362964167,0.037194909090159295,0.0007741798664752489,0.0009134072991866593,0.0008437935828309541,0.0009134072991866593,0.42369301391868003,0.0,0.0,0.0,0.0,5,0.03651872520703833,0.055186621844768524,0.08870572734496787,0.10545117408037186,0.47064505046249455,0.6777503133839012,0.6589003757194236,0.8738297774241521,0.9287128261691145,0.9289829048336061,0,SUCCESS,success,nominal,20260921,results/a2po_dual_panda_dynamic_vertical/formal/seed_20260921/checkpoint_best.pt
41000062,a2po,1,208,1.6640000000000001,0.05966626679817158,0.059399994211462484,0.05953313050481703,0.059399994211462484,0.000908862699714533,0.0008272036934801307,0.0008680331965973319,0.000908862699714533,0.7941135068223113,0.0,0.0,0.0,0.0,6,0.04220410708624583,0.05493781715631485,0.07648005769498503,0.10493507981300354,0.48368788266984314,0.6653796024620533,0.6547786581974763,0.8635076556641322,0.915586249759564,0.9159343064977572,0,SUCCESS,success,nominal,20260921,results/a2po_dual_panda_dynamic_vertical/formal/seed_20260921/checkpoint_best.pt
41000063,a2po,1,240,1.92,0.06323916183763734,0.06284628904215031,0.06304272543989382,0.06284628904215031,0.0007777426084308314,0.0007506992110845185,0.0007642209097576749,0.0007777426084308314,0.6818336614936819,48.56854552040717,0.2023689396683632,6.938363645772453,0.0,7,0.0425337068309697,0.055150698870420456,0.08243148933446112,0.10531806200742722,0.4794490486383438,0.6692528299987316,0.65601804976662,0.8666190194586912,0.9198512601355712,0.9201710663735867,0,SUCCESS,success,nominal,20260921,results/a2po_dual_panda_dynamic_vertical/formal/seed_20260921/checkpoint_best.pt
41000064,a2po,1,208,1.6640000000000001,0.06017132656989595,0.060032425122541436,0.06010187584621869,0.060032425122541436,0.0005720295464339716,0.0005797550148526124,0.000575892280643292,0.0005797550148526124,0.8186242301868369,0.0,0.0,0.0,0.0,6,0.041922453336435586,0.05511278659105301,0.07916171059892244,0.1049697995185852,0.48276276370653737,0.6660865333217841,0.6548849415893738,0.863923364247267,0.9164967634356939,0.9168379859855542,0,SUCCESS,success,nominal,20260921,results/a2po_dual_panda_dynamic_vertical/formal/seed_20260921/checkpoint_best.pt
41000065,a2po,1,256,2.048,0.05883826119766611,0.058780101941946855,0.05880918156980648,0.058780101941946855,0.0005079022136805884,0.0004280449076363322,0.0004679735606584603,0.0005079022136805884,0.2999244971715639,9.618469935659105,0.03757214818616838,1.6030783226098508,0.0,6,0.04159277965482033,0.05557364597916603,0.08717175770289032,0.10557810217142105,0.4785393961938098,0.6698335399851203,0.6561121554113925,0.8668363308534026,0.9207737753167748,0.9210772765800357,0,SUCCESS,success,nominal,20260921,results/a2po_dual_panda_dynamic_vertical/formal/seed_20260921/checkpoint_best.pt
41000066,a2po,1,265,2.12,0.05531593739309115,0.0551786142627614,0.055247275827926275,0.0551786142627614,0.0008757739395007208,0.0008114781545545265,0.0008436260470276236,0.0008757739395007208,0.16689459812620136,47.328353597179195,0.17859756074407243,6.761193371025599,0.0,7,0.04133922004334207,0.05539173260331154,0.08273631839810888,0.10553236305713654,0.47951855839423413,0.669450038559032,0.6563651818149495,0.8670615441394303,0.9198976779883763,0.9201907112913311,0,SUCCESS,success,nominal,20260921,results/a2po_dual_panda_dynamic_vertical/formal/seed_20260921/checkpoint_best.pt
41000067,a2po,1,358,2.864,0.03740649477437871,0.03727905573554138,0.03734277525496005,0.03727905573554138,0.0008406487615618373,0.0008190913559918892,0.0008298700587768633,0.0008406487615618373,0.420069226689714,46.45974523683861,0.12977582468390672,6.637106462405515,0.0,7,0.03616151336564906,0.055445969104766846,0.09167322191258882,0.10561827570199966,0.4702209841106191,0.6780795396706245,0.6589997931898639,0.8740392488807274,0.929173010188108,0.9294242522570008,0,SUCCESS,success,nominal,20260921,results/a2po_dual_panda_dynamic_vertical/formal/seed_20260921/checkpoint_best.pt
41000068,a2po,1,208,1.6640000000000001,0.06005285146002887,0.06001882401897386,0.060035837739501365,0.06001882401897386,0.0007017051785736607,0.0008547307408950944,0.0007782179597343776,0.0008547307408950944,0.8026295259019027,47.40575161329011,0.22791226737158704,6.772250230470015,0.0,7,0.04155391225895773,0.055079344660043716,0.08031328552169725,0.10489415377378464,0.4823386323853181,0.6664358437634431,0.654941418996224,0.8641448548206916,0.9169231409636828,0.91725825632994,0,SUCCESS,success,nominal,20260921,results/a2po_dual_panda_dynamic_vertical/formal/seed_20260921/checkpoint_best.pt
41000069,a2po,1,359,2.872,0.03750900739281665,0.037329207494584654,0.03741910744370065,0.037329207494584654,0.0008234010951931825,0.0009769951839733923,0.0009001981395832875,0.0009769951839733923,0.4321458463905921,0.0,0.0,0.0,0.0,6,0.03634939747434473,0.05560595542192459,0.0887459204519235,0.10546675324440002,0.4724257804225082,0.676024117343605,0.6584519727316407,0.8724204922785002,0.9269663962149023,0.9272390929437281,0,SUCCESS,success,nominal,20260921,results/a2po_dual_panda_dynamic_vertical/formal/seed_20260921/checkpoint_best.pt
41000070,a2po,1,267,2.136,0.05455563927376403,0.054388945812565495,0.05447229254316476,0.054388945812565495,0.0004903401628842831,0.0008846045223215009,0.000687472342602892,0.0008846045223215009,0.15428132237836426,0.0,0.0,0.0,0.0,6,0.041316323174156726,0.0554068461060524,0.08047213352046391,0.10535147786140442,0.48084882817018343,0.6684073812506172,0.656124992763505,0.8663638024294421,0.9186059546827824,0.9188922674914871,0,SUCCESS,success,nominal,20260921,results/a2po_dual_panda_dynamic_vertical/formal/seed_20260921/checkpoint_best.pt
41000071,a2po,1,270,2.16,0.052604423197672584,0.052492043221097684,0.052548233209385134,0.052492043221097684,0.0007689282998809973,0.000975631464677834,0.0008722798822794157,0.000975631464677834,0.06971428142907128,0.0,0.0,0.0,0.0,6,0.04106497897387103,0.055152926594018936,0.08106827387862184,0.10543046146631241,0.4780173903262174,0.6709475969826734,0.6568016712312346,0.8683450372130782,0.9213567753632863,0.9216580909711344,0,SUCCESS,success,nominal,20260921,results/a2po_dual_panda_dynamic_vertical/formal/seed_20260921/checkpoint_best.pt
41000072,a2po,1,272,2.176,0.052076323526228985,0.05200791772808824,0.052042120627158614,0.05200791772808824,0.0008451305285830324,0.0009962237052206007,0.0009206771169018165,0.0009962237052206007,0.05491574149496721,48.887211080514184,0.17973239367836097,6.983887297216312,0.0,7,0.04143786046188325,0.05557873472571373,0.08199680694515872,0.10547614842653275,0.4800262081929866,0.6689467668971595,0.6562374264878386,0.8666378152282799,0.9193930454990443,0.9196892832131947,0,SUCCESS,success,nominal,20260921,results/a2po_dual_panda_dynamic_vertical/formal/seed_20260921/checkpoint_best.pt
41000073,a2po,1,314,2.512,0.03917664726920772,0.03888340254789728,0.0390300249085525,0.03888340254789728,0.0008927521152825444,0.0008675647391031888,0.0008801584271928666,0.0008927521152825444,0.5750357545208676,0.0,0.0,0.0,0.0,5,0.03816294767982831,0.05516182631254196,0.08671980366336217,0.10544069111347198,0.4727461453835676,0.6757185967864504,0.6581870161803665,0.8720946966842481,0.9265853221629076,0.9268702268600464,0,SUCCESS,success,nominal,20260921,results/a2po_dual_panda_dynamic_vertical/formal/seed_20260921/checkpoint_best.pt
41000074,a2po,1,361,2.888,0.03755272883269836,0.037353114472653576,0.03745292165267597,0.037353114472653576,0.0007624279896855436,0.0009094471118891981,0.0008359375507873708,0.0009094471118891981,0.4274593578929054,43.05349918472731,0.11926177059481248,7.175583197454551,0.0,6,0.036225866101981447,0.055550213903188705,0.09013399884228561,0.10550293326377869,0.4714397839231835,0.6768493117387936,0.6586200484278459,0.8729919106015869,0.9279271118198406,0.9281988414701002,0,SUCCESS,success,nominal,20260921,results/a2po_dual_panda_dynamic_vertical/formal/seed_20260921/checkpoint_best.pt
41000075,a2po,1,241,1.928,0.06356328869361742,0.06307574693804598,0.0633195178158317,0.06307574693804598,0.0008355694456903253,0.0009124283940122446,0.000873998919851285,0.0009124283940122446,0.7028982068544917,0.0,0.0,0.0,0.0,5,0.04238650626097168,0.05521383136510849,0.08326513467055138,0.1052706316113472,0.47907287636733153,0.6695301018315232,0.6560197180732157,0.8667472024676216,0.9202114487090052,0.9205281445099605,0,SUCCESS,success,nominal,20260921,results/a2po_dual_panda_dynamic_vertical/formal/seed_20260921/checkpoint_best.pt
41000076,a2po,1,245,1.96,0.062048871983070714,0.06164683435875726,0.061847853170913986,0.06164683435875726,0.0006586558175327921,0.0006429206310481845,0.0006507882242904883,0.0006586558175327921,0.55683876434834,47.29653320236834,0.19304707429538098,6.756647600338334,0.0,7,0.04213951276615262,0.0552109032869339,0.08213808038557062,0.10536767542362213,0.47955913957284424,0.6692099337675134,0.6560704734860634,0.8666574018342155,0.919760385338141,0.9200788181655261,0,SUCCESS,success,nominal,20260921,results/a2po_dual_panda_dynamic_vertical/formal/seed_20260921/checkpoint_best.pt
41000077,a2po,1,314,2.512,0.03901728768175339,0.03876777680002694,0.03889253224089016,0.03876777680002694,0.00098230936857935,0.0008488993543623514,0.0009156043614708506,0.00098230936857935,0.5485818442010004,48.350632481082826,0.15398290599070963,6.907233211583261,0.0,7,0.03815919305583474,0.055146727710962296,0.0871191284835048,0.10549953579902649,0.472329200263236,0.6761746529940587,0.6583743704732057,0.8725299876966294,0.9270228787212614,0.9273008466905849,0,SUCCESS,success,nominal,20260921,results/a2po_dual_panda_dynamic_vertical/formal/seed_20260921/checkpoint_best.pt
41000078,a2po,1,314,2.512,0.03967750556277422,0.039421271339847436,0.03954938845131083,0.039421271339847436,0.0008664691494461125,0.0007632856555392687,0.0008148774024926906,0.0008664691494461125,0.5173962730183822,0.0,0.0,0.0,0.0,6,0.03810609837068589,0.05505722016096115,0.08468813938311165,0.10544688254594803,0.4735582275375439,0.6752235302879552,0.658208472903367,0.8719352586254193,0.92583621914979,0.9261119380878036,0,SUCCESS,success,nominal,20260921,results/a2po_dual_panda_dynamic_vertical/formal/seed_20260921/checkpoint_best.pt
41000079,a2po,1,353,2.824,0.037213005966798635,0.03708012057328966,0.03714656327004415,0.03708012057328966,0.0008900810590827664,0.0008975238999503216,0.0008938024795165441,0.0008975238999503216,0.4416584270202937,0.0,0.0,0.0,0.0,6,0.03647904042101784,0.055454812943935394,0.09119712070511818,0.10557957738637924,0.4707335598407994,0.6775944244760291,0.6588634818201362,0.8736496743331887,0.9286575037089015,0.9289130002851189,0,SUCCESS,success,nominal,20260921,results/a2po_dual_panda_dynamic_vertical/formal/seed_20260921/checkpoint_best.pt
41000080,a2po,1,305,2.44,0.04061098701857466,0.04032116004628383,0.040466073532429245,0.04032116004628383,0.0006875357381373243,0.000745652650833606,0.0007165941944854651,0.000745652650833606,0.5653086755623121,0.0,0.0,0.0,0.0,5,0.038685668198788756,0.05544990301132202,0.0899666689702722,0.10556452721357346,0.4732032543323079,0.6751685582223486,0.6579623951286566,0.8715122574665507,0.9261679240914642,0.9264321340889227,0,SUCCESS,success,nominal,20260921,results/a2po_dual_panda_dynamic_vertical/formal/seed_20260921/checkpoint_best.pt
41000081,a2po,1,241,1.928,0.06272203514112107,0.062440936730528085,0.06258148593582458,0.062440936730528085,0.0008783995225440846,0.0009356741418646757,0.0009070368322043801,0.0009356741418646757,0.6724511077600879,0.0,0.0,0.0,0.0,6,0.04264995482213084,0.05502660199999809,0.08054974589195427,0.10526549816131592,0.4793710290643684,0.6694008928116921,0.6560891609468895,0.8668053684392906,0.9199109777375376,0.920240115575276,0,SUCCESS,success,nominal,20260921,results/a2po_dual_panda_dynamic_vertical/formal/seed_20260921/checkpoint_best.pt
41000082,a2po,1,248,1.984,0.06199913704884771,0.06156001133538233,0.06177957419211502,0.06156001133538233,0.0006405573015309364,0.0007590413977395784,0.0006997993496352575,0.0007590413977395784,0.47110299957768487,0.0,0.0,0.0,0.0,6,0.04240834883662061,0.05549231544137001,0.08416702595704625,0.10540763288736343,0.48013838717053015,0.6684103156289747,0.6557351033533773,0.8657891500380731,0.9191604316715272,0.9194822431572022,0,SUCCESS,success,nominal,20260921,results/a2po_dual_panda_dynamic_vertical/formal/seed_20260921/checkpoint_best.pt
41000083,a2po,1,249,1.992,0.06185663413783529,0.06138868372681899,0.06162265893232714,0.06138868372681899,0.0007297861600493856,0.0006990937057539026,0.000714439932901644,0.0007297861600493856,0.470165459327259,0.0,0.0,0.0,0.0,5,0.04205167588467399,0.05556672811508179,0.08702626782488153,0.10544432699680328,0.47903487948049983,0.6693631262185583,0.6559405530312933,0.8664361678931608,0.9202792589444233,0.9205808170349243,0,SUCCESS,success,nominal,20260921,results/a2po_dual_panda_dynamic_vertical/formal/seed_20260921/checkpoint_best.pt
41000084,a2po,1,263,2.104,0.0561468956378855,0.055996632327681733,0.056071763982783615,0.055996632327681733,0.0004062389057292471,0.0005463836303535808,0.0004763112680414139,0.0005463836303535808,0.16283709157145373,0.0,0.0,0.0,0.0,6,0.04193439937511834,0.05556430295109749,0.08384566110277286,0.10549835115671158,0.479904541724535,0.668801598675804,0.6560343796309409,0.866293530953701,0.9194499333548455,0.9197605458502534,0,SUCCESS,success,nominal,20260921,results/a2po_dual_panda_dynamic_vertical/formal/seed_20260921/checkpoint_best.pt
41000085,a2po,1,209,1.672,0.06081889503184795,0.060747079354083494,0.06078298719296572,0.060747079354083494,0.0008118614531594115,0.0009010085124119885,0.0008564349827856999,0.0009010085124119885,0.807196504762684,0.0,0.0,0.0,0.0,6,0.0414848608281196,0.05528615415096283,0.08411115067944144,0.10501666367053986,0.4820461077838423,0.6666627685989489,0.6549589656756826,0.8642242431070246,0.9172752947328193,0.9175752849099739,0,SUCCESS,success,nominal,20260921,results/a2po_dual_panda_dynamic_vertical/formal/seed_20260921/checkpoint_best.pt
41000086,a2po,1,210,1.68,0.0593907168913404,0.059128578262585024,0.05925964757696271,0.059128578262585024,0.0009740065037351465,0.0008481499733469368,0.0009110782385410416,0.0009740065037351465,0.7533501133051629,0.0,0.0,0.0,0.0,6,0.04193515527239513,0.05527051165699959,0.07699648591113233,0.10480013489723206,0.4856885904357547,0.6634532746814547,0.654265398638589,0.8619346116270338,0.9136358607383002,0.9139804911045801,0,SUCCESS,success,nominal,20260921,results/a2po_dual_panda_dynamic_vertical/formal/seed_20260921/checkpoint_best.pt
41000087,a2po,1,209,1.672,0.06075613874144112,0.06051891511600763,0.06063752692872437,0.06051891511600763,0.0008473013596609754,0.0008002564012749311,0.0008237788804679533,0.0008473013596609754,0.8253494253133243,50.103420141167724,0.23972928297209437,8.350570023527954,0.0,6,0.043067892790553675,0.055293530225753784,0.0793371336717319,0.1045125275850296,0.4848032428317093,0.6639476370012931,0.6541976383998633,0.8620252466658086,0.9144396510991183,0.9147942203083678,0,SUCCESS,success,nominal,20260921,results/a2po_dual_panda_dynamic_vertical/formal/seed_20260921/checkpoint_best.pt
41000088,a2po,1,212,1.696,0.059826057872661306,0.059545864333286624,0.059685961102973965,0.059545864333286624,0.0009356788934011035,0.0007855204134769294,0.0008605996534390165,0.0009356788934011035,0.7360135595327509,0.0,0.0,0.0,0.0,6,0.042081652277254696,0.0555240660905838,0.0776583448004083,0.10465560853481293,0.486883780866299,0.6621782641928151,0.6538612645752025,0.8607745367401051,0.9124465477916429,0.9127954393625259,0,SUCCESS,success,nominal,20260921,results/a2po_dual_panda_dynamic_vertical/formal/seed_20260921/checkpoint_best.pt
41000089,a2po,1,316,2.528,0.0389770095436468,0.038704590265690966,0.038840799904668884,0.038704590265690966,0.0009305831204073463,0.0008525140193502913,0.0008915485698788189,0.0009305831204073463,0.5516585252421229,47.92002947747667,0.15164566290340717,6.845718496782381,0.0,7,0.03829369432428451,0.05528222769498825,0.0859349212823642,0.10544797033071518,0.4738140526828887,0.674824470206152,0.6580430735138398,0.8714961518969717,0.9255644245238244,0.9258455615254897,0,SUCCESS,success,nominal,20260921,results/a2po_dual_panda_dynamic_vertical/formal/seed_20260921/checkpoint_best.pt
41000090,a2po,1,263,2.104,0.05586663287116192,0.055679750809859485,0.0557731918405107,0.055679750809859485,0.0006319225665477737,0.0005954871278579187,0.0006137048472028461,0.0006319225665477737,0.20130190499229653,0.0,0.0,0.0,0.0,6,0.0412900066888491,0.055414874106645584,0.08409575423926909,0.10553552210330963,0.4786479776803078,0.6701003041104219,0.6564537230100015,0.8674467181071582,0.9207172035717692,0.9210193365698984,0,SUCCESS,success,nominal,20260921,results/a2po_dual_panda_dynamic_vertical/formal/seed_20260921/checkpoint_best.pt
41000091,a2po,1,248,1.984,0.06052044633969507,0.060302213211748806,0.06041132977572194,0.060302213211748806,0.0007608781577728871,0.0008100864440482793,0.0007854823009105832,0.0008100864440482793,0.5563428470056972,46.956849243647355,0.18934213404696515,6.708121320521051,0.0,7,0.04228407317479592,0.054936449974775314,0.07824131115734007,0.1052296832203865,0.47976796280953193,0.6693191855184494,0.6562276239837369,0.866986989494293,0.9195788223897258,0.9198947452729748,0,SUCCESS,success,nominal,20260921,results/a2po_dual_panda_dynamic_vertical/formal/seed_20260921/checkpoint_best.pt
41000092,a2po,1,242,1.936,0.06269382320115283,0.062233380852987935,0.06246360202707038,0.062233380852987935,0.0006135997406808771,0.0006375990880192374,0.0006255994143500572,0.0006375990880192374,0.678391158333543,46.66806970527728,0.19284326324494744,6.6668671007538975,0.0,7,0.04214918331343157,0.05500917136669159,0.08234757976029222,0.10531388968229294,0.47809714645393625,0.6705628342864928,0.656374445138884,0.8676884992063538,0.9211859498634811,0.9215031406603569,0,SUCCESS,success,nominal,20260921,results/a2po_dual_panda_dynamic_vertical/formal/seed_20260921/checkpoint_best.pt
41000093,a2po,1,252,2.016,0.05937867067936792,0.05907465883077098,0.05922666475506945,0.05907465883077098,0.000269662997282389,0.00021369655527495775,0.00024167977627867336,0.000269662997282389,0.47039021928691543,0.0,0.0,0.0,0.0,5,0.041673780284038495,0.05516979843378067,0.08643392712203046,0.10553274303674698,0.4761609463464646,0.6723571859654927,0.6568546420524991,0.8690463734997643,0.9231679657148937,0.9234478438184375,0,SUCCESS,success,nominal,20260921,results/a2po_dual_panda_dynamic_vertical/formal/seed_20260921/checkpoint_best.pt
41000094,a2po,1,250,2.0,0.061263262742645014,0.06084450821629711,0.06105388547947106,0.06084450821629711,0.0007121398698446399,0.0006360536669085074,0.0006740967683765736,0.0007121398698446399,0.4453707737251637,0.0,0.0,0.0,0.0,6,0.0419626751895994,0.055494192987680435,0.0858411787096411,0.10546330362558365,0.4792386282682419,0.6692718913555146,0.6559981830120086,0.8664883840084076,0.9200815889835358,0.9203885385990143,0,SUCCESS,success,nominal,20260921,results/a2po_dual_panda_dynamic_vertical/formal/seed_20260921/checkpoint_best.pt
41000095,a2po,1,248,1.984,0.060547906235645876,0.06024606999560646,0.06039698811562617,0.06024606999560646,0.0005613294623265028,0.0005245956854758754,0.0005429625739011891,0.0005613294623265028,0.5489096965416396,0.0,0.0,0.0,0.0,6,0.04170281772366575,0.05488640442490578,0.08145436011029468,0.10536299645900726,0.4776748492112083,0.6711203220390505,0.6566619538972455,0.8683044634038403,0.9216308226027796,0.9219451974476537,0,SUCCESS,success,nominal,20260921,results/a2po_dual_panda_dynamic_vertical/formal/seed_20260921/checkpoint_best.pt
41000096,a2po,1,312,2.496,0.03938180136181471,0.039106262804498776,0.039244032083156744,0.039106262804498776,0.0009811892527025363,0.0009294111613552381,0.0009553002070288872,0.0009811892527025363,0.5455629748783646,0.0,0.0,0.0,0.0,6,0.03822884420291162,0.05508929863572121,0.08534865224590668,0.1054452434182167,0.4731047242306746,0.6754612924578862,0.6581651719334798,0.8719676838089259,0.9262327527006468,0.9265228637900108,0,SUCCESS,success,nominal,20260921,results/a2po_dual_panda_dynamic_vertical/formal/seed_20260921/checkpoint_best.pt
41000097,a2po,1,244,1.952,0.06274398266375249,0.06238620312383705,0.06256509289379478,0.06238620312383705,0.0008435603274154652,0.000879611791259694,0.0008615860593375797,0.000879611791259694,0.6195197686882874,50.142337955339016,0.20550138506286483,7.1631911364770025,0.0,7,0.04256667897914399,0.05527754873037338,0.08475681234028984,0.10533972829580307,0.4786628790077616,0.6698836623156657,0.6561273478093694,0.8670030588009319,0.9206388670890058,0.9209448360517377,0,SUCCESS,success,nominal,20260921,results/a2po_dual_panda_dynamic_vertical/formal/seed_20260921/checkpoint_best.pt
41000098,a2po,1,253,2.024,0.0591895637637245,0.058996791778394425,0.05909317777105946,0.058996791778394425,0.0004616003459515177,0.00043442999944740945,0.0004480151726994636,0.0004616003459515177,0.4378010987665681,0.0,0.0,0.0,0.0,5,0.04139665913079744,0.05521892011165619,0.08716472425118914,0.10556298494338989,0.47612834118100494,0.6723958623739099,0.6568764949975748,0.8690822880729856,0.9232185636113284,0.9234912739440858,0,SUCCESS,success,nominal,20260921,results/a2po_dual_panda_dynamic_vertical/formal/seed_20260921/checkpoint_best.pt
41000099,a2po,1,248,1.984,0.06224964502618334,0.06185314494799703,0.06205139498709018,0.06185314494799703,0.0007253053833042063,0.0008437363300450407,0.0007845208566746235,0.0008437363300450407,0.44655869341428917,0.0,0.0,0.0,0.0,5,0.042470208958782736,0.05555924028158188,0.08479164506218606,0.10539828985929489,0.48017970424505974,0.6682610394012544,0.6556294810387396,0.8655581130616127,0.9191024613476568,0.9194273369446877,0,SUCCESS,success,nominal,20260921,results/a2po_dual_panda_dynamic_vertical/formal/seed_20260921/checkpoint_best.pt
41000100,a2po,1,266,2.128,0.055026779250807775,0.054896351578687816,0.054961565414747796,0.054896351578687816,0.000872925047634927,0.0008163161188886671,0.0008446205832617971,0.000872925047634927,0.16737218162006523,0.0,0.0,0.0,0.0,6,0.04116985031851757,0.0554143562912941,0.08258582023234996,0.10552063584327698,0.47986778661720736,0.6692089028376386,0.656342352467372,0.8669341034010837,0.9195762061534968,0.9198612909119829,0,SUCCESS,success,nominal,20260921,results/a2po_dual_panda_dynamic_vertical/formal/seed_20260921/checkpoint_best.pt
41000101,a2po,1,248,1.984,0.06177806336376726,0.06134454576695614,0.0615613045653617,0.06134454576695614,0.0008044110603805905,0.0007887393063793083,0.0007965751833799494,0.0008044110603805905,0.48684102725490047,48.425480355658,0.19526403369216935,8.070913392609667,0.0,6,0.042085131962648445,0.05537162721157074,0.08457426168493956,0.10540014505386353,0.47902530203423194,0.6695453933169765,0.6560794932226981,0.8667688665370787,0.9202835372378749,0.9205945021202487,0,SUCCESS,success,nominal,20260921,results/a2po_dual_panda_dynamic_vertical/formal/seed_20260921/checkpoint_best.pt
41000102,a2po,1,312,2.496,0.039332920660591936,0.03906086931643912,0.03919689498851553,0.03906086931643912,0.0009585116311525305,0.0008686413735847607,0.0009135765023686456,0.0009585116311525305,0.5742073583267767,43.71900369932552,0.14012501185681256,7.286500616554253,0.0,6,0.03833146659561839,0.05523214861750603,0.08801876892371532,0.10551266372203827,0.472709392507871,0.6757227944640013,0.6581785417138002,0.8720678564829704,0.9266384595479721,0.9269147219184117,0,SUCCESS,success,nominal,20260921,results/a2po_dual_panda_dynamic_vertical/formal/seed_20260921/checkpoint_best.pt
41000103,a2po,1,266,2.128,0.054186671258582425,0.05413542392015733,0.054161047589369876,0.05413542392015733,0.0004473809674030026,0.000663556971204099,0.0005554689693035508,0.000663556971204099,0.13405120727990363,0.0,0.0,0.0,0.0,6,0.04178468044147007,0.0553494468331337,0.08079923673478634,0.10540897399187088,0.4801593896813859,0.6689687974022743,0.6562730871645132,0.866763960374029,0.9192708107761871,0.9195626028498313,0,SUCCESS,success,nominal,20260921,results/a2po_dual_panda_dynamic_vertical/formal/seed_20260921/checkpoint_best.pt
41000104,a2po,1,248,1.984,0.06169570922674451,0.061294249656058925,0.06149497944140172,0.061294249656058925,0.0009177298513737421,0.0009619116171359827,0.0009398207342548624,0.0009619116171359827,0.5144920004297688,0.0,0.0,0.0,0.0,6,0.04220579459234291,0.05540301278233528,0.0854606319354066,0.10538411140441895,0.4785461904060456,0.6699600810966184,0.6561589993296131,0.8670459235868146,0.9207608211905726,0.9210649853752505,0,SUCCESS,success,nominal,20260921,results/a2po_dual_panda_dynamic_vertical/formal/seed_20260921/checkpoint_best.pt
41000105,a2po,1,314,2.512,0.03944495239787166,0.03918376548881916,0.03931435894334541,0.03918376548881916,0.0008857273231127732,0.0007822868392065765,0.0008340070811596748,0.0008857273231127732,0.533516946609336,47.68819158241902,0.1518732216000606,6.812598797488432,0.0,7,0.03822544574067234,0.05513402447104454,0.08557798702471481,0.1054561510682106,0.47330853352501134,0.6753755242201933,0.6582149874632526,0.8719930253970395,0.9260722465196233,0.926349680514852,0,SUCCESS,success,nominal,20260921,results/a2po_dual_panda_dynamic_vertical/formal/seed_20260921/checkpoint_best.pt
41000106,a2po,1,352,2.816,0.03724361952803004,0.03702738475094666,0.03713550213948835,0.03702738475094666,0.0008044107375667827,0.0009682094875813264,0.0008863101125740545,0.0009682094875813264,0.4546982461650024,45.209108095539854,0.12843496618051095,6.458444013648551,0.0,7,0.03645693836601409,0.055392950773239136,0.08933053692188961,0.10546261072158813,0.47119527005336503,0.6771644032136961,0.6587099407545545,0.8733015910468318,0.9281705495986071,0.9284397023306652,0,SUCCESS,success,nominal,20260921,results/a2po_dual_panda_dynamic_vertical/formal/seed_20260921/checkpoint_best.pt
41000107,a2po,1,353,2.824,0.03717902912736609,0.037040179818355445,0.03710960447286077,0.037040179818355445,0.0008935593719435555,0.0009075059952918833,0.0009005326836177194,0.0009075059952918833,0.44769515804161497,0.0,0.0,0.0,0.0,6,0.036565403829964545,0.05550690367817879,0.09139082832763198,0.10557501018047333,0.47090639693203457,0.6774072442784188,0.6588040634187693,0.8734782035897879,0.9284857871174474,0.9287413522474489,0,SUCCESS,success,nominal,20260921,results/a2po_dual_panda_dynamic_vertical/formal/seed_20260921/checkpoint_best.pt
41000108,a2po,1,359,2.872,0.037472046525544325,0.03729372191789093,0.03738288422171763,0.03729372191789093,0.0008493049642791883,0.0009776370429923184,0.0009134710036357534,0.0009776370429923184,0.43907470290774353,0.0,0.0,0.0,0.0,6,0.036362015253093745,0.055672042071819305,0.08916182430982486,0.10548368841409683,0.4724954038775399,0.6759416748222202,0.6584266990340187,0.8723372983069141,0.9269030059280502,0.9271729646618984,0,SUCCESS,success,nominal,20260921,results/a2po_dual_panda_dynamic_vertical/formal/seed_20260921/checkpoint_best.pt
41000109,a2po,1,314,2.512,0.03932584134535287,0.039112677098925616,0.039219259222139244,0.039112677098925616,0.0009791931546932703,0.0007489478689367441,0.0008640705118150072,0.0009791931546932703,0.5340697273636172,0.0,0.0,0.0,0.0,6,0.03808556306976706,0.05531426519155502,0.08813253939033124,0.10557510703802109,0.47304603144241747,0.6754851512088897,0.6582115983507436,0.8719776893497273,0.9263360035267605,0.9266080865814428,0,SUCCESS,success,nominal,20260921,results/a2po_dual_panda_dynamic_vertical/formal/seed_20260921/checkpoint_best.pt
41000110,a2po,1,243,1.944,0.06305788466100697,0.06279897362442738,0.06292842914271718,0.06279897362442738,0.0008062773385813444,0.000985914039800864,0.0008960956891911042,0.000985914039800864,0.5940443586169738,0.0,0.0,0.0,0.0,6,0.04317648663403995,0.05537177249789238,0.08283707221784081,0.10532816499471664,0.4805453406194601,0.6680482348787441,0.6556166655732771,0.8655063254843033,0.9187361539146046,0.919065149723257,0,SUCCESS,success,nominal,20260921,results/a2po_dual_panda_dynamic_vertical/formal/seed_20260921/checkpoint_best.pt
41000111,a2po,1,271,2.168,0.052826138050025284,0.05279179855372888,0.052808968301877084,0.05279179855372888,0.0005880566884200627,0.00091094817670763,0.0007495024325638464,0.00091094817670763,0.04424078300371677,0.0,0.0,0.0,0.0,6,0.04165621033123938,0.05553770810365677,0.08159864108968265,0.10537642985582352,0.4816993655313865,0.6676252165403753,0.655956504749636,0.8657421847990958,0.9177990456788743,0.9180738411266426,0,SUCCESS,success,nominal,20260921,results/a2po_dual_panda_dynamic_vertical/formal/seed_20260921/checkpoint_best.pt
41000112,a2po,1,252,2.016,0.06011042968238155,0.05975369070589931,0.05993206019414043,0.05975369070589931,0.0005592346474127383,0.0005507396882082816,0.0005549871678105099,0.0005592346474127383,0.42050606899911874,0.0,0.0,0.0,0.0,6,0.0416760130874103,0.055418726056814194,0.08277643716336036,0.10542811453342438,0.47997712024620603,0.668810927442142,0.6560117498276725,0.8663492514973595,0.9193718464128555,0.9196850300308258,0,SUCCESS,success,nominal,20260921,results/a2po_dual_panda_dynamic_vertical/formal/seed_20260921/checkpoint_best.pt
41000113,a2po,1,311,2.488,0.03936872421274276,0.03908183485210666,0.03922527953242471,0.03908183485210666,0.0009009542502970545,0.000850408796871844,0.0008756815235844492,0.0009009542502970545,0.5592982028313417,0.0,0.0,0.0,0.0,6,0.038445587010928386,0.055140022188425064,0.08644665744517993,0.10545536130666733,0.4729810319721124,0.6755129052895058,0.6581509851182772,0.8719529145400241,0.9263551957737595,0.926642136750114,0,SUCCESS,success,nominal,20260921,results/a2po_dual_panda_dynamic_vertical/formal/seed_20260921/checkpoint_best.pt
41000114,a2po,1,314,2.512,0.039115999861898426,0.038866025311958485,0.038991012586928456,0.038866025311958485,0.0009708905378202039,0.0008411995837981257,0.0009060450608091648,0.0009708905378202039,0.5426764547561236,0.0,0.0,0.0,0.0,6,0.03807873781740808,0.055176567286252975,0.0868003803911874,0.10549680143594742,0.4726759088077363,0.6758410139068677,0.6582816763288656,0.8722605942540868,0.9266735632328471,0.926955683785639,0,SUCCESS,success,nominal,20260921,results/a2po_dual_panda_dynamic_vertical/formal/seed_20260921/checkpoint_best.pt
41000115,a2po,1,243,1.944,0.06263776012424008,0.06229282119751642,0.06246529066087825,0.06229282119751642,0.000782965195112617,0.0007917279059071689,0.000787346550509893,0.0007917279059071689,0.5849522297111223,0.0,0.0,0.0,0.0,6,0.04242800154297808,0.0552593357861042,0.08174245915885386,0.10534325242042542,0.48027324823685635,0.6684922593120685,0.6558468339374527,0.8660398336594978,0.9190381625552236,0.9193632053249657,0,SUCCESS,success,nominal,20260921,results/a2po_dual_panda_dynamic_vertical/formal/seed_20260921/checkpoint_best.pt
41000116,a2po,1,252,2.016,0.059411276196477736,0.05910199585449319,0.05925663602548546,0.05910199585449319,0.0003251699355649099,0.0003141472060219342,0.00031965857079342203,0.0003251699355649099,0.5105430444814381,0.0,0.0,0.0,0.0,6,0.04148501493332405,0.05499569699168205,0.0816023857776253,0.10538072884082794,0.4781314864281624,0.6707683527280414,0.6566289414962133,0.8680969772357789,0.9212141597554797,0.9215191321240531,0,SUCCESS,success,nominal,20260921,results/a2po_dual_panda_dynamic_vertical/formal/seed_20260921/checkpoint_best.pt
41000117,a2po,1,257,2.056,0.05825255443674035,0.05799838662870585,0.0581254705327231,0.05799838662870585,0.0003659366178563174,0.00040424994309438815,0.0003850932804753528,0.00040424994309438815,0.3354811250952145,0.0,0.0,0.0,0.0,6,0.04146423883707143,0.05533110350370407,0.0807510830624145,0.1053672730922699,0.48113283074319596,0.6681416424331962,0.6560327076726387,0.8661463251373647,0.9183239468340744,0.9186101785429721,0,SUCCESS,success,nominal,20260921,results/a2po_dual_panda_dynamic_vertical/formal/seed_20260921/checkpoint_best.pt
41000118,a2po,1,212,1.696,0.05988363179060685,0.059862193685078086,0.05987291273784247,0.059862193685078086,0.0006329873597853868,0.0008088751557775507,0.0007209312577814688,0.0008088751557775507,0.7340445872222072,0.0,0.0,0.0,0.0,5,0.04155489548443342,0.05550568923354149,0.08009961076115943,0.10484501719474792,0.4854454864870827,0.6633950651816602,0.6541216047304981,0.8616420674436497,0.9138475015478315,0.9141949375845352,0,SUCCESS,success,nominal,20260921,results/a2po_dual_panda_dynamic_vertical/formal/seed_20260921/checkpoint_best.pt
41000119,a2po,1,208,1.6640000000000001,0.061007907127305305,0.06092763790703512,0.06096777251717021,0.06092763790703512,0.0007383740047377364,0.0009384695699860693,0.0008384217873619029,0.0009384695699860693,0.8394612007771656,0.0,0.0,0.0,0.0,5,0.042003678457918935,0.05514364689588547,0.08153093294598736,0.10500571876764297,0.4823465348722843,0.6663819330816085,0.6548806675351583,0.8640306064715753,0.9169227409248168,0.9172480109219368,0,SUCCESS,success,nominal,20260921,results/a2po_dual_panda_dynamic_vertical/formal/seed_20260921/checkpoint_best.pt
41000120,a2po,1,318,2.544,0.039007366361917595,0.03873875769393462,0.038873062027926106,0.03873875769393462,0.0009197099664232136,0.0008428158758513124,0.000881262921137263,0.0009197099664232136,0.5476212238654151,0.0,0.0,0.0,0.0,6,0.038150113761284445,0.0554397851228714,0.08505315768441665,0.10544852912425995,0.4752145888482999,0.673630860241704,0.6577854293322413,0.8706314196376681,0.9242234912308507,0.9244936286653362,0,SUCCESS,success,nominal,20260921,results/a2po_dual_panda_dynamic_vertical/formal/seed_20260921/checkpoint_best.pt
41000121,a2po,1,309,2.472,0.03996622048424306,0.039717807693028656,0.03984201408863586,0.039717807693028656,0.0007810100733045605,0.0007789301390085918,0.0007799701061565762,0.0007810100733045605,0.5552575767596915,0.0,0.0,0.0,0.0,6,0.03845440528828735,0.055381692945957184,0.08976819975946616,0.10559658706188202,0.4732126211657107,0.6751879438227434,0.6580211838472236,0.8715855822594034,0.9261620617607265,0.9264292068851804,0,SUCCESS,success,nominal,20260921,results/a2po_dual_panda_dynamic_vertical/formal/seed_20260921/checkpoint_best.pt
41000122,a2po,1,353,2.824,0.037177386972963716,0.03700677917316805,0.037092083073065885,0.03700677917316805,0.0007998140555863269,0.0008826459562579372,0.000841230005922132,0.0008826459562579372,0.4497579529286284,0.0,0.0,0.0,0.0,6,0.03659268503444053,0.05545788258314133,0.090953275906951,0.10553278028964996,0.4708938076881106,0.6774094221274508,0.6587862684773994,0.87346767534953,0.9284862990757561,0.9287461407123814,0,SUCCESS,success,nominal,20260921,results/a2po_dual_panda_dynamic_vertical/formal/seed_20260921/checkpoint_best.pt
41000123,a2po,1,317,2.536,0.03946117560015097,0.03925199814072493,0.03935658687043795,0.03925199814072493,0.0009551583798742332,0.0007776496332982068,0.0008664040065862199,0.0009551583798742332,0.5077817643114912,0.0,0.0,0.0,0.0,6,0.0380000353934778,0.05538807809352875,0.085747309548748,0.10553335398435593,0.4753847809432057,0.6736031370208091,0.6578523095473883,0.8707179124423006,0.9240976981936193,0.9243535013981046,0,SUCCESS,success,nominal,20260921,results/a2po_dual_panda_dynamic_vertical/formal/seed_20260921/checkpoint_best.pt
41000124,a2po,1,304,2.432,0.040676663608995606,0.04039062014356945,0.04053364187628253,0.04039062014356945,0.0006753535641980047,0.0007083166987919998,0.0006918351314950022,0.0007083166987919998,0.5453047199457021,0.0,0.0,0.0,0.0,6,0.03872088571140347,0.05522550269961357,0.08911500013078023,0.10556172579526901,0.47272356197630105,0.6757138487147657,0.6581551752200252,0.8720391886798959,0.9266439717459051,0.9269090483063146,0,SUCCESS,success,nominal,20260921,results/a2po_dual_panda_dynamic_vertical/formal/seed_20260921/checkpoint_best.pt
41000125,a2po,1,263,2.104,0.055559548563512945,0.05545100850290499,0.05550527853320897,0.05545100850290499,0.0006038983192430274,0.0006075973033634659,0.0006057478113032466,0.0006075973033634659,0.22041123297068518,0.0,0.0,0.0,0.0,6,0.04170099207104499,0.055299509316682816,0.08189207316374499,0.10547246038913727,0.4798076641196987,0.6692768530247329,0.6563508492458909,0.8669967268356352,0.9196225706162108,0.9199114122318224,0,SUCCESS,success,nominal,20260921,results/a2po_dual_panda_dynamic_vertical/formal/seed_20260921/checkpoint_best.pt
41000126,a2po,1,212,1.696,0.059390491532138656,0.0594218890757294,0.05940619030393403,0.059390491532138656,0.0006486492201257938,0.0008012062524224893,0.0007249277362741416,0.0008012062524224893,0.7193169757642507,0.0,0.0,0.0,0.0,6,0.04131052993404907,0.055375151336193085,0.07577380304222593,0.10467148572206497,0.48636375437929946,0.6629852115545632,0.6542056444680916,0.8616862808758358,0.9130083468725096,0.9133425591126928,0,SUCCESS,success,nominal,20260921,results/a2po_dual_panda_dynamic_vertical/formal/seed_20260921/checkpoint_best.pt
41000127,a2po,1,320,2.56,0.03822322389500157,0.03793777795406311,0.03808050092453234,0.03793777795406311,0.00098624044935406,0.0009169206889924379,0.0009515805691732489,0.00098624044935406,0.6091670362006009,0.0,0.0,0.0,0.0,6,0.03831490731827216,0.05565156787633896,0.0886875912285177,0.10550007969141006,0.4743441756814718,0.6740362454205752,0.6577132474631071,0.8706151260063052,0.9250156555324793,0.9252999722957611,0,SUCCESS,success,nominal,20260921,results/a2po_dual_panda_dynamic_vertical/formal/seed_20260921/checkpoint_best.pt
41000128,a2po,1,314,2.512,0.038991515320061815,0.03873523886235526,0.03886337709120854,0.03873523886235526,0.0009373024097591603,0.0008173448103463462,0.0008773236100527533,0.0009373024097591603,0.5534204292907555,0.0,0.0,0.0,0.0,6,0.038217088166078564,0.05517562851309776,0.08717004985772489,0.10548814386129379,0.472567001725458,0.6759391749740407,0.65831076206675,0.8723346651739375,0.9267864102011274,0.9270653832869925,0,SUCCESS,success,nominal,20260921,results/a2po_dual_panda_dynamic_vertical/formal/seed_20260921/checkpoint_best.pt
41000129,a2po,1,211,1.688,0.059172757889063246,0.058935261202826106,0.059054009545944676,0.058935261202826106,0.0008817265521579419,0.000867893676904768,0.000874810114531355,0.0008817265521579419,0.7264370196131487,0.0,0.0,0.0,0.0,6,0.042880706698744074,0.05555715039372444,0.07466108245792759,0.10458121448755264,0.48973714669733814,0.6598062786445799,0.6533283260761279,0.8590790174583688,0.9096946001617829,0.9100247502891938,0,SUCCESS,success,nominal,20260921,results/a2po_dual_panda_dynamic_vertical/formal/seed_20260921/checkpoint_best.pt
41000130,a2po,1,248,1.984,0.061630519352685986,0.06131171862216883,0.06147111898742741,0.06131171862216883,0.000844634708131815,0.0008550145173470223,0.0008498246127394187,0.0008550145173470223,0.4972963429935913,0.0,0.0,0.0,0.0,5,0.042333347407440026,0.05545507371425629,0.08395632802914348,0.10538742691278458,0.4800043267107779,0.6686071652558542,0.6558359181207996,0.8660128186306646,0.9193077556067898,0.9196254478827599,0,SUCCESS,success,nominal,20260921,results/a2po_dual_panda_dynamic_vertical/formal/seed_20260921/checkpoint_best.pt
41000131,a2po,1,314,2.512,0.03876330458183441,0.03849655884917946,0.03862993171550694,0.03849655884917946,0.0009540618367578085,0.0008652125320222341,0.0009096371843900213,0.0009540618367578085,0.6027574046896883,0.0,0.0,0.0,0.0,5,0.038348984756287494,0.05546148866415024,0.08985020449551143,0.10553630441427231,0.4728595722632803,0.6754715818508416,0.6580684663383825,0.8717603036172831,0.9264998238557464,0.9267685434241204,0,SUCCESS,success,nominal,20260921,results/a2po_dual_panda_dynamic_vertical/formal/seed_20260921/checkpoint_best.pt
41000132,a2po,1,248,1.984,0.061871770493252126,0.06150650023082893,0.06168913536204053,0.06150650023082893,0.0007773694226723999,0.0008344393522566857,0.0008059043874645427,0.0008344393522566857,0.493347092395972,0.0,0.0,0.0,0.0,5,0.042221598458596535,0.05547666922211647,0.08297096600665921,0.10537083446979523,0.48063491741495745,0.6680404695291673,0.6556875374047987,0.8655823457144922,0.9186801105257003,0.9190030448859737,0,SUCCESS,success,nominal,20260921,results/a2po_dual_panda_dynamic_vertical/formal/seed_20260921/checkpoint_best.pt
41000133,a2po,1,241,1.928,0.06235575951864386,0.06212225219980466,0.06223900585922426,0.06212225219980466,0.0007842568289150633,0.0008545805277807426,0.000819418678347903,0.0008545805277807426,0.7197835368443221,47.06590932581296,0.19529422956768863,6.723701332258995,0.0,7,0.04266678345586749,0.054782312363386154,0.07842801855220093,0.1051977276802063,0.4791582115458255,0.6697526396062858,0.6562369188827103,0.8672035573923736,0.9201260392101969,0.9204562177796581,0,SUCCESS,success,nominal,20260921,results/a2po_dual_panda_dynamic_vertical/formal/seed_20260921/checkpoint_best.pt
41000134,a2po,1,254,2.032,0.05918104944145024,0.05895520765620493,0.059068128548827585,0.05895520765620493,0.0005058302873126835,0.0005616925046277176,0.0005337613959702005,0.0005616925046277176,0.41025136120452577,0.0,0.0,0.0,0.0,6,0.041862621578923245,0.05533342435956001,0.08014720299063016,0.1053348183631897,0.48096793103875135,0.6681454324816155,0.6559472975768442,0.8660242712403846,0.9184385716445803,0.9187406261605541,0,SUCCESS,success,nominal,20260921,results/a2po_dual_panda_dynamic_vertical/formal/seed_20260921/checkpoint_best.pt
41000135,a2po,1,361,2.888,0.03750881938104583,0.03732990550383458,0.03741936244244021,0.03732990550383458,0.0008380313830240645,0.000906104885121868,0.0008720681340729662,0.000906104885121868,0.43124064624013386,0.0,0.0,0.0,0.0,5,0.03612032026011198,0.05560373142361641,0.09137654376223972,0.1055486723780632,0.4709326270709738,0.6773328797638911,0.6587676533041238,0.8733826391914875,0.9284492887948689,0.9287104251642306,0,SUCCESS,success,nominal,20260921,results/a2po_dual_panda_dynamic_vertical/formal/seed_20260921/checkpoint_best.pt
41000136,a2po,1,242,1.936,0.06262646597510266,0.06236016153446558,0.06249331375478412,0.06236016153446558,0.0007598052621176231,0.0009010825392215957,0.0008304439006696094,0.0009010825392215957,0.6160737713221882,0.0,0.0,0.0,0.0,5,0.042904215006634966,0.055205732583999634,0.07911758525114244,0.10528486967086792,0.48146021230654285,0.667504912072962,0.6556200530410798,0.8653471068409849,0.9178683065678462,0.9181975714923921,0,SUCCESS,success,nominal,20260921,results/a2po_dual_panda_dynamic_vertical/formal/seed_20260921/checkpoint_best.pt
41000137,a2po,1,261,2.088,0.05678638572203068,0.05665934436596891,0.056722865043999794,0.05665934436596891,0.00016667250222594947,0.00036639660610259396,0.00026653455416427173,0.00036639660610259396,0.21979867100962291,0.0,0.0,0.0,0.0,6,0.04197015939280391,0.05549059808254242,0.08083832886969221,0.10542645305395126,0.4817520845895526,0.6674277001413805,0.655805659020084,0.8654639981258875,0.917698523779025,0.9179912383072221,0,SUCCESS,success,nominal,20260921,results/a2po_dual_panda_dynamic_vertical/formal/seed_20260921/checkpoint_best.pt
41000138,a2po,1,241,1.928,0.06287984466426501,0.062419763181715826,0.06264980392299041,0.062419763181715826,0.0006242354511096191,0.0006015834628946557,0.0006129094570021373,0.0006242354511096191,0.6857566449821015,0.0,0.0,0.0,0.0,6,0.04225719630664129,0.054963141679763794,0.08328976695468317,0.1053461953997612,0.4776230225671871,0.6709901549509452,0.6564799027818862,0.8680037175966001,0.9216612255919524,0.9219722606829093,0,SUCCESS,success,nominal,20260921,results/a2po_dual_panda_dynamic_vertical/formal/seed_20260921/checkpoint_best.pt
41000139,a2po,1,208,1.6640000000000001,0.05996507753031442,0.059813454685691755,0.05988926610800309,0.059813454685691755,0.0004971101650925798,0.000508544879638638,0.0005028275223656088,0.000508544879638638,0.8116822157405845,0.0,0.0,0.0,0.0,6,0.04178324378489588,0.05519578978419304,0.0796462648196701,0.10481786727905273,0.483091837225052,0.6657130640859787,0.6547486423872985,0.8635673330953488,0.9161664551267257,0.916508787813095,0,SUCCESS,success,nominal,20260921,results/a2po_dual_panda_dynamic_vertical/formal/seed_20260921/checkpoint_best.pt
41000140,a2po,1,312,2.496,0.0393066628124949,0.03902787210010478,0.03916726745629984,0.03902787210010478,0.0009400799221375019,0.0008664660906071994,0.0009032730063723506,0.0009400799221375019,0.5682889289219821,0.0,0.0,0.0,0.0,5,0.0383214246830903,0.05517997592687607,0.08739484551673134,0.10549669712781906,0.4728274975831692,0.6756150925006622,0.6581501261546061,0.8719901268680891,0.9265092968558654,0.9267916593414086,0,SUCCESS,success,nominal,20260921,results/a2po_dual_panda_dynamic_vertical/formal/seed_20260921/checkpoint_best.pt
41000141,a2po,1,211,1.688,0.05935722058048733,0.059380087265207576,0.05936865392284745,0.05935722058048733,0.0004781835740277422,0.0006029649454242926,0.0005405742597260174,0.0006029649454242926,0.7368070537649309,48.84527224992017,0.2314941812792425,6.977896035702882,0.0,7,0.04163411489392132,0.05531584843993187,0.07732981946584172,0.10504601150751114,0.4858776263151124,0.6633622796049615,0.654293590529835,0.8619344310737899,0.9134886281750213,0.9138204492098913,0,SUCCESS,success,nominal,20260921,results/a2po_dual_panda_dynamic_vertical/formal/seed_20260921/checkpoint_best.pt
41000142,a2po,1,208,1.6640000000000001,0.060809280182150316,0.06060147847557709,0.060705379328863704,0.06060147847557709,0.0009375182008565863,0.0008645550119233978,0.0009010366063899921,0.0009375182008565863,0.8281504652491846,0.0,0.0,0.0,0.0,5,0.04274177280603908,0.05521855130791664,0.08052059271050474,0.10482809692621231,0.4836007912571614,0.6651207197170991,0.6545216309336516,0.8629795370193628,0.9156492607524762,0.9159906492210351,0,SUCCESS,success,nominal,20260921,results/a2po_dual_panda_dynamic_vertical/formal/seed_20260921/checkpoint_best.pt
41000143,a2po,1,321,2.568,0.038567949740074534,0.038283358593057065,0.0384256541665658,0.038283358593057065,0.0009490545919427497,0.0009083825439066436,0.0009287185679246967,0.0009490545919427497,0.5706529841246042,0.0,0.0,0.0,0.0,6,0.03810963748788861,0.05561625584959984,0.08533731253340411,0.1054416298866272,0.4756918208807057,0.6730637992282523,0.6575843123632057,0.870075363793477,0.923734154842353,0.9240114035264725,0,SUCCESS,success,nominal,20260921,results/a2po_dual_panda_dynamic_vertical/formal/seed_20260921/checkpoint_best.pt
41000144,a2po,1,246,1.968,0.06228922645694707,0.061860944605534235,0.06207508553124065,0.061860944605534235,0.0009116963558957655,0.0008514013370942143,0.0008815488464949899,0.0009116963558957655,0.5379994555150138,0.0,0.0,0.0,0.0,6,0.04192817799852994,0.05522029846906662,0.08505538365296353,0.10536959767341614,0.47790857386298297,0.6706532479786291,0.6563778858843857,0.8676753562640368,0.9213995543437276,0.9217005972939778,0,SUCCESS,success,nominal,20260921,results/a2po_dual_panda_dynamic_vertical/formal/seed_20260921/checkpoint_best.pt
41000145,a2po,1,212,1.696,0.05994022230137144,0.05968687627527347,0.05981354928832246,0.05968687627527347,0.0008726745163807401,0.0007494135146707561,0.0008110440155257481,0.0008726745163807401,0.7425453994214386,0.0,0.0,0.0,0.0,6,0.042320723643192566,0.055557817220687866,0.07855993158728727,0.1045188382267952,0.4868162490849225,0.6620917162805233,0.6537512996286716,0.8605760386529958,0.9124782203503374,0.9128341573589253,0,SUCCESS,success,nominal,20260921,results/a2po_dual_panda_dynamic_vertical/formal/seed_20260921/checkpoint_best.pt
41000146,a2po,1,354,2.832,0.037414447300976955,0.03720531617970438,0.03730988174034067,0.03720531617970438,0.0007939972004053274,0.0009587078466253579,0.0008763525235153426,0.0009587078466253579,0.4420596811244332,0.0,0.0,0.0,0.0,5,0.03629382993857571,0.05541155859827995,0.0877970273101355,0.10544606298208237,0.4720882717835701,0.6764050023367176,0.6585506899545421,0.8727708292209496,0.9272919947144675,0.9275665843890886,0,SUCCESS,success,nominal,20260921,results/a2po_dual_panda_dynamic_vertical/formal/seed_20260921/checkpoint_best.pt
41000147,a2po,1,246,1.968,0.062139211660907356,0.061790316715888915,0.061964764188398136,0.061790316715888915,0.0009438653430867177,0.0009570190346419774,0.0009504421888643475,0.0009570190346419774,0.5507180655296952,0.0,0.0,0.0,0.0,5,0.04235623949169507,0.0553220696747303,0.08415941046778022,0.10535859316587448,0.479054958718579,0.6695214904905334,0.6560629795237285,0.8667460873844178,0.9202431534848562,0.9205569903540417,0,SUCCESS,success,nominal,20260921,results/a2po_dual_panda_dynamic_vertical/formal/seed_20260921/checkpoint_best.pt
41000148,a2po,1,257,2.056,0.058445383891804314,0.05833073871765776,0.05838806130473104,0.05833073871765776,0.0005475003460809946,0.0004569731497044848,0.0005022367478927397,0.0005475003460809946,0.2659886532644654,9.75775794959847,0.037967929764974595,1.626292991599745,0.0,6,0.04154684126435087,0.05560334026813507,0.08721404774150728,0.10558781772851944,0.4785830049199353,0.669789367380773,0.6561080194168981,0.8668047328867338,0.9207316685743369,0.9210357081565411,0,SUCCESS,success,nominal,20260921,results/a2po_dual_panda_dynamic_vertical/formal/seed_20260921/checkpoint_best.pt
41000149,a2po,1,212,1.696,0.06013334496909292,0.060014747986289446,0.060074046477691184,0.060014747986289446,0.0008834983975195393,0.0008526365789165708,0.0008680674882180551,0.0008834983975195393,0.7604954227574378,56.62009416121227,0.26707591585477486,9.436682360202045,0.0,6,0.04164514994415683,0.055520787835121155,0.08020583062678716,0.10483022779226303,0.48514575947005795,0.6636683569764191,0.6541846169615692,0.861853078288852,0.9141419701418787,0.9144881825964406,0,SUCCESS,success,nominal,20260921,results/a2po_dual_panda_dynamic_vertical/formal/seed_20260921/checkpoint_best.pt
41000150,a2po,1,210,1.68,0.05966686256683816,0.05937846262505865,0.059522662595948406,0.05937846262505865,0.000984721441192711,0.0009648060776637876,0.0009747637594282494,0.000984721441192711,0.7721741328046171,50.86914715990565,0.2422340340947888,8.478191193317608,0.0,6,0.04271009406961855,0.055402595549821854,0.07434217816640046,0.10448543727397919,0.4877356273787362,0.6615939634186881,0.6537620232218788,0.8604754056249346,0.9116163421244848,0.91196410769508,0,SUCCESS,success,nominal,20260921,results/a2po_dual_panda_dynamic_vertical/formal/seed_20260921/checkpoint_best.pt
41000151,a2po,1,247,1.976,0.06242170261136577,0.06237888586551568,0.06240029423844073,0.06237888586551568,0.0007620806190655588,0.0006425377935330406,0.0007023092062992997,0.0007620806190655588,0.4024116246521537,0.0,0.0,0.0,0.0,5,0.041945884173909424,0.055572208017110825,0.08686298672637717,0.10550928860902786,0.4792533811287359,0.6691597159574871,0.6558737670361754,0.8662706649737802,0.9200606133773742,0.9203639363470347,0,SUCCESS,success,nominal,20260921,results/a2po_dual_panda_dynamic_vertical/formal/seed_20260921/checkpoint_best.pt
41000152,a2po,1,316,2.528,0.03892314441088987,0.038674649052750976,0.03879889673182042,0.038674649052750976,0.0009621037592152124,0.0008207526717835404,0.0008914282154993764,0.0009621037592152124,0.5607618022780699,0.0,0.0,0.0,0.0,6,0.038043451725352034,0.05532955005764961,0.08774580538517478,0.10552166402339935,0.47313980843070186,0.675366993191876,0.6581447599809381,0.871851691716834,0.9262260194820694,0.9265028343924994,0,SUCCESS,success,nominal,20260921,results/a2po_dual_panda_dynamic_vertical/formal/seed_20260921/checkpoint_best.pt
41000153,a2po,1,259,2.072,0.05656414766323625,0.05635638276218492,0.05646026521271059,0.05635638276218492,0.0005954323654237968,0.000512481565816983,0.0005539569656203898,0.0005954323654237968,0.3144213261085096,0.0,0.0,0.0,0.0,6,0.0414360986418418,0.05505017563700676,0.0847278936338183,0.1055307537317276,0.4765146009940438,0.6721349404585407,0.6569819894536582,0.8690814182565019,0.9228169977895081,0.9231134890129207,0,SUCCESS,success,nominal,20260921,results/a2po_dual_panda_dynamic_vertical/formal/seed_20260921/checkpoint_best.pt
41000154,a2po,1,209,1.672,0.05941730461727643,0.059157123677457846,0.05928721414736714,0.059157123677457846,0.0008876833154461713,0.0007733457771367455,0.0008305145462914583,0.0008876833154461713,0.7728099187442486,0.0,0.0,0.0,0.0,6,0.04208981540303624,0.05507597327232361,0.07558826485795803,0.1049569621682167,0.48545960090947493,0.6638386038501868,0.6544381097743386,0.8623808168908625,0.9138800056927512,0.914219614136162,0,SUCCESS,success,nominal,20260921,results/a2po_dual_panda_dynamic_vertical/formal/seed_20260921/checkpoint_best.pt
41000155,a2po,1,246,1.968,0.06228619540737776,0.06196137975339319,0.062123787580385476,0.06196137975339319,0.0009286083076785654,0.0009240392326959483,0.0009263237701872568,0.0009286083076785654,0.5497707442093428,0.0,0.0,0.0,0.0,6,0.042152780857754917,0.05535740405321121,0.08305695620497947,0.10533712059259415,0.4799549578408885,0.6687255278835452,0.6558815817522808,0.866164593919506,0.9193555429214384,0.9196747296709356,0,SUCCESS,success,nominal,20260921,results/a2po_dual_panda_dynamic_vertical/formal/seed_20260921/checkpoint_best.pt
41000156,a2po,1,259,2.072,0.056698188817398174,0.05642940031585304,0.05656379456662561,0.05642940031585304,0.0004610583358880662,0.0007370120530458715,0.0005990351944669688,0.0007370120530458715,0.29080533770125805,0.0,0.0,0.0,0.0,5,0.04175942179002587,0.055206384509801865,0.08438599821805781,0.10545706748962402,0.47733379687581745,0.6712286831329228,0.6566452001973009,0.8682327468422849,0.9219711395304175,0.9222798022984537,0,SUCCESS,success,nominal,20260921,results/a2po_dual_panda_dynamic_vertical/formal/seed_20260921/checkpoint_best.pt
41000157,a2po,1,211,1.688,0.06061773504817798,0.06049157064326938,0.06055465284572368,0.06049157064326938,0.0008802153052781627,0.0009920514160039699,0.0009361333606410663,0.0009920514160039699,0.7729214046087979,0.0,0.0,0.0,0.0,5,0.041608692330012534,0.05564480647444725,0.08416500574604595,0.10485135018825531,0.48422793528479985,0.6643009988052585,0.6542075197278606,0.8620970449741417,0.915055043889448,0.9153841878000594,0,SUCCESS,success,nominal,20260921,results/a2po_dual_panda_dynamic_vertical/formal/seed_20260921/checkpoint_best.pt
41000158,a2po,1,351,2.8080000000000003,0.037296157979080063,0.03714731680032049,0.03722173738970028,0.03714731680032049,0.000823016164788709,0.0008418485411205946,0.0008324323529546518,0.0008418485411205946,0.43238293210651824,0.0,0.0,0.0,0.0,5,0.03642400844086312,0.05525247007608414,0.09017182579343645,0.10555416345596313,0.4703451947778718,0.6780312993587592,0.6589969236966212,0.8740580391000818,0.9290347335345385,0.9292936182429647,0,SUCCESS,success,nominal,20260921,results/a2po_dual_panda_dynamic_vertical/formal/seed_20260921/checkpoint_best.pt
41000159,a2po,1,263,2.104,0.055625312278088396,0.05549787635342343,0.05556159431575591,0.05549787635342343,0.0004814685566828066,0.0005378837560604331,0.0005096761563716198,0.0005378837560604331,0.17904909989155832,0.0,0.0,0.0,0.0,6,0.0416039127056193,0.05537112057209015,0.08222387264086069,0.10548551380634308,0.4794816401974783,0.6694412102264143,0.656327402637032,0.8670191327428637,0.9199065289569899,0.9202085828599821,0,SUCCESS,success,nominal,20260921,results/a2po_dual_panda_dynamic_vertical/formal/seed_20260921/checkpoint_best.pt
41000160,a2po,1,313,2.504,0.03957761099235285,0.03931154928062777,0.03944458013649031,0.03931154928062777,0.000891435428287644,0.0007914307507648598,0.0008414330895262518,0.000891435428287644,0.5352173121315065,49.92050982685745,0.15949044673117396,7.131501403836778,0.0,7,0.03825999929691656,0.05512842908501625,0.0857600935663397,0.10545635223388672,0.47319631207103546,0.6754579504077046,0.6582216744224865,0.8720381916902317,0.9261778520699888,0.9264561103555722,0,SUCCESS,success,nominal,20260921,results/a2po_dual_panda_dynamic_vertical/formal/seed_20260921/checkpoint_best.pt
41000161,a2po,1,316,2.528,0.03878505348606051,0.0384944838794251,0.038639768682742805,0.0384944838794251,0.0009562500158210419,0.0009156529182535259,0.0009359514670372839,0.0009562500158210419,0.5944481259125365,45.33351528245485,0.14346049140017356,6.476216468922121,0.0,7,0.03815563625355452,0.05542583391070366,0.08801180299053181,0.10548271238803864,0.47339409429438506,0.6750245626214184,0.6579819078309627,0.8714773537991922,0.9259550629914561,0.9262365530940551,0,SUCCESS,success,nominal,20260921,results/a2po_dual_panda_dynamic_vertical/formal/seed_20260921/checkpoint_best.pt
41000162,a2po,1,265,2.12,0.054510731272335924,0.05437068459192379,0.05444070793212986,0.05437068459192379,0.0008385174206153018,0.0007922972119675426,0.0008154073162914222,0.0008385174206153018,0.17927932383878706,0.0,0.0,0.0,0.0,5,0.04110666220867128,0.055189453065395355,0.08407829611579765,0.10553544014692307,0.47703104064149676,0.671697553823579,0.656925240102804,0.8687967478104357,0.9223180764126327,0.9226165096714811,0,SUCCESS,success,nominal,20260921,results/a2po_dual_panda_dynamic_vertical/formal/seed_20260921/checkpoint_best.pt
41000163,a2po,1,211,1.688,0.06021525909607535,0.05994072500592312,0.060077992050999236,0.05994072500592312,0.0007551196716029944,0.000681321058373981,0.0007182203649884877,0.0007551196716029944,0.7719926699775215,0.0,0.0,0.0,0.0,6,0.04262573785541394,0.055464450269937515,0.07629768024485611,0.10439459979534149,0.487237474364692,0.6618611199595917,0.6537622447827416,0.8605340236171162,0.9120768760617876,0.9124335886742831,0,SUCCESS,success,nominal,20260921,results/a2po_dual_panda_dynamic_vertical/formal/seed_20260921/checkpoint_best.pt
41000164,a2po,1,311,2.488,0.039717394389084046,0.039451664836525596,0.03958452961280482,0.039451664836525596,0.0008371035584188059,0.0008947785681045721,0.000865941063261689,0.0008947785681045721,0.5847237480907054,0.0,0.0,0.0,0.0,5,0.03853234615464398,0.0556437224149704,0.0899156889851262,0.10558835417032242,0.4742587758797158,0.6740549009329253,0.6576508703339138,0.8705486879471414,0.9251019730445273,0.9253803169612332,0,SUCCESS,success,nominal,20260921,results/a2po_dual_panda_dynamic_vertical/formal/seed_20260921/checkpoint_best.pt
41000165,a2po,1,313,2.504,0.03911468349953984,0.038866280192749486,0.03899048184614466,0.038866280192749486,0.0009195417479657751,0.0007690003123885671,0.000844271030177171,0.0009195417479657751,0.5431746007792284,0.0,0.0,0.0,0.0,6,0.03815551358647049,0.055103838443756104,0.08725969510721251,0.10551167279481888,0.4721846224400944,0.6763075662497133,0.6584077012805513,0.8726330281446536,0.927164117939556,0.9274420780114854,0,SUCCESS,success,nominal,20260921,results/a2po_dual_panda_dynamic_vertical/formal/seed_20260921/checkpoint_best.pt
41000166,a2po,1,254,2.032,0.05936961340222091,0.059075931861092945,0.05922277263165693,0.059075931861092945,0.0005454376127267476,0.0005835824310115066,0.000564510021869127,0.0005835824310115066,0.3940962269785388,0.0,0.0,0.0,0.0,6,0.04153870597049066,0.055260252207517624,0.07984381861568568,0.10531756281852722,0.4813020402990927,0.6679937245808248,0.6559695085202615,0.8660280422901544,0.9181421253624864,0.9184340919096639,0,SUCCESS,success,nominal,20260921,results/a2po_dual_panda_dynamic_vertical/formal/seed_20260921/checkpoint_best.pt
41000167,a2po,1,315,2.52,0.038648156876626705,0.038351574252485254,0.03849986556455598,0.038351574252485254,0.0008989672135463209,0.0008463912783285536,0.0008726792459374372,0.0008989672135463209,0.5808931274585618,0.0,0.0,0.0,0.0,5,0.03843204827447023,0.055148251354694366,0.08745382069831803,0.1054529920220375,0.47260125203738135,0.6758315226388356,0.658226912362235,0.8721744609257531,0.9267335872801523,0.9270157023081704,0,SUCCESS,success,nominal,20260921,results/a2po_dual_panda_dynamic_vertical/formal/seed_20260921/checkpoint_best.pt
41000168,a2po,1,250,2.0,0.061486567586425234,0.06111174044349657,0.0612991540149609,0.06111174044349657,0.000838641072825834,0.0008821938502820866,0.0008604174615539602,0.0008821938502820866,0.40937181328581057,0.0,0.0,0.0,0.0,6,0.0421984942946583,0.05560457706451416,0.08412634977698326,0.10541932284832001,0.4806568624973297,0.6679010047912598,0.655608505487442,0.8653674211502075,0.9186499998569488,0.9189744601249695,0,SUCCESS,success,nominal,20260921,results/a2po_dual_panda_dynamic_vertical/formal/seed_20260921/checkpoint_best.pt
41000169,a2po,1,243,1.944,0.062337105330558945,0.06198353828063913,0.062160321805599036,0.06198353828063913,0.0008364200698684512,0.000824944927938375,0.0008306824989034131,0.0008364200698684512,0.652180829790432,0.0,0.0,0.0,0.0,5,0.04195940046889301,0.054999154061079025,0.08106757716923461,0.10528456419706345,0.47867536557064133,0.6700884631141223,0.6562982655356451,0.867383989532298,0.9206142028172811,0.9209374552401005,0,SUCCESS,success,nominal,20260921,results/a2po_dual_panda_dynamic_vertical/formal/seed_20260921/checkpoint_best.pt
41000170,a2po,1,209,1.672,0.06072595933548294,0.06063322077498412,0.06067959005523353,0.06063322077498412,0.0006398881565495439,0.0008439371971383577,0.0007419126768439508,0.0008439371971383577,0.8095342257675952,0.0,0.0,0.0,0.0,6,0.04167998891154474,0.05539441108703613,0.08257711293737284,0.10495930165052414,0.4830251197780719,0.6656694991166512,0.6546657382015977,0.8633979695835753,0.9162626500335036,0.9165845450602079,0,SUCCESS,success,nominal,20260921,results/a2po_dual_panda_dynamic_vertical/formal/seed_20260921/checkpoint_best.pt
41000171,a2po,1,211,1.688,0.05977755325707887,0.05948597559844519,0.05963176442776203,0.05948597559844519,0.0009711909528036576,0.0008097284400131612,0.0008904596964084094,0.0009711909528036576,0.7559183394150075,46.832104581173844,0.22195310228044476,6.690300654453407,0.0,7,0.042012059072394504,0.05541405826807022,0.07814459473565574,0.104751355946064,0.48585607189137786,0.6631725198849683,0.6541371822922151,0.8616044532631246,0.9134624049561848,0.9138080251725365,0,SUCCESS,success,nominal,20260921,results/a2po_dual_panda_dynamic_vertical/formal/seed_20260921/checkpoint_best.pt
41000172,a2po,1,267,2.136,0.053279719956017185,0.053208621739314454,0.05324417084766582,0.053208621739314454,0.0006449500959321492,0.0007992143983367413,0.0007220822471344453,0.0007992143983367413,0.07016491374816405,0.0,0.0,0.0,0.0,6,0.04171367090593061,0.05538144335150719,0.08435676514418719,0.10548939555883408,0.47786716229460213,0.6707692981212773,0.6566235516848189,0.8679424314463183,0.9214668137750376,0.9217739725827278,0,SUCCESS,success,nominal,20260921,results/a2po_dual_panda_dynamic_vertical/formal/seed_20260921/checkpoint_best.pt
41000173,a2po,1,210,1.68,0.05939890614180324,0.05912945439064757,0.0592641802662254,0.05912945439064757,0.0009062299283248688,0.000883309499294629,0.0008947697138097488,0.0009062299283248688,0.7615315806462845,0.0,0.0,0.0,0.0,6,0.04262237272314018,0.055210936814546585,0.0736973549339122,0.104534812271595,0.48767913523174466,0.6618693487984794,0.6539466241995494,0.8608762400490897,0.911716548034123,0.9120500590120043,0,SUCCESS,success,nominal,20260921,results/a2po_dual_panda_dynamic_vertical/formal/seed_20260921/checkpoint_best.pt
41000174,a2po,1,260,2.08,0.05733497152149011,0.057116802028029656,0.057225886774759885,0.057116802028029656,0.00042214629473798096,0.0004876311629569542,0.0004548887288474676,0.0004876311629569542,0.27682503446690776,0.0,0.0,0.0,0.0,6,0.041228795893347034,0.05547585338354111,0.08130990316858515,0.10538104176521301,0.48142112917624985,0.6678525401995732,0.6559592957680042,0.8658973196378121,0.9180493338749959,0.9183317764447285,0,SUCCESS,success,nominal,20260921,results/a2po_dual_panda_dynamic_vertical/formal/seed_20260921/checkpoint_best.pt
41000175,a2po,1,212,1.696,0.059355652772785344,0.05918237267717316,0.05926901272497925,0.05918237267717316,0.0004955986186543508,0.0004916651561436256,0.0004936318873989882,0.0004955986186543508,0.7308875159376518,0.0,0.0,0.0,0.0,6,0.041618958249565144,0.055418964475393295,0.07705490707193571,0.10479454696178436,0.4862901336460743,0.6629548176841916,0.6541730280754701,0.8615867866660064,0.9130760079847192,0.9134095769445851,0,SUCCESS,success,nominal,20260921,results/a2po_dual_panda_dynamic_vertical/formal/seed_20260921/checkpoint_best.pt
41000176,a2po,1,209,1.672,0.059346517712342145,0.059211252347270205,0.059278885029806175,0.059211252347270205,0.0008346194659272961,0.0008319416929000634,0.0008332805794136797,0.0008346194659272961,0.7750423839863138,0.0,0.0,0.0,0.0,6,0.04132423662852371,0.05502508208155632,0.077134143370627,0.10503530502319336,0.4829023564546302,0.6661632177932411,0.6550149914750643,0.8641703759083907,0.9163823703829752,0.9167227049193314,0,SUCCESS,success,nominal,20260921,results/a2po_dual_panda_dynamic_vertical/formal/seed_20260921/checkpoint_best.pt
41000177,a2po,1,310,2.48,0.03940162319301849,0.03916851855399103,0.03928507087350476,0.03916851855399103,0.0009787367556160758,0.0007733118041485643,0.00087602427988232,0.0009787367556160758,0.5575395223723659,48.77179487377284,0.15732837056055754,8.12863247896214,0.0,6,0.03863148028782058,0.05512310937047005,0.08853838926241282,0.10555803775787354,0.4722260603020268,0.6761975176872745,0.6583196036277279,0.8724585723492407,0.9271256729479759,0.9273959380965079,0,SUCCESS,success,nominal,20260921,results/a2po_dual_panda_dynamic_vertical/formal/seed_20260921/checkpoint_best.pt
41000178,a2po,1,358,2.864,0.0373922343609973,0.03722512902270704,0.03730868169185217,0.03722512902270704,0.0008529243832205835,0.000989604310916171,0.0009212643470683773,0.000989604310916171,0.43175355399129195,0.0,0.0,0.0,0.0,5,0.036437432826678766,0.0555870495736599,0.09006042921572258,0.10549909621477127,0.4716364205216562,0.6766779962198695,0.6585868014303665,0.8728682330533779,0.9277347243031976,0.9280061593601824,0,SUCCESS,success,nominal,20260921,results/a2po_dual_panda_dynamic_vertical/formal/seed_20260921/checkpoint_best.pt
41000179,a2po,1,355,2.84,0.03735039295364655,0.03720173079682862,0.03727606187523758,0.03720173079682862,0.0008529225645856086,0.0008886856194911739,0.0008708040920383912,0.0008886856194911739,0.4273405287437069,0.0,0.0,0.0,0.0,6,0.036325483544873936,0.05541332811117172,0.09055899292702826,0.10555585473775864,0.47069971553036866,0.6776511157062691,0.6588894231218687,0.8737228437208794,0.9286848533321435,0.9289445747791881,0,SUCCESS,success,nominal,20260921,results/a2po_dual_panda_dynamic_vertical/formal/seed_20260921/checkpoint_best.pt
41000180,a2po,1,269,2.152,0.05387269501910344,0.05369821039834084,0.05378545270872214,0.05369821039834084,0.0006714163712830004,0.0008246308511651084,0.0007480236112240544,0.0008246308511651084,0.10222858929015792,0.0,0.0,0.0,0.0,5,0.040819592091867696,0.05550751835107803,0.08207100807242511,0.10548926889896393,0.4796675785988237,0.6693330413789997,0.6563405682606325,0.8669869374608462,0.9197494447452871,0.9200438139163871,0,SUCCESS,success,nominal,20260921,results/a2po_dual_panda_dynamic_vertical/formal/seed_20260921/checkpoint_best.pt
41000181,a2po,1,255,2.04,0.05810681341667344,0.05784552975068688,0.05797617158368016,0.05784552975068688,0.0006723348228502788,0.0007109293539415774,0.0006916320883959281,0.0007109293539415774,0.36328800353040414,0.0,0.0,0.0,0.0,5,0.04207106422012051,0.05517425015568733,0.085909890368873,0.10553901642560959,0.47659875727167317,0.6718552152315775,0.6566980740603279,0.8685914645008013,0.9227036207329993,0.9229969744588814,0,SUCCESS,success,nominal,20260921,results/a2po_dual_panda_dynamic_vertical/formal/seed_20260921/checkpoint_best.pt
41000182,a2po,1,358,2.864,0.03724660436202465,0.037121106653407496,0.03718385550771607,0.037121106653407496,0.0008937947496549173,0.0008933602494184651,0.0008935774995366912,0.0008937947496549173,0.4448606398428545,49.47936070879367,0.13821050477316668,8.246560118132278,0.0,6,0.036383628017950656,0.05563272908329964,0.09234700664128671,0.10561297833919525,0.4707855671311224,0.6774412854756723,0.658779827243123,0.8734278434148713,0.9286058045632346,0.928859011587484,0,SUCCESS,success,nominal,20260921,results/a2po_dual_panda_dynamic_vertical/formal/seed_20260921/checkpoint_best.pt
41000183,a2po,1,310,2.48,0.039461009760652005,0.03917417119861806,0.03931759047963503,0.03917417119861806,0.0008649213765127075,0.0007933071021933264,0.0008291142393530169,0.0008649213765127075,0.568012718209974,0.0,0.0,0.0,0.0,5,0.038636108791275374,0.055056508630514145,0.08754532899587385,0.10547509044408798,0.47229513699008574,0.6761157280014407,0.6582698337493404,0.8723753948365488,0.9270328235241675,0.9273125310097972,0,SUCCESS,success,nominal,20260921,results/a2po_dual_panda_dynamic_vertical/formal/seed_20260921/checkpoint_best.pt
41000184,a2po,1,316,2.528,0.03903958096069819,0.03874553176574541,0.0388925563632218,0.03874553176574541,0.000891528841019817,0.000863376423923184,0.0008774526324715004,0.000891528841019817,0.5752771806545703,0.0,0.0,0.0,0.0,5,0.038245136296977816,0.05551845207810402,0.08593653779347203,0.10545168071985245,0.4749982505093647,0.6736326306303845,0.6576785448985764,0.8704665539008153,0.9243880216079422,0.9246728195797039,0,SUCCESS,success,nominal,20260921,results/a2po_dual_panda_dynamic_vertical/formal/seed_20260921/checkpoint_best.pt
41000185,a2po,1,268,2.144,0.05376109299660982,0.053605059008669284,0.05368307600263955,0.053605059008669284,0.0009130597425147218,0.0008707282912693385,0.0008918940168920302,0.0009130597425147218,0.10465516738264917,47.48917642150745,0.17719841948323675,6.78416806021535,0.0,7,0.04083079031195992,0.055318158119916916,0.08267842385780637,0.10553614050149918,0.4783008028544597,0.6706544494450982,0.6567278640038932,0.8680920060446013,0.9211021121313323,0.921394044783578,0,SUCCESS,success,nominal,20260921,results/a2po_dual_panda_dynamic_vertical/formal/seed_20260921/checkpoint_best.pt
41000186,a2po,1,316,2.528,0.039445696317180895,0.039161478353469684,0.03930358733532529,0.039161478353469684,0.0008897119582690217,0.000858455026418558,0.0008740834923437899,0.0008897119582690217,0.5481586694137279,0.0,0.0,0.0,0.0,5,0.03814996884180869,0.05547229200601578,0.08436070935162597,0.10544086992740631,0.4759698666726487,0.6729440932409673,0.657582277549973,0.8700815260033065,0.9234782395106328,0.9237488359212875,0,SUCCESS,success,nominal,20260921,results/a2po_dual_panda_dynamic_vertical/formal/seed_20260921/checkpoint_best.pt
41000187,a2po,1,252,2.016,0.05939060944488232,0.059192773059106335,0.05929169125199433,0.059192773059106335,0.0005418683870781522,0.0005490602009762516,0.000545464294027202,0.0005490602009762516,0.44706720409184775,10.127375388530771,0.040187997573534806,1.6878958980884617,0.0,6,0.041481289400955634,0.05507715046405792,0.08639015360838836,0.10554967820644379,0.47586250257870505,0.6726716707150141,0.6569528064084431,0.8693254029466992,0.9234687939049706,0.9237463417507353,0,SUCCESS,success,nominal,20260921,results/a2po_dual_panda_dynamic_vertical/formal/seed_20260921/checkpoint_best.pt
41000188,a2po,1,246,1.968,0.06163950018172866,0.061316934694610234,0.06147821743816945,0.061316934694610234,0.0008477931451137347,0.000937070325674653,0.0008924317353941938,0.000937070325674653,0.5571881946590957,0.0,0.0,0.0,0.0,6,0.042300381252875295,0.05523362010717392,0.0811987140109929,0.10530582070350647,0.479765091242829,0.6690062357158195,0.6560024388921939,0.866483978381971,0.9195376523141938,0.9198634709284558,0,SUCCESS,success,nominal,20260921,results/a2po_dual_panda_dynamic_vertical/formal/seed_20260921/checkpoint_best.pt
41000189,a2po,1,316,2.528,0.03953956331971398,0.03932293172224445,0.039431247520979214,0.03932293172224445,0.0009448168124402756,0.0007710186165255401,0.0008579177144829079,0.0009448168124402756,0.5096483504916073,0.0,0.0,0.0,0.0,6,0.03797634164036452,0.055326156318187714,0.08543129251566951,0.10552448034286499,0.474798315970958,0.6740989043742796,0.657954592493516,0.871075114117393,0.9246533043399642,0.9249170037764537,0,SUCCESS,success,nominal,20260921,results/a2po_dual_panda_dynamic_vertical/formal/seed_20260921/checkpoint_best.pt
41000190,a2po,1,312,2.496,0.03943058046234396,0.03921741096147702,0.03932399571191049,0.03921741096147702,0.0009655751471554835,0.0007229900874698169,0.0008442826173126502,0.0009655751471554835,0.5264428902243846,0.0,0.0,0.0,0.0,6,0.03812554627298736,0.05517049506306648,0.08794814610826926,0.10557626187801361,0.4723910337839371,0.676114368897218,0.6583692996929853,0.8724840648281269,0.9269748547902474,0.927247835848576,0,SUCCESS,success,nominal,20260921,results/a2po_dual_panda_dynamic_vertical/formal/seed_20260921/checkpoint_best.pt
41000191,a2po,1,209,1.672,0.06019513692854572,0.0600747151195099,0.06013492602402781,0.0600747151195099,0.0007343451180618061,0.0007801673674998965,0.0007572562427808513,0.0007801673674998965,0.8169912375113549,0.0,0.0,0.0,0.0,6,0.04178763534338993,0.05532249063253403,0.0784144857720111,0.10469460487365723,0.4843814682447169,0.6644890861648122,0.6544273216188239,0.86259950034356,0.9148779636935184,0.9152326461230739,0,SUCCESS,success,nominal,20260921,results/a2po_dual_panda_dynamic_vertical/formal/seed_20260921/checkpoint_best.pt
41000192,a2po,1,208,1.6640000000000001,0.05958484468040787,0.05956746521038073,0.0595761549453943,0.05956746521038073,0.0004756745833358461,0.0006414318810384741,0.0005585532321871601,0.0006414318810384741,0.7806385322014852,0.0,0.0,0.0,0.0,5,0.04128812465709276,0.05494469404220581,0.0783377519653116,0.10501233488321304,0.4822051374671551,0.6666928334878042,0.6550813752871293,0.8644769736207448,0.9170504097755139,0.9173928909003735,0,SUCCESS,success,nominal,20260921,results/a2po_dual_panda_dynamic_vertical/formal/seed_20260921/checkpoint_best.pt
41000193,a2po,1,248,1.984,0.06078465873236211,0.060444008392675275,0.06061433356251869,0.060444008392675275,0.0007515631183935297,0.0007687699640057306,0.0007601665411996301,0.0007687699640057306,0.5625657248556856,46.05457182468933,0.18570391864794086,6.57922454638419,0.0,7,0.041741113009442006,0.05500899255275726,0.0801205152735835,0.10528485476970673,0.4788096298373515,0.6701184422258408,0.6564042796531031,0.8675499628147771,0.9205179065465927,0.9208332033407304,0,SUCCESS,success,nominal,20260921,results/a2po_dual_panda_dynamic_vertical/formal/seed_20260921/checkpoint_best.pt
41000194,a2po,1,212,1.696,0.05875798497732093,0.0585791613901093,0.058668573183715114,0.0585791613901093,0.0003446775793407196,0.0003409383767275049,0.00034280797803411223,0.0003446775793407196,0.7084185261615221,0.0,0.0,0.0,0.0,6,0.041787819890744704,0.05543387681245804,0.07651457746122207,0.10477202385663986,0.4878506566274841,0.6616707820937319,0.6539033867840497,0.8606873593240414,0.9115863228743931,0.9119035444169674,0,SUCCESS,success,nominal,20260921,results/a2po_dual_panda_dynamic_vertical/formal/seed_20260921/checkpoint_best.pt
41000195,a2po,1,211,1.688,0.05987897320258016,0.05971218882237729,0.05979558101247873,0.05971218882237729,0.0006655550896806925,0.000671681322132933,0.0006686182059068128,0.000671681322132933,0.7618739551249655,0.0,0.0,0.0,0.0,6,0.04157747586712383,0.055363163352012634,0.07725647921890232,0.10464578121900558,0.4854222846822151,0.663651385578499,0.6542923797928326,0.862054826241534,0.9138857129060827,0.9142348170280457,0,SUCCESS,success,nominal,20260921,results/a2po_dual_panda_dynamic_vertical/formal/seed_20260921/checkpoint_best.pt
41000196,a2po,1,211,1.688,0.059351613634992306,0.059374644024847545,0.059363128829919926,0.059351613634992306,0.0004906724965604498,0.0006186372903357058,0.0005546548934480778,0.0006186372903357058,0.7362906667735138,0.0,0.0,0.0,0.0,6,0.04128202834162172,0.055289313197135925,0.07817676593880589,0.10505568236112595,0.4848865909034042,0.6642518597191543,0.65451634834163,0.8626161423904636,0.9144549590151457,0.9147883506747784,0,SUCCESS,success,nominal,20260921,results/a2po_dual_panda_dynamic_vertical/formal/seed_20260921/checkpoint_best.pt
41000197,a2po,1,212,1.696,0.05968234165256894,0.05967582799525287,0.059679084823910905,0.05967582799525287,0.0005150312309139483,0.0006806378730958245,0.0005978345520048865,0.0006806378730958245,0.7250084971194588,0.0,0.0,0.0,0.0,6,0.041668958882889094,0.05560143664479256,0.0801716528136617,0.10503172129392624,0.4860668405890465,0.6628063571340633,0.6539703531647628,0.8611624176209828,0.9132435614208005,0.9135886922759829,0,SUCCESS,success,nominal,20260921,results/a2po_dual_panda_dynamic_vertical/formal/seed_20260921/checkpoint_best.pt
41000198,a2po,1,257,2.056,0.05750314325642883,0.0571572543682449,0.05733019881233686,0.0571572543682449,0.0007703727646895843,0.00040433284199063496,0.0005873528033401097,0.0007703727646895843,0.37572744959204746,0.0,0.0,0.0,0.0,6,0.04088281639869749,0.05503777787089348,0.08229918273234675,0.10545358061790466,0.47680490316120105,0.6719607195965511,0.6569443910966124,0.869015863665347,0.922513916566678,0.9228207828469778,0,SUCCESS,success,nominal,20260921,results/a2po_dual_panda_dynamic_vertical/formal/seed_20260921/checkpoint_best.pt
41000199,a2po,1,208,1.6640000000000001,0.05975733468498581,0.05949802927634304,0.059627681980664426,0.05949802927634304,0.0009763945679503284,0.0009744013600625543,0.0009753979640064413,0.0009763945679503284,0.8008305282746399,0.0,0.0,0.0,0.0,6,0.04281380953258262,0.05491948127746582,0.07428940872341627,0.10452217608690262,0.48486382628862673,0.664312451504744,0.6544975586808645,0.862683252359812,0.9144072429491923,0.9147656347889167,0,SUCCESS,success,nominal,20260921,results/a2po_dual_panda_dynamic_vertical/formal/seed_20260921/checkpoint_best.pt
