seed,variant,success,steps,completion_time_s,peg1_depth_m,peg2_depth_m,mean_depth_m,min_depth_m,peg1_lateral_error_m,peg2_lateral_error_m,mean_lateral_error_m,max_lateral_error_m,orientation_error_deg,peak_contact_force_N,mean_force_all_steps_N,mean_force_contact_steps_N,peak_contact_torque_Nm,contact_steps,mean_trajectory_residual_norm,peak_trajectory_residual_norm,mean_impedance_residual_norm,peak_impedance_residual_norm,mean_impedance_k_parallel,mean_impedance_k_lateral,mean_impedance_k_rotation,mean_impedance_d_parallel,mean_impedance_d_lateral,mean_impedance_d_rotation,jam,final_stage,failure_reason,setting,train_seed,checkpoint
42000000,no_staged_alignment_recovery,0,1600,12.8,0.0,0.0,0.0,0.0,0.016191581295813384,0.016704699639233163,0.016448140467523274,0.016704699639233163,1.6429209870793533,282.75854196727715,15.683865842906672,16.774188067279862,0.0,1496,0.04420459989953088,0.05600980669260025,0.10244718760048271,0.10707876086235046,0.4532547256350517,0.6950438845530152,0.6655881598964334,0.8893539713323116,0.9463455325737595,0.9464726792648435,1,COMPLIANT_ALIGNMENT,jam,hard,20260921,results/a2po_dual_panda_dynamic_vertical/formal/seed_20260921/checkpoint_best.pt
42000001,no_staged_alignment_recovery,0,1600,12.8,0.0,0.0,0.0,0.0,0.00813813216081161,0.008291463038639525,0.008214797599725567,0.008291463038639525,1.2451666607550795,110.97018497096855,15.369439919023543,16.437903656709672,0.0,1496,0.0391503582149744,0.05538894608616829,0.1038101558224298,0.10705647617578506,0.45213257750496266,0.6959752760082484,0.6658616207167506,0.8900536113977432,0.9474306453019381,0.9475653979182244,1,COMPLIANT_ALIGNMENT,jam,hard,20260921,results/a2po_dual_panda_dynamic_vertical/formal/seed_20260921/checkpoint_best.pt
42000002,no_staged_alignment_recovery,1,291,2.328,0.037577978891316366,0.037288900046963225,0.037433439469139795,0.037288900046963225,0.000435594097866413,0.000871970640764698,0.0006537823693155555,0.000871970640764698,0.6601058776499644,0.0,0.0,0.0,0.0,5,0.03715423423208015,0.053940046578645706,0.08564759283070532,0.10530047118663788,0.4596330732414403,0.6870354170242126,0.6609663262809675,0.8805001257211482,0.9392351311506685,0.9396275533843286,0,SUCCESS,success,hard,20260921,results/a2po_dual_panda_dynamic_vertical/formal/seed_20260921/checkpoint_best.pt
42000003,no_staged_alignment_recovery,0,1600,12.8,0.0,0.0,0.0,0.0,0.01325699918108943,0.013289516180821165,0.013273257680955297,0.013289516180821165,2.3270952603497435,416.6975263014297,15.1164929963766,16.232475700807086,0.0,1490,0.04423028639488621,0.05389015004038811,0.10291368270409293,0.1070815697312355,0.4534222750551999,0.6949578147381544,0.6656694835424424,0.8893832094594836,0.9462023181468249,0.9463203218579292,1,COMPLIANT_ALIGNMENT,jam,hard,20260921,results/a2po_dual_panda_dynamic_vertical/formal/seed_20260921/checkpoint_best.pt
42000004,no_staged_alignment_recovery,0,1600,12.8,0.0,0.0,0.0,0.0,0.009166864073325013,0.009104761685784953,0.009135812879554983,0.009166864073325013,1.541600535378091,613.0698238551762,15.651952148949528,16.784935280374828,0.0,1492,0.0395153689396102,0.05542265623807907,0.10380461228895001,0.10708726942539215,0.452133559808135,0.6959721832349897,0.6658573399111628,0.8900506113469601,0.9474293189495802,0.9475629010424018,1,COMPLIANT_ALIGNMENT,jam,hard,20260921,results/a2po_dual_panda_dynamic_vertical/formal/seed_20260921/checkpoint_best.pt
42000005,no_staged_alignment_recovery,0,1600,12.8,0.0,0.0,0.0,0.0,0.018304976253477004,0.01787548135364795,0.018090228803562477,0.018304976253477004,1.7238576974987818,82.80606421293085,16.015897861530572,17.117860105844297,0.0,1497,0.04523938280821312,0.05601908266544342,0.10232555218361085,0.10704810917377472,0.45347926788032056,0.694835445433855,0.6654986441880465,0.8891654349863529,0.9461247554421425,0.9462514164671302,1,COMPLIANT_ALIGNMENT,jam,hard,20260921,results/a2po_dual_panda_dynamic_vertical/formal/seed_20260921/checkpoint_best.pt
42000006,no_staged_alignment_recovery,0,1600,12.8,0.0,0.0,0.0,0.0,0.016426046531472904,0.01660749949973853,0.016516773015605717,0.01660749949973853,2.1573326440816825,442.91665847738756,15.314618129903293,16.390226761100514,0.0,1495,0.047945157267386095,0.05472567304968834,0.10413701677345671,0.10709577053785324,0.4541293701529503,0.6943534920737148,0.6655175303667784,0.888927236199379,0.9455412104725838,0.9456490530446172,1,COMPLIANT_ALIGNMENT,jam,hard,20260921,results/a2po_dual_panda_dynamic_vertical/formal/seed_20260921/checkpoint_best.pt
42000007,no_staged_alignment_recovery,0,1600,12.8,0.0,0.0,0.0,0.0,0.008728203214810154,0.008798937567972656,0.008763570391391405,0.008798937567972656,2.810694375666142,285.92087103534215,14.893382458452379,15.992893915116646,0.0,1490,0.038148255084524865,0.05279512703418732,0.10428023043670692,0.10705689340829849,0.4519181190431118,0.696175829730928,0.6659477749839425,0.8902326345071196,0.9476508258283138,0.9477807623520493,1,COMPLIANT_ALIGNMENT,jam,hard,20260921,results/a2po_dual_panda_dynamic_vertical/formal/seed_20260921/checkpoint_best.pt
42000008,no_staged_alignment_recovery,0,1600,12.8,0.0,0.0,0.0,0.0,0.011664973593802226,0.011117777459835314,0.011391375526818771,0.011664973593802226,2.411076415009704,232.09047161986663,14.926891739715101,16.02887703593568,0.0,1490,0.041911750461731574,0.053558263927698135,0.10291022618985153,0.1070614904165268,0.4526460408233106,0.6955812443420291,0.6658142901584506,0.8898228059336543,0.9469368629530073,0.9470646341890097,1,COMPLIANT_ALIGNMENT,jam,hard,20260921,results/a2po_dual_panda_dynamic_vertical/formal/seed_20260921/checkpoint_best.pt
42000009,no_staged_alignment_recovery,0,1600,12.8,0.0,0.0,0.0,0.0,0.009152077444501487,0.009930848350311444,0.009541462897406466,0.009930848350311444,1.6331935418905397,634.0969349624572,15.673586441636466,16.79687763336795,0.0,1493,0.04004429477179656,0.055561959743499756,0.1036372680531349,0.10709146410226822,0.4522149120643735,0.695901197604835,0.665837918408215,0.8899972241744399,0.947347661294043,0.9474826846271753,1,COMPLIANT_ALIGNMENT,jam,hard,20260921,results/a2po_dual_panda_dynamic_vertical/formal/seed_20260921/checkpoint_best.pt
42000010,no_staged_alignment_recovery,0,1600,12.8,0.0,0.0,0.0,0.0,0.01297837232493213,0.012542194826492818,0.012760283575712475,0.01297837232493213,2.237947938066304,128.94011763264817,14.788100370834204,15.901183194445384,0.0,1488,0.04360108986671549,0.05397987365722656,0.10255973516032099,0.10707510262727737,0.45325404630973937,0.6950873497873544,0.6656954362988472,0.8894713104516268,0.9463561316207051,0.9464783818274737,1,COMPLIANT_ALIGNMENT,jam,hard,20260921,results/a2po_dual_panda_dynamic_vertical/formal/seed_20260921/checkpoint_best.pt
42000011,no_staged_alignment_recovery,0,1600,12.8,0.0,0.0,0.0,0.0,0.01332654879983267,0.013255797835148428,0.013291173317490548,0.01332654879983267,2.4709924371246217,265.1119250620301,15.17659396664803,16.22080851478747,0.0,1497,0.04403625403938349,0.05369364470243454,0.10315991206138278,0.10707198083400726,0.4525196295790374,0.6957089849561453,0.6658616142719984,0.8899349614605307,0.9470698349550366,0.9471962161362171,1,COMPLIANT_ALIGNMENT,jam,hard,20260921,results/a2po_dual_panda_dynamic_vertical/formal/seed_20260921/checkpoint_best.pt
42000012,no_staged_alignment_recovery,0,1600,12.8,0.0,0.0,0.0,0.0,0.007807505600659746,0.008139950786333295,0.00797372819349652,0.008139950786333295,1.9034657145553588,527.331785805263,15.598977070326727,16.761828954011257,0.0,1489,0.03887378666200675,0.05546528100967407,0.10322768692538375,0.107096366584301,0.4524257614649832,0.6957292582839727,0.6658103411644697,0.8898878231272102,0.9471390383318067,0.9472727672383189,1,COMPLIANT_ALIGNMENT,jam,hard,20260921,results/a2po_dual_panda_dynamic_vertical/formal/seed_20260921/checkpoint_best.pt
42000013,no_staged_alignment_recovery,0,1600,12.8,0.043001177514144465,0.043132157764925294,0.04306666763953488,0.043001177514144465,0.001851862697532179,0.002172440204193227,0.002012151450862703,0.002172440204193227,0.061731968472570876,0.0,0.0,0.0,0.0,5,0.02286352512659505,0.05271311476826668,0.10140491091297008,0.1062183603644371,0.45258041091263296,0.6947433397546411,0.6641340374574065,0.8876581055670977,0.9468176253139973,0.9470142900571227,0,INSERTION,lateral_tolerance,hard,20260921,results/a2po_dual_panda_dynamic_vertical/formal/seed_20260921/checkpoint_best.pt
42000014,no_staged_alignment_recovery,0,1600,12.8,0.0,0.0,0.0,0.0,0.008704932215887605,0.008366646837094108,0.008535789526490856,0.008704932215887605,1.6656242824149778,341.3448438118819,15.860121695014033,16.928748973997635,0.0,1499,0.03913162984914379,0.054525718092918396,0.10489117025863379,0.10705308616161346,0.4516170873306692,0.6964379032328725,0.6659887294098735,0.8904040395468473,0.9479574286565184,0.9480872955173254,1,COMPLIANT_ALIGNMENT,jam,hard,20260921,results/a2po_dual_panda_dynamic_vertical/formal/seed_20260921/checkpoint_best.pt
42000015,no_staged_alignment_recovery,0,1600,12.8,0.0,0.0,0.0,0.0,0.01285204294186186,0.012354323583188415,0.012603183262525137,0.01285204294186186,1.4847382018967803,103.35090892558819,15.445364883734205,16.552299942380927,0.0,1493,0.04202247350709513,0.055941142141819,0.10214221144735347,0.10703163594007492,0.45352705361321566,0.6948100809752941,0.6655452297627926,0.8891905625909566,0.9460765032470226,0.9462033927440643,1,COMPLIANT_ALIGNMENT,jam,hard,20260921,results/a2po_dual_panda_dynamic_vertical/formal/seed_20260921/checkpoint_best.pt
42000016,no_staged_alignment_recovery,0,1600,12.8,0.04314322188771297,0.04347177787602147,0.04330749988186722,0.04314322188771297,0.001572968503763099,0.0017485610092338752,0.001660764756498487,0.0017485610092338752,0.156928024739089,15.19249720754968,0.00949531075471855,3.038499441509936,0.0,5,0.02412237760174321,0.05392840877175331,0.10127666506916284,0.10530075430870056,0.4525911323353648,0.694688074849546,0.6641104681789876,0.8875968182459474,0.946779017560184,0.9469819969311356,0,INSERTION,lateral_tolerance,hard,20260921,results/a2po_dual_panda_dynamic_vertical/formal/seed_20260921/checkpoint_best.pt
42000017,no_staged_alignment_recovery,0,1600,12.8,0.043099304793107446,0.043405573293686855,0.04325243904339715,0.043099304793107446,0.0026917116479046486,0.0023028408498308468,0.0024972762488677477,0.0026917116479046486,0.14930768273149653,0.0,0.0,0.0,0.0,5,0.024646994611248373,0.05414417013525963,0.1017720937676495,0.1057148277759552,0.45244278056547044,0.6949345300719142,0.664308178536594,0.8879364915937186,0.9469627720862627,0.947155791260302,0,INSERTION,lateral_tolerance,hard,20260921,results/a2po_dual_panda_dynamic_vertical/formal/seed_20260921/checkpoint_best.pt
42000018,no_staged_alignment_recovery,0,1600,12.8,0.0,0.0,0.0,0.0,0.012487809803677535,0.013191907722206074,0.012839858762941804,0.013191907722206074,1.503583449585628,167.0521894691273,15.416854107127273,16.566129329351,0.0,1489,0.04177983753470471,0.056044019758701324,0.10252928509406047,0.10708837956190109,0.4536902301385999,0.6947009432688356,0.6655461157113314,0.8891461094096303,0.9459308247640729,0.9460526186972856,1,COMPLIANT_ALIGNMENT,jam,hard,20260921,results/a2po_dual_panda_dynamic_vertical/formal/seed_20260921/checkpoint_best.pt
42000019,no_staged_alignment_recovery,1,163,1.304,0.07257050803622929,0.071731837807622,0.07215117292192565,0.071731837807622,0.0007643796732118366,0.0009179072633372652,0.0008411434682745509,0.0009179072633372652,1.9073991003294803,0.0,0.0,0.0,0.0,4,0.04535466495992765,0.05466513708233833,0.06903646974195869,0.10527247935533524,0.46651744769394765,0.6793573809547658,0.6575823960128737,0.8731602730195215,0.9317500909413297,0.9323514422024686,0,SUCCESS,success,hard,20260921,results/a2po_dual_panda_dynamic_vertical/formal/seed_20260921/checkpoint_best.pt
42000020,no_staged_alignment_recovery,0,1600,12.8,0.0,0.0,0.0,0.0,0.01574301714258083,0.015299412731035699,0.015521214936808265,0.01574301714258083,2.710775495065484,166.9305085696053,14.99262835535719,16.056362361828317,0.0,1494,0.04537826618237886,0.0538657121360302,0.10315442980703665,0.10708918422460556,0.4532186274975538,0.6951546485722065,0.6657389534264803,0.8895536805689335,0.9464086119458079,0.9465250934287905,1,COMPLIANT_ALIGNMENT,jam,hard,20260921,results/a2po_dual_panda_dynamic_vertical/formal/seed_20260921/checkpoint_best.pt
42000021,no_staged_alignment_recovery,0,1600,12.8,0.04360166737337348,0.043789415008470084,0.04369554119092178,0.04360166737337348,0.0023132252891085044,0.0023057654743232946,0.0023094953817158993,0.0023132252891085044,0.13354143866748855,0.0,0.0,0.0,0.0,5,0.026118600744812284,0.05411659553647041,0.10231144764111377,0.10543347150087357,0.4521971075423062,0.6951749192178249,0.6643852661550045,0.888135247528553,0.9472180486097932,0.9474069204181432,0,INSERTION,lateral_tolerance,hard,20260921,results/a2po_dual_panda_dynamic_vertical/formal/seed_20260921/checkpoint_best.pt
42000022,no_staged_alignment_recovery,0,1600,12.8,0.04320922718371574,0.04338679764001706,0.0432980124118664,0.04320922718371574,0.0032494752458639754,0.0028148422438814135,0.0030321587448726944,0.0032494752458639754,0.0889138036424833,78.14453981072246,6.666186010670674,16.33368700930027,0.0,653,0.0277302864799276,0.054294805973768234,0.1035296818590723,0.10709924250841141,0.4518981138803065,0.6957708491757512,0.6650875749439001,0.8891528271511198,0.9475873714312911,0.9477480878308415,1,INSERTION,jam,hard,20260921,results/a2po_dual_panda_dynamic_vertical/formal/seed_20260921/checkpoint_best.pt
42000023,no_staged_alignment_recovery,0,1600,12.8,0.0,0.0,0.0,0.0,0.016777064029349205,0.017221080746622798,0.016999072387986,0.017221080746622798,2.8814378402125924,281.6074923302995,15.146103034608991,16.188219676268794,0.0,1497,0.04633484625839628,0.05381428077816963,0.10298627550451783,0.10708485543727875,0.45318039080128075,0.6951709289103747,0.6657253680005669,0.8895432835444808,0.9464410887658596,0.9465593798458576,1,COMPLIANT_ALIGNMENT,jam,hard,20260921,results/a2po_dual_panda_dynamic_vertical/formal/seed_20260921/checkpoint_best.pt
42000024,no_staged_alignment_recovery,0,1600,12.8,0.04270821860847715,0.04300070443981402,0.042854461524145585,0.04270821860847715,0.003272962662874928,0.0033072811087779728,0.0032901218858264504,0.0033072811087779728,0.1614627720703057,319.76046219152096,3.0885777085769677,19.00663205278134,0.0,260,0.020326764887722674,0.054525114595890045,0.1017728617915418,0.10710102319717407,0.45246311025694014,0.694940187074244,0.6643636664375663,0.887992643751204,0.9469393500685692,0.9471276365220547,1,INSERTION,jam,hard,20260921,results/a2po_dual_panda_dynamic_vertical/formal/seed_20260921/checkpoint_best.pt
42000025,no_staged_alignment_recovery,0,1600,12.8,0.0,0.0,0.0,0.0,0.021754844813658653,0.02205619339625264,0.021905519104955647,0.02205619339625264,2.0720739021790937,99.64685565686527,15.68705810491862,16.744024661687654,0.0,1499,0.046975893775234,0.05615062639117241,0.10287532652757364,0.1070365160703659,0.4537750462628901,0.6945820125192403,0.6654099712148309,0.8889590204507113,0.9458476011827588,0.9459704822301864,1,COMPLIANT_ALIGNMENT,jam,hard,20260921,results/a2po_dual_panda_dynamic_vertical/formal/seed_20260921/checkpoint_best.pt
42000026,no_staged_alignment_recovery,0,1600,12.8,0.04307844480950007,0.043442295147936516,0.043260369978718294,0.04307844480950007,0.0024179192888499285,0.002117003062633607,0.0022674611757417676,0.0024179192888499285,0.1756225610044084,78.32939237439665,0.7537089026476802,26.215961831223666,0.0,46,0.02254812366125407,0.05539184436202049,0.1022289598674979,0.10711012035608292,0.45223724920302627,0.6951511599868536,0.6643646391481162,0.8881157266721129,0.9471757159009576,0.9473606960102916,1,INSERTION,jam,hard,20260921,results/a2po_dual_panda_dynamic_vertical/formal/seed_20260921/checkpoint_best.pt
42000027,no_staged_alignment_recovery,0,1600,12.8,0.0,0.0,0.0,0.0,0.00862905965659861,0.008572064699227909,0.00860056217791326,0.00862905965659861,2.969706561682503,288.55374522090966,15.236764912515646,16.28511947897464,0.0,1497,0.0396081972567481,0.05317195877432823,0.10424789544194937,0.10708807408809662,0.45195014951750634,0.6961710426211357,0.6659668538346887,0.890253122113645,0.9476255351305007,0.9477543070912361,1,COMPLIANT_ALIGNMENT,jam,hard,20260921,results/a2po_dual_panda_dynamic_vertical/formal/seed_20260921/checkpoint_best.pt
42000028,no_staged_alignment_recovery,0,1600,12.8,0.04272366255212433,0.043098415376652016,0.04291103896438817,0.04272366255212433,0.0030136531500308443,0.002840243691019394,0.0029269484205251195,0.0030136531500308443,0.1883317726024642,0.0,0.0,0.0,0.0,4,0.022852055058174302,0.054335642606019974,0.10040773134664051,0.10595054179430008,0.45311361940577627,0.6942710069194437,0.6640597476065159,0.8873537866398692,0.9462652653083206,0.946466851644218,0,INSERTION,lateral_tolerance,hard,20260921,results/a2po_dual_panda_dynamic_vertical/formal/seed_20260921/checkpoint_best.pt
42000029,no_staged_alignment_recovery,1,410,3.2800000000000002,0.0448430429656331,0.04450565071317472,0.04467434683940391,0.04450565071317472,0.0009337452357519666,0.0009661369334527754,0.000949941084602371,0.0009661369334527754,0.2614756482173226,0.0,0.0,0.0,0.0,4,0.034281408823117976,0.05391054227948189,0.09520029145769957,0.10575177520513535,0.4549682221034678,0.6917660697204311,0.6626921194355663,0.8846348019634805,0.9441123702177188,0.9444141126260525,0,SUCCESS,success,hard,20260921,results/a2po_dual_panda_dynamic_vertical/formal/seed_20260921/checkpoint_best.pt
42000030,no_staged_alignment_recovery,0,1600,12.8,0.0,0.0,0.0,0.0,0.010549321242225013,0.010586742500900278,0.010568031871562645,0.010586742500900278,2.492145530765238,255.9201016835976,15.01949148011908,16.106693276267112,0.0,1492,0.04091099676763406,0.05332500487565994,0.10347334544872865,0.10707060247659683,0.4523283895291388,0.6958444356918335,0.6658797097951173,0.890010802783072,0.947248259447515,0.9473765022680163,1,COMPLIANT_ALIGNMENT,jam,hard,20260921,results/a2po_dual_panda_dynamic_vertical/formal/seed_20260921/checkpoint_best.pt
42000031,no_staged_alignment_recovery,0,1600,12.8,0.0,0.0,0.0,0.0,0.02007709834356487,0.019605121828566913,0.019841110086065893,0.02007709834356487,1.8519784554797925,150.39242271749364,15.850990329434124,17.009781708312943,0.0,1491,0.04656355550105218,0.05631302297115326,0.10411437241738895,0.10702637583017349,0.4552408567816019,0.6932704475522041,0.6650828833878041,0.8879537591710687,0.9444443002715707,0.9445524575188756,1,COMPLIANT_ALIGNMENT,jam,hard,20260921,results/a2po_dual_panda_dynamic_vertical/formal/seed_20260921/checkpoint_best.pt
42000032,no_staged_alignment_recovery,0,1600,12.8,0.04288755612176626,0.04304406222517532,0.04296580917347079,0.04288755612176626,0.0029563010039658677,0.0027742738068988857,0.0028652874054323767,0.0029563010039658677,0.08489231689662927,0.0,0.0,0.0,0.0,5,0.0227233971314854,0.05387682840228081,0.10167134355870075,0.10610458254814148,0.4524471327289939,0.6948766117170453,0.6642238552495837,0.8878163085877895,0.9469431668892503,0.9471391594409942,0,INSERTION,lateral_tolerance,hard,20260921,results/a2po_dual_panda_dynamic_vertical/formal/seed_20260921/checkpoint_best.pt
42000033,no_staged_alignment_recovery,0,1600,12.8,0.04296497319246553,0.04329828242311051,0.04313162780778802,0.04296497319246553,0.0023086668207771845,0.0021724259834587497,0.002240546402117967,0.0023086668207771845,0.15988550128141016,111.23002532808981,2.7479683434230027,17.586997397907215,0.0,250,0.022678043329215143,0.053792476654052734,0.1023273164452985,0.10710664093494415,0.45224777268245814,0.6952003806084395,0.6645063579827547,0.8882757532224059,0.9471759247034788,0.9473564309254289,1,INSERTION,jam,hard,20260921,results/a2po_dual_panda_dynamic_vertical/formal/seed_20260921/checkpoint_best.pt
42000034,no_staged_alignment_recovery,0,1600,12.8,0.0,0.0,0.0,0.0,0.010347459009336086,0.010577263805686845,0.010462361407511465,0.010577263805686845,1.4172807410250372,142.85795544200133,15.479289594736175,16.53328661654064,0.0,1498,0.04053987726656487,0.055303554981946945,0.10418822511914186,0.10698903352022171,0.4519446938857436,0.696135067678988,0.6658910443633794,0.8901617491617799,0.9476197834312916,0.9477538919448852,1,COMPLIANT_ALIGNMENT,jam,hard,20260921,results/a2po_dual_panda_dynamic_vertical/formal/seed_20260921/checkpoint_best.pt
42000035,no_staged_alignment_recovery,0,1600,12.8,0.0,0.0,0.0,0.0,0.016507401033632182,0.016212759257161324,0.016360080145396753,0.016507401033632182,1.5559244413355353,299.62090518225244,15.621483345735731,16.741040424097232,0.0,1493,0.04442632772115758,0.05617713928222656,0.10303864464192884,0.10708751529455185,0.45425525879487394,0.6941958669573068,0.6653673676028847,0.8887208165600896,0.945390853881836,0.9455078867077827,1,COMPLIANT_ALIGNMENT,jam,hard,20260921,results/a2po_dual_panda_dynamic_vertical/formal/seed_20260921/checkpoint_best.pt
42000036,no_staged_alignment_recovery,0,1600,12.8,0.0,0.0,0.0,0.0,0.015980784521684777,0.016743926893053127,0.01636235570736895,0.016743926893053127,1.7038163017550982,245.39151335974415,15.647005384400456,16.712422306435734,0.0,1498,0.04414890311250929,0.055873043835163116,0.10292595992359566,0.10708306729793549,0.4525786071829498,0.6955945153534412,0.6657156010344625,0.889741662889719,0.9469942790269852,0.9471274136379361,1,COMPLIANT_ALIGNMENT,jam,hard,20260921,results/a2po_dual_panda_dynamic_vertical/formal/seed_20260921/checkpoint_best.pt
42000037,no_staged_alignment_recovery,0,1600,12.8,0.043028273321431804,0.043302145549453525,0.043165209435442664,0.043028273321431804,0.0018684733734097353,0.0016997226100053464,0.0017840979917075409,0.0018684733734097353,0.1346672424654015,0.0,0.0,0.0,0.0,4,0.024862198988266755,0.05385551601648331,0.10152600727509707,0.10605383664369583,0.45254045456647873,0.6948203113675118,0.6642401194572449,0.8878077051788569,0.94685891777277,0.9470533926784992,0,INSERTION,lateral_tolerance,hard,20260921,results/a2po_dual_panda_dynamic_vertical/formal/seed_20260921/checkpoint_best.pt
42000038,no_staged_alignment_recovery,0,1600,12.8,0.0,0.0,0.0,0.0,0.007615957894096186,0.007651748215803979,0.007633853054950082,0.007651748215803979,1.1443886672579047,241.65570545614509,15.549693611720768,16.664105679004173,0.0,1493,0.038502940886537544,0.05536866560578346,0.10386735561711248,0.10705500096082687,0.45210237020626665,0.6959970797598362,0.6658660325407982,0.8900678059458733,0.9474598557874561,0.9475944172590971,1,COMPLIANT_ALIGNMENT,jam,hard,20260921,results/a2po_dual_panda_dynamic_vertical/formal/seed_20260921/checkpoint_best.pt
42000039,no_staged_alignment_recovery,0,1600,12.8,0.0,0.0,0.0,0.0,0.011000378315629054,0.01062263849297342,0.010811508404301236,0.011000378315629054,1.4666726227914513,459.63548137716504,15.707105861240791,16.78782189578174,0.0,1497,0.040348568382032685,0.055137310177087784,0.10405781474895776,0.10709868371486664,0.45201230952516197,0.6960828895866871,0.6658834023401141,0.8901319869235158,0.9475533877313137,0.9476854847371579,1,COMPLIANT_ALIGNMENT,jam,hard,20260921,results/a2po_dual_panda_dynamic_vertical/formal/seed_20260921/checkpoint_best.pt
42000040,no_staged_alignment_recovery,1,1230,9.84,0.044308360278624975,0.044101184124995,0.04420477220180999,0.044101184124995,0.0009060432233563328,0.0008921211837585065,0.0008990822035574197,0.0009060432233563328,0.11368232024729509,284.0708653163374,10.283813585610284,16.865454280400865,0.0,750,0.035976934192959616,0.05531008914113045,0.10211317349921882,0.10708789527416229,0.45260846653604897,0.6951451721230173,0.6650431122237105,0.8887953733041034,0.9468495033620818,0.9470181264528414,1,SUCCESS,success,hard,20260921,results/a2po_dual_panda_dynamic_vertical/formal/seed_20260921/checkpoint_best.pt
42000041,no_staged_alignment_recovery,0,1600,12.8,0.0,0.0,0.0,0.0,0.0187932243557143,0.018417065501720713,0.018605144928717506,0.0187932243557143,1.7424322010675402,86.6090524287282,15.68855959046462,16.745627314705395,0.0,1499,0.045446586514590305,0.05605672299861908,0.1026772622007411,0.10706721991300583,0.453675197456032,0.6946763363108039,0.6654661053791642,0.8890560442954302,0.9459417532756924,0.9460653582960368,1,COMPLIANT_ALIGNMENT,jam,hard,20260921,results/a2po_dual_panda_dynamic_vertical/formal/seed_20260921/checkpoint_best.pt
42000042,no_staged_alignment_recovery,0,1600,12.8,0.04301283707209756,0.04331113261500277,0.04316198484355017,0.04301283707209756,0.0023382685798106384,0.002024163778311701,0.0021812161790611697,0.0023382685798106384,0.14743553672533194,0.0,0.0,0.0,0.0,4,0.024861323391087355,0.053801439702510834,0.10175135307305026,0.10620636492967606,0.4524460885673761,0.694923376776278,0.664296593926847,0.8879172818735241,0.946957528181374,0.9471497908234596,0,INSERTION,lateral_tolerance,hard,20260921,results/a2po_dual_panda_dynamic_vertical/formal/seed_20260921/checkpoint_best.pt
42000043,no_staged_alignment_recovery,0,1600,12.8,0.04272288353919261,0.04291088484096403,0.04281688419007832,0.04272288353919261,0.003802773951282561,0.003499770345518792,0.003651272148400677,0.003802773951282561,0.13157807428410198,0.0,0.0,0.0,0.0,4,0.021804789490997793,0.0538337305188179,0.1012134494689235,0.10626737028360367,0.4527563815563917,0.6946278754621744,0.6641786243394017,0.8876556013152004,0.9466449509933591,0.9468407903239131,0,INSERTION,lateral_tolerance,hard,20260921,results/a2po_dual_panda_dynamic_vertical/formal/seed_20260921/checkpoint_best.pt
42000044,no_staged_alignment_recovery,0,1600,12.8,0.0,0.0,0.0,0.0,0.010979763930515737,0.011490952024930761,0.01123535797772325,0.011490952024930761,1.5589593484623745,223.53726211952383,15.437629991366066,16.532937072413457,0.0,1494,0.040942122582055165,0.055687204003334045,0.10368726986343972,0.10709462314844131,0.45218323754146694,0.6959206106886268,0.6658264529332518,0.8899962143972516,0.9473783221095801,0.9475139598920941,1,COMPLIANT_ALIGNMENT,jam,hard,20260921,results/a2po_dual_panda_dynamic_vertical/formal/seed_20260921/checkpoint_best.pt
42000045,no_staged_alignment_recovery,0,1600,12.8,0.04276915694402611,0.04314095535790968,0.042955056150967896,0.04276915694402611,0.0031171877433293616,0.002759560448356176,0.0029383740958427687,0.0031171877433293616,0.184334451081001,0.0,0.0,0.0,0.0,5,0.023372085586597677,0.05390303581953049,0.10106245208968176,0.10608309507369995,0.4527679074928164,0.6946071127802134,0.6641884637996555,0.8876499982923269,0.9466208387166262,0.946818717457354,0,INSERTION,lateral_tolerance,hard,20260921,results/a2po_dual_panda_dynamic_vertical/formal/seed_20260921/checkpoint_best.pt
42000046,no_staged_alignment_recovery,0,1600,12.8,0.04278509044303802,0.04312144459335776,0.04295326751819789,0.04278509044303802,0.0030465349751850296,0.003126303114122497,0.0030864190446537633,0.003126303114122497,0.17407185374034262,332.2975323925623,8.252259582582049,16.545883874851224,0.0,798,0.028877328221860808,0.054661378264427185,0.10266861988115124,0.10706676542758942,0.4523150447010994,0.6953939183056355,0.6650204468145966,0.8888938641548156,0.9471573276817798,0.9473216380178928,1,INSERTION,jam,hard,20260921,results/a2po_dual_panda_dynamic_vertical/formal/seed_20260921/checkpoint_best.pt
42000047,no_staged_alignment_recovery,0,1600,12.8,0.04267221418454169,0.04298943985933845,0.04283082702194007,0.04267221418454169,0.0032780632343362174,0.0034820344823208067,0.003380048858328512,0.0034820344823208067,0.17711889629099034,0.0,0.0,0.0,0.0,3,0.021376467763620895,0.054039642214775085,0.09995743468622095,0.1058618351817131,0.4532374431192875,0.6940798384696245,0.6639149530977011,0.8871002737432718,0.9461189402639866,0.9463289181888104,0,INSERTION,lateral_tolerance,hard,20260921,results/a2po_dual_panda_dynamic_vertical/formal/seed_20260921/checkpoint_best.pt
42000048,no_staged_alignment_recovery,0,1600,12.8,0.0,0.0,0.0,0.0,0.011539695746348212,0.011011151028790793,0.011275423387569502,0.011539695746348212,2.372485104021623,132.75521844153343,14.807054500266744,15.910871189003887,0.0,1489,0.041687430712918284,0.05354374274611473,0.10307288554118714,0.10707005113363266,0.4525265534967184,0.6956703010573984,0.6658295088633895,0.8898783246427775,0.9470497189089656,0.9471793744340539,1,COMPLIANT_ALIGNMENT,jam,hard,20260921,results/a2po_dual_panda_dynamic_vertical/formal/seed_20260921/checkpoint_best.pt
42000049,no_staged_alignment_recovery,0,1600,12.8,0.04269415858011333,0.04291721097007917,0.04280568477509625,0.04269415858011333,0.0039375018049865925,0.0035509841120425064,0.0037442429585145495,0.0039375018049865925,0.13776995244327753,118.43115061400168,6.425648511552732,16.37107901032543,0.0,628,0.026161740952229593,0.054492417722940445,0.10273486986057832,0.10709754377603531,0.4522300752066076,0.6954127671569585,0.6649150037020445,0.8887993343174457,0.9472327902168035,0.9473998255655169,1,INSERTION,jam,hard,20260921,results/a2po_dual_panda_dynamic_vertical/formal/seed_20260921/checkpoint_best.pt
42000050,no_staged_alignment_recovery,0,1600,12.8,0.0,0.0,0.0,0.0,0.015438211413565,0.015074753136491332,0.015256482275028165,0.015438211413565,2.56001187913245,435.02174005506214,15.00627412329005,16.114119863935624,0.0,1490,0.04486278964788653,0.05393439903855324,0.10273762161406921,0.10708853602409363,0.4531842865049839,0.6951561909168958,0.6657176094502211,0.8895299216359853,0.9464288639649748,0.9465494855120778,1,COMPLIANT_ALIGNMENT,jam,hard,20260921,results/a2po_dual_panda_dynamic_vertical/formal/seed_20260921/checkpoint_best.pt
42000051,no_staged_alignment_recovery,0,1600,12.8,0.0,0.0,0.0,0.0,0.008787508273648376,0.0086663270556794,0.008726917664663887,0.008787508273648376,2.761302723853629,247.7543681213091,14.996173099741995,16.092472809917634,0.0,1491,0.038479336729797066,0.05462641268968582,0.1043285236041993,0.1070641577243805,0.451895175781101,0.6961963559687138,0.6659525904804469,0.8902486918494106,0.9476731827482581,0.9478047427907587,1,COMPLIANT_ALIGNMENT,jam,hard,20260921,results/a2po_dual_panda_dynamic_vertical/formal/seed_20260921/checkpoint_best.pt
42000052,no_staged_alignment_recovery,0,1600,12.8,0.0,0.0,0.0,0.0,0.014184397217943887,0.014006008962747852,0.01409520309034587,0.014184397217943887,2.461230315239346,167.96223734375354,15.055402949479781,16.123590842816366,0.0,1494,0.04515971208835254,0.053892020136117935,0.1027145842515165,0.10708262771368027,0.45316380593925715,0.6951644600555301,0.6657115789875389,0.8895217007026076,0.9464469842985272,0.9465691454708576,1,COMPLIANT_ALIGNMENT,jam,hard,20260921,results/a2po_dual_panda_dynamic_vertical/formal/seed_20260921/checkpoint_best.pt
42000053,no_staged_alignment_recovery,0,1600,12.8,0.0,0.0,0.0,0.0,0.009745058861841231,0.009997389450743844,0.009871224156292538,0.009997389450743844,2.6322164726739543,207.5689465493046,15.017378597623082,16.104427450534136,0.0,1492,0.03974876968510216,0.05496338754892349,0.10357787577260752,0.10703510046005249,0.45226565934717655,0.69588235180825,0.6658768885955214,0.8900227806344628,0.9473050241917371,0.9474358623847365,1,COMPLIANT_ALIGNMENT,jam,hard,20260921,results/a2po_dual_panda_dynamic_vertical/formal/seed_20260921/checkpoint_best.pt
42000054,no_staged_alignment_recovery,0,1600,12.8,0.0,0.0,0.0,0.0,0.01445302069724241,0.014470386572035232,0.01446170363463882,0.014470386572035232,2.2376696744554367,229.73320454027345,15.089690316659095,16.160310914762082,0.0,1494,0.046044678907783236,0.05400674790143967,0.10328251388302306,0.10705234855413437,0.4535418200865388,0.6948631312325597,0.665647043325007,0.8893138924241066,0.9460944373905659,0.9462101703882217,1,COMPLIANT_ALIGNMENT,jam,hard,20260921,results/a2po_dual_panda_dynamic_vertical/formal/seed_20260921/checkpoint_best.pt
42000055,no_staged_alignment_recovery,0,1600,12.8,0.0,0.0,0.0,0.0,0.020769221282087368,0.02104251897462795,0.020905870128357658,0.02104251897462795,3.136493980649708,322.5765250500746,15.104772263439411,16.154836645389743,0.0,1496,0.04865553813229781,0.05433211103081703,0.10410986282746308,0.10708782821893692,0.4539376899600029,0.6945327394083143,0.6655693980306387,0.889073977060616,0.9457287869602442,0.9458367931470275,1,COMPLIANT_ALIGNMENT,jam,hard,20260921,results/a2po_dual_panda_dynamic_vertical/formal/seed_20260921/checkpoint_best.pt
42000056,no_staged_alignment_recovery,0,1600,12.8,0.04299716731545912,0.0433642303480674,0.04318069883176326,0.04299716731545912,0.0026626798918057467,0.002348790079298372,0.002505734985552059,0.0026626798918057467,0.17744407320565406,109.7563863888054,3.319329757512236,17.076937659226935,0.0,311,0.02256430492241634,0.054572928696870804,0.1023998982924968,0.10710819065570831,0.45224596029147507,0.6952390309423209,0.6645807183533907,0.8883717156946659,0.9471845359355211,0.9473632269725204,1,INSERTION,jam,hard,20260921,results/a2po_dual_panda_dynamic_vertical/formal/seed_20260921/checkpoint_best.pt
42000057,no_staged_alignment_recovery,0,1600,12.8,0.0,0.0,0.0,0.0,0.01917194780946463,0.018497538869080683,0.018834743339272656,0.01917194780946463,1.786573582425154,91.83883136610504,15.708109289231574,16.80011688687869,0.0,1496,0.04586741945880931,0.05615755915641785,0.10294451762398239,0.10705596953630447,0.4542481063306332,0.6941804034262895,0.6653287615254522,0.8886758289113641,0.94539227001369,0.9455115005373955,1,COMPLIANT_ALIGNMENT,jam,hard,20260921,results/a2po_dual_panda_dynamic_vertical/formal/seed_20260921/checkpoint_best.pt
42000058,no_staged_alignment_recovery,0,1600,12.8,0.043204316524052155,0.04343095869232766,0.04331763760818991,0.043204316524052155,0.002237427538002815,0.002047085273690739,0.002142256405846777,0.002237427538002815,0.10977962024475252,0.0,0.0,0.0,0.0,5,0.023985067497123966,0.05339723452925682,0.10217262143734843,0.10562274605035782,0.45223150189965966,0.6951055474951864,0.6643116768822074,0.8880212770029903,0.9471745549887419,0.9473659576848149,0,INSERTION,lateral_tolerance,hard,20260921,results/a2po_dual_panda_dynamic_vertical/formal/seed_20260921/checkpoint_best.pt
42000059,no_staged_alignment_recovery,0,1600,12.8,0.0,0.0,0.0,0.0,0.012068631998596048,0.011658349572191383,0.011863490785393716,0.012068631998596048,1.5503794500137922,97.13349922956985,15.383974687113144,16.497559986180317,0.0,1492,0.04113641074160114,0.05565454438328743,0.10237533818319207,0.10707283020019531,0.452964755166322,0.6952848301455379,0.6656775160133839,0.8895513801276684,0.9466178642585874,0.9467473924532532,1,COMPLIANT_ALIGNMENT,jam,hard,20260921,results/a2po_dual_panda_dynamic_vertical/formal/seed_20260921/checkpoint_best.pt
42000060,no_staged_alignment_recovery,0,1600,12.8,0.04294305002096846,0.043199418385598765,0.04307123420328361,0.04294305002096846,0.0027267482726272153,0.0027085220058390342,0.0027176351392331245,0.0027267482726272153,0.12806613710340908,192.51188975909156,5.418000328941172,16.325424719973395,0.0,531,0.024900301917805335,0.05420457199215889,0.10278088309336454,0.10711450129747391,0.4521335075981915,0.6954128382727504,0.6647747458517551,0.8886469092965126,0.9473143998906016,0.9474872396513819,1,INSERTION,jam,hard,20260921,results/a2po_dual_panda_dynamic_vertical/formal/seed_20260921/checkpoint_best.pt
42000061,no_staged_alignment_recovery,0,1600,12.8,0.0,0.0,0.0,0.0,0.010649002733322428,0.01072772505325544,0.010688363893288935,0.01072772505325544,2.364306844899092,283.2001893248573,14.900069460737669,16.02158006530932,0.0,1488,0.04110041076783091,0.053472038358449936,0.10254244164883858,0.10705862194299698,0.4529327974282205,0.695342807173729,0.6657556958124041,0.8896497185528278,0.9466591758653522,0.9467844535410405,1,COMPLIANT_ALIGNMENT,jam,hard,20260921,results/a2po_dual_panda_dynamic_vertical/formal/seed_20260921/checkpoint_best.pt
42000062,no_staged_alignment_recovery,0,1600,12.8,0.0,0.0,0.0,0.0,0.011303241315598464,0.012008313233854588,0.011655777274726525,0.012008313233854588,1.4493717160847395,286.7039007039813,15.780580232616645,16.87762591723705,0.0,1496,0.04102267535374267,0.055393289774656296,0.10417435372364707,0.10706716030836105,0.4519583310745656,0.6961338561400772,0.6658971991762519,0.8901728956401348,0.9476088923960924,0.9477413641661405,1,COMPLIANT_ALIGNMENT,jam,hard,20260921,results/a2po_dual_panda_dynamic_vertical/formal/seed_20260921/checkpoint_best.pt
42000063,no_staged_alignment_recovery,0,1600,12.8,0.0428804476540918,0.043110661180122384,0.04299555441710709,0.0428804476540918,0.0033907240476796453,0.0029446351331845148,0.00316767959043208,0.0033907240476796453,0.118041966593109,0.0,0.0,0.0,0.0,4,0.023197357041353825,0.05388098955154419,0.10174700107425451,0.10613822191953659,0.45243606505915523,0.694915595650673,0.664282255768776,0.8878978432714939,0.9469590179994702,0.9471535506844521,0,INSERTION,lateral_tolerance,hard,20260921,results/a2po_dual_panda_dynamic_vertical/formal/seed_20260921/checkpoint_best.pt
42000064,no_staged_alignment_recovery,0,1600,12.8,0.0,0.0,0.0,0.0,0.020195621278396393,0.01994623608162046,0.020070928680008426,0.020195621278396393,1.7234254401689117,466.5770782683426,15.937516327801854,17.011358321869892,0.0,1499,0.04659323101135669,0.056134890764951706,0.10283659341017483,0.10704557597637177,0.45383361287415025,0.6945322640612721,0.6654003326967358,0.8889232306182384,0.9457903721183538,0.9459128794819116,1,COMPLIANT_ALIGNMENT,jam,hard,20260921,results/a2po_dual_panda_dynamic_vertical/formal/seed_20260921/checkpoint_best.pt
42000065,no_staged_alignment_recovery,0,1600,12.8,0.0,0.0,0.0,0.0,0.013198244860895575,0.013255869847694673,0.013227057354295125,0.013255869847694673,2.662427353877115,197.92937537020364,15.137496846838866,16.168220931203063,0.0,1498,0.043517457416746765,0.05341668799519539,0.10371906947926618,0.1070796400308609,0.45220673037692904,0.6959485433995724,0.6659021752327681,0.890082597322762,0.9473702631518245,0.9474996161833406,1,COMPLIANT_ALIGNMENT,jam,hard,20260921,results/a2po_dual_panda_dynamic_vertical/formal/seed_20260921/checkpoint_best.pt
42000066,no_staged_alignment_recovery,1,1374,10.992,0.043532961589998725,0.04355866682216539,0.043545814206082056,0.043532961589998725,0.0008405679055851521,0.0009095637134622012,0.0008750658095236766,0.0009095637134622012,0.0841373595205859,0.0,0.0,0.0,0.0,4,0.026611886659279205,0.05396884307265282,0.10103025080485668,0.10563351958990097,0.45275035392075474,0.6945894216953233,0.6641552343292181,0.8876028792740129,0.9466287618207445,0.9468305610673396,0,SUCCESS,success,hard,20260921,results/a2po_dual_panda_dynamic_vertical/formal/seed_20260921/checkpoint_best.pt
42000067,no_staged_alignment_recovery,0,1600,12.8,0.0,0.0,0.0,0.0,0.01094144358728914,0.010762393980141338,0.010851918783715239,0.01094144358728914,1.4199417010794222,409.04761260029903,15.633523342228825,16.753943300446164,0.0,1493,0.04090339869435411,0.05582328140735626,0.10226231688109692,0.10709363222122192,0.4531967950612307,0.695096570327878,0.6656379454955459,0.889419861920178,0.9463956627994776,0.9465243498980999,1,COMPLIANT_ALIGNMENT,jam,hard,20260921,results/a2po_dual_panda_dynamic_vertical/formal/seed_20260921/checkpoint_best.pt
42000068,no_staged_alignment_recovery,0,1600,12.8,0.04308930408866629,0.043383941878283205,0.04323662298347475,0.04308930408866629,0.0018879691790405244,0.0018800377143273028,0.0018840034466839136,0.0018879691790405244,0.14091064875799036,0.0,0.0,0.0,0.0,5,0.02415944752807263,0.05333323776721954,0.10144557305829949,0.10572801530361176,0.45256103679537774,0.6947790549695492,0.664195639975369,0.8877384005114436,0.9468332341685891,0.9470302905514836,0,INSERTION,lateral_tolerance,hard,20260921,results/a2po_dual_panda_dynamic_vertical/formal/seed_20260921/checkpoint_best.pt
42000069,no_staged_alignment_recovery,0,1600,12.8,0.0,0.0,0.0,0.0,0.018634407332567774,0.018412589302145118,0.018523498317356446,0.018634407332567774,1.9157438961908946,49.32510132989645,15.459857893081093,16.567831633576525,0.0,1493,0.045177124329202345,0.056193720549345016,0.10321791902228142,0.1068800538778305,0.454425486959517,0.6940408638492227,0.6653173758089542,0.8885946564376355,0.9452280816063285,0.9453435563668608,1,COMPLIANT_ALIGNMENT,jam,hard,20260921,results/a2po_dual_panda_dynamic_vertical/formal/seed_20260921/checkpoint_best.pt
42000070,no_staged_alignment_recovery,0,1600,12.8,0.0,0.0,0.0,0.0,0.012559585881467845,0.013347076559130958,0.012953331220299402,0.013347076559130958,1.5260456327705139,121.93083534539014,15.384013871471955,16.519746439164518,0.0,1490,0.04208950186293805,0.05605016276240349,0.1023810173687525,0.10708539187908173,0.45364684084430335,0.6947279798611998,0.6655442711338401,0.8891547843441368,0.9459685168787837,0.9460926650837064,1,COMPLIANT_ALIGNMENT,jam,hard,20260921,results/a2po_dual_panda_dynamic_vertical/formal/seed_20260921/checkpoint_best.pt
42000071,no_staged_alignment_recovery,0,1600,12.8,0.0,0.0,0.0,0.0,0.017304001706688422,0.016731438723069578,0.017017720214879,0.017304001706688422,2.70421616126424,541.4106382095508,15.267004933012904,16.328347521938934,0.0,1496,0.04720339100051205,0.05407211184501648,0.10331149617864867,0.10707733035087585,0.4534174316190183,0.6949776292964817,0.6656790976971387,0.8894060990586877,0.9462173934653402,0.9463333669677376,1,COMPLIANT_ALIGNMENT,jam,hard,20260921,results/a2po_dual_panda_dynamic_vertical/formal/seed_20260921/checkpoint_best.pt
42000072,no_staged_alignment_recovery,0,1600,12.8,0.0,0.0,0.0,0.0,0.017371656222021366,0.01702864588704655,0.017200151054533958,0.017371656222021366,1.614928136005141,276.7315607736885,15.681278163127958,16.77142049532402,0.0,1496,0.04479943596496014,0.05607600882649422,0.1022665267335833,0.10706931352615356,0.4535280508361757,0.6947944829612971,0.6654925005882979,0.8891386195272207,0.9460771169513464,0.9462038765847683,1,COMPLIANT_ALIGNMENT,jam,hard,20260921,results/a2po_dual_panda_dynamic_vertical/formal/seed_20260921/checkpoint_best.pt
42000073,no_staged_alignment_recovery,0,1600,12.8,0.0,0.0,0.0,0.0,0.010473462327503262,0.010442633519433671,0.010458047923468466,0.010473462327503262,1.4573476497537792,98.91319723828173,15.355219240938887,16.455693761220505,0.0,1493,0.04043967650795821,0.05560814589262009,0.10360907242516987,0.10707274079322815,0.45222101736813786,0.6958873624354601,0.6658186063542962,0.8899717286601663,0.9473401510715485,0.9474754480272531,1,COMPLIANT_ALIGNMENT,jam,hard,20260921,results/a2po_dual_panda_dynamic_vertical/formal/seed_20260921/checkpoint_best.pt
42000074,no_staged_alignment_recovery,0,1600,12.8,0.0,0.0,0.0,0.0,0.012140341803453407,0.011749577255684885,0.011944959529569147,0.012140341803453407,1.4086458254089969,39.77067563720984,15.316634618668916,16.42534543556988,0.0,1492,0.04144972954352852,0.05575066804885864,0.10242377027636394,0.10696719586849213,0.45287891229614613,0.6953437773883343,0.6656783309951425,0.8895787300914526,0.9466975649446249,0.9468294005095959,1,COMPLIANT_ALIGNMENT,jam,hard,20260921,results/a2po_dual_panda_dynamic_vertical/formal/seed_20260921/checkpoint_best.pt
42000075,no_staged_alignment_recovery,0,1600,12.8,0.0,0.0,0.0,0.0,0.009180363348564473,0.00969778150114536,0.009439072424854917,0.00969778150114536,1.6582673553322544,463.3907425752865,16.09796974816442,17.263238335833158,0.0,1492,0.039914828135224525,0.05538219213485718,0.10407185224466957,0.10708922147750854,0.452005463950336,0.6960854465141892,0.665890122242272,0.8901381114125252,0.9475584818422794,0.9476916547864676,1,COMPLIANT_ALIGNMENT,jam,hard,20260921,results/a2po_dual_panda_dynamic_vertical/formal/seed_20260921/checkpoint_best.pt
42000076,no_staged_alignment_recovery,0,1600,12.8,0.0,0.0,0.0,0.0,0.01249952776086265,0.011939729127435843,0.012219628444149247,0.01249952776086265,2.5518665624734505,476.9168847780639,15.427940993645233,16.489449291805194,0.0,1497,0.043172431927814614,0.05355983227491379,0.10354119479306974,0.10707146674394608,0.4522983432561159,0.6958754992485047,0.665887915045023,0.8900353332981468,0.9472800279781223,0.9474094331637025,1,COMPLIANT_ALIGNMENT,jam,hard,20260921,results/a2po_dual_panda_dynamic_vertical/formal/seed_20260921/checkpoint_best.pt
42000077,no_staged_alignment_recovery,0,1600,12.8,0.0,0.0,0.0,0.0,0.018480473217922233,0.01812608364963741,0.018303278433779824,0.018480473217922233,2.5713573884118794,43.03193716928593,15.042843652875922,16.088602837300453,0.0,1496,0.048754490490537136,0.05484777316451073,0.10444026857090648,0.10705563426017761,0.4541374789737165,0.6943522135168314,0.6655252296477556,0.8889342539384961,0.9455398550257087,0.9456453927233816,1,COMPLIANT_ALIGNMENT,jam,hard,20260921,results/a2po_dual_panda_dynamic_vertical/formal/seed_20260921/checkpoint_best.pt
42000078,no_staged_alignment_recovery,0,1600,12.8,0.0,0.0,0.0,0.0,0.008636550956885503,0.00824018099225682,0.008438365974571161,0.008636550956885503,1.668526385886805,119.92408154484365,15.497014016039211,16.55221790765203,0.0,1498,0.039181820031662935,0.05470232293009758,0.10444940488319844,0.10710670053958893,0.45182435294613243,0.6962468186765909,0.6659353678300977,0.8902570410445333,0.9477425067126751,0.947874864526093,1,COMPLIANT_ALIGNMENT,jam,hard,20260921,results/a2po_dual_panda_dynamic_vertical/formal/seed_20260921/checkpoint_best.pt
42000079,no_staged_alignment_recovery,0,1600,12.8,0.042688339541176235,0.042858387441941065,0.04277336349155865,0.042688339541176235,0.00400092760115649,0.0038108927161965745,0.0039059101586765323,0.00400092760115649,0.1446960582679211,41.0905750137301,0.02653420849355817,3.8595212354266426,0.0,11,0.02111763081891695,0.0556514672935009,0.10102787183917826,0.10616057366132736,0.4528118476457894,0.6945503681153059,0.6641242725774645,0.8875593093782663,0.946581085510552,0.9467797711864114,0,INSERTION,lateral_tolerance,hard,20260921,results/a2po_dual_panda_dynamic_vertical/formal/seed_20260921/checkpoint_best.pt
42000080,no_staged_alignment_recovery,0,1600,12.8,0.0,0.0,0.0,0.0,0.007267714710665206,0.006900804872874901,0.007084259791770053,0.007267714710665206,1.203647092608936,232.28983192910113,15.437742966284041,16.52199916124044,0.0,1495,0.038277147111366504,0.05490800365805626,0.10441581964143552,0.10707118362188339,0.45183827402070165,0.696230047494173,0.6659292301535606,0.8902416480332613,0.9477275383844972,0.9478603970631957,1,COMPLIANT_ALIGNMENT,jam,hard,20260921,results/a2po_dual_panda_dynamic_vertical/formal/seed_20260921/checkpoint_best.pt
42000081,no_staged_alignment_recovery,1,1457,11.656,0.04126634029683213,0.041552009587796174,0.04140917494231415,0.04126634029683213,0.0003927218614152754,0.0003247545843648958,0.00035873822289008556,0.0003927218614152754,0.24519054325774076,143.51990791094457,12.792069432520098,16.523089683671788,0.0,1128,0.03638851945208579,0.054817330092191696,0.10382747065401192,0.10709115117788315,0.45193678392231584,0.6959220790748492,0.6655205225977247,0.8896560173535396,0.94757878682183,0.9477287870445068,1,SUCCESS,success,hard,20260921,results/a2po_dual_panda_dynamic_vertical/formal/seed_20260921/checkpoint_best.pt
42000082,no_staged_alignment_recovery,0,1600,12.8,0.04256609338423471,0.042893515004169436,0.042729804194202074,0.04256609338423471,0.0036077472063821853,0.003347858730505913,0.0034778029684440492,0.0036077472063821853,0.17866255514632975,133.4613526534357,0.08341334540839732,26.692270530687143,0.0,5,0.021759860558377114,0.055813368409872055,0.10070108054263983,0.1061655655503273,0.4529066601768136,0.6944433161988854,0.6640942917764187,0.8874710834398866,0.9464682623744011,0.9466692720726132,0,INSERTION,lateral_tolerance,hard,20260921,results/a2po_dual_panda_dynamic_vertical/formal/seed_20260921/checkpoint_best.pt
42000083,no_staged_alignment_recovery,0,1600,12.8,0.0,0.0,0.0,0.0,0.009926390608081927,0.01025813012944167,0.010092260368761798,0.01025813012944167,1.5164407092044554,86.11898484202814,15.409961497159616,16.470232729095112,0.0,1497,0.040176074245537166,0.05525534972548485,0.1046988544985652,0.10708722472190857,0.4517023879289627,0.6963532453030348,0.6659521760046482,0.8903288932144642,0.9478682646155357,0.9480000463873148,1,COMPLIANT_ALIGNMENT,jam,hard,20260921,results/a2po_dual_panda_dynamic_vertical/formal/seed_20260921/checkpoint_best.pt
42000084,no_staged_alignment_recovery,0,1600,12.8,0.04264545977630965,0.04283581813334619,0.04274063895482792,0.04264545977630965,0.003482636310271571,0.003563467743968113,0.003523052027119842,0.003563467743968113,0.13328535055104143,23.107982681515395,0.014442489175947123,4.621596536303079,0.0,5,0.020995189036184456,0.05405672639608383,0.10107237104792148,0.10615338385105133,0.45266937021166087,0.6945902734622359,0.664055598936975,0.8874918114021421,0.9466932908818125,0.9468982537835836,0,INSERTION,lateral_tolerance,hard,20260921,results/a2po_dual_panda_dynamic_vertical/formal/seed_20260921/checkpoint_best.pt
42000085,no_staged_alignment_recovery,1,1414,11.312,0.04344057111703195,0.043488432026935336,0.043464501571983644,0.04344057111703195,0.0007363199964097458,0.0009160641501623612,0.0008261920732860536,0.0009160641501623612,0.06219151190271458,0.0,0.0,0.0,0.0,5,0.025933383868169433,0.05294615030288696,0.10181526513045715,0.10591135174036026,0.4523831086794423,0.6949396393508183,0.6642456950021768,0.887867855975112,0.9470124885840329,0.9472076801801841,0,SUCCESS,success,hard,20260921,results/a2po_dual_panda_dynamic_vertical/formal/seed_20260921/checkpoint_best.pt
42000086,no_staged_alignment_recovery,1,1554,12.432,0.0431957695163281,0.04339289946029587,0.043294334488311985,0.0431957695163281,0.0005781173287862115,0.0009567947681741984,0.000767456048480205,0.0009567947681741984,0.09706431784985801,179.90462237850642,3.500685657704296,17.10712425180024,0.0,318,0.02590128415242614,0.054499316960573196,0.10228055270755498,0.10709571093320847,0.45226893154964176,0.695174969147838,0.6645060902319974,0.8882608141754892,0.9471514746259078,0.9473328459600378,1,SUCCESS,success,hard,20260921,results/a2po_dual_panda_dynamic_vertical/formal/seed_20260921/checkpoint_best.pt
42000087,no_staged_alignment_recovery,0,1600,12.8,0.0,0.0,0.0,0.0,0.014247540765763041,0.014837340105888351,0.014542440435825695,0.014837340105888351,1.5384957810235904,192.32311476357535,15.604623035769905,16.65603526166234,0.0,1499,0.04331621001882013,0.0557883158326149,0.10315929022573983,0.10705563426017761,0.45244550954550505,0.695702468007803,0.665750476308167,0.8898225730285049,0.947122389934957,0.94725705627352,1,COMPLIANT_ALIGNMENT,jam,hard,20260921,results/a2po_dual_panda_dynamic_vertical/formal/seed_20260921/checkpoint_best.pt
42000088,no_staged_alignment_recovery,0,1600,12.8,0.0,0.0,0.0,0.0,0.01779425293317119,0.017692479633784494,0.017743366283477842,0.01779425293317119,2.711694983897556,152.08798973597507,14.769693778405456,15.870725349529032,0.0,1489,0.04652535277797142,0.054114099591970444,0.10350413123931503,0.10705504566431046,0.45382787168025973,0.6946226081252098,0.6655894495546818,0.8891428405791522,0.9458222685009241,0.9459347601607442,1,COMPLIANT_ALIGNMENT,jam,hard,20260921,results/a2po_dual_panda_dynamic_vertical/formal/seed_20260921/checkpoint_best.pt
42000089,no_staged_alignment_recovery,0,1600,12.8,0.0,0.0,0.0,0.0,0.015381806636010957,0.015222819404022496,0.015302313020016726,0.015381806636010957,1.6638706242650534,126.32981002574087,15.410525192744077,16.514963367977575,0.0,1493,0.0437086207489483,0.056091248989105225,0.10272441540349973,0.10708007216453552,0.4540921906195581,0.6943370969966054,0.665416162237525,0.8888367566093802,0.9455421831831337,0.9456621453538537,1,COMPLIANT_ALIGNMENT,jam,hard,20260921,results/a2po_dual_panda_dynamic_vertical/formal/seed_20260921/checkpoint_best.pt
42000090,no_staged_alignment_recovery,0,1600,12.8,0.0,0.0,0.0,0.0,0.01948371481267245,0.01851032928887878,0.018997022050775615,0.01948371481267245,1.4104452415407238,88.15189690501961,15.550732810730755,16.698773488033027,0.0,1490,0.04642995889851591,0.05633587762713432,0.1041462690338085,0.10702966153621674,0.4554482323303819,0.6930718660354614,0.6650149879977107,0.887782488912344,0.9442404090613127,0.9443476484715938,1,COMPLIANT_ALIGNMENT,jam,hard,20260921,results/a2po_dual_panda_dynamic_vertical/formal/seed_20260921/checkpoint_best.pt
42000091,no_staged_alignment_recovery,0,1600,12.8,0.0,0.0,0.0,0.0,0.01172542588968759,0.012012111815249717,0.011868768852468653,0.012012111815249717,2.3536997191428375,331.77674812124263,15.046402257103951,16.157210477427057,0.0,1490,0.043287576652946885,0.053743574768304825,0.10254768291735672,0.10709012299776077,0.4529817993193865,0.6953035065159202,0.6657399147376418,0.8896153501793742,0.9466153543069958,0.9467395114153624,1,COMPLIANT_ALIGNMENT,jam,hard,20260921,results/a2po_dual_panda_dynamic_vertical/formal/seed_20260921/checkpoint_best.pt
42000092,no_staged_alignment_recovery,0,1600,12.8,0.04329496123885787,0.04364880891004666,0.043471885074452266,0.04329496123885787,0.0014982725756718764,0.0013379266382181584,0.0014180996069450174,0.0014982725756718764,0.17780298866974073,0.0,0.0,0.0,0.0,5,0.0257297171416576,0.054062750190496445,0.10147035850095562,0.10542042553424835,0.4525617289543152,0.6947947171702981,0.6642353123053908,0.8877881599590183,0.9468315534293652,0.9470284226164222,0,INSERTION,lateral_tolerance,hard,20260921,results/a2po_dual_panda_dynamic_vertical/formal/seed_20260921/checkpoint_best.pt
42000093,no_staged_alignment_recovery,0,1600,12.8,0.0,0.0,0.0,0.0,0.02035687314702538,0.020071719604334917,0.020214296375680146,0.02035687314702538,2.980173410302099,47.07218764798951,15.27455408755407,16.325508710812635,0.0,1497,0.04922217362211086,0.05456080660223961,0.10429791611619293,0.10706236213445663,0.45405020367354154,0.6944293814525008,0.6655402646213769,0.8889904082939029,0.9456219466775656,0.9457289460673928,1,COMPLIANT_ALIGNMENT,jam,hard,20260921,results/a2po_dual_panda_dynamic_vertical/formal/seed_20260921/checkpoint_best.pt
42000094,no_staged_alignment_recovery,0,1600,12.8,0.0,0.0,0.0,0.0,0.014717655004600387,0.01483231585185404,0.014774985428227215,0.01483231585185404,2.5390683708951785,239.1076798119127,15.088326527580284,16.148041768647797,0.0,1495,0.04531451476621442,0.053871139883995056,0.10343495979148429,0.10705734044313431,0.4533908526599407,0.6950155048817396,0.6657111435383558,0.8894579819217324,0.9462472750991583,0.946361229903996,1,COMPLIANT_ALIGNMENT,jam,hard,20260921,results/a2po_dual_panda_dynamic_vertical/formal/seed_20260921/checkpoint_best.pt
42000095,no_staged_alignment_recovery,0,1600,12.8,0.04267896467027646,0.04291560022024096,0.04279728244525871,0.04267896467027646,0.004362839865293185,0.0037883527843873,0.004075596324840242,0.004362839865293185,0.15298344424747726,596.5879957374129,1.586668393742993,14.262187808925784,0.0,178,0.019869608791195786,0.054267410188913345,0.10221547213848681,0.107114277780056,0.45226113526150585,0.6951400259137154,0.6644157001376152,0.8881552342697978,0.9471507436037063,0.9473358118161559,1,INSERTION,jam,hard,20260921,results/a2po_dual_panda_dynamic_vertical/formal/seed_20260921/checkpoint_best.pt
42000096,no_staged_alignment_recovery,0,1600,12.8,0.0,0.0,0.0,0.0,0.009171520751711439,0.00876133037417259,0.008966425562942014,0.009171520751711439,2.618312363254835,315.8380534050954,14.9161139197579,16.01730353799506,0.0,1490,0.03913641545339488,0.05315394699573517,0.10404331746394746,0.10707151144742966,0.4520349608361721,0.6960766744241118,0.6659239344671368,0.8901624016463756,0.9475337975472212,0.9476640729233623,1,COMPLIANT_ALIGNMENT,jam,hard,20260921,results/a2po_dual_panda_dynamic_vertical/formal/seed_20260921/checkpoint_best.pt
42000097,no_staged_alignment_recovery,0,1600,12.8,0.0,0.0,0.0,0.0,0.014127699913421003,0.013909286747078883,0.014018493330249942,0.014127699913421003,1.654226668962505,47.02353697238032,15.344236799123136,16.443924232148035,0.0,1493,0.042671567700163,0.05594760552048683,0.10213436157006071,0.10694621503353119,0.4533963172324002,0.6949158695340156,0.6655634794011712,0.8892619085684419,0.9462015130370856,0.9463296975195408,1,COMPLIANT_ALIGNMENT,jam,hard,20260921,results/a2po_dual_panda_dynamic_vertical/formal/seed_20260921/checkpoint_best.pt
42000098,no_staged_alignment_recovery,0,1600,12.8,0.0,0.0,0.0,0.0,0.011418537560437758,0.011255042538165148,0.011336790049301453,0.011418537560437758,1.388482856301324,182.04889444853112,15.677231973363643,16.83461151502136,0.0,1490,0.04107150232885033,0.05580844730138779,0.10264146018671454,0.10697092115879059,0.45271652065217494,0.6954680382460355,0.6657033615931869,0.8896606579422951,0.9468516342714429,0.9469857158511877,1,COMPLIANT_ALIGNMENT,jam,hard,20260921,results/a2po_dual_panda_dynamic_vertical/formal/seed_20260921/checkpoint_best.pt
42000099,no_staged_alignment_recovery,0,1600,12.8,0.042792489039536225,0.04291098525412701,0.04285173714683162,0.042792489039536225,0.003085503862076133,0.0031777700356322453,0.003131636948854189,0.0031777700356322453,0.08805012340219708,229.71071066630552,0.9938099941327869,28.394571260936768,0.0,56,0.02168938634247752,0.054896749556064606,0.10107375281397253,0.10709021985530853,0.45272053314372895,0.694621777869761,0.6641287123411894,0.8876046136394143,0.9466577232256532,0.9468540710955858,1,INSERTION,jam,hard,20260921,results/a2po_dual_panda_dynamic_vertical/formal/seed_20260921/checkpoint_best.pt
42000100,no_staged_alignment_recovery,0,1600,12.8,0.0,0.0,0.0,0.0,0.008901466019210881,0.008923044718589051,0.008912255368899967,0.008923044718589051,1.670376988232592,278.8894267805286,15.30678180581099,16.381840059730823,0.0,1495,0.041892430132138544,0.05522913485765457,0.10330344422618509,0.10706592351198196,0.45240448663011196,0.6957682973146438,0.665846864618361,0.8899374908953905,0.947169859111309,0.9473005510866642,1,COMPLIANT_ALIGNMENT,jam,hard,20260921,results/a2po_dual_panda_dynamic_vertical/formal/seed_20260921/checkpoint_best.pt
42000101,no_staged_alignment_recovery,0,1600,12.8,0.0,0.0,0.0,0.0,0.02258445254969787,0.02255491647967949,0.02256968451468868,0.02258445254969787,2.1551769959868023,234.77939074141028,15.725695198676929,16.818925346178535,0.0,1496,0.047257823270047086,0.05626258626580238,0.10340231914044125,0.10708145797252655,0.45453199772164227,0.6939158041030169,0.6652298825234175,0.888446532972157,0.945123789049685,0.9452397296950221,1,COMPLIANT_ALIGNMENT,jam,hard,20260921,results/a2po_dual_panda_dynamic_vertical/formal/seed_20260921/checkpoint_best.pt
42000102,no_staged_alignment_recovery,0,1600,12.8,0.0,0.0,0.0,0.0,0.009909616022857833,0.009643033050149744,0.009776324536503789,0.009909616022857833,1.487000632974781,496.01187142064214,15.687412894187169,16.744403356037008,0.0,1499,0.03986580176308053,0.054927024990320206,0.10475898887263611,0.10709604620933533,0.45167528310790656,0.6963803282752633,0.6659621244668961,0.8903514612093568,0.9478965770453215,0.948027560710907,1,COMPLIANT_ALIGNMENT,jam,hard,20260921,results/a2po_dual_panda_dynamic_vertical/formal/seed_20260921/checkpoint_best.pt
42000103,no_staged_alignment_recovery,0,1600,12.8,0.042889322240010685,0.04323878768532176,0.04306405496266622,0.042889322240010685,0.002863280598140279,0.002671457630008275,0.002767369114074277,0.002863280598140279,0.1731647905616123,143.0151210460976,5.150088767552852,17.060335461872803,0.0,483,0.025188918313360772,0.05481140688061714,0.10246122888987884,0.10711018741130829,0.45228698203340173,0.6952795783802866,0.6647330412268638,0.8885482117533684,0.9471569589152932,0.9473313092440366,1,INSERTION,jam,hard,20260921,results/a2po_dual_panda_dynamic_vertical/formal/seed_20260921/checkpoint_best.pt
42000104,no_staged_alignment_recovery,0,1600,12.8,0.0,0.0,0.0,0.0,0.011934236049294233,0.012319500452905504,0.012126868251099869,0.012319500452905504,2.5421932982809694,319.1716727310621,15.23210555984288,16.30191899381178,0.0,1495,0.04245343902206514,0.05353452265262604,0.10290073066978948,0.10708300024271011,0.4527051127329469,0.6955483563244342,0.6658161868900061,0.8898098636418581,0.9468885553255677,0.9470129857584834,1,COMPLIANT_ALIGNMENT,jam,hard,20260921,results/a2po_dual_panda_dynamic_vertical/formal/seed_20260921/checkpoint_best.pt
42000105,no_staged_alignment_recovery,0,1600,12.8,0.04320013087304403,0.043482937309822,0.043341534091433015,0.04320013087304403,0.002206876826419532,0.0019273553290937591,0.0020671160777566457,0.002206876826419532,0.1408895737426507,0.0,0.0,0.0,0.0,5,0.025389292906038464,0.05407215282320976,0.10167225599550875,0.10569045692682266,0.4524948888272047,0.6948893916606903,0.6642948758602142,0.8879012310504913,0.9469119894877076,0.9471051326021552,0,INSERTION,lateral_tolerance,hard,20260921,results/a2po_dual_panda_dynamic_vertical/formal/seed_20260921/checkpoint_best.pt
42000106,no_staged_alignment_recovery,0,1600,12.8,0.0,0.0,0.0,0.0,0.015282695324250735,0.015375161757946487,0.01532892854109861,0.015375161757946487,1.4604898902208245,261.33270723612253,15.627028124581221,16.746982584949734,0.0,1493,0.043896233094565106,0.05616316944360733,0.1031198874511756,0.10703741014003754,0.4540974359959364,0.6943446094542742,0.6654260501638055,0.8888517398387193,0.9455470271036028,0.9456640418618918,1,COMPLIANT_ALIGNMENT,jam,hard,20260921,results/a2po_dual_panda_dynamic_vertical/formal/seed_20260921/checkpoint_best.pt
42000107,no_staged_alignment_recovery,0,1600,12.8,0.0,0.0,0.0,0.0,0.012182603394225786,0.011662776022661468,0.011922689708443627,0.012182603394225786,1.4188148719487015,375.72658643121997,15.761673529499408,16.868680700467593,0.0,1495,0.041564616588002534,0.055742792785167694,0.10229869501548819,0.1070440262556076,0.45305131347849964,0.6952003892511129,0.66564283054322,0.8894723613560199,0.9465308616310358,0.946662273183465,1,COMPLIANT_ALIGNMENT,jam,hard,20260921,results/a2po_dual_panda_dynamic_vertical/formal/seed_20260921/checkpoint_best.pt
42000108,no_staged_alignment_recovery,0,1600,12.8,0.0,0.0,0.0,0.0,0.017664847063221075,0.017270894196456003,0.01746787062983854,0.017664847063221075,1.715287541627373,41.16460037212435,15.508075386004203,16.630643845580913,0.0,1492,0.04491473011788912,0.056199051439762115,0.10328087480942486,0.10690314322710037,0.4544667713344097,0.6940086338669061,0.6653121896833182,0.8885740533843637,0.9451901200786232,0.9453041945397854,1,COMPLIANT_ALIGNMENT,jam,hard,20260921,results/a2po_dual_panda_dynamic_vertical/formal/seed_20260921/checkpoint_best.pt
42000109,no_staged_alignment_recovery,1,305,2.44,0.03839950416239214,0.0379911390158711,0.03819532158913162,0.0379911390158711,0.0007666685602035146,0.00083524316448426,0.0008009558623438874,0.00083524316448426,0.5727703247845902,0.0,0.0,0.0,0.0,5,0.03616590101852036,0.05345318093895912,0.09279918019033846,0.10564357042312622,0.455877840812089,0.6906043283274916,0.6620562025758087,0.8833750328079599,0.943095265841875,0.9434387455221083,0,SUCCESS,success,hard,20260921,results/a2po_dual_panda_dynamic_vertical/formal/seed_20260921/checkpoint_best.pt
42000110,no_staged_alignment_recovery,0,1600,12.8,0.0,0.0,0.0,0.0,0.014232941934351323,0.014717226008043304,0.014475083971197313,0.014717226008043304,1.5696994106415025,127.91194323223867,15.492656467289653,16.591867702585972,0.0,1494,0.04317627890734002,0.055980220437049866,0.10234157988801598,0.1070878878235817,0.45305925792083146,0.6951992758363486,0.6656315642222762,0.8894676657766104,0.9465280084684491,0.9466583251953125,1,COMPLIANT_ALIGNMENT,jam,hard,20260921,results/a2po_dual_panda_dynamic_vertical/formal/seed_20260921/checkpoint_best.pt
42000111,no_staged_alignment_recovery,0,1600,12.8,0.0,0.0,0.0,0.0,0.008578237631497315,0.008585745250769768,0.008581991441133542,0.008585745250769768,1.761803802446295,196.48950981128615,15.77863162653263,16.920784586093976,0.0,1492,0.03906920392095344,0.055340707302093506,0.10425112329772673,0.10702799260616302,0.4519136431999505,0.6961570535600186,0.665903247743845,0.8901814192533493,0.9476500891894102,0.9477842383831739,1,COMPLIANT_ALIGNMENT,jam,hard,20260921,results/a2po_dual_panda_dynamic_vertical/formal/seed_20260921/checkpoint_best.pt
42000112,no_staged_alignment_recovery,0,1600,12.8,0.0,0.0,0.0,0.0,0.012462510930578253,0.01235081432953516,0.012406662630056707,0.012462510930578253,2.514438899335483,483.28326131478434,15.185584376144105,16.263008702697835,0.0,1494,0.04266952294798102,0.05356442555785179,0.10307679146004375,0.10708723962306976,0.4525543554499745,0.695670566894114,0.6658449202403426,0.8898975097760559,0.9470327022299171,0.9471588712185621,1,COMPLIANT_ALIGNMENT,jam,hard,20260921,results/a2po_dual_panda_dynamic_vertical/formal/seed_20260921/checkpoint_best.pt
42000113,no_staged_alignment_recovery,1,346,2.7680000000000002,0.042178453054590864,0.04219957264947999,0.042189012852035426,0.042178453054590864,0.0009405686620255361,0.0009398943014269905,0.0009402314817262633,0.0009405686620255361,0.05838661189317726,94.08325784283966,2.0463033560002732,23.60069870586982,0.0,30,0.03427481147961293,0.05500224232673645,0.09060573365776181,0.10712788254022598,0.4570430352680945,0.6896538887754341,0.6618776460948018,0.8828018566087491,0.9419040914215794,0.9422466787644205,1,SUCCESS,success,hard,20260921,results/a2po_dual_panda_dynamic_vertical/formal/seed_20260921/checkpoint_best.pt
42000114,no_staged_alignment_recovery,0,1600,12.8,0.0,0.0,0.0,0.0,0.012381572411704034,0.012576532130585558,0.012479052271144795,0.012576532130585558,2.406569474787115,70.95255695879622,15.013165635960855,16.06760201841964,0.0,1495,0.0440546872917912,0.0536714568734169,0.102830705793167,0.10705786198377609,0.4526891018822789,0.695535730868578,0.6657886619493365,0.8897700072452426,0.946895582601428,0.947023979537189,1,COMPLIANT_ALIGNMENT,jam,hard,20260921,results/a2po_dual_panda_dynamic_vertical/formal/seed_20260921/checkpoint_best.pt
42000115,no_staged_alignment_recovery,0,1600,12.8,0.0,0.0,0.0,0.0,0.008696015290813751,0.008437433861924724,0.008566724576369238,0.008696015290813751,1.7279124135152284,148.26645851732582,15.408416903655873,16.46858186095484,0.0,1497,0.039037032238848045,0.054756976664066315,0.10462041694438085,0.1071028858423233,0.45174565639346836,0.6963203870877623,0.6659605040028691,0.8903183405846358,0.9478239047899842,0.9479554922506214,1,COMPLIANT_ALIGNMENT,jam,hard,20260921,results/a2po_dual_panda_dynamic_vertical/formal/seed_20260921/checkpoint_best.pt
42000116,no_staged_alignment_recovery,0,1600,12.8,0.04286091118776875,0.043066942365164784,0.042963926776466765,0.04286091118776875,0.0029397524764217626,0.0028247209887397547,0.002882236732580759,0.0029397524764217626,0.11057414872146173,0.0,0.0,0.0,0.0,5,0.02285085585870547,0.05388139560818672,0.10096147929682048,0.10602012276649475,0.4527999167330563,0.6945511786639691,0.6641317180544138,0.8875633505359292,0.9465832785144448,0.9467835567519068,0,INSERTION,lateral_tolerance,hard,20260921,results/a2po_dual_panda_dynamic_vertical/formal/seed_20260921/checkpoint_best.pt
42000117,no_staged_alignment_recovery,0,1600,12.8,0.0,0.0,0.0,0.0,0.014141403043873272,0.014249519083920826,0.014195461063897049,0.014249519083920826,1.5151165542412142,260.9506758029718,15.808573510797105,16.930199208350313,0.0,1494,0.042533786886779126,0.05587942153215408,0.1024253536949982,0.10708874464035034,0.4530636769160628,0.6952092295140028,0.6656488562747837,0.8894924466311932,0.9465282417088747,0.94665577031672,1,COMPLIANT_ALIGNMENT,jam,hard,20260921,results/a2po_dual_panda_dynamic_vertical/formal/seed_20260921/checkpoint_best.pt
42000118,no_staged_alignment_recovery,0,1600,12.8,0.0,0.0,0.0,0.0,0.00876098398783023,0.0092355988931483,0.008998291440489265,0.0092355988931483,2.0116336308969625,374.03930098935626,15.211776346094334,16.34576370298921,0.0,1489,0.040440061229164714,0.053377747535705566,0.10319302189396694,0.10706153512001038,0.45245145631954076,0.6957180956378579,0.6658289362117649,0.8898942996188999,0.9471200842037797,0.9472502160817384,1,COMPLIANT_ALIGNMENT,jam,hard,20260921,results/a2po_dual_panda_dynamic_vertical/formal/seed_20260921/checkpoint_best.pt
42000119,no_staged_alignment_recovery,0,1600,12.8,0.0,0.0,0.0,0.0,0.018537865785316434,0.01896623121931856,0.018752048502317497,0.01896623121931856,1.9065035553950171,701.8171170262086,15.816097441067068,16.983728795776717,0.0,1490,0.04531236043520039,0.05628295987844467,0.10365197272607475,0.10709105432033539,0.4546937466785312,0.6938065775483847,0.6652625140175223,0.8884211647883058,0.9449768926203251,0.9450878810137511,1,COMPLIANT_ALIGNMENT,jam,hard,20260921,results/a2po_dual_panda_dynamic_vertical/formal/seed_20260921/checkpoint_best.pt
42000120,no_staged_alignment_recovery,0,1600,12.8,0.04304928144655204,0.04322905239411315,0.043139166920332594,0.04304928144655204,0.0021307857914586617,0.002159351388149419,0.0021450685898040407,0.002159351388149419,0.08572349476901056,0.0,0.0,0.0,0.0,4,0.02332734540308593,0.0533720999956131,0.1017910715623293,0.10595440119504929,0.4523794620297849,0.6949267746508121,0.6642147015780211,0.8878282498195768,0.9470116174966097,0.9472075378894806,0,INSERTION,lateral_tolerance,hard,20260921,results/a2po_dual_panda_dynamic_vertical/formal/seed_20260921/checkpoint_best.pt
42000121,no_staged_alignment_recovery,0,1600,12.8,0.0,0.0,0.0,0.0,0.009932232468032523,0.00957872194629998,0.009755477207166251,0.009932232468032523,1.15739359286699,97.14620497444011,15.351071940062527,16.451249232484955,0.0,1493,0.04009697584202513,0.05561188608407974,0.1030787342855183,0.1070711612701416,0.4524884240701795,0.6956572407856584,0.6657560505345463,0.8897982205078006,0.9470745385438204,0.94721006821841,1,COMPLIANT_ALIGNMENT,jam,hard,20260921,results/a2po_dual_panda_dynamic_vertical/formal/seed_20260921/checkpoint_best.pt
42000122,no_staged_alignment_recovery,0,1600,12.8,0.0,0.0,0.0,0.0,0.010140521427708238,0.010105727835548285,0.01012312463162826,0.010140521427708238,1.9482266172412301,133.88597149654038,15.176453002368145,16.26411574265843,0.0,1493,0.04260647676303051,0.053698670119047165,0.1027924819434702,0.10707943886518478,0.4527322586812079,0.6955060751736164,0.6657902102544904,0.8897590937092901,0.9468542894721031,0.9469818264991045,1,COMPLIANT_ALIGNMENT,jam,hard,20260921,results/a2po_dual_panda_dynamic_vertical/formal/seed_20260921/checkpoint_best.pt
42000123,no_staged_alignment_recovery,0,1600,12.8,0.0,0.0,0.0,0.0,0.011583162934109853,0.011769857109324678,0.011676510021717264,0.011769857109324678,2.551260415603765,361.30489120533196,15.20118737781963,16.24709405778985,0.0,1497,0.04255453572142869,0.05332421511411667,0.10315040217537899,0.10707228630781174,0.45250950179994104,0.6957006844878196,0.6658461580052972,0.8899089282378554,0.9470742859318853,0.9472017678245902,1,COMPLIANT_ALIGNMENT,jam,hard,20260921,results/a2po_dual_panda_dynamic_vertical/formal/seed_20260921/checkpoint_best.pt
42000124,no_staged_alignment_recovery,0,1600,12.8,0.0,0.0,0.0,0.0,0.009104779418036849,0.00859635408471063,0.008850566751373738,0.009104779418036849,2.842778522514095,365.23024542194247,15.23236697266992,16.280418942065378,0.0,1497,0.03936085185763659,0.05453162267804146,0.10448954759165645,0.10705219954252243,0.45183144031092526,0.6962723283469677,0.6659908225387334,0.8903257267922163,0.9477442823350429,0.9478733639419079,1,COMPLIANT_ALIGNMENT,jam,hard,20260921,results/a2po_dual_panda_dynamic_vertical/formal/seed_20260921/checkpoint_best.pt
42000125,no_staged_alignment_recovery,0,1600,12.8,0.0,0.0,0.0,0.0,0.014672949275463618,0.014111205379443888,0.014392077327453753,0.014672949275463618,2.5228610460203575,91.53680570654306,14.985358420037599,16.03784178733121,0.0,1495,0.04539965564123122,0.05392494797706604,0.10319022896932438,0.10707389563322067,0.4532842074707151,0.6950944935530424,0.6657186743989587,0.88950219810009,0.9463443793356419,0.9464611400663853,1,COMPLIANT_ALIGNMENT,jam,hard,20260921,results/a2po_dual_panda_dynamic_vertical/formal/seed_20260921/checkpoint_best.pt
42000126,no_staged_alignment_recovery,0,1600,12.8,0.0,0.0,0.0,0.0,0.0118311421191606,0.011887546684104473,0.011859344401632537,0.011887546684104473,2.2349818222666076,531.9884653756778,15.107942715822931,16.223294191487707,0.0,1490,0.04294143898529001,0.05375070869922638,0.10286382448830408,0.1070452407002449,0.4533222042582929,0.6950455177947878,0.6656979317590594,0.8894543195143342,0.9462984671071172,0.946416695266962,1,COMPLIANT_ALIGNMENT,jam,hard,20260921,results/a2po_dual_panda_dynamic_vertical/formal/seed_20260921/checkpoint_best.pt
42000127,no_staged_alignment_recovery,0,1600,12.8,0.0,0.0,0.0,0.0,0.0212915700543572,0.021598189212514003,0.021444879633435603,0.021598189212514003,2.0446593840131975,43.99599788428787,15.601893195411677,16.68651678653655,0.0,1496,0.04694158168276772,0.05623454600572586,0.10333342763042311,0.10693233460187912,0.4543772498704493,0.6940619337558747,0.6652857517823577,0.8885739897564053,0.9452739198505878,0.9453908339887858,1,COMPLIANT_ALIGNMENT,jam,hard,20260921,results/a2po_dual_panda_dynamic_vertical/formal/seed_20260921/checkpoint_best.pt
42000128,no_staged_alignment_recovery,0,1600,12.8,0.04275766279430497,0.04293064953381584,0.042844156164060405,0.04275766279430497,0.003411251482539002,0.003246896452945418,0.0033290739677422103,0.003411251482539002,0.1151205502638234,0.0,0.0,0.0,0.0,4,0.02213817465119064,0.05415481701493263,0.10066382386066834,0.10615212470293045,0.4529845682531595,0.6943846894800663,0.6640844362229109,0.8874363012239337,0.9463967951014638,0.9465978107601404,0,INSERTION,lateral_tolerance,hard,20260921,results/a2po_dual_panda_dynamic_vertical/formal/seed_20260921/checkpoint_best.pt
42000129,no_staged_alignment_recovery,0,1600,12.8,0.0,0.0,0.0,0.0,0.01675952759485964,0.01636735865930028,0.016563443127079962,0.01675952759485964,2.4810909341861613,457.08399129386504,14.901613946560195,16.023240802752895,0.0,1488,0.046405537250684574,0.05432596802711487,0.10389588302234187,0.10708891600370407,0.4540926216170192,0.6943970762938261,0.6655398978665471,0.8889800311997533,0.945574168227613,0.9456826292350888,1,COMPLIANT_ALIGNMENT,jam,hard,20260921,results/a2po_dual_panda_dynamic_vertical/formal/seed_20260921/checkpoint_best.pt
42000130,no_staged_alignment_recovery,0,1600,12.8,0.04288260355928636,0.04318135759041497,0.043031980574850665,0.04288260355928636,0.002974588621339357,0.002605885663179939,0.0027902371422596477,0.002974588621339357,0.14617683714817642,88.76644232329106,0.06922591214676951,15.823065633547317,0.0,7,0.023103440281702206,0.05253176763653755,0.10220474193803966,0.10710182785987854,0.45222005717456343,0.6951244735345244,0.6643221992999315,0.8880463536456227,0.9471842082589865,0.9473726670444012,0,INSERTION,lateral_tolerance,hard,20260921,results/a2po_dual_panda_dynamic_vertical/formal/seed_20260921/checkpoint_best.pt
42000131,no_staged_alignment_recovery,0,1600,12.8,0.04320120763857224,0.04357554528852317,0.043388376463547706,0.04320120763857224,0.0013436516885206565,0.0012311321822341059,0.0012873919353773812,0.0013436516885206565,0.1891271511132141,0.0,0.0,0.0,0.0,5,0.025402779509313404,0.05374063923954964,0.10165478093433195,0.10563945025205612,0.4524615488946438,0.694871275164187,0.6642391137406229,0.8878262152522802,0.9469284349679947,0.947123981565237,0,INSERTION,lateral_tolerance,hard,20260921,results/a2po_dual_panda_dynamic_vertical/formal/seed_20260921/checkpoint_best.pt
42000132,no_staged_alignment_recovery,0,1600,12.8,0.04987577760226622,0.04991240439300307,0.049894090997634644,0.04987577760226622,0.002940866329609958,0.005313049904321146,0.004126958116965552,0.005313049904321146,0.9013156481364454,538.5097228165745,14.687832809981366,16.59642125421623,0.0,1416,0.037815706427791154,0.055279068648815155,0.1030463371395308,0.1070835143327713,0.45243284849449994,0.6956252840533853,0.6656494999676943,0.889658835940063,0.9471093675494194,0.94725026730448,1,INSERTION,jam,hard,20260921,results/a2po_dual_panda_dynamic_vertical/formal/seed_20260921/checkpoint_best.pt
42000133,no_staged_alignment_recovery,0,1600,12.8,0.0,0.0,0.0,0.0,0.00896299324108499,0.009142109931217644,0.009052551586151317,0.009142109931217644,1.5225636761499874,179.72006467813833,15.29098601837254,16.34307122872148,0.0,1497,0.04228015271917684,0.05510421097278595,0.10346684794232715,0.107088603079319,0.4523200240172446,0.6958366236835718,0.6658606860414147,0.8899822778254748,0.9472527197748423,0.94738385733217,1,COMPLIANT_ALIGNMENT,jam,hard,20260921,results/a2po_dual_panda_dynamic_vertical/formal/seed_20260921/checkpoint_best.pt
42000134,no_staged_alignment_recovery,0,1600,12.8,0.0,0.0,0.0,0.0,0.013208028162544507,0.01320996982787675,0.013208998995210629,0.01320996982787675,2.3262709448845773,40.77639554501566,14.748884641300153,15.848364960429986,0.0,1489,0.043918819413811434,0.053828757256269455,0.10282064221741166,0.1070285215973854,0.45332880057394503,0.6950354297086596,0.6656892039999366,0.889441112652421,0.9462910668551922,0.9464097897335887,1,COMPLIANT_ALIGNMENT,jam,hard,20260921,results/a2po_dual_panda_dynamic_vertical/formal/seed_20260921/checkpoint_best.pt
42000135,no_staged_alignment_recovery,0,1600,12.8,0.0,0.0,0.0,0.0,0.00884185906014961,0.008541278276981543,0.008691568668565576,0.00884185906014961,2.639694747998205,52.37595616675726,15.026596966292619,16.081976686333235,0.0,1495,0.03908367314288626,0.05325892195105553,0.10419500747695565,0.10704660415649414,0.45197870591655376,0.6961478209868074,0.6659693737328053,0.8902442275360226,0.9475967647135257,0.9477258609235286,1,COMPLIANT_ALIGNMENT,jam,hard,20260921,results/a2po_dual_panda_dynamic_vertical/formal/seed_20260921/checkpoint_best.pt
42000136,no_staged_alignment_recovery,0,1600,12.8,0.04285303533476613,0.04322035336196642,0.043036694348366274,0.04285303533476613,0.0026273898125623624,0.0024292497448147586,0.0025283197786885605,0.0026273898125623624,0.17967573758068928,0.0,0.0,0.0,0.0,4,0.023838206688524224,0.05435265228152275,0.10056107484604582,0.10586181282997131,0.45315927665680644,0.6942549630254508,0.6640772261098027,0.887367747426033,0.9462306817248464,0.9464298236742615,0,INSERTION,lateral_tolerance,hard,20260921,results/a2po_dual_panda_dynamic_vertical/formal/seed_20260921/checkpoint_best.pt
42000137,no_staged_alignment_recovery,0,1600,12.8,0.0,0.0,0.0,0.0,0.01949564630221497,0.019496176590080048,0.01949591144614751,0.019496176590080048,1.898732600627019,118.33941935741484,15.515851837936909,16.65014281737026,0.0,1491,0.046049327878281476,0.05629841610789299,0.10397027635684936,0.10702395439147949,0.4551158498413861,0.6933995749801397,0.6651325503736735,0.8880742222070694,0.9445663452893496,0.944675148576498,1,COMPLIANT_ALIGNMENT,jam,hard,20260921,results/a2po_dual_panda_dynamic_vertical/formal/seed_20260921/checkpoint_best.pt
42000138,no_staged_alignment_recovery,1,447,3.576,0.041750236407120736,0.0417216494111822,0.04173594290915147,0.0417216494111822,0.0002342787493240898,0.00017213717057079124,0.0002032079599474405,0.0002342787493240898,0.14268674147945845,266.3941003282109,5.070180274424786,20.603368933344356,0.0,110,0.0344443586717466,0.05436272546648979,0.09834729771752752,0.1071220338344574,0.4537543935130373,0.6932802149646767,0.6634763295218449,0.8862508131353647,0.9454511889408632,0.9456964387189621,1,SUCCESS,success,hard,20260921,results/a2po_dual_panda_dynamic_vertical/formal/seed_20260921/checkpoint_best.pt
42000139,no_staged_alignment_recovery,0,1600,12.8,0.0,0.0,0.0,0.0,0.009209705233081884,0.009676588027329179,0.009443146630205531,0.009676588027329179,1.615390686178726,233.62534197617416,15.497766953405344,16.608457552209344,0.0,1493,0.03984124755923404,0.05549993738532066,0.10336575219203951,0.10709916800260544,0.45235772367566823,0.695792430602014,0.6658212122693657,0.8899307988584042,0.9472090488672257,0.947342243231833,1,COMPLIANT_ALIGNMENT,jam,hard,20260921,results/a2po_dual_panda_dynamic_vertical/formal/seed_20260921/checkpoint_best.pt
42000140,no_staged_alignment_recovery,0,1600,12.8,0.0,0.0,0.0,0.0,0.010640164409804372,0.009854781056271644,0.010247472733038008,0.010640164409804372,2.434835573371193,340.8832222272947,15.035781919852475,16.156649477343155,0.0,1489,0.04117892375739757,0.05371793732047081,0.10274743250731262,0.1070881336927414,0.4528068172559142,0.6954540605470538,0.6657873422652483,0.889736695624888,0.9467836656421423,0.946909200809896,1,COMPLIANT_ALIGNMENT,jam,hard,20260921,results/a2po_dual_panda_dynamic_vertical/formal/seed_20260921/checkpoint_best.pt
42000141,no_staged_alignment_recovery,0,1600,12.8,0.0,0.0,0.0,0.0,0.013591903863340138,0.013480440453930587,0.013536172158635363,0.013591903863340138,2.510434725821401,246.99823124431995,14.999723475028583,16.06396088356475,0.0,1494,0.044004202511277984,0.05375293642282486,0.10282263103305013,0.10707229375839233,0.4530382125638425,0.6952839497476816,0.6657584613189101,0.8896297288686037,0.9465715939924121,0.9466929780691862,1,COMPLIANT_ALIGNMENT,jam,hard,20260921,results/a2po_dual_panda_dynamic_vertical/formal/seed_20260921/checkpoint_best.pt
42000142,no_staged_alignment_recovery,0,1600,12.8,0.0,0.0,0.0,0.0,0.018919892282779002,0.01943031021563246,0.019175101249205732,0.01943031021563246,1.9001869737858152,217.48665195518842,15.669914316383107,16.75926664853808,0.0,1496,0.04575508482870646,0.05614970624446869,0.10331402414740296,0.10706905275583267,0.4540946069359779,0.6943344308063388,0.6653994509950281,0.8888216265663504,0.9455507900565863,0.9456677402928472,1,COMPLIANT_ALIGNMENT,jam,hard,20260921,results/a2po_dual_panda_dynamic_vertical/formal/seed_20260921/checkpoint_best.pt
42000143,no_staged_alignment_recovery,0,1600,12.8,0.0,0.0,0.0,0.0,0.012365921665363287,0.012140224366788535,0.012253073016075911,0.012365921665363287,1.4804332980411685,311.10626274469746,15.421000325948235,16.57058463500146,0.0,1489,0.04188583656650735,0.05609629303216934,0.10264551310814568,0.10709364712238312,0.45405222065746786,0.6943849742785096,0.6654543446004391,0.888897320330143,0.9455814132466912,0.9457006915286184,1,COMPLIANT_ALIGNMENT,jam,hard,20260921,results/a2po_dual_panda_dynamic_vertical/formal/seed_20260921/checkpoint_best.pt
42000144,no_staged_alignment_recovery,1,301,2.408,0.038327454789507054,0.03783688981329947,0.03808217230140326,0.03783688981329947,0.0003620122295602857,0.0006135204123988226,0.0004877663209795541,0.0006135204123988226,0.6265478137598113,0.0,0.0,0.0,0.0,4,0.036340183781094826,0.0538451261818409,0.09127071603786113,0.10526806861162186,0.45654568006826,0.6899112264975361,0.6617873602135237,0.8827549526065687,0.9423889907887608,0.9427502139462189,0,SUCCESS,success,hard,20260921,results/a2po_dual_panda_dynamic_vertical/formal/seed_20260921/checkpoint_best.pt
42000145,no_staged_alignment_recovery,0,1600,12.8,0.0,0.0,0.0,0.0,0.014189979439610794,0.01374330217970927,0.013966640809660032,0.014189979439610794,2.444972384875168,274.63708678759696,15.080244988464473,16.16101271369267,0.0,1493,0.044905341661942655,0.05390795320272446,0.10331421824463177,0.10704443603754044,0.4534496541321278,0.6949524155631661,0.6656834251433611,0.8893972337991,0.9461850243806839,0.946300373710692,1,COMPLIANT_ALIGNMENT,jam,hard,20260921,results/a2po_dual_panda_dynamic_vertical/formal/seed_20260921/checkpoint_best.pt
42000146,no_staged_alignment_recovery,0,1600,12.8,0.0,0.0,0.0,0.0,0.018814060004356196,0.01829465900506518,0.01855435950471069,0.018814060004356196,2.763973568851082,126.31387499248206,15.017057426905083,16.093296639683945,0.0,1493,0.04799589400499826,0.054652195423841476,0.10427526303799822,0.10708751529455185,0.45408579010516403,0.6944019562751055,0.6655418819189072,0.8889796419814229,0.9455873284116387,0.9456941080465913,1,COMPLIANT_ALIGNMENT,jam,hard,20260921,results/a2po_dual_panda_dynamic_vertical/formal/seed_20260921/checkpoint_best.pt
42000147,no_staged_alignment_recovery,0,1600,12.8,0.0,0.0,0.0,0.0,0.022796655155130695,0.02305181876243009,0.022924236958780392,0.02305181876243009,3.258890778232089,285.9056582524974,15.073555156760968,16.121449365519755,0.0,1496,0.04985764923156239,0.05496517941355705,0.10463320128736087,0.1070953980088234,0.4542957219295204,0.6941984546929598,0.6654755941405892,0.8888031423091889,0.9453877392411232,0.945491887666285,1,COMPLIANT_ALIGNMENT,jam,hard,20260921,results/a2po_dual_panda_dynamic_vertical/formal/seed_20260921/checkpoint_best.pt
42000148,no_staged_alignment_recovery,0,1600,12.8,0.0,0.0,0.0,0.0,0.020930978381428267,0.020389152821707137,0.020660065601567704,0.020930978381428267,3.0076942578846757,243.91636686296297,14.941679311054868,16.012516341384988,0.0,1493,0.04845858694810886,0.05464285612106323,0.10426688346196897,0.10708168894052505,0.45404415054246783,0.6944415755942464,0.6655520210415125,0.8890122660622001,0.9456282207742334,0.9457351441681385,1,COMPLIANT_ALIGNMENT,jam,hard,20260921,results/a2po_dual_panda_dynamic_vertical/formal/seed_20260921/checkpoint_best.pt
42000149,no_staged_alignment_recovery,0,1600,12.8,0.0,0.0,0.0,0.0,0.010006823097986402,0.010067300614588614,0.010037061856287508,0.010067300614588614,2.353266992505897,64.11932391918039,15.135873609631926,16.177286423120297,0.0,1497,0.04269914908043575,0.05343179404735565,0.10337576723861275,0.10708490014076233,0.45237054439261554,0.6958006543666124,0.6658575922250748,0.8899632614478469,0.947205650024116,0.9473356684297323,1,COMPLIANT_ALIGNMENT,jam,hard,20260921,results/a2po_dual_panda_dynamic_vertical/formal/seed_20260921/checkpoint_best.pt
42000150,no_staged_alignment_recovery,0,1600,12.8,0.0,0.0,0.0,0.0,0.00915352381439359,0.008784915280558029,0.008969219547475808,0.00915352381439359,1.1712932857958793,374.3537788161937,15.7290693357401,16.80007405686526,0.0,1498,0.039516446495545095,0.05477973446249962,0.10432778032030911,0.1070510596036911,0.45187995737418535,0.6961947591975332,0.6659149754792452,0.8902127740159631,0.9476852183789015,0.9478179924562573,1,COMPLIANT_ALIGNMENT,jam,hard,20260921,results/a2po_dual_panda_dynamic_vertical/formal/seed_20260921/checkpoint_best.pt
42000151,no_staged_alignment_recovery,0,1600,12.8,0.043127177536595784,0.04351369821022377,0.04332043787340978,0.043127177536595784,0.0024652006810146386,0.002089788139055711,0.002277494410035175,0.0024652006810146386,0.1886924083582625,196.116315389124,0.7658947674025025,29.888576288878156,0.0,41,0.022974035660154185,0.05554281920194626,0.10241630690870807,0.10711564123630524,0.4521633037365973,0.6952368636801839,0.6644143837317824,0.888208918645978,0.947256102077663,0.9474387450143695,1,INSERTION,jam,hard,20260921,results/a2po_dual_panda_dynamic_vertical/formal/seed_20260921/checkpoint_best.pt
42000152,no_staged_alignment_recovery,1,161,1.288,0.06986225893652545,0.06944504966364218,0.06965365430008381,0.06944504966364218,0.0007174728722646722,0.0008840362846339411,0.0008007545784493067,0.0008840362846339411,1.8701380242188541,0.0,0.0,0.0,0.0,5,0.04476581736300025,0.05435176566243172,0.0758156169593473,0.10545627027750015,0.4628213664389545,0.682659377592691,0.6584287322826267,0.875629590905231,0.9354896449154209,0.9360679036341839,0,SUCCESS,success,hard,20260921,results/a2po_dual_panda_dynamic_vertical/formal/seed_20260921/checkpoint_best.pt
42000153,no_staged_alignment_recovery,0,1600,12.8,0.0,0.0,0.0,0.0,0.01357708636820206,0.014375093947693589,0.013976090157947825,0.014375093947693589,1.6112180723062615,164.17487106152183,15.498480431120901,16.598104879379814,0.0,1494,0.04272251562040765,0.05585062876343727,0.10267315053977655,0.107094906270504,0.4527648410201073,0.6954511095955968,0.6657081506028771,0.889664020575583,0.9468139378353954,0.9469452930241823,1,COMPLIANT_ALIGNMENT,jam,hard,20260921,results/a2po_dual_panda_dynamic_vertical/formal/seed_20260921/checkpoint_best.pt
42000154,no_staged_alignment_recovery,0,1600,12.8,0.0,0.0,0.0,0.0,0.008851476939541515,0.00836079186824327,0.008606134403892393,0.008851476939541515,1.6972292117735979,145.68835103537927,15.4586965067108,16.544424355008214,0.0,1495,0.039112781499279665,0.05491350218653679,0.10441115407971666,0.10704745352268219,0.4518377267383039,0.6962276262789965,0.6659221052378416,0.8902345534041524,0.9477275262027979,0.9478604566678405,1,COMPLIANT_ALIGNMENT,jam,hard,20260921,results/a2po_dual_panda_dynamic_vertical/formal/seed_20260921/checkpoint_best.pt
42000155,no_staged_alignment_recovery,0,1600,12.8,0.04334666717123792,0.04347553523117226,0.04341110120120509,0.04334666717123792,0.0009075052712051702,0.001325248670598954,0.001116376970902062,0.001325248670598954,0.07813382496842099,0.0,0.0,0.0,0.0,5,0.02396217234461801,0.05259054899215698,0.1018960722826887,0.10581130534410477,0.45230827379971744,0.6949692002311348,0.6641792492568492,0.8878092497587204,0.9470833404362202,0.9472797017917037,0,INSERTION,lateral_tolerance,hard,20260921,results/a2po_dual_panda_dynamic_vertical/formal/seed_20260921/checkpoint_best.pt
42000156,no_staged_alignment_recovery,1,394,3.152,0.043420157789896455,0.043111790827250196,0.043265974308573325,0.043111790827250196,7.161058727349195e-05,0.00037498857423940384,0.0002232995807564479,0.00037498857423940384,0.1474187600463149,347.1498637873157,3.9189557545535614,48.25214272794073,0.0,32,0.03426205493902154,0.05457780510187149,0.09404017654162486,0.10711635649204254,0.4555190306932188,0.6912796064681813,0.6625255308478012,0.8842747934578639,0.943533666091522,0.9438381748756176,1,SUCCESS,success,hard,20260921,results/a2po_dual_panda_dynamic_vertical/formal/seed_20260921/checkpoint_best.pt
42000157,no_staged_alignment_recovery,0,1600,12.8,0.04319466748923137,0.04343602895204249,0.04331534822063693,0.04319466748923137,0.0025933295781353336,0.0022779021145333746,0.002435615846334354,0.0025933295781353336,0.12232467438769179,0.0,0.0,0.0,0.0,5,0.025049916482821573,0.05341128259897232,0.10215375718078576,0.10602443665266037,0.45227904833853244,0.6951091786101461,0.6643770701438189,0.888095351010561,0.9471389530226588,0.9473276970535517,0,INSERTION,lateral_tolerance,hard,20260921,results/a2po_dual_panda_dynamic_vertical/formal/seed_20260921/checkpoint_best.pt
42000158,no_staged_alignment_recovery,0,1600,12.8,0.0,0.0,0.0,0.0,0.009756486603989254,0.00989945961412013,0.009827973109054693,0.00989945961412013,2.230182776901096,130.63610585839453,15.081140721091046,16.140351273408477,0.0,1495,0.041526900192257014,0.05335087329149246,0.10362862826208584,0.10708468407392502,0.45224325528368353,0.6959056789427995,0.665884435325861,0.890040143840015,0.9473298208415508,0.9474599968269467,1,COMPLIANT_ALIGNMENT,jam,hard,20260921,results/a2po_dual_panda_dynamic_vertical/formal/seed_20260921/checkpoint_best.pt
42000159,no_staged_alignment_recovery,1,1481,11.848,0.04339787977928519,0.043533296804533494,0.04346558829190934,0.04339787977928519,0.0005509494223659221,0.0009073794146035217,0.000729164418484722,0.0009073794146035217,0.06387599738664841,0.0,0.0,0.0,0.0,5,0.025710538493759885,0.05348377674818039,0.10110580560120526,0.1055091992020607,0.4527181297198572,0.6946088588777062,0.6641162176698869,0.8875721670903522,0.9466676794943336,0.946868593027912,0,SUCCESS,success,hard,20260921,results/a2po_dual_panda_dynamic_vertical/formal/seed_20260921/checkpoint_best.pt
42000160,no_staged_alignment_recovery,0,1600,12.8,0.04308697205304325,0.04337301288903689,0.04322999247104007,0.04308697205304325,0.0014768200207765233,0.0013498041587262615,0.0014133120897513924,0.0014768200207765233,0.14632021732924483,0.0,0.0,0.0,0.0,4,0.025818517786974554,0.054578933864831924,0.1004301818816748,0.10596859455108643,0.4531640247255564,0.6942519138380885,0.6640903498977423,0.8873804451152683,0.9462210883200168,0.946420357003808,0,INSERTION,lateral_tolerance,hard,20260921,results/a2po_dual_panda_dynamic_vertical/formal/seed_20260921/checkpoint_best.pt
42000161,no_staged_alignment_recovery,0,1600,12.8,0.0,0.0,0.0,0.0,0.01678043337473639,0.01634634390021408,0.016563388637475234,0.01678043337473639,2.8237721675910468,121.87536285324235,15.041329155559751,16.07623690640989,0.0,1497,0.04624699283245718,0.053828075528144836,0.10300825956379413,0.10706418752670288,0.45313016125932337,0.6952205874398351,0.6657470181956887,0.8895914604887366,0.9464901935309171,0.9466090520098805,1,COMPLIANT_ALIGNMENT,jam,hard,20260921,results/a2po_dual_panda_dynamic_vertical/formal/seed_20260921/checkpoint_best.pt
42000162,no_staged_alignment_recovery,0,1600,12.8,0.04319782189250798,0.04345366866333039,0.043325745277919187,0.04319782189250798,0.0014989743508931387,0.001431388801567721,0.00146518157623043,0.0014989743508931387,0.13000379200431672,0.0,0.0,0.0,0.0,5,0.024855017455120105,0.052888672798871994,0.10209233559318819,0.10592609643936157,0.45227030182257294,0.6950720309093594,0.6643006046116352,0.887992549315095,0.9471380142122507,0.9473290202766657,0,INSERTION,lateral_tolerance,hard,20260921,results/a2po_dual_panda_dynamic_vertical/formal/seed_20260921/checkpoint_best.pt
42000163,no_staged_alignment_recovery,1,346,2.7680000000000002,0.04212951747619009,0.042105641356775525,0.04211757941648281,0.042105641356775525,0.0008309734771282648,0.0009444437448291656,0.0008877086109787152,0.0009444437448291656,0.04638862650833088,248.89668075237432,2.788930456492787,31.128062514403364,0.0,31,0.03382138522325697,0.05474143102765083,0.09439646349304673,0.10711158066987991,0.45522060706091755,0.6913735411759746,0.6623517006118863,0.8841272671787725,0.9437931405671071,0.9441094712025857,1,SUCCESS,success,hard,20260921,results/a2po_dual_panda_dynamic_vertical/formal/seed_20260921/checkpoint_best.pt
42000164,no_staged_alignment_recovery,0,1600,12.8,0.0,0.0,0.0,0.0,0.019641421403230976,0.01926087938088696,0.01945115039205897,0.019641421403230976,2.829192976333927,266.10836427348175,14.847344704490466,15.94345740079513,0.0,1490,0.0477691419396433,0.054537370800971985,0.10399418492102995,0.10707779973745346,0.45403700856491924,0.6944447103515268,0.6655468364432454,0.8890112939476967,0.9456292532756925,0.9457380340993404,1,COMPLIANT_ALIGNMENT,jam,hard,20260921,results/a2po_dual_panda_dynamic_vertical/formal/seed_20260921/checkpoint_best.pt
42000165,no_staged_alignment_recovery,0,1600,12.8,0.0,0.0,0.0,0.0,0.01363679632394806,0.013571220824229305,0.013604008574088684,0.01363679632394806,2.34041268174242,491.1341492603937,15.249752823427206,16.386571200459052,0.0,1489,0.04425075946754078,0.05391167849302292,0.10306962856382597,0.10707548260688782,0.4535396783798933,0.6948635752871632,0.6656501698866486,0.8893193477019667,0.9460923407226801,0.9462084567919373,1,COMPLIANT_ALIGNMENT,jam,hard,20260921,results/a2po_dual_panda_dynamic_vertical/formal/seed_20260921/checkpoint_best.pt
42000166,no_staged_alignment_recovery,0,1600,12.8,0.0,0.0,0.0,0.0,0.011556511062361365,0.011920896668086534,0.01173870386522395,0.011920896668086534,1.5988781720494287,493.5476023354409,15.542695394030433,16.690142704999122,0.0,1490,0.041373647754371634,0.05590985715389252,0.10220598547457485,0.10704633593559265,0.45322700530290605,0.6950715342909097,0.6656288369745016,0.8894022818282247,0.9463663113862276,0.9464945049956441,1,COMPLIANT_ALIGNMENT,jam,hard,20260921,results/a2po_dual_panda_dynamic_vertical/formal/seed_20260921/checkpoint_best.pt
42000167,no_staged_alignment_recovery,0,1600,12.8,0.0,0.0,0.0,0.0,0.015692323086959382,0.016152991003351887,0.015922657045155636,0.016152991003351887,1.6746108822510837,85.68434332403176,15.566824441334195,16.626781779796204,0.0,1498,0.04404746624873951,0.05584647133946419,0.10255545252293814,0.10709135234355927,0.45301952803507445,0.6952427230402827,0.6656442449986935,0.889503462947905,0.9465715730190277,0.9467002708464861,1,COMPLIANT_ALIGNMENT,jam,hard,20260921,results/a2po_dual_panda_dynamic_vertical/formal/seed_20260921/checkpoint_best.pt
42000168,no_staged_alignment_recovery,0,1600,12.8,0.0,0.0,0.0,0.0,0.008083396511468716,0.008494830471119687,0.0082891134912942,0.008494830471119687,1.780277075592834,111.78620564605458,15.20829294235471,16.342020623080952,0.0,1489,0.039055083441198804,0.05547097697854042,0.10316162042989163,0.10706165432929993,0.45245964420959356,0.6957038628309965,0.66580517295748,0.8898705026507377,0.9471068903803825,0.947239827401936,1,COMPLIANT_ALIGNMENT,jam,hard,20260921,results/a2po_dual_panda_dynamic_vertical/formal/seed_20260921/checkpoint_best.pt
42000169,no_staged_alignment_recovery,0,1600,12.8,0.0,0.0,0.0,0.0,0.011705869337732109,0.011736924057362387,0.011721396697547248,0.011736924057362387,2.56222364144912,85.90296016203669,15.021264408484335,16.065523431534046,0.0,1496,0.0423620947037125,0.05327273905277252,0.10347742629732239,0.10707022249698639,0.4523264246061444,0.695846737138927,0.6658780829235912,0.8900090863928198,0.9472509693726897,0.9473801025748253,1,COMPLIANT_ALIGNMENT,jam,hard,20260921,results/a2po_dual_panda_dynamic_vertical/formal/seed_20260921/checkpoint_best.pt
42000170,no_staged_alignment_recovery,0,1600,12.8,0.0,0.0,0.0,0.0,0.01567173837049123,0.016113398276403647,0.015892568323447438,0.016113398276403647,2.7904259653552304,57.5062134071645,14.989739958149084,16.021098151662347,0.0,1497,0.0456486908099032,0.053696516901254654,0.10275737070085597,0.10704629868268967,0.4529599811322987,0.6953327527269721,0.6657516429945827,0.8896415273845196,0.9466430084407329,0.9467666684091092,1,COMPLIANT_ALIGNMENT,jam,hard,20260921,results/a2po_dual_panda_dynamic_vertical/formal/seed_20260921/checkpoint_best.pt
42000171,no_staged_alignment_recovery,0,1600,12.8,0.0,0.0,0.0,0.0,0.0124270039629609,0.013148642383894538,0.012787823173427719,0.013148642383894538,1.5806083178355352,76.84356179668805,15.39927749599105,16.480832102732897,0.0,1495,0.0420444667263655,0.055778082460165024,0.10284976385621121,0.10708627849817276,0.4526230375282466,0.6955584948882461,0.6657353223487735,0.8897362377494573,0.9469475789740681,0.947081946581602,1,COMPLIANT_ALIGNMENT,jam,hard,20260921,results/a2po_dual_panda_dynamic_vertical/formal/seed_20260921/checkpoint_best.pt
42000172,no_staged_alignment_recovery,0,1600,12.8,0.0,0.0,0.0,0.0,0.014371853973848893,0.01394878585239175,0.01416031991312032,0.014371853973848893,2.4176256356267434,535.5390556305525,15.01723737088264,16.136722493896727,0.0,1489,0.04413794830790721,0.053966034203767776,0.10261057248775614,0.10708737373352051,0.4530908084474504,0.6952262413129211,0.665731908120215,0.8895765663683415,0.9465143049880862,0.9466372976079583,1,COMPLIANT_ALIGNMENT,jam,hard,20260921,results/a2po_dual_panda_dynamic_vertical/formal/seed_20260921/checkpoint_best.pt
42000173,no_staged_alignment_recovery,1,1200,9.6,0.04431356687507684,0.04401728785078404,0.04416542736293044,0.04401728785078404,0.0008070126688744151,0.0008760402808143479,0.0008415264748443815,0.0008760402808143479,0.16878284782115588,0.0,0.0,0.0,0.0,5,0.02689591040601954,0.05282438173890114,0.10216785460400085,0.10572309046983719,0.4522093130648136,0.695090040564537,0.6642761192719142,0.8879728524386883,0.9471861832340558,0.9473795716961225,0,SUCCESS,success,hard,20260921,results/a2po_dual_panda_dynamic_vertical/formal/seed_20260921/checkpoint_best.pt
42000174,no_staged_alignment_recovery,0,1600,12.8,0.043357561435585334,0.04348594191960953,0.04342175167759743,0.043357561435585334,0.0014172062085635064,0.0015448287815847746,0.0014810174950741404,0.0015448287815847746,0.06929423372770147,0.0,0.0,0.0,0.0,5,0.02440086745598819,0.05387108772993088,0.10150328182964585,0.10533350706100464,0.45250267427414653,0.6947956409677863,0.6641646915301681,0.8877120323851705,0.946876608543098,0.947076267376542,0,INSERTION,lateral_tolerance,hard,20260921,results/a2po_dual_panda_dynamic_vertical/formal/seed_20260921/checkpoint_best.pt
42000175,no_staged_alignment_recovery,0,1600,12.8,0.04297242272886176,0.04318484988018567,0.043078636304523715,0.04297242272886176,0.00268709750240871,0.0024643832597603097,0.00257574038108451,0.00268709750240871,0.10558514466346934,0.0,0.0,0.0,0.0,4,0.02385675843426725,0.05364236980676651,0.10128576499642804,0.10607746243476868,0.45270342357456683,0.6946820370852947,0.6642086752876639,0.8877117182314396,0.9466976104676723,0.9468932343274354,0,INSERTION,lateral_tolerance,hard,20260921,results/a2po_dual_panda_dynamic_vertical/formal/seed_20260921/checkpoint_best.pt
42000176,no_staged_alignment_recovery,0,1600,12.8,0.0,0.0,0.0,0.0,0.015016941325372606,0.0156282864857989,0.015322613905585753,0.0156282864857989,1.5589481150961868,87.91463631363465,15.586662104035868,16.636864153740753,0.0,1499,0.04395070651225978,0.05580634996294975,0.10263838820101227,0.10706796497106552,0.4529330511391163,0.6953188237920404,0.6656684008985758,0.8895638085901737,0.946656204238534,0.9467851585522294,1,COMPLIANT_ALIGNMENT,jam,hard,20260921,results/a2po_dual_panda_dynamic_vertical/formal/seed_20260921/checkpoint_best.pt
42000177,no_staged_alignment_recovery,0,1600,12.8,0.0,0.0,0.0,0.0,0.01905536588201714,0.019054977702197474,0.019055171792107306,0.01905536588201714,2.8696945650968377,280.699261318954,15.242757649200012,16.29152454156314,0.0,1497,0.04815569305967074,0.054402582347393036,0.1044588959403336,0.10709121823310852,0.45397644078359006,0.6945189404860139,0.6655940536037087,0.8890932386368513,0.9457012629136443,0.9458055863156914,1,COMPLIANT_ALIGNMENT,jam,hard,20260921,results/a2po_dual_panda_dynamic_vertical/formal/seed_20260921/checkpoint_best.pt
42000178,no_staged_alignment_recovery,0,1600,12.8,0.0,0.0,0.0,0.0,0.010963795784674657,0.010331346345400774,0.010647571065037716,0.010963795784674657,2.5037597936503033,70.23339560602031,14.936128866428549,16.006568108697707,0.0,1493,0.041314462342998015,0.05336770415306091,0.1032142349886999,0.10708025097846985,0.4524758911319077,0.6957351888716221,0.6658647641912103,0.8899474865198136,0.9471071420609951,0.9472343598306179,1,COMPLIANT_ALIGNMENT,jam,hard,20260921,results/a2po_dual_panda_dynamic_vertical/formal/seed_20260921/checkpoint_best.pt
42000179,no_staged_alignment_recovery,0,1600,12.8,0.0,0.0,0.0,0.0,0.01002611234784184,0.01006370414373141,0.010044908245786625,0.01006370414373141,2.5560046226687767,330.98562507627935,14.972570846950925,16.099538545108523,0.0,1488,0.04022683208168019,0.05338989570736885,0.10322173491178546,0.10704773664474487,0.4524416488222778,0.6957323959097266,0.6658380584046245,0.8899135505780578,0.9471308206021786,0.9472604911029339,1,COMPLIANT_ALIGNMENT,jam,hard,20260921,results/a2po_dual_panda_dynamic_vertical/formal/seed_20260921/checkpoint_best.pt
42000180,no_staged_alignment_recovery,0,1600,12.8,0.0,0.0,0.0,0.0,0.012279818082298425,0.012558044343322451,0.012418931212810437,0.012558044343322451,1.5152440262806155,55.80053924646603,14.926802350135222,16.039545842992855,0.0,1489,0.04482764732732903,0.05399123951792717,0.1030740803226945,0.10705817490816116,0.45376714047044514,0.6946629371494055,0.6655900398269295,0.8891585091501475,0.9458721014112235,0.9459874784573913,1,COMPLIANT_ALIGNMENT,jam,hard,20260921,results/a2po_dual_panda_dynamic_vertical/formal/seed_20260921/checkpoint_best.pt
42000181,no_staged_alignment_recovery,0,1600,12.8,0.0,0.0,0.0,0.0,0.014615611869332438,0.013985465667790773,0.014300538768561605,0.014615611869332438,2.473948405211662,623.7166812569316,15.066816801397751,16.20087828107285,0.0,1488,0.04409529448428657,0.053933534771203995,0.10266086935080239,0.10708333551883698,0.452992034163326,0.6953096439689398,0.6657531286776066,0.8896387453749776,0.9466098607331515,0.9467327902838588,1,COMPLIANT_ALIGNMENT,jam,hard,20260921,results/a2po_dual_panda_dynamic_vertical/formal/seed_20260921/checkpoint_best.pt
42000182,no_staged_alignment_recovery,0,1600,12.8,0.0,0.0,0.0,0.0,0.015017602362234336,0.014496269690032964,0.014756936026133649,0.015017602362234336,2.651632278766398,142.20835894133975,14.997009505958227,16.061054357117243,0.0,1494,0.04481107772589894,0.05378340929746628,0.10312006253836443,0.10706644505262375,0.4532041984423995,0.6951650593802333,0.6657428042218089,0.8895618196204305,0.9464206627756357,0.9465377440676093,1,COMPLIANT_ALIGNMENT,jam,hard,20260921,results/a2po_dual_panda_dynamic_vertical/formal/seed_20260921/checkpoint_best.pt
42000183,no_staged_alignment_recovery,0,1600,12.8,0.0,0.0,0.0,0.0,0.009763435640935058,0.009317886459403216,0.009540661050169137,0.009763435640935058,2.703868971903894,139.27805295495287,14.998777925391405,16.062948246737783,0.0,1494,0.039795170462748504,0.05312260612845421,0.10458486389601603,0.10703175514936447,0.45178002744913104,0.6963096418976784,0.6659927888587117,0.8903441496193409,0.9477949097007513,0.9479238513112068,1,COMPLIANT_ALIGNMENT,jam,hard,20260921,results/a2po_dual_panda_dynamic_vertical/formal/seed_20260921/checkpoint_best.pt
42000184,no_staged_alignment_recovery,0,1600,12.8,0.04282712360009415,0.043054005869596595,0.04294056473484537,0.04282712360009415,0.003029774773007708,0.002725537094977047,0.0028776559339923776,0.003029774773007708,0.11746818091801237,0.0,0.0,0.0,0.0,4,0.023194704577326773,0.05361329764127731,0.10165492969565093,0.10638128966093063,0.45252621682360766,0.6948644109070301,0.664271205663681,0.8878672316297889,0.9468874674290418,0.9470787310227752,0,INSERTION,lateral_tolerance,hard,20260921,results/a2po_dual_panda_dynamic_vertical/formal/seed_20260921/checkpoint_best.pt
42000185,no_staged_alignment_recovery,0,1600,12.8,0.0,0.0,0.0,0.0,0.010522876261174218,0.010206282200869827,0.010364579231022023,0.010522876261174218,1.5210390108099092,438.40480274764786,15.628772195328924,16.782574169480725,0.0,1490,0.04021727071783971,0.05556450039148331,0.10258728070752113,0.10709201544523239,0.4527716358937323,0.695440062135458,0.6657197151333094,0.8896648129448295,0.9468019423261285,0.9469331715255975,1,COMPLIANT_ALIGNMENT,jam,hard,20260921,results/a2po_dual_panda_dynamic_vertical/formal/seed_20260921/checkpoint_best.pt
42000186,no_staged_alignment_recovery,0,1600,12.8,0.0,0.0,0.0,0.0,0.01107588455358305,0.011067905642496524,0.011071895098039786,0.01107588455358305,2.5261827449349776,95.08043200350734,14.985512555088631,16.038006747920942,0.0,1495,0.04158193959388882,0.054906152188777924,0.1039439426746685,0.10705427825450897,0.4520889796502888,0.6960381190478802,0.6659194055572152,0.8901396721974015,0.9474831360951066,0.9476135669276118,1,COMPLIANT_ALIGNMENT,jam,hard,20260921,results/a2po_dual_panda_dynamic_vertical/formal/seed_20260921/checkpoint_best.pt
42000187,no_staged_alignment_recovery,0,1600,12.8,0.042662542693863964,0.04296919149860831,0.04281586709623614,0.042662542693863964,0.003439040872475402,0.003610601214438332,0.0035248210434568666,0.003610601214438332,0.17959266984220937,470.21442149990065,2.0583851901348034,21.810704001428377,0.0,151,0.021534535340906588,0.054403796792030334,0.10170301862293854,0.10704610496759415,0.45247764125466344,0.6949157062172889,0.6642962777242064,0.8879255710542202,0.9469239823892712,0.9471123529225588,1,INSERTION,jam,hard,20260921,results/a2po_dual_panda_dynamic_vertical/formal/seed_20260921/checkpoint_best.pt
42000188,no_staged_alignment_recovery,0,1600,12.8,0.0,0.0,0.0,0.0,0.017470607592985972,0.017518588364501937,0.017494597978743955,0.017518588364501937,1.6933945299034538,197.31059030575673,15.682493614314733,16.739152623684838,0.0,1499,0.04482674888073234,0.05599666014313698,0.10241577999782749,0.10709121078252792,0.45322160368785264,0.6950582429394125,0.6655710884183645,0.8893433924391866,0.9463742564618588,0.9465026934072376,1,COMPLIANT_ALIGNMENT,jam,hard,20260921,results/a2po_dual_panda_dynamic_vertical/formal/seed_20260921/checkpoint_best.pt
42000189,no_staged_alignment_recovery,0,1600,12.8,0.04308358489359465,0.04334192323442243,0.04321275406400854,0.04308358489359465,0.002776911800063745,0.002412622853723209,0.002594767326893477,0.002776911800063745,0.127447206744009,0.0,0.0,0.0,0.0,5,0.02486054402485024,0.053778842091560364,0.10159477891240386,0.10607756674289703,0.4525406664796174,0.6948538473248482,0.6642999162524938,0.8878899240866304,0.9468653214350343,0.947058438397944,0,INSERTION,lateral_tolerance,hard,20260921,results/a2po_dual_panda_dynamic_vertical/formal/seed_20260921/checkpoint_best.pt
42000190,no_staged_alignment_recovery,0,1600,12.8,0.04272944765681548,0.04296333978795491,0.0428463937223852,0.04272944765681548,0.0028102294653691183,0.002978312974098122,0.00289427121973362,0.002978312974098122,0.1269537080522324,0.0,0.0,0.0,0.0,5,0.022042789715051185,0.05327146127820015,0.10076817512337584,0.10627194494009018,0.4529252645000815,0.6944112196192145,0.6640451743081212,0.8874018435552716,0.9464563228562475,0.9466576504334807,0,INSERTION,lateral_tolerance,hard,20260921,results/a2po_dual_panda_dynamic_vertical/formal/seed_20260921/checkpoint_best.pt
42000191,no_staged_alignment_recovery,1,290,2.32,0.03715917608961006,0.03683837268772652,0.03699877438866829,0.03683837268772652,0.000518152327059417,0.000890768893608731,0.0007044606103340739,0.000890768893608731,0.7314228613536303,88.54974584108102,0.30534395117614144,14.758290973513503,0.0,6,0.03790690418942992,0.05552985146641731,0.08268878655829306,0.10536091029644012,0.4617509196544516,0.6851665122755642,0.6604970699754255,0.8791342007702795,0.9370993719018739,0.9375002234146512,0,SUCCESS,success,hard,20260921,results/a2po_dual_panda_dynamic_vertical/formal/seed_20260921/checkpoint_best.pt
42000192,no_staged_alignment_recovery,0,1600,12.8,0.0,0.0,0.0,0.0,0.012621024956251052,0.012005612005877318,0.012313318481064185,0.012621024956251052,0.8773829508616484,387.7072058987229,15.807663001308738,16.872755705199452,0.0,1499,0.04233301256113919,0.055514976382255554,0.10334077305393294,0.10708818584680557,0.4523483424447477,0.6957791147008539,0.6657679354026914,0.8898742405325174,0.9472156580165029,0.9473499175533653,1,COMPLIANT_ALIGNMENT,jam,hard,20260921,results/a2po_dual_panda_dynamic_vertical/formal/seed_20260921/checkpoint_best.pt
42000193,no_staged_alignment_recovery,0,1600,12.8,0.04274880517287136,0.043032680723187125,0.04289074294802924,0.04274880517287136,0.0028238427821794007,0.0029017229063892465,0.0028627828442843234,0.0029017229063892465,0.14743758245468921,0.0,0.0,0.0,0.0,3,0.022279650629498063,0.05420417711138725,0.1006613672011008,0.10596618056297302,0.45296986455097793,0.6943674505129457,0.6640351903438568,0.8873706861585379,0.9464064612984657,0.9466087714582682,0,INSERTION,lateral_tolerance,hard,20260921,results/a2po_dual_panda_dynamic_vertical/formal/seed_20260921/checkpoint_best.pt
42000194,no_staged_alignment_recovery,0,1600,12.8,0.0,0.0,0.0,0.0,0.023142522637674103,0.023284225756025588,0.023213374196849844,0.023284225756025588,3.2135388593709138,284.27206302410605,15.88175110216627,16.974483475929212,0.0,1497,0.0505082160665188,0.05500725284218788,0.10449353129894007,0.10708516091108322,0.45432082092389464,0.6941643235087395,0.6654499376565218,0.8887585247308016,0.945358599498868,0.9454645863547921,1,COMPLIANT_ALIGNMENT,jam,hard,20260921,results/a2po_dual_panda_dynamic_vertical/formal/seed_20260921/checkpoint_best.pt
42000195,no_staged_alignment_recovery,0,1600,12.8,0.0,0.0,0.0,0.0,0.009111082419489512,0.009535371559064051,0.009323226989276782,0.009535371559064051,1.654921249793953,250.43713080207604,15.371559919089753,16.506373067478933,0.0,1490,0.03983651969814673,0.0556902214884758,0.10285367765201954,0.1070544570684433,0.452616396099329,0.6955692079663277,0.6657584315910935,0.889762320369482,0.9469529315084219,0.9470861303806305,1,COMPLIANT_ALIGNMENT,jam,hard,20260921,results/a2po_dual_panda_dynamic_vertical/formal/seed_20260921/checkpoint_best.pt
42000196,no_staged_alignment_recovery,0,1600,12.8,0.04325963072591238,0.04361227664449796,0.04343595368520517,0.04325963072591238,0.002036538160036042,0.0017740255753474084,0.0019052818676917253,0.002036538160036042,0.17551075074694536,0.0,0.0,0.0,0.0,5,0.024896207166602836,0.052858591079711914,0.10227513743797317,0.10571691393852234,0.45219801913946867,0.6951545890048146,0.6643555858731269,0.8880900166928768,0.9472113015130162,0.9474006446450949,0,INSERTION,lateral_tolerance,hard,20260921,results/a2po_dual_panda_dynamic_vertical/formal/seed_20260921/checkpoint_best.pt
42000197,no_staged_alignment_recovery,0,1600,12.8,0.0,0.0,0.0,0.0,0.01591208050586696,0.016297934986445783,0.01610500774615637,0.016297934986445783,1.5993846992520748,339.5167341586251,15.789986685714569,16.853888390355777,0.0,1499,0.04396103728795424,0.05585877224802971,0.10279630890494446,0.10709644109010696,0.4526927913911641,0.6955055570974946,0.665699350349605,0.88968396961689,0.9468851593881845,0.9470168179273606,1,COMPLIANT_ALIGNMENT,jam,hard,20260921,results/a2po_dual_panda_dynamic_vertical/formal/seed_20260921/checkpoint_best.pt
42000198,no_staged_alignment_recovery,0,1600,12.8,0.042788283934874785,0.04315537768751104,0.042971830811192914,0.042788283934874785,0.0030262227266955846,0.0027451438240549924,0.0028856832753752885,0.0030262227266955846,0.18433156888199395,0.0,0.0,0.0,0.0,4,0.023388918165583163,0.05375131219625473,0.10087552552227862,0.10609372705221176,0.4530096712894738,0.6944051079452038,0.6641320692002773,0.887497928775847,0.9463890802115202,0.9465855960175396,0,INSERTION,lateral_tolerance,hard,20260921,results/a2po_dual_panda_dynamic_vertical/formal/seed_20260921/checkpoint_best.pt
42000199,no_staged_alignment_recovery,0,1600,12.8,0.043131631104948526,0.04338038049194293,0.043256005798445726,0.043131631104948526,0.0016424363265253768,0.0021424287173192847,0.0018924325219223308,0.0021424287173192847,0.11664173506791066,92.2972900345037,8.548170524789077,16.360134975672874,0.0,836,0.03212421056174208,0.05404945835471153,0.10325132362777367,0.10707008093595505,0.45203803388401864,0.6956410675123333,0.6650964543223381,0.8890818634256721,0.9474409987777471,0.9476031306385994,1,INSERTION,jam,hard,20260921,results/a2po_dual_panda_dynamic_vertical/formal/seed_20260921/checkpoint_best.pt
