seed,variant,success,steps,completion_time_s,peg1_depth_m,peg2_depth_m,mean_depth_m,min_depth_m,peg1_lateral_error_m,peg2_lateral_error_m,mean_lateral_error_m,max_lateral_error_m,orientation_error_deg,peak_contact_force_N,mean_force_all_steps_N,mean_force_contact_steps_N,peak_contact_torque_Nm,contact_steps,mean_trajectory_residual_norm,peak_trajectory_residual_norm,mean_impedance_residual_norm,peak_impedance_residual_norm,mean_impedance_k_parallel,mean_impedance_k_lateral,mean_impedance_k_rotation,mean_impedance_d_parallel,mean_impedance_d_lateral,mean_impedance_d_rotation,jam,final_stage,failure_reason,setting,train_seed,checkpoint
43000000,no_staged_alignment_recovery,0,1600,12.8,0.0,0.0,0.0,0.0,0.010201516133481855,0.010413835180996278,0.010307675657239068,0.010413835180996278,0.08733777812551452,124.41339434252843,15.323032700567426,16.39923232167751,0.0,1495,0.04357431123091374,0.055259380489587784,0.10349525447163614,0.10705282539129257,0.45227719709277153,0.6958372377976775,0.6658137866854668,0.8899339041113854,0.9472848106548191,0.947420203909278,1,COMPLIANT_ALIGNMENT,jam,ood,20260921,results/a2po_dual_panda_dynamic_vertical/formal/seed_20260921/checkpoint_best.pt
43000001,no_staged_alignment_recovery,0,1600,12.8,0.0,0.0,0.0,0.0,0.012345447727732226,0.012973963410549242,0.012659705569140735,0.012973963410549242,2.322395984681562,110.18099201534494,14.994005163716865,16.07936210586259,0.0,1492,0.04361551327718189,0.05531468614935875,0.10262042418209603,0.10704165697097778,0.45277577593922613,0.6954462118819356,0.6657522972300649,0.8896884547919035,0.9468044665828347,0.9469346790760755,1,COMPLIANT_ALIGNMENT,jam,ood,20260921,results/a2po_dual_panda_dynamic_vertical/formal/seed_20260921/checkpoint_best.pt
43000002,no_staged_alignment_recovery,1,422,3.376,0.04484774482574541,0.04451935850282039,0.0446835516642829,0.04451935850282039,0.0005094202058553951,0.0008120991215009346,0.0006607596636781649,0.0008120991215009346,0.2703446215935164,0.0,0.0,0.0,0.0,4,0.03451167193894667,0.05456305667757988,0.09112690517433888,0.10558131337165833,0.45714752820995747,0.6897995916870533,0.6621689656616953,0.8831519703446972,0.9419058243527797,0.9422258196566342,0,SUCCESS,success,ood,20260921,results/a2po_dual_panda_dynamic_vertical/formal/seed_20260921/checkpoint_best.pt
43000003,no_staged_alignment_recovery,0,1600,12.8,0.0,0.0,0.0,0.0,0.021998156349202266,0.021997621049686555,0.021997888699444412,0.021998156349202266,2.9364744002089243,154.93401542450835,15.229917540650304,16.35427386915469,0.0,1490,0.04928385501145385,0.05532056465744972,0.10511745927215088,0.10708758980035782,0.4546873961947858,0.6938120447471738,0.6653794404491782,0.8884888353943825,0.945007328800857,0.945108570381999,1,COMPLIANT_ALIGNMENT,jam,ood,20260921,results/a2po_dual_panda_dynamic_vertical/formal/seed_20260921/checkpoint_best.pt
43000004,no_staged_alignment_recovery,0,1600,12.8,0.0,0.0,0.0,0.0,0.012760211870319331,0.013302031594960037,0.013031121732639685,0.013302031594960037,2.3910098032149443,319.36691625001424,14.911427389547578,16.02302473020559,0.0,1489,0.04325748557661427,0.05537154898047447,0.10237392807015568,0.10701797902584076,0.45328935138881205,0.6950447637215257,0.6656729289516806,0.889424277022481,0.9463167612999678,0.94643998619169,1,COMPLIANT_ALIGNMENT,jam,ood,20260921,results/a2po_dual_panda_dynamic_vertical/formal/seed_20260921/checkpoint_best.pt
43000005,no_staged_alignment_recovery,0,1600,12.8,0.0,0.0,0.0,0.0,0.00995345631096096,0.009936501484213297,0.009944978897587128,0.00995345631096096,2.81682392390879,432.86401833806633,15.423171429973893,16.48435156176234,0.0,1497,0.040861686540883964,0.052952758967876434,0.10373708087543491,0.10707588493824005,0.4522102842479944,0.6959618832916021,0.6659258715808392,0.8901152579858899,0.9473701866343618,0.9474971195310354,1,COMPLIANT_ALIGNMENT,jam,ood,20260921,results/a2po_dual_panda_dynamic_vertical/formal/seed_20260921/checkpoint_best.pt
43000006,no_staged_alignment_recovery,0,1600,12.8,0.0,0.0,0.0,0.0,0.017650730156595025,0.01848115009067698,0.018065940123636003,0.01848115009067698,1.5403000741641095,122.25719224759034,15.692615513233713,16.77233454988239,0.0,1497,0.04503338924259879,0.056107427924871445,0.10336696283746277,0.10709211975336075,0.4539938147366047,0.6944299950823187,0.6654427034407854,0.8889104234799743,0.9456499100849033,0.9457668824493886,1,COMPLIANT_ALIGNMENT,jam,ood,20260921,results/a2po_dual_panda_dynamic_vertical/formal/seed_20260921/checkpoint_best.pt
43000007,no_staged_alignment_recovery,0,1600,12.8,0.0,0.0,0.0,0.0,0.007339351004115499,0.007171767234547146,0.007255559119331323,0.007339351004115499,2.2966786433794697,67.86365057688306,15.090718691924007,16.18307634522682,0.0,1492,0.03807196007895982,0.055321935564279556,0.10347887510215514,0.10705257952213287,0.4523287698999047,0.695845309458673,0.665888593122363,0.8900208098441362,0.9472457992658019,0.9473761163279414,1,COMPLIANT_ALIGNMENT,jam,ood,20260921,results/a2po_dual_panda_dynamic_vertical/formal/seed_20260921/checkpoint_best.pt
43000008,no_staged_alignment_recovery,1,230,1.84,0.0515392340542116,0.05124058080317599,0.051389907428693794,0.05124058080317599,0.0008862403127300841,0.0008719368266516549,0.0008790885696908694,0.0008862403127300841,0.5565294214149724,77.49677965631024,0.3369425202448271,15.499355931262048,0.0,5,0.04132620185492155,0.05293792858719826,0.08988447202288587,0.1058761477470398,0.4569226296051689,0.6891887403052787,0.6612400005693021,0.8818080995393835,0.9418526514716771,0.94223640224208,0,SUCCESS,success,ood,20260921,results/a2po_dual_panda_dynamic_vertical/formal/seed_20260921/checkpoint_best.pt
43000009,no_staged_alignment_recovery,0,1600,12.8,0.0,0.0,0.0,0.0,0.01346156991679106,0.013325843999692636,0.013393706958241849,0.01346156991679106,2.4710030844784363,40.833518071492655,14.831716781774078,15.905326307532526,0.0,1492,0.043829322129895446,0.05382285267114639,0.1029196398080967,0.10703646391630173,0.45312237510457637,0.6952237438037991,0.6657521134987473,0.889597454443574,0.9464948313683271,0.9466138808801771,1,COMPLIANT_ALIGNMENT,jam,ood,20260921,results/a2po_dual_panda_dynamic_vertical/formal/seed_20260921/checkpoint_best.pt
43000010,no_staged_alignment_recovery,0,1600,12.8,0.0,0.0,0.0,0.0,0.021599399019223024,0.02209993619775734,0.02184966760849018,0.02209993619775734,3.129976323942482,408.58902051808,15.02821700703274,16.116050409686586,0.0,1492,0.04902380832878407,0.05504576489329338,0.10468631492374697,0.10709009319543839,0.45446168091148137,0.6940431487932801,0.665435009971261,0.888680718317628,0.9452259170264006,0.9453288399428129,1,COMPLIANT_ALIGNMENT,jam,ood,20260921,results/a2po_dual_panda_dynamic_vertical/formal/seed_20260921/checkpoint_best.pt
43000011,no_staged_alignment_recovery,0,1600,12.8,0.0,0.0,0.0,0.0,0.0136881670247803,0.015077635150085993,0.014382901087433148,0.015077635150085993,1.0510244595606644,557.5679718025997,15.719107294283003,16.879578302585774,0.0,1490,0.04261673469474772,0.056172046810388565,0.10330650241390686,0.10704673826694489,0.4541321357525885,0.6943343628197909,0.6654611699655653,0.8888823983073234,0.9455196453630924,0.9456346240639687,1,COMPLIANT_ALIGNMENT,jam,ood,20260921,results/a2po_dual_panda_dynamic_vertical/formal/seed_20260921/checkpoint_best.pt
43000012,no_staged_alignment_recovery,0,1600,12.8,0.0,0.0,0.0,0.0,0.005868522567510127,0.006661075521543168,0.006264799044526648,0.006661075521543168,0.029347168230823117,197.60758873590632,15.543556287560097,16.66869306976954,0.0,1492,0.03655946781305829,0.055098000913858414,0.10503989639459178,0.1070847362279892,0.4515634657628834,0.6965043895319104,0.6660412440076471,0.8904902194067836,0.9480163072049618,0.9481453675031662,1,COMPLIANT_ALIGNMENT,jam,ood,20260921,results/a2po_dual_panda_dynamic_vertical/formal/seed_20260921/checkpoint_best.pt
43000013,no_staged_alignment_recovery,0,1600,12.8,0.0,0.0,0.0,0.0,0.013943470989801138,0.013004157963149571,0.013473814476475355,0.013943470989801138,0.22621960711450076,83.6026603691179,15.450030431820965,16.557299859955485,0.0,1493,0.043498481106362306,0.05596258118748665,0.10201016976789105,0.10706324875354767,0.45358760852366686,0.6947387335821986,0.665485696233809,0.8890990485623479,0.9460135974735021,0.946140902787447,1,COMPLIANT_ALIGNMENT,jam,ood,20260921,results/a2po_dual_panda_dynamic_vertical/formal/seed_20260921/checkpoint_best.pt
43000014,no_staged_alignment_recovery,0,1600,12.8,0.0,0.0,0.0,0.0,0.013472272719213453,0.013517287484866082,0.013494780102039767,0.013517287484866082,1.3744338268513518,72.3898048463078,15.611244139482842,16.663102483770878,0.0,1499,0.04206250387942419,0.05527108162641525,0.1033561658297549,0.1070726066827774,0.4523667394183576,0.6957949855923653,0.6658111371845007,0.8899284788966179,0.9472068706527352,0.9473372336104512,1,COMPLIANT_ALIGNMENT,jam,ood,20260921,results/a2po_dual_panda_dynamic_vertical/formal/seed_20260921/checkpoint_best.pt
43000015,no_staged_alignment_recovery,0,1600,12.8,0.0,0.0,0.0,0.0,0.017800272647948586,0.017267953284106775,0.01753411296602768,0.017800272647948586,2.328448046791037,103.368354027367,15.030269719421058,16.09667439830903,0.0,1494,0.04689115043525817,0.05427602678537369,0.10409420885029248,0.10708345472812653,0.4537770183198154,0.6946992060542106,0.6656484777107835,0.8892420879006386,0.9458886649087072,0.9459962843731046,1,COMPLIANT_ALIGNMENT,jam,ood,20260921,results/a2po_dual_panda_dynamic_vertical/formal/seed_20260921/checkpoint_best.pt
43000016,no_staged_alignment_recovery,0,1600,12.8,0.042049349659863317,0.041905917279348656,0.041977633469605986,0.041905917279348656,0.003686203173727268,0.0042845788116339266,0.0039853909926805976,0.0042845788116339266,0.18825482818328573,196.58780891829016,12.856005981811666,16.56168242423403,0.0,1242,0.036382946504745634,0.05386074259877205,0.10451406532432884,0.10707776248455048,0.4516170848347247,0.6962216052412987,0.6656015502661466,0.8898756982386112,0.9479188547283411,0.9480644545704127,1,INSERTION,jam,ood,20260921,results/a2po_dual_panda_dynamic_vertical/formal/seed_20260921/checkpoint_best.pt
43000017,no_staged_alignment_recovery,0,1600,12.8,0.04274979761844347,0.043152417036489005,0.04295110732746624,0.04274979761844347,0.00435251278491809,0.003579116794247824,0.003965814789582957,0.00435251278491809,0.20839310020066532,157.42857804536806,4.490863435129475,16.518118382085426,0.0,435,0.023419293529877906,0.05538948252797127,0.1019728384760674,0.1071065366268158,0.4525096301175654,0.695062667131424,0.6646643102541566,0.8883674378693104,0.9469255598634482,0.9471036874875426,1,INSERTION,jam,ood,20260921,results/a2po_dual_panda_dynamic_vertical/formal/seed_20260921/checkpoint_best.pt
43000018,no_staged_alignment_recovery,0,1600,12.8,0.0,0.0,0.0,0.0,0.021537330159389932,0.020671029859210953,0.021104180009300443,0.021537330159389932,2.9396227323677597,113.1677317459335,15.170489966376785,16.203460578239557,0.0,1498,0.050061525053461085,0.05514275282621384,0.10479903931467562,0.10710960626602173,0.45426570074632766,0.6942335831746459,0.6654937579855322,0.8888391523808241,0.9454216488450765,0.9455243204534054,1,COMPLIANT_ALIGNMENT,jam,ood,20260921,results/a2po_dual_panda_dynamic_vertical/formal/seed_20260921/checkpoint_best.pt
43000019,no_staged_alignment_recovery,0,1600,12.8,0.0,0.0,0.0,0.0,0.020772149737875202,0.020226091784139828,0.020499120761007517,0.020772149737875202,2.537946713036899,332.02219950191727,15.083001767912629,16.18564911378954,0.0,1491,0.0496872108138632,0.0557088777422905,0.10509067046150448,0.10710557550191879,0.454862224124372,0.6936244759336114,0.6652993823215365,0.8883021746948362,0.9448314514756203,0.9449340401217341,1,COMPLIANT_ALIGNMENT,jam,ood,20260921,results/a2po_dual_panda_dynamic_vertical/formal/seed_20260921/checkpoint_best.pt
43000020,no_staged_alignment_recovery,1,405,3.24,0.04215539003599522,0.0417054129145622,0.04193040147527871,0.0417054129145622,0.00047980482653354,0.00012888421921279061,0.0003043445228731653,0.00047980482653354,0.22139668242670843,187.00426943124097,4.965127116993583,24.522883931492693,0.0,82,0.03381313114300554,0.05449328571557999,0.09425914572712815,0.10710164159536362,0.455557973149382,0.691464571893951,0.6627757409472524,0.884650221871741,0.9435404177065249,0.9438218302196927,1,SUCCESS,success,ood,20260921,results/a2po_dual_panda_dynamic_vertical/formal/seed_20260921/checkpoint_best.pt
43000021,no_staged_alignment_recovery,0,1600,12.8,0.043234007865601554,0.043692985789897276,0.043463496827749415,0.043234007865601554,0.0031918583593178508,0.0030134726104697825,0.0031026654848938166,0.0031918583593178508,0.2401732964665212,0.0,0.0,0.0,0.0,4,0.02498983302153647,0.052721284329891205,0.10272742747329175,0.10616282373666763,0.4520319198817015,0.6953699648380279,0.6644905715435744,0.8883419316262007,0.9473967154324054,0.9475778130814433,0,INSERTION,lateral_tolerance,ood,20260921,results/a2po_dual_panda_dynamic_vertical/formal/seed_20260921/checkpoint_best.pt
43000022,no_staged_alignment_recovery,0,1600,12.8,0.04283297253918181,0.04304371943966376,0.04293834598942278,0.04283297253918181,0.0031791389959491324,0.0027725080384933347,0.0029758235172212336,0.0031791389959491324,0.10565569317819459,0.0,0.0,0.0,0.0,4,0.02299893925373908,0.052724242210388184,0.1022727266815491,0.10634525865316391,0.45219783471897246,0.6951533857733011,0.6643493736162782,0.8880860696360469,0.9472125748544932,0.9474011703953147,0,INSERTION,lateral_tolerance,ood,20260921,results/a2po_dual_panda_dynamic_vertical/formal/seed_20260921/checkpoint_best.pt
43000023,no_staged_alignment_recovery,0,1600,12.8,0.0,0.0,0.0,0.0,0.01627351627175273,0.016659571951988632,0.01646654411187068,0.016659571951988632,1.6496483483608182,142.70558383247075,15.57479140198362,16.67983014938005,0.0,1494,0.04443575596291339,0.056081004440784454,0.10301280850719195,0.10703925043344498,0.4538314386084676,0.6945740387961269,0.665481597110629,0.8890224247425794,0.9458020424842835,0.9459208019077778,1,COMPLIANT_ALIGNMENT,jam,ood,20260921,results/a2po_dual_panda_dynamic_vertical/formal/seed_20260921/checkpoint_best.pt
43000024,no_staged_alignment_recovery,0,1600,12.8,0.0,0.0,0.0,0.0,0.00896723057363565,0.008185359723400242,0.008576295148517946,0.00896723057363565,2.5170494300140294,119.4547099027366,14.824327616669265,15.940137222225017,0.0,1488,0.03895381045324029,0.05492061749100685,0.10401012346148492,0.10706745088100433,0.4520541125535965,0.6960617303475738,0.665928908996284,0.8901618248596788,0.9475128097459674,0.9476447544619441,1,COMPLIANT_ALIGNMENT,jam,ood,20260921,results/a2po_dual_panda_dynamic_vertical/formal/seed_20260921/checkpoint_best.pt
43000025,no_staged_alignment_recovery,0,1600,12.8,0.0,0.0,0.0,0.0,0.018927531656863103,0.01864694339666276,0.01878723752676293,0.018927531656863103,2.8627654802018023,161.5631666544427,15.452342932937551,16.515530188844412,0.0,1497,0.04837593301781453,0.05410907045006752,0.10351067062409129,0.10704366862773895,0.4536488475650549,0.6947693974152207,0.6656150487065315,0.889236216545105,0.945994540862739,0.9461094146966934,1,COMPLIANT_ALIGNMENT,jam,ood,20260921,results/a2po_dual_panda_dynamic_vertical/formal/seed_20260921/checkpoint_best.pt
43000026,no_staged_alignment_recovery,0,1600,12.8,0.0,0.0,0.0,0.0,0.020079700641962406,0.020368460747511762,0.020224080694737086,0.020368460747511762,2.8457245491332506,56.8428169821927,15.087405077886256,16.114718374244333,0.0,1498,0.04970527385477908,0.05488920584321022,0.1043501293376903,0.10704774409532547,0.4542120668664575,0.6942692405730486,0.6654850527271629,0.8888479536399245,0.9454631378501653,0.9455699177458883,1,COMPLIANT_ALIGNMENT,jam,ood,20260921,results/a2po_dual_panda_dynamic_vertical/formal/seed_20260921/checkpoint_best.pt
43000027,no_staged_alignment_recovery,0,1600,12.8,0.0,0.0,0.0,0.0,0.023599385110101793,0.024174263875808396,0.023886824492955094,0.024174263875808396,2.1552867139019884,124.75828596933347,15.745257081567525,16.851111257864908,0.0,1495,0.04799894430470886,0.0563279390335083,0.10405816085200058,0.10707073658704758,0.4548480049148202,0.6936101853102445,0.6651432648673654,0.8881923172995448,0.9448249021172523,0.9449365198612213,1,COMPLIANT_ALIGNMENT,jam,ood,20260921,results/a2po_dual_panda_dynamic_vertical/formal/seed_20260921/checkpoint_best.pt
43000028,no_staged_alignment_recovery,0,1600,12.8,0.0,0.0,0.0,0.0,0.02215188433887866,0.022546224621156248,0.022349054480017456,0.022546224621156248,2.864877181278842,59.402084275111875,14.938543044989455,16.009155306083812,0.0,1493,0.05026731512800325,0.05514594912528992,0.10427680095672258,0.1070641577243805,0.4545210568793118,0.6939768842607736,0.6653894622251392,0.8886034739390015,0.9451597637683153,0.9452667703479528,1,COMPLIANT_ALIGNMENT,jam,ood,20260921,results/a2po_dual_panda_dynamic_vertical/formal/seed_20260921/checkpoint_best.pt
43000029,no_staged_alignment_recovery,0,1600,12.8,0.0,0.0,0.0,0.0,0.023279506510939796,0.024779088432313225,0.02402929747162651,0.024779088432313225,2.062700586594153,159.92544362193635,15.77614119397722,16.929460704469182,0.0,1491,0.04816085922968341,0.05642237886786461,0.10471044762285601,0.10706587135791779,0.45570817463099955,0.69275475371629,0.6648834501206875,0.8874474180489779,0.9439820498600602,0.944090066999197,1,COMPLIANT_ALIGNMENT,jam,ood,20260921,results/a2po_dual_panda_dynamic_vertical/formal/seed_20260921/checkpoint_best.pt
43000030,no_staged_alignment_recovery,0,1600,12.8,0.0,0.0,0.0,0.0,0.024115587242377293,0.02530723636223351,0.024711411802305402,0.02530723636223351,2.039418649233546,262.4539349787162,16.032690382704743,17.15873218215892,0.0,1495,0.048275273969047704,0.05637400224804878,0.10440374253412302,0.10706916451454163,0.4551302538998425,0.6933224358037114,0.6650576414912939,0.8879406090825797,0.9445502490177751,0.9446603493764997,1,COMPLIANT_ALIGNMENT,jam,ood,20260921,results/a2po_dual_panda_dynamic_vertical/formal/seed_20260921/checkpoint_best.pt
43000031,no_staged_alignment_recovery,0,1600,12.8,0.0,0.0,0.0,0.0,0.01647406291496224,0.015561297028090794,0.016017679971526515,0.01647406291496224,2.467824375708597,257.7679228887271,14.876816673783376,15.996577068584278,0.0,1488,0.046149806898320093,0.05476800352334976,0.10425318773661274,0.107088103890419,0.4541930021904409,0.6943105981871486,0.6655280229821802,0.8889213658496737,0.9454827795550227,0.9455889901146293,1,COMPLIANT_ALIGNMENT,jam,ood,20260921,results/a2po_dual_panda_dynamic_vertical/formal/seed_20260921/checkpoint_best.pt
43000032,no_staged_alignment_recovery,0,1600,12.8,0.0,0.0,0.0,0.0,0.02647579431381282,0.02683655949797859,0.026656176905895702,0.02683655949797859,2.4560913386427674,253.32202432370943,15.894175093780039,16.99911774735833,0.0,1496,0.04899900582386181,0.05637437105178833,0.10434750084401458,0.10703060030937195,0.45545244615525005,0.6929992466419935,0.6649255355075002,0.8876389856636524,0.9442291240394115,0.9443402183428407,1,COMPLIANT_ALIGNMENT,jam,ood,20260921,results/a2po_dual_panda_dynamic_vertical/formal/seed_20260921/checkpoint_best.pt
43000033,no_staged_alignment_recovery,0,1600,12.8,0.04305058552757868,0.04325796892101959,0.04315427722429913,0.04305058552757868,0.003041844413153329,0.002858057701901589,0.002949951057527459,0.003041844413153329,0.1108446915726555,194.78006204826494,5.780035728738499,16.484950384993937,0.0,561,0.02652461364021292,0.05427315831184387,0.10303069290705025,0.10706046223640442,0.45206553118303416,0.6955390171334147,0.6648915433138609,0.888839562907815,0.9473975728452205,0.9475656953454018,1,INSERTION,jam,ood,20260921,results/a2po_dual_panda_dynamic_vertical/formal/seed_20260921/checkpoint_best.pt
43000034,no_staged_alignment_recovery,0,1600,12.8,0.0,0.0,0.0,0.0,0.008494907327939437,0.008512292586006361,0.008503599956972899,0.008512292586006361,1.7195900852101824,444.6113651833266,16.147964518397806,17.27055028705648,0.0,1496,0.0390565198881086,0.055053360760211945,0.10491726361447945,0.10709807276725769,0.45160397784784434,0.6964475567266345,0.6659900515154004,0.8904100956395269,0.9479710320010781,0.948101402707398,1,COMPLIANT_ALIGNMENT,jam,ood,20260921,results/a2po_dual_panda_dynamic_vertical/formal/seed_20260921/checkpoint_best.pt
43000035,no_staged_alignment_recovery,0,1600,12.8,0.0,0.0,0.0,0.0,0.014283005415824689,0.014917166160480335,0.01460008578815251,0.014917166160480335,2.282565919096439,61.96145044966609,15.114978043939141,16.154953153174766,0.0,1497,0.04617522068176186,0.05376189202070236,0.10285815160619677,0.10704335570335388,0.45263145634904506,0.6955669590085745,0.6657759629189968,0.8897688996046782,0.9469484907388687,0.9470785958692431,1,COMPLIANT_ALIGNMENT,jam,ood,20260921,results/a2po_dual_panda_dynamic_vertical/formal/seed_20260921/checkpoint_best.pt
43000036,no_staged_alignment_recovery,0,1600,12.8,0.0,0.0,0.0,0.0,0.016096654899465088,0.016154862869995568,0.016125758884730328,0.016154862869995568,2.6667082246127425,103.1033480945752,15.103107657451996,16.14226603334883,0.0,1497,0.04606757995352382,0.05398532748222351,0.10284164918106399,0.10707943141460419,0.45286182371899486,0.6954334377497434,0.6657923546805978,0.8897381622716785,0.9467437195405364,0.9468666763231158,1,COMPLIANT_ALIGNMENT,jam,ood,20260921,results/a2po_dual_panda_dynamic_vertical/formal/seed_20260921/checkpoint_best.pt
43000037,no_staged_alignment_recovery,0,1600,12.8,0.0,0.0,0.0,0.0,0.008171488281243975,0.008173258869072816,0.008172373575158397,0.008173258869072816,1.880561428416133,365.3563482087216,16.046974444057465,17.12819153468442,0.0,1499,0.03907216096005868,0.05435428395867348,0.10488428832730279,0.10709892958402634,0.45163733115419746,0.6964411782473325,0.6660216353088617,0.8904399355128407,0.947940951436758,0.9480691292136908,1,COMPLIANT_ALIGNMENT,jam,ood,20260921,results/a2po_dual_panda_dynamic_vertical/formal/seed_20260921/checkpoint_best.pt
43000038,no_staged_alignment_recovery,0,1600,12.8,0.0,0.0,0.0,0.0,0.013770273695202425,0.013086546662504977,0.013428410178853701,0.013770273695202425,2.0643988297385794,184.0047617257414,15.107833963664438,16.16891929221612,0.0,1495,0.04430295115627814,0.05554643273353577,0.10290942292223917,0.1070900708436966,0.4529095414094627,0.6954009154066444,0.6658031146600842,0.889732841141522,0.9466970773786306,0.946819786131382,1,COMPLIANT_ALIGNMENT,jam,ood,20260921,results/a2po_dual_panda_dynamic_vertical/formal/seed_20260921/checkpoint_best.pt
43000039,no_staged_alignment_recovery,0,1600,12.8,0.043240304184655354,0.04359033761402489,0.043415320899340124,0.043240304184655354,0.001979867258233759,0.001836454791021374,0.0019081610246275667,0.001979867258233759,0.183154060565104,339.6229355304437,0.7582049208348779,52.74469014503499,0.0,23,0.02628104622068349,0.05517037585377693,0.10026694289466832,0.10712064802646637,0.4531929983757436,0.6942620462924242,0.6641303342953324,0.8874398848414421,0.946192542873323,0.9463899210840464,1,INSERTION,jam,ood,20260921,results/a2po_dual_panda_dynamic_vertical/formal/seed_20260921/checkpoint_best.pt
43000040,no_staged_alignment_recovery,0,1600,12.8,0.0432724692414381,0.0435645654532896,0.04341851734736385,0.0432724692414381,0.0036156817043097277,0.0034456533626758996,0.0035306675334928136,0.0036156817043097277,0.16347481177853557,0.0,0.0,0.0,0.0,5,0.024604472852079198,0.05337503179907799,0.10294184181606397,0.10625777393579483,0.4519436009787023,0.6954698315262795,0.6645285957306624,0.8884332344681024,0.9474964586645365,0.9476757198944687,0,INSERTION,lateral_tolerance,ood,20260921,results/a2po_dual_panda_dynamic_vertical/formal/seed_20260921/checkpoint_best.pt
43000041,no_staged_alignment_recovery,0,1600,12.8,0.04293461235758586,0.04322882204603182,0.04308171720180884,0.04293461235758586,0.0041146735525113,0.003471130629681332,0.003792902091096316,0.0041146735525113,0.1468867286135106,453.39369843366046,12.467879989040112,16.623839985386812,0.0,1200,0.03240760517597664,0.05273817479610443,0.10388453239575028,0.10707896947860718,0.4519574884697795,0.6959679329022765,0.6656094627082347,0.8897769062966109,0.9475744815170765,0.9477180018648506,1,INSERTION,jam,ood,20260921,results/a2po_dual_panda_dynamic_vertical/formal/seed_20260921/checkpoint_best.pt
43000042,no_staged_alignment_recovery,0,1600,12.8,0.0,0.0,0.0,0.0,0.02259051246445324,0.023174804413752685,0.022882658439102962,0.023174804413752685,2.1867025740859196,145.27894480914722,15.696702924294065,16.787917566089913,0.0,1496,0.047830388370202856,0.05636671558022499,0.10389376001010532,0.10708487778902054,0.4552615264989436,0.693233808428049,0.6650442757830024,0.8878979070857167,0.9444184847921133,0.9445311603322625,1,COMPLIANT_ALIGNMENT,jam,ood,20260921,results/a2po_dual_panda_dynamic_vertical/formal/seed_20260921/checkpoint_best.pt
43000043,no_staged_alignment_recovery,0,1600,12.8,0.0,0.0,0.0,0.0,0.012846904573441087,0.012606563836342692,0.01272673420489189,0.012846904573441087,2.463736738319648,110.10363928302245,14.819848742218873,15.924619199160645,0.0,1489,0.04276944103505229,0.05374179780483246,0.10307494488370139,0.10706639289855957,0.4525338122062385,0.695672696121037,0.6658318164944649,0.889884973987937,0.9470478123798967,0.9471748527139425,1,COMPLIANT_ALIGNMENT,jam,ood,20260921,results/a2po_dual_panda_dynamic_vertical/formal/seed_20260921/checkpoint_best.pt
43000044,no_staged_alignment_recovery,0,1600,12.8,0.0,0.0,0.0,0.0,0.03563386078070129,0.03869740309326183,0.03716563193698156,0.03869740309326183,3.3564797049983612,60.46569719782856,16.11332470245212,17.233502355563765,0.0,1496,0.05184708559012506,0.05646944418549538,0.104272890883949,0.10683219134807587,0.4561364326439798,0.6921848198398948,0.6643845908716322,0.8866747784987092,0.9435265117511153,0.9436455450206995,1,COARSE_ALIGNMENT,jam,ood,20260921,results/a2po_dual_panda_dynamic_vertical/formal/seed_20260921/checkpoint_best.pt
43000045,no_staged_alignment_recovery,0,1600,12.8,0.031715764796820686,0.03255278635314146,0.032134275574981074,0.031715764796820686,0.0019744300731918394,0.004694962264053841,0.0033346961686228404,0.004694962264053841,1.4768628220044973,250.30585002144966,14.401527440323822,16.012817167837465,0.0,1439,0.038610056081670334,0.05543249100446701,0.10364324151072651,0.10709872841835022,0.45213570768013595,0.6958657500520349,0.6657300821691752,0.8898386735841632,0.9474031730368734,0.9475451727584004,1,INSERTION,jam,ood,20260921,results/a2po_dual_panda_dynamic_vertical/formal/seed_20260921/checkpoint_best.pt
43000046,no_staged_alignment_recovery,0,1600,12.8,0.0,0.0,0.0,0.0,0.009481671673977248,0.00937623633445426,0.009428954004215754,0.009481671673977248,2.2625328834090284,493.82043673015045,15.371768314905705,16.46240247914935,0.0,1494,0.042030497707019096,0.05365675315260887,0.10284151590181864,0.10706827789545059,0.4529012409038842,0.6953983844444156,0.6657894980534911,0.8897138525545597,0.9467033542320132,0.9468249041214585,1,COMPLIANT_ALIGNMENT,jam,ood,20260921,results/a2po_dual_panda_dynamic_vertical/formal/seed_20260921/checkpoint_best.pt
43000047,no_staged_alignment_recovery,0,1600,12.8,0.0,0.0,0.0,0.0,0.015985951630635292,0.015563208703835256,0.015774580167235274,0.015985951630635292,0.38748232690264,136.46484366790364,15.72302225882976,16.838578054971627,0.0,1494,0.04545623703626916,0.05621996521949768,0.10363700374771724,0.1070670336484909,0.45446321679279206,0.6940089686587453,0.6653136929869652,0.8885687366500497,0.9452002254873514,0.9453128534927964,1,COMPLIANT_ALIGNMENT,jam,ood,20260921,results/a2po_dual_panda_dynamic_vertical/formal/seed_20260921/checkpoint_best.pt
43000048,no_staged_alignment_recovery,0,1600,12.8,0.04332460371345262,0.04339683273975854,0.04336071822660558,0.04332460371345262,0.0017694717646970835,0.0016822492211277986,0.001725860492912441,0.0017694717646970835,0.04210184511221217,78.17437877544738,0.048858986734654615,15.634875755089476,0.0,5,0.025286137751245406,0.056156449019908905,0.10068979726565885,0.1053987368941307,0.45321153791621327,0.6942141688615083,0.6640658677369357,0.8873394386097789,0.9461865037307143,0.9463852602243423,0,INSERTION,lateral_tolerance,ood,20260921,results/a2po_dual_panda_dynamic_vertical/formal/seed_20260921/checkpoint_best.pt
43000049,no_staged_alignment_recovery,0,1600,12.8,0.0,0.0,0.0,0.0,0.015306223368777273,0.015686367689656068,0.01549629552921667,0.015686367689656068,2.6502022656222053,63.80419497209837,15.144441650245165,16.208098087218904,0.0,1495,0.04581365120160626,0.053894322365522385,0.1026636789541226,0.10707647353410721,0.4530808532051742,0.6952311727777123,0.6657211407274007,0.8895638377964497,0.9465280336141586,0.946649860329926,1,COMPLIANT_ALIGNMENT,jam,ood,20260921,results/a2po_dual_panda_dynamic_vertical/formal/seed_20260921/checkpoint_best.pt
43000050,no_staged_alignment_recovery,0,1600,12.8,0.0,0.0,0.0,0.0,0.016280877457925884,0.0164438590504964,0.01636236825421114,0.0164438590504964,1.8162177663405366,221.7418916293743,15.618607144944932,16.749176562943624,0.0,1492,0.047955933637567796,0.05469346046447754,0.10376775872166036,0.10708192735910416,0.4543035243079066,0.6941901311650872,0.6654575419053436,0.8887864886596799,0.9453647629544139,0.9454748316481709,1,COMPLIANT_ALIGNMENT,jam,ood,20260921,results/a2po_dual_panda_dynamic_vertical/formal/seed_20260921/checkpoint_best.pt
43000051,no_staged_alignment_recovery,0,1600,12.8,0.0,0.0,0.0,0.0,0.02126266618067549,0.021326962287118587,0.02129481423389704,0.021326962287118587,3.2183047525892134,277.34900453458386,15.152111642763284,16.194641702352207,0.0,1497,0.04901787350361701,0.054757487028837204,0.10468635401688516,0.10705605149269104,0.45413604760542514,0.6943654851987958,0.6655444590374827,0.8889609114080668,0.9455489286780357,0.9456511501595378,1,COMPLIANT_ALIGNMENT,jam,ood,20260921,results/a2po_dual_panda_dynamic_vertical/formal/seed_20260921/checkpoint_best.pt
43000052,no_staged_alignment_recovery,0,1600,12.8,0.0,0.0,0.0,0.0,0.02656810163198924,0.027488846049534194,0.027028473840761714,0.027488846049534194,3.5414938569773264,60.68419439759979,14.984198392131708,16.015175302211578,0.0,1497,0.0516943100723438,0.055667318403720856,0.10527303978189594,0.10702977329492569,0.4548529949784279,0.6936010538041592,0.6652779422327876,0.8882524941861629,0.9448364628106356,0.9449401815235615,1,COMPLIANT_ALIGNMENT,jam,ood,20260921,results/a2po_dual_panda_dynamic_vertical/formal/seed_20260921/checkpoint_best.pt
43000053,no_staged_alignment_recovery,0,1600,12.8,0.0,0.0,0.0,0.0,0.009882461366927055,0.0100035878526524,0.009943024609789727,0.0100035878526524,2.7112047357018687,109.76721011058747,15.081010370918243,16.151015122804008,0.0,1494,0.0400118381017819,0.0530567467212677,0.10354906069289427,0.10707348585128784,0.4522919328324497,0.6958769643306733,0.6658901973068714,0.8900357502698898,0.9472845618054271,0.9474130729213357,1,COMPLIANT_ALIGNMENT,jam,ood,20260921,results/a2po_dual_panda_dynamic_vertical/formal/seed_20260921/checkpoint_best.pt
43000054,no_staged_alignment_recovery,0,1600,12.8,0.0,0.0,0.0,0.0,0.025946751886370772,0.02540787905091475,0.025677315468642763,0.025946751886370772,3.5525050117181087,346.44916238545386,15.23068648760957,16.256903522465183,0.0,1499,0.051571417475352065,0.055544741451740265,0.1053363379323855,0.10710649937391281,0.4546066146157682,0.6938704197481275,0.6653727025911212,0.8885057778656482,0.9450878101959824,0.9451884654909373,1,COMPLIANT_ALIGNMENT,jam,ood,20260921,results/a2po_dual_panda_dynamic_vertical/formal/seed_20260921/checkpoint_best.pt
43000055,no_staged_alignment_recovery,0,1600,12.8,0.0,0.0,0.0,0.0,0.014721281067113325,0.014342537387350102,0.014531909227231713,0.014721281067113325,1.651703461955122,64.19669469506731,14.963127119620527,16.067787511001907,0.0,1490,0.04664865594357252,0.054704003036022186,0.10390178304049186,0.10708921402692795,0.4541644746810198,0.6943242715671658,0.6655103619024157,0.8889095276966691,0.9455027750879527,0.9456121518835425,1,COMPLIANT_ALIGNMENT,jam,ood,20260921,results/a2po_dual_panda_dynamic_vertical/formal/seed_20260921/checkpoint_best.pt
43000056,no_staged_alignment_recovery,0,1600,12.8,0.0,0.0,0.0,0.0,0.008590263232090865,0.007707046071433947,0.008148654651762406,0.008590263232090865,2.7990137348287254,243.46010369580534,15.320180755342959,16.38522005919033,0.0,1496,0.04036875328310998,0.05351508408784866,0.10405265503271949,0.10710152238607407,0.4520474868454039,0.696089521870017,0.6659481744468212,0.8901963174715638,0.9475290037691593,0.9476576745510101,1,COMPLIANT_ALIGNMENT,jam,ood,20260921,results/a2po_dual_panda_dynamic_vertical/formal/seed_20260921/checkpoint_best.pt
43000057,no_staged_alignment_recovery,0,1600,12.8,0.0,0.0,0.0,0.0,0.015960437601329966,0.01591779318604115,0.01593911539368556,0.015960437601329966,1.624777640521891,45.27876873061024,15.44659519448162,16.52042266789478,0.0,1496,0.04359798598423367,0.05610362067818642,0.10248562637279975,0.1069301888346672,0.45378028886392713,0.6945932936295867,0.6654744636267423,0.8890190755203367,0.9458383083343506,0.9459628092497587,1,COMPLIANT_ALIGNMENT,jam,ood,20260921,results/a2po_dual_panda_dynamic_vertical/formal/seed_20260921/checkpoint_best.pt
43000058,no_staged_alignment_recovery,0,1600,12.8,0.0,0.0,0.0,0.0,0.005451175890861468,0.005715235884100208,0.005583205887480838,0.005715235884100208,0.0160117169256829,244.75052541386128,15.297985361162164,16.43839931353893,0.0,1489,0.0352062978540198,0.05441619083285332,0.10471627689199522,0.10705600678920746,0.4517159581743181,0.6963623245805501,0.6660117734223604,0.8903873620554805,0.9478568786755204,0.9479866209626198,1,COMPLIANT_ALIGNMENT,jam,ood,20260921,results/a2po_dual_panda_dynamic_vertical/formal/seed_20260921/checkpoint_best.pt
43000059,no_staged_alignment_recovery,0,1600,12.8,0.0,0.0,0.0,0.0,0.021417940201588062,0.022969873802449026,0.022193907002018544,0.022969873802449026,1.882323328365299,437.91147923696235,15.870435757098662,16.97372808245846,0.0,1496,0.04716398739197757,0.05634590610861778,0.104061556143497,0.10703511536121368,0.4550712030753493,0.6934186584874987,0.6651302994787693,0.8880722401663661,0.944608919993043,0.9447208506241441,1,COMPLIANT_ALIGNMENT,jam,ood,20260921,results/a2po_dual_panda_dynamic_vertical/formal/seed_20260921/checkpoint_best.pt
43000060,no_staged_alignment_recovery,0,1600,12.8,0.0,0.0,0.0,0.0,0.016861183467391728,0.016895241653148724,0.016878212560270226,0.016895241653148724,2.543475679053796,121.55185110483528,14.828831948696333,15.944980589996058,0.0,1488,0.04610471171356039,0.05454622581601143,0.1042136827541981,0.1070738285779953,0.454054786991328,0.694440595023334,0.6655676988139748,0.8890296167135239,0.9456182868778705,0.9457241122424602,1,COMPLIANT_ALIGNMENT,jam,ood,20260921,results/a2po_dual_panda_dynamic_vertical/formal/seed_20260921/checkpoint_best.pt
43000061,no_staged_alignment_recovery,0,1600,12.8,0.0,0.0,0.0,0.0,0.03687115261212843,0.03478337178935618,0.0358272622007423,0.03687115261212843,3.4713424510754276,201.85177994773883,17.746789992894968,18.929909325754632,0.0,1500,0.05134052387089469,0.05640258640050888,0.1039067122527922,0.10703262686729431,0.4560514299944043,0.6923394399881363,0.6644729920104147,0.8868835261464119,0.9436197082698345,0.9437357646226883,1,COARSE_ALIGNMENT,jam,ood,20260921,results/a2po_dual_panda_dynamic_vertical/formal/seed_20260921/checkpoint_best.pt
43000062,no_staged_alignment_recovery,0,1600,12.8,0.0,0.0,0.0,0.0,0.016077576673867177,0.016587855092277757,0.016332715883072467,0.016587855092277757,1.791790508171917,49.12677216824224,15.346472440492361,16.47943349314616,0.0,1490,0.044118986321263945,0.05621062591671944,0.1025143000954995,0.10692714899778366,0.45395932329818606,0.6944462255761027,0.6654313449189067,0.8889097379520535,0.9456676861643791,0.9457899180054664,1,COMPLIANT_ALIGNMENT,jam,ood,20260921,results/a2po_dual_panda_dynamic_vertical/formal/seed_20260921/checkpoint_best.pt
43000063,no_staged_alignment_recovery,0,1600,12.8,0.0,0.0,0.0,0.0,0.02804299057650371,0.026604405288434333,0.02732369793246902,0.02804299057650371,1.954232969014006,104.80094381182123,15.885270422443647,16.944288450606557,0.0,1500,0.05033182669314556,0.05637039616703987,0.10362892206721881,0.10697046667337418,0.45559934904798866,0.6928647965937853,0.6647825510054827,0.8874717927724123,0.9440759574621915,0.9441902880370617,1,COMPLIANT_ALIGNMENT,jam,ood,20260921,results/a2po_dual_panda_dynamic_vertical/formal/seed_20260921/checkpoint_best.pt
43000064,no_staged_alignment_recovery,0,1600,12.8,0.0,0.0,0.0,0.0,0.014992967145301057,0.01381910813241756,0.01440603763885931,0.014992967145301057,1.297546938141128,413.4185762686402,15.75490073913315,16.838905265606574,0.0,1497,0.04327614342531888,0.055957503616809845,0.1021905004947621,0.1070847138762474,0.45302168937399984,0.6951892382279038,0.6655843159928918,0.889410121999681,0.9465517143160105,0.9466864766925573,1,COMPLIANT_ALIGNMENT,jam,ood,20260921,results/a2po_dual_panda_dynamic_vertical/formal/seed_20260921/checkpoint_best.pt
43000065,no_staged_alignment_recovery,0,1600,12.8,0.0,0.0,0.0,0.0,0.036821589842570716,0.03814459454744814,0.03748309219500943,0.03814459454744814,3.5017267443252993,526.4879616993857,16.97417955882582,18.093729043385288,0.0,1501,0.05205893229751382,0.05642233416438103,0.10368665391375544,0.10706062614917755,0.4556144679710269,0.6926963128149509,0.6644969468191266,0.8870998740568757,0.9440361700206995,0.9441586141288281,1,COARSE_ALIGNMENT,jam,ood,20260921,results/a2po_dual_panda_dynamic_vertical/formal/seed_20260921/checkpoint_best.pt
43000066,no_staged_alignment_recovery,0,1600,12.8,0.0,0.0,0.0,0.0,0.0294458342164209,0.029368032330793468,0.02940693327360718,0.0294458342164209,3.3369434450317716,275.97449554709317,14.956599903320033,16.082365487440896,0.0,1488,0.05269475635956042,0.056266799569129944,0.105364846947341,0.10709919035434723,0.45565544875338676,0.6927787236869335,0.6649426401406526,0.8874582026153803,0.9440364123880863,0.94414161875844,1,COMPLIANT_ALIGNMENT,jam,ood,20260921,results/a2po_dual_panda_dynamic_vertical/formal/seed_20260921/checkpoint_best.pt
43000067,no_staged_alignment_recovery,0,1600,12.8,0.0,0.0,0.0,0.0,0.008999767359164697,0.009637550562267429,0.009318658960716063,0.009637550562267429,1.6631539273777562,121.02246392278592,15.689416232691496,16.813841910453043,0.0,1493,0.039839779107423964,0.05548742413520813,0.10464780470356345,0.10709279775619507,0.4517300311662257,0.6963307179883123,0.6659547166898847,0.8903211442753672,0.9478401714563369,0.9479718586057424,1,COMPLIANT_ALIGNMENT,jam,ood,20260921,results/a2po_dual_panda_dynamic_vertical/formal/seed_20260921/checkpoint_best.pt
43000068,no_staged_alignment_recovery,0,1600,12.8,0.0,0.0,0.0,0.0,0.019443156586597315,0.019117936248726496,0.019280546417661908,0.019443156586597315,2.6227569568728843,214.22213001008984,15.223901205364745,16.271370693776614,0.0,1497,0.04936814213288017,0.05500812828540802,0.1045533472445095,0.10705387592315674,0.45412025002762674,0.6943741400167346,0.6655330930650234,0.8889550380781293,0.9455610201507807,0.9456649332121014,1,COMPLIANT_ALIGNMENT,jam,ood,20260921,results/a2po_dual_panda_dynamic_vertical/formal/seed_20260921/checkpoint_best.pt
43000069,no_staged_alignment_recovery,0,1600,12.8,0.0,0.0,0.0,0.0,0.011611739396652127,0.01204888681349389,0.011830313105073008,0.01204888681349389,1.534161249828924,103.57031975253295,15.015842845682952,16.124395002075655,0.0,1490,0.04407358119584387,0.053683213889598846,0.10283198385281139,0.10709020495414734,0.45264297891408206,0.6955601347982884,0.6657813695818185,0.8897741575539112,0.9469356307014823,0.9470644368603826,1,COMPLIANT_ALIGNMENT,jam,ood,20260921,results/a2po_dual_panda_dynamic_vertical/formal/seed_20260921/checkpoint_best.pt
43000070,no_staged_alignment_recovery,0,1600,12.8,0.0,0.0,0.0,0.0,0.012647963709305968,0.01198357561048974,0.012315769659897854,0.012647963709305968,2.194261594672125,527.2282874625514,15.181859058076588,16.29173339565563,0.0,1491,0.04302672324323794,0.053846124559640884,0.1029130886690109,0.10709286481142044,0.45302149491384625,0.6953203726559878,0.6657935321331024,0.8896892451494932,0.9465937933325768,0.9467127452418208,1,COMPLIANT_ALIGNMENT,jam,ood,20260921,results/a2po_dual_panda_dynamic_vertical/formal/seed_20260921/checkpoint_best.pt
43000071,no_staged_alignment_recovery,0,1600,12.8,0.0,0.0,0.0,0.0,0.014016626744558275,0.014155883719334681,0.014086255231946478,0.014155883719334681,1.5306487004674412,524.5834991971476,15.774382980663255,16.893582844083806,0.0,1494,0.0424049301672494,0.055893637239933014,0.10270958050212357,0.10709160566329956,0.4527100279554725,0.695495760627091,0.6657136869803071,0.8896932206302881,0.9468680336698889,0.94699831597507,1,COMPLIANT_ALIGNMENT,jam,ood,20260921,results/a2po_dual_panda_dynamic_vertical/formal/seed_20260921/checkpoint_best.pt
43000072,no_staged_alignment_recovery,1,236,1.8880000000000001,0.049706313230757165,0.049781675076672804,0.049743994153714985,0.049706313230757165,0.0006247113053061028,0.0007073219921759791,0.0006660166487410409,0.0007073219921759791,0.47889840453999993,0.0,0.0,0.0,0.0,5,0.04261902022230739,0.05400756746530533,0.080336228395828,0.10536324232816696,0.461347959430541,0.6849703879679664,0.6600484582832304,0.8784662348739172,0.9372673562522662,0.9377260460691937,0,SUCCESS,success,ood,20260921,results/a2po_dual_panda_dynamic_vertical/formal/seed_20260921/checkpoint_best.pt
43000073,no_staged_alignment_recovery,0,1600,12.8,0.0,0.0,0.0,0.0,0.013082400152546443,0.012491393161031551,0.012786896656788997,0.013082400152546443,0.11047547098589604,252.33265965072897,15.538149293374413,16.640588265996694,0.0,1494,0.04349600982764969,0.0560549832880497,0.10264204918566974,0.10708840191364288,0.45403837008401754,0.6943810490891338,0.6654256266728044,0.8888637327775359,0.9455922109261156,0.9457131706178188,1,COMPLIANT_ALIGNMENT,jam,ood,20260921,results/a2po_dual_panda_dynamic_vertical/formal/seed_20260921/checkpoint_best.pt
43000074,no_staged_alignment_recovery,0,1600,12.8,0.0,0.0,0.0,0.0,0.010446997872363634,0.011683216923445774,0.011065107397904703,0.011683216923445774,0.9868446580173095,634.8167261221901,15.708186317932892,16.85653796693,0.0,1491,0.040126057880115695,0.05558684095740318,0.1035890271916287,0.10709158331155777,0.4522532313130796,0.6958895036578179,0.6658505311980843,0.8900112766772509,0.9473163869604468,0.9474476764723658,1,COMPLIANT_ALIGNMENT,jam,ood,20260921,results/a2po_dual_panda_dynamic_vertical/formal/seed_20260921/checkpoint_best.pt
43000075,no_staged_alignment_recovery,0,1600,12.8,0.0422044424850396,0.0427388311942713,0.04247163683965545,0.0422044424850396,0.004587052114846336,0.003789579499666944,0.00418831580725664,0.004587052114846336,0.2655875787676865,41.92782630606382,8.582283799337329,12.991158069006364,0.0,1057,0.028565636871207972,0.05317043513059616,0.10301414512912743,0.10708005726337433,0.4522512499988079,0.6955663318559527,0.6652623210847378,0.8892312356084585,0.9472457282617688,0.9474003310874104,1,INSERTION,jam,ood,20260921,results/a2po_dual_panda_dynamic_vertical/formal/seed_20260921/checkpoint_best.pt
43000076,no_staged_alignment_recovery,0,1600,12.8,0.0,0.0,0.0,0.0,0.023866876388078398,0.02423735099177842,0.02405211368992841,0.02423735099177842,2.2014687723801556,145.785413902411,15.725611550316625,16.830085940138193,0.0,1495,0.048296169083623684,0.056379806250333786,0.1040844444418326,0.1070789024233818,0.45532214265316723,0.6931550379469991,0.6649963692203165,0.8878048134222627,0.9443586036935449,0.944470253251493,1,COMPLIANT_ALIGNMENT,jam,ood,20260921,results/a2po_dual_panda_dynamic_vertical/formal/seed_20260921/checkpoint_best.pt
43000077,no_staged_alignment_recovery,0,1600,12.8,0.0,0.0,0.0,0.0,0.02056701294873706,0.02020567202435652,0.02038634248654679,0.02056701294873706,1.9902965273389255,186.25576736517624,15.755796040792115,16.884979012235352,0.0,1493,0.0461466388264671,0.05622939392924309,0.1037610293229227,0.10707409679889679,0.45474627608433366,0.6937429888173938,0.6652234612032771,0.8883474427834153,0.9449248916655779,0.9450356210768223,1,COMPLIANT_ALIGNMENT,jam,ood,20260921,results/a2po_dual_panda_dynamic_vertical/formal/seed_20260921/checkpoint_best.pt
43000078,no_staged_alignment_recovery,0,1600,12.8,0.04316720419582999,0.043187379244923815,0.043177291720376904,0.04316720419582999,0.0019467167246181632,0.002138593054494219,0.002042654889556191,0.002138593054494219,0.009130397850151031,224.9472377437441,6.9950904240787555,16.70469355003882,0.0,670,0.029344089360383806,0.05427912622690201,0.10197061573970131,0.10710827261209488,0.45258671129122374,0.6950772312283516,0.6648200211301446,0.8885329126194119,0.9468670229241252,0.947038015909493,1,INSERTION,jam,ood,20260921,results/a2po_dual_panda_dynamic_vertical/formal/seed_20260921/checkpoint_best.pt
43000079,no_staged_alignment_recovery,0,1600,12.8,0.0,0.0,0.0,0.0,0.016185216240593284,0.016619123706062625,0.016402169973327954,0.016619123706062625,2.586598038645586,159.06222668424698,15.103696582923234,16.14289547941027,0.0,1497,0.04732736625126563,0.05395668372511864,0.10335635057766922,0.10707777738571167,0.4535994801670313,0.6948073789104819,0.6656234760954977,0.889260235466063,0.9460395088046789,0.9461548425257206,1,COMPLIANT_ALIGNMENT,jam,ood,20260921,results/a2po_dual_panda_dynamic_vertical/formal/seed_20260921/checkpoint_best.pt
43000080,no_staged_alignment_recovery,0,1600,12.8,0.04348436720052201,0.04365660315590805,0.04357048517821503,0.04348436720052201,0.002357453731350932,0.002372327290906384,0.002364890511128658,0.002372327290906384,0.12486520235892767,371.54753459002166,7.197476420695668,17.13684862070397,0.0,672,0.03233953221235424,0.055440932512283325,0.1020991795626469,0.10708288848400116,0.45255530331283805,0.6951450862362981,0.6648821980133652,0.888640600964427,0.9469050630182028,0.9470751392096282,1,INSERTION,jam,ood,20260921,results/a2po_dual_panda_dynamic_vertical/formal/seed_20260921/checkpoint_best.pt
43000081,no_staged_alignment_recovery,0,1600,12.8,0.0,0.0,0.0,0.0,0.022711064348915153,0.02271004070056979,0.022710552524742474,0.022711064348915153,3.051335934002749,323.44735609183124,15.236980584438026,16.339925559719067,0.0,1492,0.04952949711529073,0.05540012568235397,0.1051910166197922,0.1070663258433342,0.45453234454616903,0.6939734908565879,0.6654317274317145,0.8886322101205587,0.9451644913107157,0.945264017470181,1,COMPLIANT_ALIGNMENT,jam,ood,20260921,results/a2po_dual_panda_dynamic_vertical/formal/seed_20260921/checkpoint_best.pt
43000082,no_staged_alignment_recovery,0,1600,12.8,0.04312907918595038,0.04342928697090387,0.043279183078427125,0.04312907918595038,0.0019625160246012577,0.0017295455924206703,0.0018460308085109641,0.0019625160246012577,0.1493503569386579,0.0,0.0,0.0,0.0,4,0.02504310070653446,0.0534842275083065,0.10197276879684068,0.10594385862350464,0.45233893498778344,0.6950212499499321,0.6643141041696071,0.8879829325899482,0.9470682113990188,0.9472595770657063,0,INSERTION,lateral_tolerance,ood,20260921,results/a2po_dual_panda_dynamic_vertical/formal/seed_20260921/checkpoint_best.pt
43000083,no_staged_alignment_recovery,0,1600,12.8,0.0,0.0,0.0,0.0,0.015619267291422018,0.015464717351909423,0.01554199232166572,0.015619267291422018,1.6415298737067279,271.3999137788527,15.65151174319953,16.739584752085058,0.0,1496,0.04374007127975346,0.05602727457880974,0.10278191465135024,0.10704869031906128,0.45391955349594354,0.6944872419536113,0.6654625136777759,0.8889543605968356,0.945709855556488,0.9458311627805233,1,COMPLIANT_ALIGNMENT,jam,ood,20260921,results/a2po_dual_panda_dynamic_vertical/formal/seed_20260921/checkpoint_best.pt
43000084,no_staged_alignment_recovery,0,1600,12.8,0.0,0.0,0.0,0.0,0.018641762091941412,0.018022782512519035,0.018332272302230224,0.018641762091941412,2.747472750579237,61.351078491933734,14.713286888525982,15.810113513526913,0.0,1489,0.047331014018564016,0.0548618845641613,0.10454282691935077,0.10704927146434784,0.4542934221215546,0.694215698465705,0.665502172075212,0.8888435455039143,0.9453896958008409,0.9454936460405589,1,COMPLIANT_ALIGNMENT,jam,ood,20260921,results/a2po_dual_panda_dynamic_vertical/formal/seed_20260921/checkpoint_best.pt
43000085,no_staged_alignment_recovery,0,1600,12.8,0.0,0.0,0.0,0.0,0.0231139910210125,0.022925725970203207,0.023019858495607854,0.0231139910210125,3.077118481725614,58.66130365188524,14.630186688214232,15.731383535714231,0.0,1488,0.04976527993771015,0.05560590699315071,0.10501293438515859,0.10703130066394806,0.45482044024392965,0.6936762003228069,0.6653198530524969,0.8883582000061869,0.9448738485202193,0.9449760399386287,1,COMPLIANT_ALIGNMENT,jam,ood,20260921,results/a2po_dual_panda_dynamic_vertical/formal/seed_20260921/checkpoint_best.pt
43000086,no_staged_alignment_recovery,1,395,3.16,0.042357860048994,0.041739995455832096,0.04204892775241305,0.041739995455832096,0.0005437989794719133,0.00022189765098391394,0.00038284831522791363,0.0005437989794719133,0.29874363471404586,267.67335343928727,4.929888732828481,27.045917353711804,0.0,72,0.03190523811934304,0.05437313765287399,0.09614989517515973,0.10710591822862625,0.4546120342574542,0.692258447484125,0.6628971931300586,0.8851542009583002,0.9445031445237655,0.9447799248031423,1,SUCCESS,success,ood,20260921,results/a2po_dual_panda_dynamic_vertical/formal/seed_20260921/checkpoint_best.pt
43000087,no_staged_alignment_recovery,0,1600,12.8,0.0,0.0,0.0,0.0,0.02631066004414293,0.025628671035188566,0.025969665539665746,0.02631066004414293,2.1145328721366297,98.93445404832335,15.967328106696227,17.03181664714264,0.0,1500,0.049269284879555925,0.056318141520023346,0.10340980177890742,0.10705339908599854,0.4545343622751534,0.693864719234407,0.6651167012751102,0.8883165442943572,0.9451142317801714,0.9452325769513845,1,COMPLIANT_ALIGNMENT,jam,ood,20260921,results/a2po_dual_panda_dynamic_vertical/formal/seed_20260921/checkpoint_best.pt
43000088,no_staged_alignment_recovery,0,1600,12.8,0.04267324669600195,0.042872949525135484,0.042773098110568716,0.04267324669600195,0.0029816670167463924,0.0035072064475700384,0.0032444367321582154,0.0035072064475700384,0.11910713089953245,122.24495431555022,1.2543862689666267,16.72515025288836,0.0,120,0.02211490459565539,0.054838698357343674,0.1005370418151142,0.10710872709751129,0.45298818046227096,0.6944088862091303,0.6640638032183052,0.8874443843215704,0.946396595723927,0.9465895550698042,1,INSERTION,jam,ood,20260921,results/a2po_dual_panda_dynamic_vertical/formal/seed_20260921/checkpoint_best.pt
43000089,no_staged_alignment_recovery,0,1600,12.8,0.04291629076482971,0.04318908382597511,0.04305268729540241,0.04291629076482971,0.0037412077524664753,0.0032533094022707625,0.0034972585773686187,0.0037412077524664753,0.1474024939216593,331.1119015894569,7.511058180177575,16.530526943994662,0.0,727,0.026697491643426476,0.05464018136262894,0.10322145380778239,0.10710218548774719,0.4520170750468969,0.6956150984764099,0.665025745742023,0.8889939768984914,0.9474530711025,0.9476199539750815,1,INSERTION,jam,ood,20260921,results/a2po_dual_panda_dynamic_vertical/formal/seed_20260921/checkpoint_best.pt
43000090,no_staged_alignment_recovery,0,1600,12.8,0.04333066142417698,0.043522927365702443,0.04342679439493971,0.04333066142417698,0.0027472095010254013,0.0025112874644912563,0.002629248482758329,0.0027472095010254013,0.10684119679910234,0.0,0.0,0.0,0.0,4,0.02547760437708348,0.054317306727170944,0.1017284289340023,0.10572874546051025,0.4524772635474801,0.6949180164560675,0.6643242416158318,0.8879474426433444,0.9469316070899367,0.9471243692561984,0,INSERTION,lateral_tolerance,ood,20260921,results/a2po_dual_panda_dynamic_vertical/formal/seed_20260921/checkpoint_best.pt
43000091,no_staged_alignment_recovery,0,1600,12.8,0.04298306968538944,0.04316141933950414,0.04307224451244679,0.04298306968538944,0.0038212629436421308,0.003309457350091655,0.003565360146866893,0.0038212629436421308,0.10720750409895315,219.50736849100483,11.075764565122492,16.40854009647777,0.0,1080,0.031141673547681423,0.05478106439113617,0.1035157297051046,0.10706855356693268,0.4520580414868891,0.6957887376472354,0.6654192716255785,0.8894927925616503,0.9474517181888222,0.9476044557616115,1,INSERTION,jam,ood,20260921,results/a2po_dual_panda_dynamic_vertical/formal/seed_20260921/checkpoint_best.pt
43000092,no_staged_alignment_recovery,0,1600,12.8,0.04248066512000295,0.04263995116109448,0.04256030814054872,0.04248066512000295,0.0042817392781329035,0.004067371309685827,0.0041745552939093655,0.0042817392781329035,0.14752850348362045,63.7169032736901,2.6000171232545024,11.243317289749198,0.0,370,0.01970888977899449,0.05304836854338646,0.101566270646872,0.10707104206085205,0.45262472961097955,0.6948759008571506,0.6644490602239966,0.8880660140514374,0.9467924321070313,0.9469738233089448,1,INSERTION,jam,ood,20260921,results/a2po_dual_panda_dynamic_vertical/formal/seed_20260921/checkpoint_best.pt
43000093,no_staged_alignment_recovery,0,1600,12.8,0.04291988872742265,0.043367481212961856,0.043143684970192255,0.04291988872742265,0.003260176490095955,0.002780599154835549,0.003020387822465752,0.003260176490095955,0.21972426106972032,120.670976868286,1.0886070379241648,21.50334889726745,0.0,81,0.021374652842641808,0.05428069829940796,0.10186579935252667,0.10710801184177399,0.45242122082039715,0.6949962231889367,0.6643518686294556,0.8880268203094601,0.9469868133589625,0.9471732246875763,1,INSERTION,jam,ood,20260921,results/a2po_dual_panda_dynamic_vertical/formal/seed_20260921/checkpoint_best.pt
43000094,no_staged_alignment_recovery,0,1600,12.8,0.0,0.0,0.0,0.0,0.030463122466235986,0.030651368987619092,0.03055724572692754,0.030651368987619092,3.5031000822968905,253.8315358415556,14.820203785999489,15.925000710274803,0.0,1489,0.05303364719613455,0.05624058097600937,0.10529577825334854,0.10706925392150879,0.4556882406398654,0.6927412578463554,0.6649165754765272,0.8874154422432184,0.9440018239989877,0.944107674062252,1,COMPLIANT_ALIGNMENT,jam,ood,20260921,results/a2po_dual_panda_dynamic_vertical/formal/seed_20260921/checkpoint_best.pt
43000095,no_staged_alignment_recovery,0,1600,12.8,0.0,0.0,0.0,0.0,0.02750725576623568,0.02603077629654992,0.026769016031392798,0.02750725576623568,1.9182666914908162,77.35108122278477,15.82989817545353,16.90776841169937,0.0,1498,0.05013720416638535,0.056391604244709015,0.10381432825161027,0.10703074932098389,0.4558906381763518,0.6925940739735961,0.6647169981151819,0.8872588066756726,0.9437932087108493,0.943905028887093,1,COMPLIANT_ALIGNMENT,jam,ood,20260921,results/a2po_dual_panda_dynamic_vertical/formal/seed_20260921/checkpoint_best.pt
43000096,no_staged_alignment_recovery,1,306,2.448,0.03904236957038515,0.0384946666697427,0.038768518120063926,0.0384946666697427,0.00033478025376912276,0.00044070992761103265,0.00038774509069007773,0.00044070992761103265,0.5363857318629179,0.0,0.0,0.0,0.0,5,0.03519870693874515,0.05323171615600586,0.09571887091337855,0.10568893700838089,0.4545799551251667,0.6919365815477434,0.6624754069287793,0.8844838399513095,0.9444788295069552,0.9447905569294699,0,SUCCESS,success,ood,20260921,results/a2po_dual_panda_dynamic_vertical/formal/seed_20260921/checkpoint_best.pt
43000097,no_staged_alignment_recovery,0,1600,12.8,0.0,0.0,0.0,0.0,0.022230285809329262,0.020972317872049652,0.02160130184068946,0.022230285809329262,2.832465671475578,255.8370313554352,14.791172632999121,15.904486702149596,0.0,1488,0.04958676368230954,0.05583649128675461,0.10527238495415077,0.10708460956811905,0.4549302374385297,0.6935467459261417,0.6652781541272997,0.8882306670024991,0.944764549843967,0.9448665219917893,1,COMPLIANT_ALIGNMENT,jam,ood,20260921,results/a2po_dual_panda_dynamic_vertical/formal/seed_20260921/checkpoint_best.pt
43000098,no_staged_alignment_recovery,0,1600,12.8,0.0,0.0,0.0,0.0,0.0221833348827543,0.021919532531899513,0.022051433707326908,0.0221833348827543,2.525460163212907,61.41198656464497,14.880403980353522,15.978957294339352,0.0,1490,0.05060884370934218,0.055922940373420715,0.10513306983484653,0.10708271712064743,0.45510098898783324,0.6933690140023827,0.6651980284228921,0.8880535591393709,0.9445917921885848,0.944695521555841,1,COMPLIANT_ALIGNMENT,jam,ood,20260921,results/a2po_dual_panda_dynamic_vertical/formal/seed_20260921/checkpoint_best.pt
43000099,no_staged_alignment_recovery,0,1600,12.8,0.0,0.0,0.0,0.0,0.019668919651804756,0.019034913401296462,0.01935191652655061,0.019668919651804756,1.824582012027053,499.62764606551116,15.717718437315392,16.87808691255344,0.0,1490,0.04584010003512958,0.05630103498697281,0.10381028112344211,0.10708065330982208,0.45512160297483206,0.6933961338922381,0.6651193406805396,0.8880657245218754,0.9445580183714628,0.9446671072393655,1,COMPLIANT_ALIGNMENT,jam,ood,20260921,results/a2po_dual_panda_dynamic_vertical/formal/seed_20260921/checkpoint_best.pt
43000100,no_staged_alignment_recovery,0,1600,12.8,0.04311253020064462,0.04333524889961543,0.043223889550130026,0.04311253020064462,0.0025573367763347156,0.002279023159294543,0.002418179967814629,0.0025573367763347156,0.10834113467443929,0.0,0.0,0.0,0.0,4,0.024325430704338943,0.05327165871858597,0.10170552579671494,0.10597693920135498,0.4525033253058791,0.6948932611197233,0.6642923419550061,0.8879034851491451,0.9469114860892296,0.9471031996980309,0,INSERTION,lateral_tolerance,ood,20260921,results/a2po_dual_panda_dynamic_vertical/formal/seed_20260921/checkpoint_best.pt
43000101,no_staged_alignment_recovery,0,1600,12.8,0.0,0.0,0.0,0.0,0.024029815629590355,0.025631406679031618,0.024830611154310987,0.025631406679031618,1.6847831053150268,288.37070442046803,16.038950135959205,17.165431583635268,0.0,1495,0.04775213440589141,0.056378163397312164,0.10442400566433208,0.10707486420869827,0.45490128476172687,0.6935492385923863,0.6651341226696968,0.8881424746662379,0.9447770527377725,0.944886536821723,1,COMPLIANT_ALIGNMENT,jam,ood,20260921,results/a2po_dual_panda_dynamic_vertical/formal/seed_20260921/checkpoint_best.pt
43000102,no_staged_alignment_recovery,0,1600,12.8,0.0,0.0,0.0,0.0,0.01708825535236882,0.016119794383893216,0.01660402486813102,0.01708825535236882,1.2006615788362156,224.57049015122348,15.577017123883579,16.671055115862025,0.0,1495,0.04528352801891742,0.05621713027358055,0.10286448156970436,0.1070341169834137,0.45452828029170633,0.6939330133050681,0.6652665163576603,0.8884875766932965,0.9451185196638108,0.9452374235540628,1,COMPLIANT_ALIGNMENT,jam,ood,20260921,results/a2po_dual_panda_dynamic_vertical/formal/seed_20260921/checkpoint_best.pt
43000103,no_staged_alignment_recovery,0,1600,12.8,0.0,0.0,0.0,0.0,0.014831888265910222,0.01399406251159025,0.014412975388750235,0.014831888265910222,1.5190924692995789,398.15336250247293,15.794548510587301,16.91517912780434,0.0,1494,0.043139869400765744,0.055847592651844025,0.10260628630385327,0.10703549534082413,0.4536955689638853,0.6946857167035341,0.6655152802169323,0.8891077673062682,0.9459249598532915,0.9460458157211542,1,COMPLIANT_ALIGNMENT,jam,ood,20260921,results/a2po_dual_panda_dynamic_vertical/formal/seed_20260921/checkpoint_best.pt
43000104,no_staged_alignment_recovery,0,1600,12.8,0.0,0.0,0.0,0.0,0.009984894454003468,0.009331835048997341,0.009658364751500404,0.009984894454003468,2.6599971672739167,62.173455198772224,15.147448788156012,16.233032860716424,0.0,1493,0.03985277536936337,0.05315906181931496,0.10373692358785774,0.10707219690084457,0.45219933295622466,0.6959549770504236,0.6659125721454621,0.890096096470952,0.9473746572062374,0.9475042937323451,1,COMPLIANT_ALIGNMENT,jam,ood,20260921,results/a2po_dual_panda_dynamic_vertical/formal/seed_20260921/checkpoint_best.pt
43000105,no_staged_alignment_recovery,0,1600,12.8,0.043285248454377256,0.04342043872924915,0.043352843591813205,0.043285248454377256,0.0016592867904998525,0.0016270685980240172,0.0016431776942619348,0.0016592867904998525,0.07447848007180582,298.7628092988196,5.773143243143734,17.49437346407192,0.0,528,0.027402819148846902,0.05445418134331703,0.10251492169685662,0.10707240551710129,0.45229222724214196,0.6953123196214438,0.6648001905158162,0.8886335900053381,0.9471599363908172,0.9473306841403246,1,INSERTION,jam,ood,20260921,results/a2po_dual_panda_dynamic_vertical/formal/seed_20260921/checkpoint_best.pt
43000106,no_staged_alignment_recovery,0,1600,12.8,0.0,0.0,0.0,0.0,0.020817111563002057,0.02028301244876321,0.020550062005882636,0.020817111563002057,3.0187903677071306,395.2497916510978,15.106461270616814,16.17827177576098,0.0,1494,0.048522435875493104,0.05461186543107033,0.10458728206926025,0.10708976536989212,0.4542200897447765,0.6942794502153993,0.6655164320394397,0.8888880034908653,0.9454616174846887,0.9455659133195877,1,COMPLIANT_ALIGNMENT,jam,ood,20260921,results/a2po_dual_panda_dynamic_vertical/formal/seed_20260921/checkpoint_best.pt
43000107,no_staged_alignment_recovery,0,1600,12.8,0.0,0.0,0.0,0.0,0.00902730601367918,0.0081673114601787,0.00859730873692894,0.00902730601367918,0.11161754945342178,231.477349390733,15.573696065037357,16.678657097764237,0.0,1494,0.03961055423540529,0.05516815185546875,0.1030075888898864,0.10710940510034561,0.45254032030701635,0.6956206786260009,0.6657559219002723,0.8897793874517084,0.9470251761749386,0.9471588011458516,1,COMPLIANT_ALIGNMENT,jam,ood,20260921,results/a2po_dual_panda_dynamic_vertical/formal/seed_20260921/checkpoint_best.pt
43000108,no_staged_alignment_recovery,0,1600,12.8,0.0,0.0,0.0,0.0,0.013761588620069798,0.01443173642674407,0.014096662523406934,0.01443173642674407,1.1764423045936179,403.47787671344554,15.714615442810045,16.78463598698002,0.0,1498,0.04237552227714332,0.055933862924575806,0.1026082975116151,0.10709641128778458,0.45291338315233587,0.6953283512592315,0.6656762844696641,0.8895733493939042,0.9466723565384746,0.9468029441311956,1,COMPLIANT_ALIGNMENT,jam,ood,20260921,results/a2po_dual_panda_dynamic_vertical/formal/seed_20260921/checkpoint_best.pt
43000109,no_staged_alignment_recovery,0,1600,12.8,0.0,0.0,0.0,0.0,0.027811979188895334,0.027798275359056022,0.027805127273975678,0.027811979188895334,3.461656589099295,226.3312339061434,14.990534284429245,16.0433811739711,0.0,1495,0.05163668502762448,0.0557749979197979,0.10538275863975287,0.10708913952112198,0.45481185032054783,0.6936491610482335,0.6652983665466309,0.8883029456436634,0.9448806476965547,0.9449830552190542,1,COMPLIANT_ALIGNMENT,jam,ood,20260921,results/a2po_dual_panda_dynamic_vertical/formal/seed_20260921/checkpoint_best.pt
43000110,no_staged_alignment_recovery,0,1600,12.8,0.0,0.0,0.0,0.0,0.01929914851295355,0.01846894284483183,0.01888404567889269,0.01929914851295355,0.6034271398743024,177.99304111424132,16.00216213115453,17.068972939898167,0.0,1500,0.04725903650105465,0.056137826293706894,0.1029916063627752,0.10707012563943863,0.4541390558704734,0.6942599374800921,0.6653145379945635,0.8887014665827155,0.9454963503777981,0.9456170631945133,1,COMPLIANT_ALIGNMENT,jam,ood,20260921,results/a2po_dual_panda_dynamic_vertical/formal/seed_20260921/checkpoint_best.pt
43000111,no_staged_alignment_recovery,0,1600,12.8,0.0,0.0,0.0,0.0,0.008925141164345675,0.009896278965165569,0.009410710064755622,0.009896278965165569,1.644739456914907,202.43015640149048,15.794370257779438,16.960397592246377,0.0,1490,0.03998577830789145,0.05543961003422737,0.10437116340734065,0.10703225433826447,0.45186067815870046,0.6962116460874677,0.665922583527863,0.8902313837781548,0.9477052595466375,0.9478376662358642,1,COMPLIANT_ALIGNMENT,jam,ood,20260921,results/a2po_dual_panda_dynamic_vertical/formal/seed_20260921/checkpoint_best.pt
43000112,no_staged_alignment_recovery,0,1600,12.8,0.0,0.0,0.0,0.0,0.014138537099781273,0.014530678968716878,0.014334608034249074,0.014530678968716878,1.5723136073619566,508.1684626604898,15.909893573085437,17.027310847449296,0.0,1495,0.0431478377620806,0.05600535869598389,0.10235561920475447,0.10706443339586258,0.4534286237694323,0.6949014439061284,0.6655677693337202,0.8892607702687383,0.9461770847067237,0.9463034841790795,1,COMPLIANT_ALIGNMENT,jam,ood,20260921,results/a2po_dual_panda_dynamic_vertical/formal/seed_20260921/checkpoint_best.pt
43000113,no_staged_alignment_recovery,0,1600,12.8,0.0,0.0,0.0,0.0,0.02271261926350639,0.02271156414071054,0.022712091702108465,0.02271261926350639,3.213832417347777,189.01348705565493,15.76256401391342,16.847095806453893,0.0,1497,0.050363373501459134,0.05521832033991814,0.1048563537132577,0.10707832872867584,0.45441591132432224,0.6940757927298545,0.6654371866211295,0.8886939110606908,0.9452719095721841,0.9453747425600887,1,COMPLIANT_ALIGNMENT,jam,ood,20260921,results/a2po_dual_panda_dynamic_vertical/formal/seed_20260921/checkpoint_best.pt
43000114,no_staged_alignment_recovery,1,1461,11.688,0.04343212242459066,0.04347920449189746,0.04345566345824406,0.04343212242459066,0.0005538306485591857,0.0008797681413247762,0.000716799394941981,0.0008797681413247762,0.03457584303634945,156.77190271908466,4.012587453898473,16.992435565639624,0.0,345,0.027272133613712855,0.05525485798716545,0.10142637126072528,0.10709597915410995,0.4527053404229704,0.6947920938863239,0.6644367044058506,0.8880068482314781,0.9467047691182027,0.9468906723743102,1,SUCCESS,success,ood,20260921,results/a2po_dual_panda_dynamic_vertical/formal/seed_20260921/checkpoint_best.pt
43000115,no_staged_alignment_recovery,0,1600,12.8,0.0,0.0,0.0,0.0,0.014902943496499529,0.015290477044952339,0.015096710270725934,0.015290477044952339,1.8684342115881392,137.64514515622847,15.279751276656784,16.33106348874473,0.0,1497,0.04731995001086034,0.054167646914720535,0.1033552189724287,0.10708688199520111,0.45361703880131243,0.6947911981493234,0.6656156960502266,0.8892447485774756,0.9460221020877362,0.9461375039443374,1,COMPLIANT_ALIGNMENT,jam,ood,20260921,results/a2po_dual_panda_dynamic_vertical/formal/seed_20260921/checkpoint_best.pt
43000116,no_staged_alignment_recovery,0,1600,12.8,0.0,0.0,0.0,0.0,0.028067693579222983,0.029451073299231717,0.02875938343922735,0.029451073299231717,2.5564659598426887,375.22435894822615,15.99616687381135,17.08535847670104,0.0,1498,0.04987831549777184,0.056404005736112595,0.10391161921084859,0.1070639044046402,0.45522445200011136,0.6932082585990429,0.6649326638132333,0.8877807333320379,0.9444459142535925,0.9445615891739726,1,COMPLIANT_ALIGNMENT,jam,ood,20260921,results/a2po_dual_panda_dynamic_vertical/formal/seed_20260921/checkpoint_best.pt
43000117,no_staged_alignment_recovery,0,1600,12.8,0.0,0.0,0.0,0.0,0.03534889987618145,0.037514556839399076,0.036431728357790266,0.037514556839399076,4.8322338118784085,202.3422111605169,17.655041827929313,18.857187533168826,0.0,1498,0.053380512620788065,0.0559609979391098,0.10532791648976854,0.1071014553308487,0.45500140128657224,0.6934105276316405,0.6651499132066965,0.8880149657279253,0.9446825402602553,0.9447880639508367,1,COARSE_ALIGNMENT,jam,ood,20260921,results/a2po_dual_panda_dynamic_vertical/formal/seed_20260921/checkpoint_best.pt
43000118,no_staged_alignment_recovery,0,1600,12.8,0.0,0.0,0.0,0.0,0.014098447840409149,0.013046840002115014,0.013572643921262081,0.014098447840409149,1.1682250727353871,157.70167700451302,15.545033851436315,16.647961286678782,0.0,1494,0.04281453545787372,0.055984653532505035,0.10201401319514844,0.10707033425569534,0.45331546166911724,0.6949580182135106,0.6655423662811518,0.8892590674757958,0.9462716006860137,0.946402744539082,1,COMPLIANT_ALIGNMENT,jam,ood,20260921,results/a2po_dual_panda_dynamic_vertical/formal/seed_20260921/checkpoint_best.pt
43000119,no_staged_alignment_recovery,0,1600,12.8,0.0,0.0,0.0,0.0,0.02781224619295002,0.027331861659381743,0.02757205392616588,0.02781224619295002,3.571430040652296,507.7761951479615,15.024741409335094,16.112323227169004,0.0,1492,0.05168127662851475,0.05591607093811035,0.10536623173160478,0.1070779487490654,0.45502438373863696,0.6934228505194188,0.6652079731598497,0.888081603385508,0.9446666055172682,0.9447700124606491,1,COMPLIANT_ALIGNMENT,jam,ood,20260921,results/a2po_dual_panda_dynamic_vertical/formal/seed_20260921/checkpoint_best.pt
43000120,no_staged_alignment_recovery,0,1600,12.8,0.0,0.0,0.0,0.0,0.028195550913240622,0.02924101827139097,0.028718284592315797,0.02924101827139097,3.706886698881067,492.83432599223505,15.219650320272002,16.266827329616035,0.0,1497,0.0521976473875111,0.05582863837480545,0.10524945824872703,0.10709577053785324,0.45501634808257224,0.693422733321786,0.6652052788808942,0.8880754234269261,0.9446710564941168,0.9447762635350228,1,COMPLIANT_ALIGNMENT,jam,ood,20260921,results/a2po_dual_panda_dynamic_vertical/formal/seed_20260921/checkpoint_best.pt
43000121,no_staged_alignment_recovery,0,1600,12.8,0.0,0.0,0.0,0.0,0.010014701697617453,0.00962863305070899,0.00982166737416322,0.010014701697617453,2.026678553202487,544.1276273747376,15.18485108751715,16.316831255894854,0.0,1489,0.040235828140575906,0.05376529321074486,0.10303977355069946,0.10708735883235931,0.4525641409493983,0.6956565979495645,0.6658478918671608,0.8898934730142355,0.9470190069451928,0.9471461506560445,1,COMPLIANT_ALIGNMENT,jam,ood,20260921,results/a2po_dual_panda_dynamic_vertical/formal/seed_20260921/checkpoint_best.pt
43000122,no_staged_alignment_recovery,0,1600,12.8,0.0,0.0,0.0,0.0,0.021118673776201188,0.01967087091640794,0.020394772346304563,0.021118673776201188,0.9346987202164748,105.57251888815343,15.805517299033156,16.915603798296356,0.0,1495,0.047833187847281806,0.0563071109354496,0.10378876153350575,0.10700297355651855,0.45511899201199413,0.6933637046813965,0.6650494545698166,0.8879796820506454,0.9445556779950857,0.9446671606227756,1,COMPLIANT_ALIGNMENT,jam,ood,20260921,results/a2po_dual_panda_dynamic_vertical/formal/seed_20260921/checkpoint_best.pt
43000123,no_staged_alignment_recovery,0,1600,12.8,0.0,0.0,0.0,0.0,0.011066893523353015,0.012063247005992149,0.011565070264672583,0.012063247005992149,2.63408175331217,137.7067681633624,15.121616394364636,16.18366971972135,0.0,1495,0.04178688682848588,0.053413763642311096,0.10297231579563232,0.10707353800535202,0.45262115471065045,0.6956176258251071,0.6658321759477258,0.8898578879237174,0.9469710460305214,0.9470947664603591,1,COMPLIANT_ALIGNMENT,jam,ood,20260921,results/a2po_dual_panda_dynamic_vertical/formal/seed_20260921/checkpoint_best.pt
43000124,no_staged_alignment_recovery,0,1600,12.8,0.04335662460171519,0.04391874062008069,0.04363768261089794,0.04335662460171519,0.0029224540740410243,0.002894840580200114,0.0029086473271205692,0.0029224540740410243,0.28902555272855857,279.78747923838773,4.106985925760628,17.71206868252562,0.0,371,0.028854270401934626,0.055656321346759796,0.10131561096946826,0.10710082948207855,0.45289660135284066,0.6948093943297863,0.6646434116736054,0.888253181874752,0.9465620144456625,0.946733265928924,1,INSERTION,jam,ood,20260921,results/a2po_dual_panda_dynamic_vertical/formal/seed_20260921/checkpoint_best.pt
43000125,no_staged_alignment_recovery,0,1600,12.8,0.0,0.0,0.0,0.0,0.01701387074994467,0.016031876029447098,0.016522873389695884,0.01701387074994467,1.7335313368263738,70.42959628855318,15.461655359412962,16.547591020107514,0.0,1495,0.044040062042477075,0.05604398995637894,0.10242777052364545,0.10697273164987564,0.4538698642142117,0.6945113467797637,0.6654366378486156,0.8889437947049736,0.945749849230051,0.9458729197829961,1,COMPLIANT_ALIGNMENT,jam,ood,20260921,results/a2po_dual_panda_dynamic_vertical/formal/seed_20260921/checkpoint_best.pt
43000126,no_staged_alignment_recovery,0,1600,12.8,0.0,0.0,0.0,0.0,0.02153079139643011,0.02139410939186585,0.02146245039414798,0.02153079139643011,1.586890789598757,53.50708970009219,15.77531111172933,16.838224001845848,0.0,1499,0.04793235161690973,0.056299131363630295,0.10355425459019899,0.10701043903827667,0.4544858805090189,0.6939440360665321,0.6652217967063189,0.8884485103562474,0.945169083699584,0.9452859258651733,1,COMPLIANT_ALIGNMENT,jam,ood,20260921,results/a2po_dual_panda_dynamic_vertical/formal/seed_20260921/checkpoint_best.pt
43000127,no_staged_alignment_recovery,0,1600,12.8,0.0,0.0,0.0,0.0,0.03181670100077705,0.03114594195830316,0.0314813214795401,0.03181670100077705,3.9251127593743442,52.48056106507979,14.784208856513121,15.843760328480236,0.0,1493,0.05285438824328594,0.05604664608836174,0.10522664496937068,0.10704390704631805,0.45510943768545986,0.6933214513957501,0.6651382089778781,0.8879609438404441,0.9445773063227534,0.944683135189116,1,COMPLIANT_ALIGNMENT,jam,ood,20260921,results/a2po_dual_panda_dynamic_vertical/formal/seed_20260921/checkpoint_best.pt
43000128,no_staged_alignment_recovery,0,1600,12.8,0.04249694585328932,0.0429131423453485,0.04270504409931891,0.04249694585328932,0.002990661002874789,0.003294402330902988,0.0031425316668888884,0.003294402330902988,0.20776727581723575,70.2370487607642,6.006724440645745,16.152536310980153,0.0,595,0.02799569593713386,0.053203631192445755,0.10090579005278415,0.10707201808691025,0.453119214233011,0.6945979047939181,0.6646192871406674,0.8881048511341214,0.9463366840407252,0.9465064710006118,1,INSERTION,jam,ood,20260921,results/a2po_dual_panda_dynamic_vertical/formal/seed_20260921/checkpoint_best.pt
43000129,no_staged_alignment_recovery,0,1600,12.8,0.04228310908987283,0.04281378164282426,0.042548445366348546,0.04228310908987283,0.004617738747801579,0.003787996111838749,0.004202867429820164,0.004617738747801579,0.2664284821718593,385.95399724444144,8.204123419161332,13.730750492320222,0.0,956,0.027686990832444282,0.05305401235818863,0.10290694170165807,0.10711435228586197,0.452276019398123,0.695518959723413,0.66518858615309,0.8891366662830115,0.9472163441777229,0.9473724529519677,1,INSERTION,jam,ood,20260921,results/a2po_dual_panda_dynamic_vertical/formal/seed_20260921/checkpoint_best.pt
43000130,no_staged_alignment_recovery,1,255,2.04,0.04266341717181861,0.04277904999757215,0.04272123358469538,0.04266341717181861,0.000842940251203731,0.0008209626810190833,0.0008319514661114071,0.000842940251203731,0.19135704943524715,0.0,0.0,0.0,0.0,5,0.040833343550855036,0.05383973568677902,0.08322502761695753,0.10559143871068954,0.4604067895926681,0.6861051552435931,0.6605629002346712,0.8796008893087799,0.9383426168385673,0.9387738040849274,0,SUCCESS,success,ood,20260921,results/a2po_dual_panda_dynamic_vertical/formal/seed_20260921/checkpoint_best.pt
43000131,no_staged_alignment_recovery,0,1600,12.8,0.0,0.0,0.0,0.0,0.010447290218384338,0.010543801240251251,0.010495545729317796,0.010543801240251251,2.172981314350023,306.2889744778455,15.166939497439476,16.243040961113227,0.0,1494,0.04223930574953556,0.05531935766339302,0.1026368016890774,0.10709090530872345,0.4529169321991503,0.695355174690485,0.6657531158998609,0.8896507076919079,0.9466751713305712,0.946802179440856,1,COMPLIANT_ALIGNMENT,jam,ood,20260921,results/a2po_dual_panda_dynamic_vertical/formal/seed_20260921/checkpoint_best.pt
43000132,no_staged_alignment_recovery,0,1600,12.8,0.0,0.0,0.0,0.0,0.008168209149486792,0.008349426535615209,0.008258817842551,0.008349426535615209,2.006506469871888,304.5844531920386,15.215460673681404,16.305919007294204,0.0,1493,0.04015624901658157,0.05483180284500122,0.10474355005659162,0.10708704590797424,0.45168861918151376,0.696370396465063,0.6659810575470329,0.8903584231063724,0.9478842136263848,0.9480152757093311,1,COMPLIANT_ALIGNMENT,jam,ood,20260921,results/a2po_dual_panda_dynamic_vertical/formal/seed_20260921/checkpoint_best.pt
43000133,no_staged_alignment_recovery,0,1600,12.8,0.0,0.0,0.0,0.0,0.007584699625702202,0.007071842094390688,0.007328270860046445,0.007584699625702202,2.2548132394895553,242.29280041191214,15.211651384698348,16.31276287903308,0.0,1492,0.037934958990372254,0.05347142741084099,0.10388930685585365,0.10708435624837875,0.4521340579353273,0.6960205712914467,0.6659481976553798,0.8901638116687536,0.9474425558000803,0.9475707488879561,1,COMPLIANT_ALIGNMENT,jam,ood,20260921,results/a2po_dual_panda_dynamic_vertical/formal/seed_20260921/checkpoint_best.pt
43000134,no_staged_alignment_recovery,0,1600,12.8,0.0,0.0,0.0,0.0,0.015083869301236974,0.014619718412058126,0.01485179385664755,0.015083869301236974,2.4336435620000634,43.165890621974974,14.759950644888576,15.8709146719232,0.0,1488,0.04515333709277911,0.05409467965364456,0.1032938686615671,0.10705200582742691,0.45353156263008715,0.6948806563019753,0.6656610473245382,0.8893421797826886,0.9461065093055367,0.9462208821624517,1,COMPLIANT_ALIGNMENT,jam,ood,20260921,results/a2po_dual_panda_dynamic_vertical/formal/seed_20260921/checkpoint_best.pt
43000135,no_staged_alignment_recovery,0,1600,12.8,0.0,0.0,0.0,0.0,0.012302496070629622,0.012492237172862766,0.012397366621746193,0.012492237172862766,2.4048535459001235,65.17788487914393,14.74584019736656,15.855742147705978,0.0,1488,0.04263655286515131,0.05366901680827141,0.10280136867746478,0.10704848170280457,0.4533817327208817,0.6949928633123637,0.6656845956668258,0.889415524713695,0.9462395472824574,0.946357658430934,1,COMPLIANT_ALIGNMENT,jam,ood,20260921,results/a2po_dual_panda_dynamic_vertical/formal/seed_20260921/checkpoint_best.pt
43000136,no_staged_alignment_recovery,0,1600,12.8,0.0,0.0,0.0,0.0,0.013493416196905014,0.014419431433706668,0.013956423815305841,0.014419431433706668,1.2155650341437874,210.1967861264523,15.608533550488142,16.68246738863128,0.0,1497,0.0422190182574559,0.05585439130663872,0.10303762760275276,0.10709575563669205,0.4525323471799493,0.6956487330794334,0.6657601064071059,0.889810788705945,0.9470427789911627,0.9471749025583267,1,COMPLIANT_ALIGNMENT,jam,ood,20260921,results/a2po_dual_panda_dynamic_vertical/formal/seed_20260921/checkpoint_best.pt
43000137,no_staged_alignment_recovery,0,1600,12.8,0.0,0.0,0.0,0.0,0.009003301709141622,0.008874537456909604,0.008938919583025614,0.009003301709141622,2.765043685189033,41.91332221706112,14.960746258663885,16.01150101261687,0.0,1495,0.03900296686711954,0.053034596145153046,0.10410761451232248,0.10704894363880157,0.4520231699757278,0.6961135456338525,0.6659604591876268,0.8902203965187073,0.9475539287179708,0.9476816084980965,1,COMPLIANT_ALIGNMENT,jam,ood,20260921,results/a2po_dual_panda_dynamic_vertical/formal/seed_20260921/checkpoint_best.pt
43000138,no_staged_alignment_recovery,0,1600,12.8,0.0,0.0,0.0,0.0,0.020451154687738053,0.020931405575254632,0.02069128013149634,0.020931405575254632,1.9470578214963625,224.2252934231506,15.78520896394107,16.860036276572572,0.0,1498,0.04661572650395101,0.0561319924890995,0.10334683168621268,0.10705279558897018,0.4539289516583085,0.6944735604524612,0.6654143755882979,0.8889094458892941,0.9457108362391591,0.9458282743766904,1,COMPLIANT_ALIGNMENT,jam,ood,20260921,results/a2po_dual_panda_dynamic_vertical/formal/seed_20260921/checkpoint_best.pt
43000139,no_staged_alignment_recovery,0,1600,12.8,0.0,0.0,0.0,0.0,0.01214001320945776,0.011455667257532375,0.011797840233495067,0.01214001320945776,1.002074211906121,156.29216127572394,15.178915608946472,16.266754838790593,0.0,1493,0.043029676685109736,0.05576029792428017,0.10296868281249771,0.10708749294281006,0.4531068185716867,0.6952477984130383,0.6657807248458266,0.8896387518942356,0.9465124858915805,0.9466316732391715,1,COMPLIANT_ALIGNMENT,jam,ood,20260921,results/a2po_dual_panda_dynamic_vertical/formal/seed_20260921/checkpoint_best.pt
43000140,no_staged_alignment_recovery,0,1600,12.8,0.0,0.0,0.0,0.0,0.019114384611280982,0.019748962220379456,0.01943167341583022,0.019748962220379456,1.806895251496372,187.16568497939676,15.853004990414526,16.97778312226455,0.0,1494,0.04555101941456087,0.05618133768439293,0.10344686047290452,0.1070735976099968,0.45406510153785345,0.6943680710345507,0.6654137436673045,0.888856023401022,0.9455835413187742,0.9456987734138965,1,COMPLIANT_ALIGNMENT,jam,ood,20260921,results/a2po_dual_panda_dynamic_vertical/formal/seed_20260921/checkpoint_best.pt
43000141,no_staged_alignment_recovery,0,1600,12.8,0.0,0.0,0.0,0.0,0.014145989570677307,0.014723272929231236,0.014434631249954272,0.014723272929231236,1.4516726309953818,158.34182909185122,15.421005836096764,16.504086513548376,0.0,1495,0.04754495175438933,0.055153753608465195,0.10426684495294467,0.10710497200489044,0.4542350492440164,0.6942570457234979,0.6654917491227388,0.8888498573005199,0.9454413416236639,0.9455473581701517,1,COMPLIANT_ALIGNMENT,jam,ood,20260921,results/a2po_dual_panda_dynamic_vertical/formal/seed_20260921/checkpoint_best.pt
43000142,no_staged_alignment_recovery,0,1600,12.8,0.0,0.0,0.0,0.0,0.030878935032859312,0.03002333283745774,0.030451133935158525,0.030878935032859312,2.8963432431122893,447.2663330687611,16.017134117585833,17.14208333654671,0.0,1495,0.05005640046321787,0.05642465129494667,0.10430735032903612,0.10706702619791031,0.4561542244628072,0.6922916833311319,0.6646092242375016,0.8869633782282471,0.9435298823937773,0.9436409744620323,1,COMPLIANT_ALIGNMENT,jam,ood,20260921,results/a2po_dual_panda_dynamic_vertical/formal/seed_20260921/checkpoint_best.pt
43000143,no_staged_alignment_recovery,0,1600,12.8,0.032660973073256216,0.0301382132545453,0.03139959316390076,0.0301382132545453,0.004192699641028538,0.00537934680444432,0.004786023222736429,0.00537934680444432,1.869902851537469,483.38804046868916,15.021445372801997,16.60975300378935,0.0,1447,0.037732346863194835,0.05477767065167427,0.10474997383542359,0.1070934534072876,0.4516332963295281,0.6963593444973231,0.6658777656406164,0.8902435942739249,0.9479286268725992,0.9480642254650593,1,INSERTION,jam,ood,20260921,results/a2po_dual_panda_dynamic_vertical/formal/seed_20260921/checkpoint_best.pt
43000144,no_staged_alignment_recovery,0,1600,12.8,0.0,0.0,0.0,0.0,0.028564800161107868,0.027201579510842806,0.027883189835975337,0.028564800161107868,2.373977723333951,532.9508625721571,16.093990922702375,17.189843442138717,0.0,1498,0.04991296844789758,0.05638524889945984,0.10388259934305097,0.10706806182861328,0.45570616371929645,0.6927553367614746,0.6647687764465808,0.8873889375850559,0.9439725513383747,0.94408545602113,1,COMPLIANT_ALIGNMENT,jam,ood,20260921,results/a2po_dual_panda_dynamic_vertical/formal/seed_20260921/checkpoint_best.pt
43000145,no_staged_alignment_recovery,0,1600,12.8,0.0,0.0,0.0,0.0,0.03790581545389974,0.03792114342873066,0.0379134794413152,0.03792114342873066,3.6115182262263783,237.07119764007487,17.600417419958113,18.786302783144077,0.0,1499,0.05191058131109458,0.056454598903656006,0.10412897147019975,0.10700657963752747,0.4561106494814158,0.6922236315533519,0.6643930556252599,0.8867153894156218,0.943553951382637,0.9436729948967695,1,COARSE_ALIGNMENT,jam,ood,20260921,results/a2po_dual_panda_dynamic_vertical/formal/seed_20260921/checkpoint_best.pt
43000146,no_staged_alignment_recovery,0,1600,12.8,0.0,0.0,0.0,0.0,0.0174424001581967,0.017104448288456753,0.017273424223326728,0.0174424001581967,2.663243810918639,301.39381943754734,15.117524682357423,16.200964160597373,0.0,1493,0.047099507995008026,0.05419449508190155,0.10375018540944439,0.10708700120449066,0.4537597575224936,0.6946889841929078,0.6656122263520956,0.889197273440659,0.9458940973505378,0.9460054931789637,1,COMPLIANT_ALIGNMENT,jam,ood,20260921,results/a2po_dual_panda_dynamic_vertical/formal/seed_20260921/checkpoint_best.pt
43000147,no_staged_alignment_recovery,0,1600,12.8,0.0,0.0,0.0,0.0,0.01003811286141673,0.009898337602292973,0.009968225231854852,0.01003811286141673,2.8383919789636245,161.534582890315,15.249606993775593,16.298845150327956,0.0,1497,0.04074343279062305,0.053083598613739014,0.10431268966873176,0.1070818230509758,0.4519243776239455,0.6962007907405495,0.6659831765294075,0.8902858986705542,0.9476532768085599,0.9477812944725156,1,COMPLIANT_ALIGNMENT,jam,ood,20260921,results/a2po_dual_panda_dynamic_vertical/formal/seed_20260921/checkpoint_best.pt
43000148,no_staged_alignment_recovery,0,1600,12.8,0.0,0.0,0.0,0.0,0.011931805889558248,0.010924691590773757,0.011428248740166003,0.011931805889558248,1.0812679713564057,182.5662825467451,15.346607211808514,16.490645761513512,0.0,1489,0.04141529784159502,0.056002866476774216,0.10203694670970435,0.10704421252012253,0.4537261911481619,0.6946354868635535,0.6654910576716065,0.8890542032942176,0.9458821560442447,0.946006604284048,1,COMPLIANT_ALIGNMENT,jam,ood,20260921,results/a2po_dual_panda_dynamic_vertical/formal/seed_20260921/checkpoint_best.pt
43000149,no_staged_alignment_recovery,0,1600,12.8,0.0,0.0,0.0,0.0,0.015533951629734285,0.016097466603315878,0.015815709116525082,0.016097466603315878,1.7525166434480315,219.83938939180794,15.549498061705158,16.630479210379846,0.0,1496,0.044000992770306765,0.05608270689845085,0.10297377574810525,0.107034832239151,0.45395261969417333,0.6944655767455697,0.665464668609202,0.8889454513788223,0.945682356543839,0.9458027587085962,1,COMPLIANT_ALIGNMENT,jam,ood,20260921,results/a2po_dual_panda_dynamic_vertical/formal/seed_20260921/checkpoint_best.pt
43000150,no_staged_alignment_recovery,0,1600,12.8,0.0,0.0,0.0,0.0,0.01936029281757709,0.020082467972178927,0.01972138039487801,0.020082467972178927,2.738590787045994,277.17031674982604,14.88311959844013,15.992606687376902,0.0,1489,0.04803905373933958,0.055251993238925934,0.10492623680343968,0.10708454996347427,0.4547556849382818,0.6937527929618955,0.6653623374551535,0.8884435531124473,0.944938770569861,0.9450405700132251,1,COMPLIANT_ALIGNMENT,jam,ood,20260921,results/a2po_dual_panda_dynamic_vertical/formal/seed_20260921/checkpoint_best.pt
43000151,no_staged_alignment_recovery,0,1600,12.8,0.0,0.0,0.0,0.0,0.030882643630263492,0.02997361609827805,0.03042812986427077,0.030882643630263492,2.6285922567302458,425.29732334722047,16.18231828525875,17.261139504276,0.0,1500,0.05076591496996116,0.056409649550914764,0.10366053324760287,0.10706780850887299,0.45560792453587057,0.6928176250681282,0.6647146474942565,0.8873795288801193,0.9440619215741753,0.9441785993054509,1,COMPLIANT_ALIGNMENT,jam,ood,20260921,results/a2po_dual_panda_dynamic_vertical/formal/seed_20260921/checkpoint_best.pt
43000152,no_staged_alignment_recovery,0,1600,12.8,0.0,0.0,0.0,0.0,0.020250814756582403,0.020165793503281425,0.020208304129931916,0.020250814756582403,1.837006487680737,539.5365905066172,15.891726767747137,17.042066238870923,0.0,1492,0.04596058067982085,0.05631382018327713,0.1041531053725339,0.10708171874284744,0.45505096776410936,0.6934453245997428,0.6651383538171649,0.8881005005538464,0.9446310393884778,0.9447390758991241,1,COMPLIANT_ALIGNMENT,jam,ood,20260921,results/a2po_dual_panda_dynamic_vertical/formal/seed_20260921/checkpoint_best.pt
43000153,no_staged_alignment_recovery,0,1600,12.8,0.0,0.0,0.0,0.0,0.03190311774777748,0.03041352303692238,0.03115832039234993,0.03190311774777748,2.671235939192649,120.26095350912402,15.949089129245285,17.04645464715595,0.0,1497,0.051018837754963894,0.05643756315112114,0.10432238831293944,0.10705315321683884,0.4564985129609704,0.691916119530797,0.6643781680986285,0.8865413556620478,0.9431843932345509,0.9432956297695637,1,COMPLIANT_ALIGNMENT,jam,ood,20260921,results/a2po_dual_panda_dynamic_vertical/formal/seed_20260921/checkpoint_best.pt
43000154,no_staged_alignment_recovery,0,1600,12.8,0.0,0.0,0.0,0.0,0.02908856561213461,0.02958713702804467,0.02933785132008964,0.02958713702804467,3.979353757910364,271.71524592524827,15.151019726028613,16.18266459388904,0.0,1498,0.052075216830708086,0.055603623390197754,0.10523181074211607,0.10704278200864792,0.4547446335665882,0.693716443926096,0.6653070206567645,0.8883527617529035,0.9449454610049725,0.9450483744218946,1,COMPLIANT_ALIGNMENT,jam,ood,20260921,results/a2po_dual_panda_dynamic_vertical/formal/seed_20260921/checkpoint_best.pt
43000155,no_staged_alignment_recovery,0,1600,12.8,0.0,0.0,0.0,0.0,0.01585516672424543,0.015786212763526045,0.015820689743885737,0.01585516672424543,2.1911021398216537,141.45602462372224,14.934421057156646,16.047732499295254,0.0,1489,0.04685787048598286,0.05511913076043129,0.10454578503529774,0.10709715634584427,0.45443147227168085,0.6940823544189334,0.6654612429067492,0.8887289902195334,0.9452548778802157,0.9453582318127155,1,COMPLIANT_ALIGNMENT,jam,ood,20260921,results/a2po_dual_panda_dynamic_vertical/formal/seed_20260921/checkpoint_best.pt
43000156,no_staged_alignment_recovery,0,1600,12.8,0.0,0.0,0.0,0.0,0.0130518728159586,0.013614842447336802,0.0133333576316477,0.013614842447336802,0.6209156090657896,378.4038256451356,15.77134765242728,16.84523113743902,0.0,1498,0.04117102611926384,0.05581587553024292,0.10278297720535193,0.10709775984287262,0.45281607009470465,0.6954398500546813,0.6657359451055527,0.8896912004053593,0.9467761518806219,0.9469026944041252,1,COMPLIANT_ALIGNMENT,jam,ood,20260921,results/a2po_dual_panda_dynamic_vertical/formal/seed_20260921/checkpoint_best.pt
43000157,no_staged_alignment_recovery,0,1600,12.8,0.042686625034645514,0.04291818624054236,0.04280240563759394,0.042686625034645514,0.004280899989955675,0.0036622676935439665,0.003971583841749821,0.004280899989955675,0.13665802531434695,414.2975729455337,1.5375174037029768,14.057301976712933,0.0,175,0.019930757253605408,0.05414861440658569,0.10236744849244132,0.10707548260688782,0.45220281720161437,0.6952086913213134,0.6644617473334073,0.8882327469438315,0.9472152107208968,0.947398256957531,1,INSERTION,jam,ood,20260921,results/a2po_dual_panda_dynamic_vertical/formal/seed_20260921/checkpoint_best.pt
43000158,no_staged_alignment_recovery,0,1600,12.8,0.0,0.0,0.0,0.0,0.011548117596812776,0.01175728758579575,0.011652702591304263,0.01175728758579575,0.11766321140259542,64.92043434777169,15.303186740403785,16.377992498091007,0.0,1495,0.04537956945830956,0.05580438673496246,0.10243336660045316,0.10704828798770905,0.4534277282655239,0.6949164216220379,0.6656114231795073,0.8893000070750713,0.9461821280047298,0.9463070538267493,1,COMPLIANT_ALIGNMENT,jam,ood,20260921,results/a2po_dual_panda_dynamic_vertical/formal/seed_20260921/checkpoint_best.pt
43000159,no_staged_alignment_recovery,0,1600,12.8,0.0,0.0,0.0,0.0,0.027124410008959758,0.026516105659500886,0.026820257834230324,0.027124410008959758,3.413668969840061,72.36961198785667,14.595575421432649,15.70472136805127,0.0,1487,0.05073585693549831,0.055808477103710175,0.10509040659162565,0.10703234374523163,0.4549726346693933,0.6935136887803673,0.6652585254982114,0.888204433619976,0.9447217766940593,0.944824719838798,1,COMPLIANT_ALIGNMENT,jam,ood,20260921,results/a2po_dual_panda_dynamic_vertical/formal/seed_20260921/checkpoint_best.pt
43000160,no_staged_alignment_recovery,0,1600,12.8,0.042715514046136854,0.04286497580743068,0.042790244926783766,0.042715514046136854,0.004242422806412661,0.0037051539894510897,0.003973788397931876,0.004242422806412661,0.11631366426943997,504.4445157013309,1.4947324346519197,19.2868701245409,0.0,124,0.020336836712667717,0.054239705204963684,0.10291455314029008,0.10712109506130219,0.45194270480424165,0.6954583693668246,0.6644892351701855,0.888397348113358,0.9474929119646549,0.9476706713810563,1,INSERTION,jam,ood,20260921,results/a2po_dual_panda_dynamic_vertical/formal/seed_20260921/checkpoint_best.pt
43000161,no_staged_alignment_recovery,0,1600,12.8,0.0,0.0,0.0,0.0,0.015448207353084498,0.015077913230748887,0.015263060291916692,0.015448207353084498,2.555104639017821,70.34149173646249,14.783058725048472,15.885086608514143,0.0,1489,0.04506969043635763,0.05399232357740402,0.10366071446740534,0.10707291215658188,0.45389057086780665,0.6945767119899392,0.6655929187312722,0.8891224244236946,0.9457646564021707,0.9458756068721413,1,COMPLIANT_ALIGNMENT,jam,ood,20260921,results/a2po_dual_panda_dynamic_vertical/formal/seed_20260921/checkpoint_best.pt
43000162,no_staged_alignment_recovery,0,1600,12.8,0.0,0.0,0.0,0.0,0.04172747100672267,0.0408653079356277,0.041296389471175185,0.04172747100672267,3.6131079006767046,305.78062531964997,16.350335095329502,17.428738276167355,0.0,1501,0.0531910880387295,0.056467678397893906,0.10344359817638178,0.10703539103269577,0.4564864648319781,0.6917374002933502,0.6638994659855961,0.8860228994861246,0.9431554608047008,0.9432813264802098,1,COARSE_ALIGNMENT,jam,ood,20260921,results/a2po_dual_panda_dynamic_vertical/formal/seed_20260921/checkpoint_best.pt
43000163,no_staged_alignment_recovery,0,1600,12.8,0.0,0.0,0.0,0.0,0.013833724567779628,0.015186441858168934,0.01451008321297428,0.015186441858168934,1.3529490681122485,236.29663358554197,15.534026544294914,16.669646191060938,0.0,1491,0.042947505119082054,0.05618156120181084,0.10360085558044375,0.10706901550292969,0.4543763165548444,0.6941174238175154,0.6654071509465576,0.8887149389460682,0.945287715382874,0.9454002642259002,1,COMPLIANT_ALIGNMENT,jam,ood,20260921,results/a2po_dual_panda_dynamic_vertical/formal/seed_20260921/checkpoint_best.pt
43000164,no_staged_alignment_recovery,0,1600,12.8,0.0,0.0,0.0,0.0,0.01115293359382634,0.011155390130219994,0.011154161862023167,0.011155390130219994,0.6587570481464858,488.3932151582301,15.69572795012944,16.820605974686607,0.0,1493,0.04189334416732891,0.056095246225595474,0.10263000206730793,0.10704250633716583,0.45366117589175703,0.6947220893949271,0.6655424866825342,0.8891488553211093,0.9459603583440185,0.9460827675834298,1,COMPLIANT_ALIGNMENT,jam,ood,20260921,results/a2po_dual_panda_dynamic_vertical/formal/seed_20260921/checkpoint_best.pt
43000165,no_staged_alignment_recovery,0,1600,12.8,0.04321320817924787,0.04343071352196021,0.04332196085060404,0.04321320817924787,0.0020255987279474315,0.0018452165055332897,0.0019354076167403607,0.0020255987279474315,0.10587724505416825,46.01565312233682,0.028759783201460512,7.66927552038947,0.0,6,0.0253031910766731,0.0548679493367672,0.10020309437750256,0.10552610456943512,0.4534067581780255,0.6940362287312746,0.6640316165983677,0.8872162796556949,0.9459799899160862,0.9461817730218172,0,INSERTION,lateral_tolerance,ood,20260921,results/a2po_dual_panda_dynamic_vertical/formal/seed_20260921/checkpoint_best.pt
43000166,no_staged_alignment_recovery,0,1600,12.8,0.0,0.0,0.0,0.0,0.01600489008973197,0.014983895879157908,0.015494392984444938,0.01600489008973197,0.5171103153501975,552.5062825929467,15.757325771308153,16.920618277914794,0.0,1490,0.04488757329119835,0.056236013770103455,0.10380418568107416,0.10704416036605835,0.45507276851683853,0.6934571135044098,0.6651597000285983,0.8881344840303064,0.9446077569946647,0.9447156867012382,1,COMPLIANT_ALIGNMENT,jam,ood,20260921,results/a2po_dual_panda_dynamic_vertical/formal/seed_20260921/checkpoint_best.pt
43000167,no_staged_alignment_recovery,0,1600,12.8,0.043313361807871445,0.04358414610998977,0.04344875395893061,0.043313361807871445,0.0010955841761065713,0.001314813687232367,0.0012051989316694692,0.001314813687232367,0.14599184213281347,22.332523087541063,0.013957826929713164,4.466504617508212,0.0,5,0.024604535687540192,0.05440739914774895,0.09981397445517359,0.10666719079017639,0.4534340075775981,0.6938934950903058,0.6638149121031165,0.8869128615036607,0.9459219119697809,0.9461316953971982,0,INSERTION,lateral_tolerance,ood,20260921,results/a2po_dual_panda_dynamic_vertical/formal/seed_20260921/checkpoint_best.pt
43000168,no_staged_alignment_recovery,0,1600,12.8,0.0,0.0,0.0,0.0,0.012880851622620816,0.012323479027165426,0.012602165324893121,0.012880851622620816,1.4256830473653324,124.24192568695962,15.56330860593513,16.723501524174754,0.0,1489,0.04170286927605048,0.05585652217268944,0.10224121644030675,0.10703179240226746,0.45302016027271746,0.69522938773036,0.665645686686039,0.8894961682334542,0.9465624785795808,0.9466916723549366,1,COMPLIANT_ALIGNMENT,jam,ood,20260921,results/a2po_dual_panda_dynamic_vertical/formal/seed_20260921/checkpoint_best.pt
43000169,no_staged_alignment_recovery,0,1600,12.8,0.0,0.0,0.0,0.0,0.009073793866916584,0.009200065473867038,0.00913692967039181,0.009200065473867038,1.7881064018933115,100.25423159604468,15.310662750144143,16.418941287017848,0.0,1492,0.03937035714625381,0.055577363818883896,0.10259028143380419,0.10705447942018509,0.4528134735673666,0.6954122019931674,0.6657315606623888,0.8896594281122089,0.9467628493532538,0.9468951366096735,1,COMPLIANT_ALIGNMENT,jam,ood,20260921,results/a2po_dual_panda_dynamic_vertical/formal/seed_20260921/checkpoint_best.pt
43000170,no_staged_alignment_recovery,0,1600,12.8,0.0,0.0,0.0,0.0,0.012158007571182017,0.01230568718570183,0.012231847378441924,0.01230568718570183,2.4970149909251314,56.626981469002864,14.912195212345264,15.97022244963348,0.0,1494,0.042623227229341865,0.05509067326784134,0.10335716598739964,0.10700599104166031,0.4523733597062528,0.6957895828038454,0.6658463348448277,0.8899482426047325,0.9471983869001269,0.9473302594944835,1,COMPLIANT_ALIGNMENT,jam,ood,20260921,results/a2po_dual_panda_dynamic_vertical/formal/seed_20260921/checkpoint_best.pt
43000171,no_staged_alignment_recovery,0,1600,12.8,0.0,0.0,0.0,0.0,0.01916859537002109,0.019938834202828253,0.01955371478642467,0.019938834202828253,1.6907826812996187,493.9120497842412,15.77361409724545,16.926748863576602,0.0,1491,0.04569770569039974,0.05634761229157448,0.10422778156527784,0.10708639025688171,0.4552529067918658,0.6932623770460487,0.6651064695417881,0.8879672022908927,0.9444348872080446,0.9445429325848818,1,COMPLIANT_ALIGNMENT,jam,ood,20260921,results/a2po_dual_panda_dynamic_vertical/formal/seed_20260921/checkpoint_best.pt
43000172,no_staged_alignment_recovery,0,1600,12.8,0.0,0.0,0.0,0.0,0.010969578868448323,0.011337509229993872,0.011153544049221097,0.011337509229993872,2.390756968980311,245.93223614815545,14.92963561308618,16.031823477139522,0.0,1490,0.04143483883148292,0.0536845363676548,0.10262356211082078,0.10707595199346542,0.45290083879604937,0.6953720432892442,0.6657642224803567,0.8896726198121905,0.9466927647963166,0.9468178091943265,1,COMPLIANT_ALIGNMENT,jam,ood,20260921,results/a2po_dual_panda_dynamic_vertical/formal/seed_20260921/checkpoint_best.pt
43000173,no_staged_alignment_recovery,0,1600,12.8,0.0,0.0,0.0,0.0,0.028154746179085654,0.0275548097054374,0.027854777942261526,0.028154746179085654,3.768389749855707,141.17648185997066,15.0172302530799,16.050479896411378,0.0,1497,0.051490996269858445,0.05559172108769417,0.10529751731897705,0.10709623992443085,0.45451477834954856,0.6939794527739287,0.6654147243127226,0.8886164183542132,0.9451828710362316,0.9452821416035294,1,COMPLIANT_ALIGNMENT,jam,ood,20260921,results/a2po_dual_panda_dynamic_vertical/formal/seed_20260921/checkpoint_best.pt
43000174,no_staged_alignment_recovery,0,1600,12.8,0.0,0.0,0.0,0.0,0.009130880152278968,0.01017610104475811,0.00965349059851854,0.01017610104475811,1.5070075464158157,372.69495671321505,15.898423294989797,16.96963126883501,0.0,1499,0.04000852769269841,0.05506470054388046,0.10419007439544657,0.1070851981639862,0.45197644995525477,0.6961492243781686,0.6659490908682346,0.8902307570725679,0.9475989368185401,0.9477283272147179,1,COMPLIANT_ALIGNMENT,jam,ood,20260921,results/a2po_dual_panda_dynamic_vertical/formal/seed_20260921/checkpoint_best.pt
43000175,no_staged_alignment_recovery,0,1600,12.8,0.0,0.0,0.0,0.0,0.02485381385074875,0.025230904728463094,0.025042359289605923,0.025230904728463094,2.3230950684083838,670.3504419627623,16.003643663537265,17.17359480996621,0.0,1491,0.048444634968764146,0.05641746520996094,0.10444810404558666,0.10706237703561783,0.4557384026236832,0.6927343492582441,0.6648493211716413,0.8874249522015453,0.9439495575428009,0.9440583712607622,1,COMPLIANT_ALIGNMENT,jam,ood,20260921,results/a2po_dual_panda_dynamic_vertical/formal/seed_20260921/checkpoint_best.pt
43000176,no_staged_alignment_recovery,0,1600,12.8,0.0,0.0,0.0,0.0,0.023174307704358604,0.023158792602121017,0.02316655015323981,0.023174307704358604,3.0234125880634206,289.66854241133865,14.807849410849093,15.911725357527564,0.0,1489,0.049667841070040596,0.05560964718461037,0.10517492552578915,0.10708726197481155,0.4547551217675209,0.6937383024767041,0.6653467151150108,0.8884157190471887,0.9449400087445974,0.9450413755699992,1,COMPLIANT_ALIGNMENT,jam,ood,20260921,results/a2po_dual_panda_dynamic_vertical/formal/seed_20260921/checkpoint_best.pt
43000177,no_staged_alignment_recovery,0,1600,12.8,0.0,0.0,0.0,0.0,0.01499352048906939,0.01533909678349425,0.01516630863628182,0.01533909678349425,1.2139637538114114,268.7496282188062,15.389810702312447,16.470700417190578,0.0,1495,0.04823238690267317,0.0551815927028656,0.10419318736472633,0.10710211098194122,0.45442288428544997,0.6940732780843973,0.6654263883084058,0.8886884116008877,0.945254597812891,0.9453620656952262,1,COMPLIANT_ALIGNMENT,jam,ood,20260921,results/a2po_dual_panda_dynamic_vertical/formal/seed_20260921/checkpoint_best.pt
43000178,no_staged_alignment_recovery,0,1600,12.8,0.0,0.0,0.0,0.0,0.024619557677915772,0.024283789035156322,0.024451673356536047,0.024619557677915772,2.2055974630082757,677.1838681921904,16.091201017952656,17.26755307090828,0.0,1491,0.04852730655955383,0.056438568979501724,0.10433685820898972,0.10707186907529831,0.4559094666317105,0.6925735156238079,0.664788244701922,0.8872863660752773,0.9437796120345593,0.9438889822363854,1,COMPLIANT_ALIGNMENT,jam,ood,20260921,results/a2po_dual_panda_dynamic_vertical/formal/seed_20260921/checkpoint_best.pt
43000179,no_staged_alignment_recovery,0,1600,12.8,0.0,0.0,0.0,0.0,0.03258352506261057,0.031205577780414794,0.03189455142151268,0.03258352506261057,2.7544883735294428,118.47829854747808,15.874337348991853,17.01201591318618,0.0,1493,0.051102276128949596,0.05646101385354996,0.10448589799678303,0.1069069430232048,0.45673505736514924,0.6916438859701156,0.6642498313635588,0.8862503688782454,0.942943019233644,0.9430554237961769,1,COMPLIANT_ALIGNMENT,jam,ood,20260921,results/a2po_dual_panda_dynamic_vertical/formal/seed_20260921/checkpoint_best.pt
43000180,no_staged_alignment_recovery,0,1600,12.8,0.0,0.0,0.0,0.0,0.01718518980129986,0.016125453163763338,0.0166553214825316,0.01718518980129986,2.4754773148858393,135.09563895414007,15.097198158700984,16.146735998610676,0.0,1496,0.04752983806392876,0.05427943170070648,0.10375197539222426,0.10709336400032043,0.4537248353473842,0.6947185239568353,0.66561823181808,0.8892171291261911,0.9459274142608046,0.9460400550439954,1,COMPLIANT_ALIGNMENT,jam,ood,20260921,results/a2po_dual_panda_dynamic_vertical/formal/seed_20260921/checkpoint_best.pt
43000181,no_staged_alignment_recovery,0,1600,12.8,0.0,0.0,0.0,0.0,0.016705681948055648,0.016808801237789498,0.01675724159292257,0.016808801237789498,1.6073370448527409,196.72821139861512,15.90371564025485,16.963963349605173,0.0,1500,0.044813182856305506,0.05591150373220444,0.10290327267401153,0.10709597915410995,0.45346951331943275,0.6948807090893387,0.6655559695139527,0.889244670830667,0.9461486963927745,0.9462705424800515,1,COMPLIANT_ALIGNMENT,jam,ood,20260921,results/a2po_dual_panda_dynamic_vertical/formal/seed_20260921/checkpoint_best.pt
43000182,no_staged_alignment_recovery,0,1600,12.8,0.0,0.0,0.0,0.0,0.03134167008301131,0.031882176375669355,0.03161192322934033,0.031882176375669355,3.839633361841533,125.3267176109318,14.730880631851774,15.807786056983794,0.0,1491,0.052769442065618934,0.05611959472298622,0.10532748251935117,0.10705943405628204,0.45533902110531926,0.6930823313817381,0.6650550916045904,0.8877340951934457,0.9443479338288308,0.9444540710747242,1,COMPLIANT_ALIGNMENT,jam,ood,20260921,results/a2po_dual_panda_dynamic_vertical/formal/seed_20260921/checkpoint_best.pt
43000183,no_staged_alignment_recovery,0,1600,12.8,0.0,0.0,0.0,0.0,0.023684321951283355,0.024528820777277152,0.024106571364280252,0.024528820777277152,2.125242376202189,570.7673340115307,16.033094649122372,17.136240105942417,0.0,1497,0.0481370687391609,0.056333232671022415,0.10392024436107022,0.1070861667394638,0.4548899206891656,0.6935662782937289,0.6651206284016371,0.8881493818014861,0.9447803474590182,0.9448936261609197,1,COMPLIANT_ALIGNMENT,jam,ood,20260921,results/a2po_dual_panda_dynamic_vertical/formal/seed_20260921/checkpoint_best.pt
43000184,no_staged_alignment_recovery,0,1600,12.8,0.0,0.0,0.0,0.0,0.02587806528401433,0.025878633901085624,0.025878349592549976,0.025878633901085624,3.15255078864976,76.37656768717929,15.172598546436697,16.314622092942685,0.0,1488,0.05044372107222443,0.05587923526763916,0.10530095671900198,0.10705176740884781,0.45507325222715733,0.6933922331035137,0.6652207071334124,0.8880826668441295,0.9446202549710869,0.9447231821715831,1,COMPLIANT_ALIGNMENT,jam,ood,20260921,results/a2po_dual_panda_dynamic_vertical/formal/seed_20260921/checkpoint_best.pt
43000185,no_staged_alignment_recovery,0,1600,12.8,0.0,0.0,0.0,0.0,0.015676152880185038,0.016030118550175124,0.01585313571518008,0.016030118550175124,2.01546867669692,259.0222231493117,15.251873839422101,16.31216453414128,0.0,1496,0.04790845364914276,0.05491413176059723,0.10424809172109235,0.1070541962981224,0.4542271152324975,0.694261884689331,0.6654929391667247,0.888852702639997,0.9454475223645568,0.9455544327571989,1,COMPLIANT_ALIGNMENT,jam,ood,20260921,results/a2po_dual_panda_dynamic_vertical/formal/seed_20260921/checkpoint_best.pt
43000186,no_staged_alignment_recovery,0,1600,12.8,0.0,0.0,0.0,0.0,0.007784234449230638,0.007856657358860625,0.007820445904045632,0.007856657358860625,0.024943845186697518,405.294717680507,15.344411487961986,16.477220389757836,0.0,1490,0.03805773520871299,0.05466917157173157,0.10481320743914693,0.10709688812494278,0.4516730773448944,0.6964061723276973,0.6660253301635385,0.8904254184663296,0.9479020896553993,0.9480314600467682,1,COMPLIANT_ALIGNMENT,jam,ood,20260921,results/a2po_dual_panda_dynamic_vertical/formal/seed_20260921/checkpoint_best.pt
43000187,no_staged_alignment_recovery,0,1600,12.8,0.0429013825454187,0.04310825131699256,0.04300481693120563,0.0429013825454187,0.002146081300214536,0.0026161858802453376,0.0023811335902299367,0.0026161858802453376,0.10276539708029361,0.0,0.0,0.0,0.0,4,0.022317144606786313,0.05313769355416298,0.10065808936895337,0.1060713604092598,0.4531794597581029,0.6941836359724403,0.6639518968760967,0.8871981343999505,0.9462120120599866,0.9464123551920056,0,INSERTION,lateral_tolerance,ood,20260921,results/a2po_dual_panda_dynamic_vertical/formal/seed_20260921/checkpoint_best.pt
43000188,no_staged_alignment_recovery,0,1600,12.8,0.0,0.0,0.0,0.0,0.012048379916797303,0.011993224389249815,0.01202080215302356,0.012048379916797303,2.365932013037408,86.45570948699485,14.9157249396634,15.995415484893725,0.0,1492,0.04258663835702464,0.05380012094974518,0.10322144721561927,0.10708250105381012,0.45246203223243353,0.6957403206825257,0.6658587570115924,0.889944254308939,0.9471202199161053,0.947248007170856,1,COMPLIANT_ALIGNMENT,jam,ood,20260921,results/a2po_dual_panda_dynamic_vertical/formal/seed_20260921/checkpoint_best.pt
43000189,no_staged_alignment_recovery,0,1600,12.8,0.0,0.0,0.0,0.0,0.011289372880052497,0.012651916772742949,0.011970644826397724,0.012651916772742949,0.3741109700420402,105.72425714897408,15.476512508715228,16.58567984858966,0.0,1493,0.04006981350918068,0.05568977817893028,0.10349652125500143,0.10706906765699387,0.4523052570968866,0.6958541237190365,0.6658475195616483,0.8899939062818885,0.9472678633406758,0.94739880297333,1,COMPLIANT_ALIGNMENT,jam,ood,20260921,results/a2po_dual_panda_dynamic_vertical/formal/seed_20260921/checkpoint_best.pt
43000190,no_staged_alignment_recovery,0,1600,12.8,0.0,0.0,0.0,0.0,0.006725871450279638,0.0065167981759411235,0.006621334813110381,0.006725871450279638,0.04024993709530881,134.38457990594532,15.355459721560166,16.45595147655477,0.0,1493,0.03833032091875793,0.05492537096142769,0.10371978754468728,0.10707996040582657,0.45218155294656753,0.6959375390782953,0.6658659210801124,0.8900369021296501,0.9473835385590792,0.9475158352404833,1,COMPLIANT_ALIGNMENT,jam,ood,20260921,results/a2po_dual_panda_dynamic_vertical/formal/seed_20260921/checkpoint_best.pt
43000191,no_staged_alignment_recovery,0,1600,12.8,0.0428869196440215,0.04314522330032236,0.04301607147217193,0.0428869196440215,0.0032887201998889437,0.0028803997833549973,0.0030845599916219705,0.0032887201998889437,0.13587999135620882,0.0,0.0,0.0,0.0,4,0.02340898002265021,0.05465598404407501,0.10132545124259196,0.10609807074069977,0.45280837485566733,0.6946228389069438,0.6642212374135852,0.8877015195414424,0.9466073989868165,0.946799629367888,0,INSERTION,lateral_tolerance,ood,20260921,results/a2po_dual_panda_dynamic_vertical/formal/seed_20260921/checkpoint_best.pt
43000192,no_staged_alignment_recovery,0,1600,12.8,0.0,0.0,0.0,0.0,0.018783816751994996,0.018651389517311146,0.018717603134653073,0.018783816751994996,2.5990314827558305,408.27503272423075,15.325560059785522,16.369089516459834,0.0,1498,0.04910361259477213,0.05484572798013687,0.1044363302452257,0.10709332674741745,0.45420161919668317,0.6942849763855338,0.665499703027308,0.8888709623739124,0.9454753367602825,0.9455814757943153,1,COMPLIANT_ALIGNMENT,jam,ood,20260921,results/a2po_dual_panda_dynamic_vertical/formal/seed_20260921/checkpoint_best.pt
43000193,no_staged_alignment_recovery,0,1600,12.8,0.0,0.0,0.0,0.0,0.01639502294287145,0.015674956711334443,0.016034989827102948,0.01639502294287145,1.8904561444683048,93.21260572678163,15.349300899345543,16.40539842281421,0.0,1497,0.04831453065387905,0.05490269511938095,0.10445040744845756,0.10706177353858948,0.45413982385769486,0.6943493086844683,0.665524247661233,0.8889312326535582,0.945537188500166,0.945643098577857,1,COMPLIANT_ALIGNMENT,jam,ood,20260921,results/a2po_dual_panda_dynamic_vertical/formal/seed_20260921/checkpoint_best.pt
43000194,no_staged_alignment_recovery,0,1600,12.8,0.04269186867394771,0.04294516910986737,0.04281851889190754,0.04269186867394771,0.003332055435107559,0.0041197782169685,0.0037259168260380293,0.0041197782169685,0.1541622339310364,241.8635118953691,6.387774786276,13.924304711228338,0.0,734,0.02912769513990497,0.054273173213005066,0.10175784658975318,0.1070597842335701,0.4526630055718124,0.6949776656925678,0.6647221736982465,0.8883880296349526,0.9467833584174514,0.9469567205011845,1,INSERTION,jam,ood,20260921,results/a2po_dual_panda_dynamic_vertical/formal/seed_20260921/checkpoint_best.pt
43000195,no_staged_alignment_recovery,0,1600,12.8,0.050321188035173325,0.050799972010226374,0.05056058002269985,0.050321188035173325,0.0012135680330694091,0.001636800767549135,0.0014251844003092722,0.001636800767549135,0.6401530276089442,456.6063868064592,14.081086963397754,16.688695660323265,0.0,1350,0.03714082839171169,0.05482611432671547,0.10349795158297638,0.10705617070198059,0.4521804291754961,0.695782582052052,0.6656085914745927,0.8896792096272111,0.9473499993607402,0.9474962052702903,1,INSERTION,jam,ood,20260921,results/a2po_dual_panda_dynamic_vertical/formal/seed_20260921/checkpoint_best.pt
43000196,no_staged_alignment_recovery,0,1600,12.8,0.0,0.0,0.0,0.0,0.03291165510667799,0.033297702023582065,0.033104678565130025,0.033297702023582065,4.015308748005182,320.48270895406023,15.03931297402416,16.106359276063362,0.0,1494,0.05342252591624856,0.05612509697675705,0.1051101327422657,0.10709328949451447,0.455370730496943,0.6930494879186153,0.665016406700015,0.8876913800090551,0.944313630796969,0.9444213877618313,1,COMPLIANT_ALIGNMENT,jam,ood,20260921,results/a2po_dual_panda_dynamic_vertical/formal/seed_20260921/checkpoint_best.pt
43000197,no_staged_alignment_recovery,0,1600,12.8,0.0,0.0,0.0,0.0,0.02856706719125299,0.029592932175754157,0.029079999683503575,0.029592932175754157,2.6587021672668163,73.42603406752866,15.76328756049055,16.859131080738553,0.0,1496,0.04999136468337383,0.05642564967274666,0.10414665054959187,0.10702013969421387,0.4555739555321634,0.6928670705482364,0.6648330704122781,0.8874903658404947,0.9441041704267263,0.9442182308435441,1,COMPLIANT_ALIGNMENT,jam,ood,20260921,results/a2po_dual_panda_dynamic_vertical/formal/seed_20260921/checkpoint_best.pt
43000198,no_staged_alignment_recovery,0,1600,12.8,0.0,0.0,0.0,0.0,0.020521818349151805,0.020095350568378145,0.020308584458764975,0.020521818349151805,2.907763675200208,227.30568650716384,15.131506391182427,16.226816505289467,0.0,1492,0.048915818086243235,0.05503657087683678,0.1046082905709045,0.10704966634511948,0.45424085576087236,0.694263412617147,0.6655042592808604,0.8888711260259151,0.9454437337443232,0.9455467328429222,1,COMPLIANT_ALIGNMENT,jam,ood,20260921,results/a2po_dual_panda_dynamic_vertical/formal/seed_20260921/checkpoint_best.pt
43000199,no_staged_alignment_recovery,0,1600,12.8,0.0,0.0,0.0,0.0,0.01716996681003617,0.017399847616500576,0.01728490721326837,0.017399847616500576,2.6049176668530607,350.76778291475233,15.239157042707694,16.37518553951129,0.0,1489,0.046886766591633204,0.054586369544267654,0.1041197451314656,0.10708037763834,0.4543414110504091,0.6941671186313033,0.6654725800827146,0.8887909746542573,0.9453362739086151,0.9454421673342586,1,COMPLIANT_ALIGNMENT,jam,ood,20260921,results/a2po_dual_panda_dynamic_vertical/formal/seed_20260921/checkpoint_best.pt
