episode,step,stage,stage_index,success,contact,jamming,Kx,Ky,Kz,Krx,Kry,Krz,Dx,Dy,Dz,Drx,Dry,Drz,Fx,Fy,Fz,Tx,Ty,Tz,peg1_lateral_error,peg2_lateral_error,peg1_depth,peg2_depth,relative_position_error,relative_orientation_error,agent1_action,impedance_action
0,0,LIFT,2,0,0,0,307.80000311136246,307.80000311136246,482.29999101161957,49.125,49.125,36.025,3.6999999999999997,3.6999999999999997,4.800000041723251,1.3440000116825104,1.3440000116825104,0.9600000083446503,0.0,0.0,0.0,0.0,0.0,0.0,0.005529133587666004,0.00626542818531611,0.0,0.0,0.015374651715616423,1.6223690513098672,"[-0.19926324486732483, 0.10426677763462067, -1.0, 0.07353775203227997, 0.13919492065906525, 0.12784069776535034]","[0.800000011920929, 0.800000011920929, 0.8999999761581421, 0.75, 0.75, 0.75, 0.75, 0.75, 0.800000011920929, 0.800000011920929, 0.800000011920929, 0.800000011920929]"
0,1,TRANSPORT,3,0,0,0,307.80000311136246,307.80000311136246,482.29999101161957,49.125,49.125,36.025,3.6999999999999997,3.6999999999999997,4.800000041723251,1.3440000116825104,1.3440000116825104,0.9600000083446503,0.0,0.0,0.0,0.0,0.0,0.0,0.0031387972381911166,0.0035568300585312614,0.0,0.0,0.029997476615648444,1.2274420638691863,"[3.367537138032617e-09, -1.7185527445562343e-09, -1.0, -7.543273228272085e-10, 1.2672276561431772e-09, -4.454407065423993e-09]","[0.800000011920929, 0.800000011920929, 0.8999999761581421, 0.75, 0.75, 0.75, 0.75, 0.75, 0.800000011920929, 0.800000011920929, 0.800000011920929, 0.800000011920929]"
0,2,COARSE_ALIGNMENT,4,0,0,0,307.80000311136246,307.80000311136246,482.29999101161957,49.125,49.125,36.025,3.6999999999999997,3.6999999999999997,4.800000041723251,1.3440000116825104,1.3440000116825104,0.9600000083446503,0.0,0.0,0.0,0.0,0.0,0.0,0.0017394772044860957,0.0019609465887155796,0.0,0.0,0.04461013897832471,0.6799303168967495,"[4.278984463785376e-17, -1.503427067658607e-17, -1.0, -2.2677221013229033e-17, 2.3250781432528402e-17, -4.4708933437478834e-17]","[0.800000011920929, 0.800000011920929, 0.8999999761581421, 0.75, 0.75, 0.75, 0.75, 0.75, 0.800000011920929, 0.800000011920929, 0.800000011920929, 0.800000011920929]"
0,3,APPROACH,5,0,0,0,307.80000311136246,307.80000311136246,482.29999101161957,49.125,49.125,36.025,3.6999999999999997,3.6999999999999997,4.800000041723251,1.3440000116825104,1.3440000116825104,0.9600000083446503,0.0,0.0,0.0,0.0,0.0,0.0,0.00099601068853144,0.0011108581858258698,0.0,0.0,0.05907220253072121,0.3536658730384382,"[1.223537956532149e-24, 4.566726134123818e-25, -1.0, 1.2678280343658137e-25, -4.138429882852174e-25, 1.5600910157293669e-25]","[0.800000011920929, 0.800000011920929, 0.8999999761581421, 0.75, 0.75, 0.75, 0.75, 0.75, 0.800000011920929, 0.800000011920929, 0.800000011920929, 0.800000011920929]"
0,4,APPROACH,5,0,0,0,307.80000311136246,307.80000311136246,482.29999101161957,49.125,49.125,36.025,3.6999999999999997,3.6999999999999997,4.800000041723251,1.3440000116825104,1.3440000116825104,0.9600000083446503,0.0,0.0,0.0,0.0,0.0,0.0,0.0005999635369391872,0.0006598408650529846,0.0,0.0,0.07324682619395975,0.18102129199314115,"[3.440994931929724e-32, 1.7461764339321626e-32, -1.0, 3.76985666817714e-33, 1.8250999649411608e-34, -2.7894521352631192e-33]","[0.800000011920929, 0.800000011920929, 0.8999999761581421, 0.75, 0.75, 0.75, 0.75, 0.75, 0.800000011920929, 0.800000011920929, 0.800000011920929, 0.800000011920929]"
0,5,APPROACH,5,0,0,0,307.80000311136246,307.80000311136246,482.29999101161957,49.125,49.125,36.025,3.6999999999999997,3.6999999999999997,4.800000041723251,1.3440000116825104,1.3440000116825104,0.9600000083446503,0.0,0.0,0.0,0.0,0.0,0.0,0.00038543668742203055,0.00041818956791005407,0.0,0.0,0.08704442758599171,0.09282126117056283,"[-8.877435966267365e-40, 4.821363548294539e-40, -1.0, -1.0503152379653801e-40, -4.388866790265327e-42, -1.2265565458235124e-41]","[0.800000011920929, 0.800000011920929, 0.8999999761581421, 0.75, 0.75, 0.75, 0.75, 0.75, 0.800000011920929, 0.800000011920929, 0.800000011920929, 0.800000011920929]"
0,6,APPROACH,5,0,0,0,307.80000311136246,307.80000311136246,482.29999101161957,49.125,49.125,36.025,3.6999999999999997,3.6999999999999997,4.800000041723251,1.3440000116825104,1.3440000116825104,0.9600000083446503,0.0,0.0,0.0,0.0,0.0,0.0,0.00026664748666811847,0.000286967316203922,0.0,0.0,0.10038956002802939,0.048797428685927895,"[0.0, 0.0, -1.0, 0.0, 0.0, 0.0]","[0.800000011920929, 0.800000011920929, 0.8999999761581421, 0.75, 0.75, 0.75, 0.75, 0.75, 0.800000011920929, 0.800000011920929, 0.800000011920929, 0.800000011920929]"
0,7,APPROACH,5,0,0,0,307.80000311136246,307.80000311136246,482.29999101161957,49.125,49.125,36.025,3.6999999999999997,3.6999999999999997,4.800000041723251,1.3440000116825104,1.3440000116825104,0.9600000083446503,0.0,0.0,0.0,0.0,0.0,0.0,0.00019892860940239065,0.00021454891679271461,0.0,0.0,0.1132133934191929,0.027564741271659948,"[0.0, 0.0, -1.0, 0.0, 0.0, 0.0]","[0.800000011920929, 0.800000011920929, 0.8999999761581421, 0.75, 0.75, 0.75, 0.75, 0.75, 0.800000011920929, 0.800000011920929, 0.800000011920929, 0.800000011920929]"
0,8,APPROACH,5,0,0,0,307.80000311136246,307.80000311136246,482.29999101161957,49.125,49.125,36.025,3.6999999999999997,3.6999999999999997,4.800000041723251,1.3440000116825104,1.3440000116825104,0.9600000083446503,0.0,0.0,0.0,0.0,0.0,0.0,0.00015894538523887893,0.00017384703355768786,0.0,0.0,0.12069948624688413,0.018278422423184077,"[0.0, 0.0, -0.6831515431404114, 0.0, 0.0, 0.0]","[0.800000011920929, 0.800000011920929, 0.8999999761581421, 0.75, 0.75, 0.75, 0.75, 0.75, 0.800000011920929, 0.800000011920929, 0.800000011920929, 0.800000011920929]"
0,9,APPROACH,5,0,0,0,307.80000311136246,307.80000311136246,482.29999101161957,49.125,49.125,36.025,3.6999999999999997,3.6999999999999997,4.800000041723251,1.3440000116825104,1.3440000116825104,0.9600000083446503,0.0,0.0,0.0,0.0,0.0,0.0,0.00013438003825383014,0.00015040512010581426,0.0,0.0,0.11730379302188995,0.015458755296132424,"[0.0, 0.0, -1.9430839159895186e-08, 0.0, 0.0, 0.0]","[0.800000011920929, 0.800000011920929, 0.8999999761581421, 0.75, 0.75, 0.75, 0.75, 0.75, 0.800000011920929, 0.800000011920929, 0.800000011920929, 0.800000011920929]"
0,10,APPROACH,5,0,0,0,307.80000311136246,307.80000311136246,482.29999101161957,49.125,49.125,36.025,3.6999999999999997,3.6999999999999997,4.800000041723251,1.3440000116825104,1.3440000116825104,0.9600000083446503,0.0,0.0,0.0,0.0,0.0,0.0,0.00011822946150501724,0.00013598894720822098,0.0,0.0,0.11326610144619993,0.016089199286720215,"[0.0, 0.0, 0.0, 0.0, 0.0, 0.0]","[0.800000011920929, 0.800000011920929, 0.8999999761581421, 0.75, 0.75, 0.75, 0.75, 0.75, 0.800000011920929, 0.800000011920929, 0.800000011920929, 0.800000011920929]"
0,11,APPROACH,5,0,0,0,307.80000311136246,307.80000311136246,482.29999101161957,49.125,49.125,36.025,3.6999999999999997,3.6999999999999997,4.800000041723251,1.3440000116825104,1.3440000116825104,0.9600000083446503,0.0,0.0,0.0,0.0,0.0,0.0,0.0001059369611349196,0.0001254010670133619,0.0,0.0,0.10862238191417593,0.018451692959042348,"[0.0, 0.0, 0.0, 0.0, 0.0, 0.0]","[0.800000011920929, 0.800000011920929, 0.8999999761581421, 0.75, 0.75, 0.75, 0.75, 0.75, 0.800000011920929, 0.800000011920929, 0.800000011920929, 0.800000011920929]"
0,12,APPROACH,5,0,0,0,307.80000311136246,307.80000311136246,482.29999101161957,49.125,49.125,36.025,3.6999999999999997,3.6999999999999997,4.800000041723251,1.3440000116825104,1.3440000116825104,0.9600000083446503,0.0,0.0,0.0,0.0,0.0,0.0,9.554267288312624e-05,0.00011623703583907858,0.0,0.0,0.10341979048776864,0.02159275875807504,"[0.0, 0.0, 0.0, 0.0, 0.0, 0.0]","[0.800000011920929, 0.800000011920929, 0.8999999761581421, 0.75, 0.75, 0.75, 0.75, 0.75, 0.800000011920929, 0.800000011920929, 0.800000011920929, 0.800000011920929]"
0,13,APPROACH,5,0,0,0,307.80000311136246,307.80000311136246,482.29999101161957,49.125,49.125,36.025,3.6999999999999997,3.6999999999999997,4.800000041723251,1.3440000116825104,1.3440000116825104,0.9600000083446503,0.0,0.0,0.0,0.0,0.0,0.0,8.690718540242804e-05,0.00010788754775980741,0.0,0.0,0.09771389643465118,0.025128850031767486,"[0.0, 0.0, 0.0, 0.0, 0.0, 0.0]","[0.800000011920929, 0.800000011920929, 0.8999999761581421, 0.75, 0.75, 0.75, 0.75, 0.75, 0.800000011920929, 0.800000011920929, 0.800000011920929, 0.800000011920929]"
0,14,APPROACH,5,0,0,0,307.80000311136246,307.80000311136246,482.29999101161957,49.125,49.125,36.025,3.6999999999999997,3.6999999999999997,4.800000041723251,1.3440000116825104,1.3440000116825104,0.9600000083446503,0.0,0.0,0.0,0.0,0.0,0.0,8.020135296669175e-05,0.00010008642891082193,0.0,0.0,0.09156257795243274,0.02896128890268835,"[0.0, 0.0, 0.0, 0.0, 0.0, 0.0]","[0.800000011920929, 0.800000011920929, 0.8999999761581421, 0.75, 0.75, 0.75, 0.75, 0.75, 0.800000011920929, 0.800000011920929, 0.800000011920929, 0.800000011920929]"
0,15,APPROACH,5,0,0,0,307.80000311136246,307.80000311136246,482.29999101161957,49.125,49.125,36.025,3.6999999999999997,3.6999999999999997,4.800000041723251,1.3440000116825104,1.3440000116825104,0.9600000083446503,0.0,0.0,0.0,0.0,0.0,0.0,7.559211517112492e-05,9.264201591460068e-05,0.0,0.0,0.08501780092279143,0.03301581556381436,"[0.0, 0.0, 0.0, 0.0, 0.0, 0.0]","[0.800000011920929, 0.800000011920929, 0.8999999761581421, 0.75, 0.75, 0.75, 0.75, 0.75, 0.800000011920929, 0.800000011920929, 0.800000011920929, 0.800000011920929]"
0,16,APPROACH,5,0,0,0,307.80000311136246,307.80000311136246,482.29999101161957,49.125,49.125,36.025,3.6999999999999997,3.6999999999999997,4.800000041723251,1.3440000116825104,1.3440000116825104,0.9600000083446503,0.0,0.0,0.0,0.0,0.0,0.0,7.319327901947879e-05,8.544540053034581e-05,0.0,0.0,0.07812223114703593,0.037214049800382586,"[0.0, 0.0, 0.0, 0.0, 0.0, 0.0]","[0.800000011920929, 0.800000011920929, 0.8999999761581421, 0.75, 0.75, 0.75, 0.75, 0.75, 0.800000011920929, 0.800000011920929, 0.800000011920929, 0.800000011920929]"
0,17,APPROACH,5,0,0,0,307.80000311136246,307.80000311136246,482.29999101161957,49.125,49.125,36.025,3.6999999999999997,3.6999999999999997,4.800000041723251,1.3440000116825104,1.3440000116825104,0.9600000083446503,0.0,0.0,0.0,0.0,0.0,0.0,7.295596555828847e-05,7.844098200185173e-05,0.0,0.0,0.07091309632218644,0.04147615377134864,"[0.0, 0.0, 0.0, 0.0, 0.0, 0.0]","[0.800000011920929, 0.800000011920929, 0.8999999761581421, 0.75, 0.75, 0.75, 0.75, 0.75, 0.800000011920929, 0.800000011920929, 0.800000011920929, 0.800000011920929]"
0,18,APPROACH,5,0,0,0,307.80000311136246,307.80000311136246,482.29999101161957,49.125,49.125,36.025,3.6999999999999997,3.6999999999999997,4.800000041723251,1.3440000116825104,1.3440000116825104,0.9600000083446503,0.0,0.0,0.0,0.0,0.0,0.0,7.46166738070289e-05,7.15999685509527e-05,0.0,0.0,0.06342628536823808,0.045713772329018076,"[0.0, 0.0, 0.0, 0.0, 0.0, 0.0]","[0.800000011920929, 0.800000011920929, 0.8999999761581421, 0.75, 0.75, 0.75, 0.75, 0.75, 0.800000011920929, 0.800000011920929, 0.800000011920929, 0.800000011920929]"
0,19,APPROACH,5,0,0,0,307.80000311136246,307.80000311136246,482.29999101161957,49.125,49.125,36.025,3.6999999999999997,3.6999999999999997,4.800000041723251,1.3440000116825104,1.3440000116825104,0.9600000083446503,0.0,0.0,0.0,0.0,0.0,0.0,7.774800210523026e-05,6.490736392546982e-05,0.0,0.0,0.0556970576578778,0.049828286197633055,"[0.0, 0.0, 0.0, 0.0, 0.0, 0.0]","[0.800000011920929, 0.800000011920929, 0.8999999761581421, 0.75, 0.75, 0.75, 0.75, 0.75, 0.800000011920929, 0.800000011920929, 0.800000011920929, 0.800000011920929]"
0,20,FIRST_CONTACT,6,0,1,0,307.80000311136246,307.80000311136246,482.29999101161957,49.125,49.125,36.025,3.6999999999999997,3.6999999999999997,4.800000041723251,1.3440000116825104,1.3440000116825104,0.9600000083446503,0.0,0.0,0.0,0.0,0.0,0.0,8.186325528011889e-05,5.8355875278925035e-05,0.0,0.0,0.04776034574432645,0.053712579249305226,"[0.0, 0.0, 0.0, 0.0, 0.0, 0.0]","[0.800000011920929, 0.800000011920929, 0.8999999761581421, 0.75, 0.75, 0.75, 0.75, 0.75, 0.800000011920929, 0.800000011920929, 0.800000011920929, 0.800000011920929]"
0,21,COMPLIANT_ALIGNMENT,7,0,0,0,145.9800018668175,145.9800018668175,388.05000000000007,23.025000259280205,23.025000259280205,16.88500019013882,4.119999933242798,4.119999933242798,5.324999958276749,1.4909999883174894,1.4909999883174894,1.0649999916553496,0.0,0.0,0.0,0.0,0.0,0.0,8.656121262635102e-05,5.1991848495544365e-05,0.0065977694575858545,0.006566845459299857,0.03965056099311199,0.05725531919379976,"[0.0, 0.0, 0.0, 0.0, 0.0, 0.0]","[0.18000000715255737, 0.18000000715255737, 0.8500000238418579, 0.15000000596046448, 0.15000000596046448, 0.15000000596046448, 0.8999999761581421, 0.8999999761581421, 0.949999988079071, 0.949999988079071, 0.949999988079071, 0.949999988079071]"
0,22,INSERTION,8,0,0,0,307.80000311136246,307.80000311136246,482.29999101161957,49.125,49.125,36.025,3.6999999999999997,3.6999999999999997,4.800000041723251,1.3440000116825104,1.3440000116825104,0.9600000083446503,0.0,0.0,0.0,0.0,0.0,0.0,9.149944467210814e-05,4.5865469779266996e-05,0.014912205396788246,0.014880809588398429,0.03141773675412744,0.0603783464579086,"[0.0, 0.0, 0.0, 0.0, 0.0, 0.0]","[0.800000011920929, 0.800000011920929, 0.8999999761581421, 0.75, 0.75, 0.75, 0.75, 0.75, 0.800000011920929, 0.800000011920929, 0.800000011920929, 0.800000011920929]"
0,23,INSERTION,8,0,0,0,307.80000311136246,307.80000311136246,482.29999101161957,49.125,49.125,36.025,3.6999999999999997,3.6999999999999997,4.800000041723251,1.3440000116825104,1.3440000116825104,0.9600000083446503,0.0,0.0,0.0,0.0,0.0,0.0,9.631144828769635e-05,3.9965293808065606e-05,0.023308601713672876,0.023276848090045203,0.023103579972488974,0.06300829062353498,"[0.0, 0.0, 0.0, 0.0, 0.0, 0.0]","[0.800000011920929, 0.800000011920929, 0.8999999761581421, 0.75, 0.75, 0.75, 0.75, 0.75, 0.800000011920929, 0.800000011920929, 0.800000011920929, 0.800000011920929]"
0,24,INSERTION,8,0,0,0,307.80000311136246,307.80000311136246,482.29999101161957,49.125,49.125,36.025,3.6999999999999997,3.6999999999999997,4.800000041723251,1.3440000116825104,1.3440000116825104,0.9600000083446503,0.0,0.0,0.0,0.0,0.0,0.0,0.00010078395864464907,3.4447217016461324e-05,0.03175177032452844,0.03171977202349382,0.014707460842328343,0.06501588775558967,"[0.0, 0.0, 0.0, 0.0, 0.0, 0.0]","[0.800000011920929, 0.800000011920929, 0.8999999761581421, 0.75, 0.75, 0.75, 0.75, 0.75, 0.800000011920929, 0.800000011920929, 0.800000011920929, 0.800000011920929]"
0,25,INSERTION,8,0,0,0,307.80000311136246,307.80000311136246,482.29999101161957,49.125,49.125,36.025,3.6999999999999997,3.6999999999999997,4.800000041723251,1.3440000116825104,1.3440000116825104,0.9600000083446503,0.0,0.0,0.0,0.0,0.0,0.0,0.00010475341847425752,2.9622307643880794e-05,0.040199582359897866,0.040167450162394,0.0062647890092790036,0.06633725114692549,"[0.0, 0.0, 0.0, 0.0, 0.0, 0.0]","[0.800000011920929, 0.800000011920929, 0.8999999761581421, 0.75, 0.75, 0.75, 0.75, 0.75, 0.800000011920929, 0.800000011920929, 0.800000011920929, 0.800000011920929]"
0,26,INSERTION,8,0,0,0,307.80000311136246,307.80000311136246,482.29999101161957,49.125,49.125,36.025,3.6999999999999997,3.6999999999999997,4.800000041723251,1.3440000116825104,1.3440000116825104,0.9600000083446503,0.0,0.0,0.0,0.0,0.0,0.0,0.00010809834847398843,2.603134676459254e-05,0.04860311166202221,0.04857095458851759,0.0021855027633545664,0.06692165798851268,"[0.0, 0.0, 0.0, 0.0, 0.0, 0.0]","[0.800000011920929, 0.800000011920929, 0.8999999761581421, 0.75, 0.75, 0.75, 0.75, 0.75, 0.800000011920929, 0.800000011920929, 0.800000011920929, 0.800000011920929]"
0,27,INSERTION,8,0,0,0,307.80000311136246,307.80000311136246,482.29999101161957,49.125,49.125,36.025,3.6999999999999997,3.6999999999999997,4.800000041723251,1.3440000116825104,1.3440000116825104,0.9600000083446503,0.0,0.0,0.0,0.0,0.0,0.0,0.00011073904500625806,2.4430093534307647e-05,0.05691025560531079,0.05687818131201829,0.010587525099004702,0.06672828765766844,"[0.0, 0.0, 0.0, 0.0, 0.0, 0.0]","[0.800000011920929, 0.800000011920929, 0.8999999761581421, 0.75, 0.75, 0.75, 0.75, 0.75, 0.800000011920929, 0.800000011920929, 0.800000011920929, 0.800000011920929]"
0,28,INSERTION,8,0,0,0,307.80000311136246,307.80000311136246,482.29999101161957,49.125,49.125,36.025,3.6999999999999997,3.6999999999999997,4.800000041723251,1.3440000116825104,1.3440000116825104,0.9600000083446503,0.0,0.0,0.0,0.0,0.0,0.0,0.00011263225872913053,2.5433912688377107e-05,0.06506887767576897,0.06503699209263109,0.018894541473585012,0.06572596648340964,"[0.0, 0.0, 0.0, 0.0, 0.0, 0.0]","[0.800000011920929, 0.800000011920929, 0.8999999761581421, 0.75, 0.75, 0.75, 0.75, 0.75, 0.800000011920929, 0.800000011920929, 0.800000011920929, 0.800000011920929]"
0,29,INSERTION,8,0,0,0,307.80000311136246,307.80000311136246,482.29999101161957,49.125,49.125,36.025,3.6999999999999997,3.6999999999999997,4.800000041723251,1.3440000116825104,1.3440000116825104,0.9600000083446503,0.0,0.0,0.0,0.0,0.0,0.0,0.00011376895029025667,2.901930543202523e-05,0.07302878547266614,0.07299719227049054,0.027053194024920044,0.06389013740647301,"[0.0, 0.0, 0.0, 0.0, 0.0, 0.0]","[0.800000011920929, 0.800000011920929, 0.8999999761581421, 0.75, 0.75, 0.75, 0.75, 0.75, 0.800000011920929, 0.800000011920929, 0.800000011920929, 0.800000011920929]"
0,30,INSERTION,8,0,0,0,307.80000311136246,307.80000311136246,482.29999101161957,49.125,49.125,36.025,3.6999999999999997,3.6999999999999997,4.800000041723251,1.3440000116825104,1.3440000116825104,0.9600000083446503,0.0,0.0,0.0,0.0,0.0,0.0,0.00011417579253085779,3.464086967197665e-05,0.08074350996690419,0.08071230953602598,0.035013215065159364,0.06120323302456713,"[0.0, 0.0, 0.0, 0.0, 0.0, 0.0]","[0.800000011920929, 0.800000011920929, 0.8999999761581421, 0.75, 0.75, 0.75, 0.75, 0.75, 0.800000011920929, 0.800000011920929, 0.800000011920929, 0.800000011920929]"
0,31,INSERTION,8,0,0,0,307.80000311136246,307.80000311136246,482.29999101161957,49.125,49.125,36.025,3.6999999999999997,3.6999999999999997,4.800000041723251,1.3440000116825104,1.3440000116825104,0.9600000083446503,0.0,0.0,0.0,0.0,0.0,0.0,0.0001139190405823154,4.173046090399101e-05,0.08817219387384101,0.0881414815518497,0.04272811620611466,0.0576587541300528,"[0.0, 0.0, 0.0, 0.0, 0.0, 0.0]","[0.800000011920929, 0.800000011920929, 0.8999999761581421, 0.75, 0.75, 0.75, 0.75, 0.75, 0.800000011920929, 0.800000011920929, 0.800000011920929, 0.800000011920929]"
0,32,INSERTION,8,0,0,0,307.80000311136246,307.80000311136246,482.29999101161957,49.125,49.125,36.025,3.6999999999999997,3.6999999999999997,4.800000041723251,1.3440000116825104,1.3440000116825104,0.9600000083446503,0.0,0.0,0.0,0.0,0.0,0.0,0.00011311033237136228,4.9906815752384275e-05,0.09528173320461505,0.09525159694418919,0.05015703126926248,0.05326885789682048,"[0.0, 0.0, 0.0, 0.0, 0.0, 0.0]","[0.800000011920929, 0.800000011920929, 0.8999999761581421, 0.75, 0.75, 0.75, 0.75, 0.75, 0.800000011920929, 0.800000011920929, 0.800000011920929, 0.800000011920929]"
0,33,INSERTION,8,0,0,0,307.80000311136246,307.80000311136246,482.29999101161957,49.125,49.125,36.025,3.6999999999999997,3.6999999999999997,4.800000041723251,1.3440000116825104,1.3440000116825104,0.9600000083446503,0.0,0.0,0.0,0.0,0.0,0.0,0.00011191408860121987,5.8942980129868874e-05,0.10204930657668815,0.10201982440119878,0.057266849737197846,0.04807707889849392,"[0.0, 0.0, 0.0, 0.0, 0.0, 0.0]","[0.800000011920929, 0.800000011920929, 0.8999999761581421, 0.75, 0.75, 0.75, 0.75, 0.75, 0.800000011920929, 0.800000011920929, 0.800000011920929, 0.800000011920929]"
0,34,INSERTION,8,0,0,0,307.80000311136246,307.80000311136246,482.29999101161957,49.125,49.125,36.025,3.6999999999999997,3.6999999999999997,4.800000041723251,1.3440000116825104,1.3440000116825104,0.9600000083446503,0.0,0.0,0.0,0.0,0.0,0.0,0.00011054599295166969,6.869700142295485e-05,0.10846391975197267,0.10843516063402509,0.0640347438187903,0.04218076992801493,"[0.0, 0.0, 0.0, 0.0, 0.0, 0.0]","[0.800000011920929, 0.800000011920929, 0.8999999761581421, 0.75, 0.75, 0.75, 0.75, 0.75, 0.800000011920929, 0.800000011920929, 0.800000011920929, 0.800000011920929]"
0,35,INSERTION,8,0,0,0,307.80000311136246,307.80000311136246,482.29999101161957,49.125,49.125,36.025,3.6999999999999997,3.6999999999999997,4.800000041723251,1.3440000116825104,1.3440000116825104,0.9600000083446503,0.0,0.0,0.0,0.0,0.0,0.0,0.00010925571753775985,7.906280268805446e-05,0.11452038064694117,0.11449241094410464,0.07044971393695766,0.03576531428080653,"[0.0, 0.0, 0.0, 0.0, 0.0, 0.0]","[0.800000011920929, 0.800000011920929, 0.8999999761581421, 0.75, 0.75, 0.75, 0.75, 0.75, 0.800000011920929, 0.800000011920929, 0.800000011920929, 0.800000011920929]"
0,36,INSERTION,8,0,0,0,307.80000311136246,307.80000311136246,482.29999101161957,49.125,49.125,36.025,3.6999999999999997,3.6999999999999997,4.800000041723251,1.3440000116825104,1.3440000116825104,0.9600000083446503,0.0,0.0,0.0,0.0,0.0,0.0,0.00010829230539075842,8.991898269788453e-05,0.12021176686850923,0.12018464869669909,0.07650656619907037,0.029167101873710764,"[0.0, 0.0, 0.0, 0.0, 0.0, 0.0]","[0.800000011920929, 0.800000011920929, 0.8999999761581421, 0.75, 0.75, 0.75, 0.75, 0.75, 0.800000011920929, 0.800000011920929, 0.800000011920929, 0.800000011920929]"
0,37,INSERTION,8,0,0,0,307.80000311136246,307.80000311136246,482.29999101161957,49.125,49.125,36.025,3.6999999999999997,3.6999999999999997,4.800000041723251,1.3440000116825104,1.3440000116825104,0.9600000083446503,0.0,0.0,0.0,0.0,0.0,0.0,0.0001078669948288056,0.00010111643439300643,0.12552674352511206,0.1255005333010876,0.08219837576438219,0.02302944753532628,"[0.0, 0.0, 0.0, 0.0, 0.0, 0.0]","[0.800000011920929, 0.800000011920929, 0.8999999761581421, 0.75, 0.75, 0.75, 0.75, 0.75, 0.800000011920929, 0.800000011920929, 0.800000011920929, 0.800000011920929]"
0,38,INSERTION,8,0,0,0,307.80000311136246,307.80000311136246,482.29999101161957,49.125,49.125,36.025,3.6999999999999997,3.6999999999999997,4.800000041723251,1.3440000116825104,1.3440000116825104,0.9600000083446503,0.0,0.0,0.0,0.0,0.0,0.0,0.00010812435916519202,0.00011248969465898256,0.13045018564858712,0.13042493411227365,0.08751380466452717,0.01861132747004088,"[0.0, 0.0, 0.0, 0.0, 0.0, 0.0]","[0.800000011920929, 0.800000011920929, 0.8999999761581421, 0.75, 0.75, 0.75, 0.75, 0.75, 0.800000011920929, 0.800000011920929, 0.800000011920929, 0.800000011920929]"
0,39,INSERTION,8,0,0,0,307.80000311136246,307.80000311136246,482.29999101161957,49.125,49.125,36.025,3.6999999999999997,3.6999999999999997,4.800000041723251,1.3440000116825104,1.3440000116825104,0.9600000083446503,0.0,0.0,0.0,0.0,0.0,0.0,0.00010913030794162182,0.0001238744769054892,0.13496471769265964,0.1349404700411075,0.09243772492520276,0.01777217278935327,"[0.0, 0.0, 0.0, 0.0, 0.0, 0.0]","[0.800000011920929, 0.800000011920929, 0.8999999761581421, 0.75, 0.75, 0.75, 0.75, 0.75, 0.800000011920929, 0.800000011920929, 0.800000011920929, 0.800000011920929]"
0,40,INSERTION,8,0,0,0,307.80000311136246,307.80000311136246,482.29999101161957,49.125,49.125,36.025,3.6999999999999997,3.6999999999999997,4.800000041723251,1.3440000116825104,1.3440000116825104,0.9600000083446503,0.0,0.0,0.0,0.0,0.0,0.0,0.00011087831156309854,0.00013512413818721813,0.1390519313029076,0.139028727296087,0.09695275810050609,0.021082322702270808,"[0.0, 0.0, 0.0, 0.0, 0.0, 0.0]","[0.800000011920929, 0.800000011920929, 0.8999999761581421, 0.75, 0.75, 0.75, 0.75, 0.75, 0.800000011920929, 0.800000011920929, 0.800000011920929, 0.800000011920929]"
0,41,INSERTION,8,0,0,0,307.80000311136246,307.80000311136246,482.29999101161957,49.125,49.125,36.025,3.6999999999999997,3.6999999999999997,4.800000041723251,1.3440000116825104,1.3440000116825104,0.9600000083446503,0.0,0.0,0.0,0.0,0.0,0.0,0.0001133090654346504,0.00014612162220819863,0.14269339293472008,0.14267126710595304,0.10104049301888596,0.02699714130898448,"[0.0, 0.0, 0.0, 0.0, 0.0, 0.0]","[0.800000011920929, 0.800000011920929, 0.8999999761581421, 0.75, 0.75, 0.75, 0.75, 0.75, 0.800000011920929, 0.800000011920929, 0.800000011920929, 0.800000011920929]"
0,42,INSERTION,8,0,0,0,307.80000311136246,307.80000311136246,482.29999101161957,49.125,49.125,36.025,3.6999999999999997,3.6999999999999997,4.800000041723251,1.3440000116825104,1.3440000116825104,0.9600000083446503,0.0,0.0,0.0,0.0,0.0,0.0,0.00011633542936045704,0.00015678479628020904,0.1458718495689231,0.1458508315253459,0.10468249344853975,0.03405883604305368,"[0.0, 0.0, 0.0, 0.0, 0.0, 0.0]","[0.800000011920929, 0.800000011920929, 0.8999999761581421, 0.75, 0.75, 0.75, 0.75, 0.75, 0.800000011920929, 0.800000011920929, 0.800000011920929, 0.800000011920929]"
0,43,INSERTION,8,0,0,0,307.80000311136246,307.80000311136246,482.29999101161957,49.125,49.125,36.025,3.6999999999999997,3.6999999999999997,4.800000041723251,1.3440000116825104,1.3440000116825104,0.9600000083446503,0.0,0.0,0.0,0.0,0.0,0.0,0.0001198641867848869,0.0001670645355207756,0.14857249652455973,0.1485526112466597,0.10786150385530516,0.041555293363682674,"[0.0, 0.0, 0.0, 0.0, 0.0, 0.0]","[0.800000011920929, 0.800000011920929, 0.8999999761581421, 0.75, 0.75, 0.75, 0.75, 0.75, 0.800000011920929, 0.800000011920929, 0.800000011920929, 0.800000011920929]"
0,44,INSERTION,8,0,0,0,307.80000311136246,307.80000311136246,482.29999101161957,49.125,49.125,36.025,3.6999999999999997,3.6999999999999997,4.800000041723251,1.3440000116825104,1.3440000116825104,0.9600000083446503,0.0,0.0,0.0,0.0,0.0,0.0,0.00012380974911499614,0.00017693722338781763,0.15078378912606266,0.15076505718946298,0.11056271721227041,0.049180647448600824,"[0.0, 0.0, 0.0, 0.0, 0.0, 0.0]","[0.800000011920929, 0.800000011920929, 0.8999999761581421, 0.75, 0.75, 0.75, 0.75, 0.75, 0.800000011920929, 0.800000011920929, 0.800000011920929, 0.800000011920929]"
0,45,INSERTION,8,0,0,0,307.80000311136246,307.80000311136246,482.29999101161957,49.125,49.125,36.025,3.6999999999999997,3.6999999999999997,4.800000041723251,1.3440000116825104,1.3440000116825104,0.9600000083446503,0.0,0.0,0.0,0.0,0.0,0.0,0.00012809956609595395,0.00018639360255076482,0.15249760331072346,0.15248004114009497,0.11277458662456513,0.05680486474189521,"[0.0, 0.0, 0.0, 0.0, 0.0, 0.0]","[0.800000011920929, 0.800000011920929, 0.8999999761581421, 0.75, 0.75, 0.75, 0.75, 0.75, 0.800000011920929, 0.800000011920929, 0.800000011920929, 0.800000011920929]"
0,46,INSERTION,8,0,0,0,307.80000311136246,307.80000311136246,482.29999101161957,49.125,49.125,36.025,3.6999999999999997,3.6999999999999997,4.800000041723251,1.3440000116825104,1.3440000116825104,0.9600000083446503,0.0,0.0,0.0,0.0,0.0,0.0,0.00013267475208948175,0.00019542976885587957,0.15370918855321872,0.15369280885310804,0.11448898594767017,0.06437243557574343,"[0.0, 0.0, 0.0, 0.0, 0.0, 0.0]","[0.800000011920929, 0.800000011920929, 0.8999999761581421, 0.75, 0.75, 0.75, 0.75, 0.75, 0.800000011920929, 0.800000011920929, 0.800000011920929, 0.800000011920929]"
0,47,INSERTION,8,0,0,0,307.80000311136246,307.80000311136246,482.29999101161957,49.125,49.125,36.025,3.6999999999999997,3.6999999999999997,4.800000041723251,1.3440000116825104,1.3440000116825104,0.9600000083446503,0.0,0.0,0.0,0.0,0.0,0.0,0.00013748845094651855,0.00020404190896413315,0.15441633067855187,0.15440114261680823,0.11570116279589779,0.07185827516371392,"[0.0, 0.0, 0.0, 0.0, 0.0, 0.0]","[0.800000011920929, 0.800000011920929, 0.8999999761581421, 0.75, 0.75, 0.75, 0.75, 0.75, 0.800000011920929, 0.800000011920929, 0.800000011920929, 0.800000011920929]"
0,48,INSERTION,8,0,0,0,307.80000311136246,307.80000311136246,482.29999101161957,49.125,49.125,36.025,3.6999999999999997,3.6999999999999997,4.800000041723251,1.3440000116825104,1.3440000116825104,0.9600000083446503,0.0,0.0,0.0,0.0,0.0,0.0,0.0001425036772928803,0.0002122230739644937,0.15461827775959316,0.15460428711402108,0.1164089012312246,0.07924863339927204,"[0.0, 0.0, 0.0, 0.0, 0.0, 0.0]","[0.800000011920929, 0.800000011920929, 0.8999999761581421, 0.75, 0.75, 0.75, 0.75, 0.75, 0.800000011920929, 0.800000011920929, 0.800000011920929, 0.800000011920929]"
0,49,SUCCESS,9,1,0,0,307.80000311136246,307.80000311136246,482.29999101161957,49.125,49.125,36.025,3.6999999999999997,3.6999999999999997,4.800000041723251,1.3440000116825104,1.3440000116825104,0.9600000083446503,0.0,0.0,0.0,0.0,0.0,0.0,0.00014769082614171625,0.0002199608823232065,0.15431491317666682,0.15430212245246305,0.11661144764313916,0.08653165660029569,"[0.0, 0.0, 0.0, 0.0, 0.0, 0.0]","[0.800000011920929, 0.800000011920929, 0.8999999761581421, 0.75, 0.75, 0.75, 0.75, 0.75, 0.800000011920929, 0.800000011920929, 0.800000011920929, 0.800000011920929]"
1,0,LIFT,2,0,0,0,307.80000311136246,307.80000311136246,482.29999101161957,49.125,49.125,36.025,3.6999999999999997,3.6999999999999997,4.800000041723251,1.3440000116825104,1.3440000116825104,0.9600000083446503,0.0,0.0,0.0,0.0,0.0,0.0,0.01431385834151683,0.014571835351753113,0.0,0.0,0.015533993427226661,5.552556626826082,"[-0.26919564604759216, 0.0003957027511205524, -1.0, 0.05796894058585167, 0.5310184359550476, 0.44316092133522034]","[0.800000011920929, 0.800000011920929, 0.8999999761581421, 0.75, 0.75, 0.75, 0.75, 0.75, 0.800000011920929, 0.800000011920929, 0.800000011920929, 0.800000011920929]"
1,1,TRANSPORT,3,0,0,0,307.80000311136246,307.80000311136246,482.29999101161957,49.125,49.125,36.025,3.6999999999999997,3.6999999999999997,4.800000041723251,1.3440000116825104,1.3440000116825104,0.9600000083446503,0.0,0.0,0.0,0.0,0.0,0.0,0.007953865708228274,0.008145564095507372,0.0,0.0,0.04432594662251953,4.1981165910894545,"[-9.432433500933257e-09, -8.222973517379994e-12, -1.0, 1.15227072328139e-09, 2.852462621660834e-08, -5.4324411635775505e-09]","[0.800000011920929, 0.800000011920929, 0.8999999761581421, 0.75, 0.75, 0.75, 0.75, 0.75, 0.800000011920929, 0.800000011920929, 0.800000011920929, 0.800000011920929]"
1,2,COARSE_ALIGNMENT,4,0,0,0,307.80000311136246,307.80000311136246,482.29999101161957,49.125,49.125,36.025,3.6999999999999997,3.6999999999999997,4.800000041723251,1.3440000116825104,1.3440000116825104,0.9600000083446503,0.0,0.0,0.0,0.0,0.0,0.0,0.004198818944426157,0.004309583847744403,0.0,0.0,0.07776251926492764,2.3194917610055543,"[-3.700743525707937e-17, 3.0944937868003577e-19, -1.0, -3.5259844159493686e-17, -8.57731714531951e-16, -1.0300705467577482e-16]","[0.800000011920929, 0.800000011920929, 0.8999999761581421, 0.75, 0.75, 0.75, 0.75, 0.75, 0.800000011920929, 0.800000011920929, 0.800000011920929, 0.800000011920929]"
1,3,APPROACH,5,0,0,0,307.80000311136246,307.80000311136246,482.29999101161957,49.125,49.125,36.025,3.6999999999999997,3.6999999999999997,4.800000041723251,1.3440000116825104,1.3440000116825104,0.9600000083446503,0.0,0.0,0.0,0.0,0.0,0.0,0.0022239204189329984,0.0022806324852470993,0.0,0.0,0.10310525759808363,1.1983679587623313,"[2.0679515313825692e-25, -9.222310146094435e-27, -1.0, 1.6211351926390516e-24, 1.7960916040982263e-23, 1.4765462578276764e-24]","[0.800000011920929, 0.800000011920929, 0.8999999761581421, 0.75, 0.75, 0.75, 0.75, 0.75, 0.800000011920929, 0.800000011920929, 0.800000011920929, 0.800000011920929]"
1,4,APPROACH,5,0,0,0,307.80000311136246,307.80000311136246,482.29999101161957,49.125,49.125,36.025,3.6999999999999997,3.6999999999999997,4.800000041723251,1.3440000116825104,1.3440000116825104,0.9600000083446503,0.0,0.0,0.0,0.0,0.0,0.0,0.0011162352312265417,0.0011422578360392862,0.0,0.0,0.11495295088025818,0.609952286978543,"[1.797534553537756e-33, 2.748462601332198e-34, -0.4781171679496765, -7.601978537433367e-33, -5.476359227373569e-31, 1.0951600383295354e-32]","[0.800000011920929, 0.800000011920929, 0.8999999761581421, 0.75, 0.75, 0.75, 0.75, 0.75, 0.800000011920929, 0.800000011920929, 0.800000011920929, 0.800000011920929]"
1,5,APPROACH,5,0,0,0,307.80000311136246,307.80000311136246,482.29999101161957,49.125,49.125,36.025,3.6999999999999997,3.6999999999999997,4.800000041723251,1.3440000116825104,1.3440000116825104,0.9600000083446503,0.0,0.0,0.0,0.0,0.0,0.0,0.0005026001309846077,0.0005104054650481488,0.0,0.0,0.11620418095663633,0.28943026183259546,"[6.887662211849341e-41, -8.190589523978556e-42, -7.16638615116949e-09, -1.019360554888445e-40, 2.140216737158397e-38, -1.3101860381744175e-40]","[0.800000011920929, 0.800000011920929, 0.8999999761581421, 0.75, 0.75, 0.75, 0.75, 0.75, 0.800000011920929, 0.800000011920929, 0.800000011920929, 0.800000011920929]"
1,6,APPROACH,5,0,0,0,307.80000311136246,307.80000311136246,482.29999101161957,49.125,49.125,36.025,3.6999999999999997,3.6999999999999997,4.800000041723251,1.3440000116825104,1.3440000116825104,0.9600000083446503,0.0,0.0,0.0,0.0,0.0,0.0,0.00027818342820134443,0.0002781198894121895,0.0,0.0,0.11532424806512982,0.122128310384106,"[0.0, 0.0, 0.0, 0.0, 0.0, 0.0]","[0.800000011920929, 0.800000011920929, 0.8999999761581421, 0.75, 0.75, 0.75, 0.75, 0.75, 0.800000011920929, 0.800000011920929, 0.800000011920929, 0.800000011920929]"
1,7,APPROACH,5,0,0,0,307.80000311136246,307.80000311136246,482.29999101161957,49.125,49.125,36.025,3.6999999999999997,3.6999999999999997,4.800000041723251,1.3440000116825104,1.3440000116825104,0.9600000083446503,0.0,0.0,0.0,0.0,0.0,0.0,0.00023427848083722045,0.00023414949690082887,0.0,0.0,0.11305553314661199,0.062344415015475885,"[0.0, 0.0, 0.0, 0.0, 0.0, 0.0]","[0.800000011920929, 0.800000011920929, 0.8999999761581421, 0.75, 0.75, 0.75, 0.75, 0.75, 0.800000011920929, 0.800000011920929, 0.800000011920929, 0.800000011920929]"
1,8,APPROACH,5,0,0,0,307.80000311136246,307.80000311136246,482.29999101161957,49.125,49.125,36.025,3.6999999999999997,3.6999999999999997,4.800000041723251,1.3440000116825104,1.3440000116825104,0.9600000083446503,0.0,0.0,0.0,0.0,0.0,0.0,0.00024151907081194232,0.00024274047136079113,0.0,0.0,0.10978178084704757,0.04413108036828498,"[0.0, 0.0, 0.0, 0.0, 0.0, 0.0]","[0.800000011920929, 0.800000011920929, 0.8999999761581421, 0.75, 0.75, 0.75, 0.75, 0.75, 0.800000011920929, 0.800000011920929, 0.800000011920929, 0.800000011920929]"
1,9,APPROACH,5,0,0,0,307.80000311136246,307.80000311136246,482.29999101161957,49.125,49.125,36.025,3.6999999999999997,3.6999999999999997,4.800000041723251,1.3440000116825104,1.3440000116825104,0.9600000083446503,0.0,0.0,0.0,0.0,0.0,0.0,0.0002534609084426132,0.00025577693741211363,0.0,0.0,0.10570833784133384,0.04267108123666066,"[0.0, 0.0, 0.0, 0.0, 0.0, 0.0]","[0.800000011920929, 0.800000011920929, 0.8999999761581421, 0.75, 0.75, 0.75, 0.75, 0.75, 0.800000011920929, 0.800000011920929, 0.800000011920929, 0.800000011920929]"
1,10,APPROACH,5,0,0,0,307.80000311136246,307.80000311136246,482.29999101161957,49.125,49.125,36.025,3.6999999999999997,3.6999999999999997,4.800000041723251,1.3440000116825104,1.3440000116825104,0.9600000083446503,0.0,0.0,0.0,0.0,0.0,0.0,0.00026419063402056286,0.0002676373305268541,0.0,0.0,0.10096020146323119,0.04749077767993499,"[0.0, 0.0, 0.0, 0.0, 0.0, 0.0]","[0.800000011920929, 0.800000011920929, 0.8999999761581421, 0.75, 0.75, 0.75, 0.75, 0.75, 0.800000011920929, 0.800000011920929, 0.800000011920929, 0.800000011920929]"
1,11,APPROACH,5,0,0,0,307.80000311136246,307.80000311136246,482.29999101161957,49.125,49.125,36.025,3.6999999999999997,3.6999999999999997,4.800000041723251,1.3440000116825104,1.3440000116825104,0.9600000083446503,0.0,0.0,0.0,0.0,0.0,0.0,0.0002751941309244945,0.00027999882358960857,0.0,0.0,0.0956247393017652,0.05410344469272661,"[0.0, 0.0, 0.0, 0.0, 0.0, 0.0]","[0.800000011920929, 0.800000011920929, 0.8999999761581421, 0.75, 0.75, 0.75, 0.75, 0.75, 0.800000011920929, 0.800000011920929, 0.800000011920929, 0.800000011920929]"
1,12,APPROACH,5,0,0,0,307.80000311136246,307.80000311136246,482.29999101161957,49.125,49.125,36.025,3.6999999999999997,3.6999999999999997,4.800000041723251,1.3440000116825104,1.3440000116825104,0.9600000083446503,0.0,0.0,0.0,0.0,0.0,0.0,0.00028609515032845096,0.0002925045417929712,0.0,0.0,0.08977124906110373,0.061680406587028135,"[0.0, 0.0, 0.0, 0.0, 0.0, 0.0]","[0.800000011920929, 0.800000011920929, 0.8999999761581421, 0.75, 0.75, 0.75, 0.75, 0.75, 0.800000011920929, 0.800000011920929, 0.800000011920929, 0.800000011920929]"
1,13,APPROACH,5,0,0,0,307.80000311136246,307.80000311136246,482.29999101161957,49.125,49.125,36.025,3.6999999999999997,3.6999999999999997,4.800000041723251,1.3440000116825104,1.3440000116825104,0.9600000083446503,0.0,0.0,0.0,0.0,0.0,0.0,0.00029601667483883886,0.00030425222671155635,0.0,0.0,0.08345967772813692,0.06978562267264345,"[0.0, 0.0, 0.0, 0.0, 0.0, 0.0]","[0.800000011920929, 0.800000011920929, 0.8999999761581421, 0.75, 0.75, 0.75, 0.75, 0.75, 0.800000011920929, 0.800000011920929, 0.800000011920929, 0.800000011920929]"
1,14,APPROACH,5,0,0,0,307.80000311136246,307.80000311136246,482.29999101161957,49.125,49.125,36.025,3.6999999999999997,3.6999999999999997,4.800000041723251,1.3440000116825104,1.3440000116825104,0.9600000083446503,0.0,0.0,0.0,0.0,0.0,0.0,0.0003044712625633134,0.0003147327821075877,0.0,0.0,0.07674397778725113,0.07807928855276475,"[0.0, 0.0, 0.0, 0.0, 0.0, 0.0]","[0.800000011920929, 0.800000011920929, 0.8999999761581421, 0.75, 0.75, 0.75, 0.75, 0.75, 0.800000011920929, 0.800000011920929, 0.800000011920929, 0.800000011920929]"
1,15,APPROACH,5,0,0,0,307.80000311136246,307.80000311136246,482.29999101161957,49.125,49.125,36.025,3.6999999999999997,3.6999999999999997,4.800000041723251,1.3440000116825104,1.3440000116825104,0.9600000083446503,0.0,0.0,0.0,0.0,0.0,0.0,0.00031122215171047697,0.00032369061175712295,0.0,0.0,0.06967325728640693,0.08636286064153897,"[0.0, 0.0, 0.0, 0.0, 0.0, 0.0]","[0.800000011920929, 0.800000011920929, 0.8999999761581421, 0.75, 0.75, 0.75, 0.75, 0.75, 0.800000011920929, 0.800000011920929, 0.800000011920929, 0.800000011920929]"
1,16,APPROACH,5,0,0,0,307.80000311136246,307.80000311136246,482.29999101161957,49.125,49.125,36.025,3.6999999999999997,3.6999999999999997,4.800000041723251,1.3440000116825104,1.3440000116825104,0.9600000083446503,0.0,0.0,0.0,0.0,0.0,0.0,0.0003161308527340957,0.00033096644775282633,0.0,0.0,0.06229256467790388,0.0945052321055246,"[0.0, 0.0, 0.0, 0.0, 0.0, 0.0]","[0.800000011920929, 0.800000011920929, 0.8999999761581421, 0.75, 0.75, 0.75, 0.75, 0.75, 0.800000011920929, 0.800000011920929, 0.800000011920929, 0.800000011920929]"
1,17,APPROACH,5,0,0,0,307.80000311136246,307.80000311136246,482.29999101161957,49.125,49.125,36.025,3.6999999999999997,3.6999999999999997,4.800000041723251,1.3440000116825104,1.3440000116825104,0.9600000083446503,0.0,0.0,0.0,0.0,0.0,0.0,0.0003191113693425996,0.0003364502456937334,0.0,0.0,0.05464384960681844,0.10239508467231807,"[0.0, 0.0, 0.0, 0.0, 0.0, 0.0]","[0.800000011920929, 0.800000011920929, 0.8999999761581421, 0.75, 0.75, 0.75, 0.75, 0.75, 0.800000011920929, 0.800000011920929, 0.800000011920929, 0.800000011920929]"
1,18,FIRST_CONTACT,6,0,1,0,307.80000311136246,307.80000311136246,482.29999101161957,49.125,49.125,36.025,3.6999999999999997,3.6999999999999997,4.800000041723251,1.3440000116825104,1.3440000116825104,0.9600000083446503,0.0,0.0,0.0,0.0,0.0,0.0,0.0003201155479380553,0.00034006664544605395,0.0,0.0,0.04676687387585325,0.10992664910991405,"[0.0, 0.0, 0.0, 0.0, 0.0, 0.0]","[0.800000011920929, 0.800000011920929, 0.8999999761581421, 0.75, 0.75, 0.75, 0.75, 0.75, 0.800000011920929, 0.800000011920929, 0.800000011920929, 0.800000011920929]"
1,19,COMPLIANT_ALIGNMENT,7,0,0,0,145.9800018668175,145.9800018668175,388.05000000000007,23.025000259280205,23.025000259280205,16.88500019013882,4.119999933242798,4.119999933242798,5.324999958276749,1.4909999883174894,1.4909999883174894,1.0649999916553496,0.0,0.0,0.0,0.0,0.0,0.0,0.00031937411309675617,0.0003420249526429049,0.007581032935933034,0.007422358705239378,0.0386998970314678,0.11699710263579495,"[0.0, 0.0, 0.0, 0.0, 0.0, 0.0]","[0.18000000715255737, 0.18000000715255737, 0.8500000238418579, 0.15000000596046448, 0.15000000596046448, 0.15000000596046448, 0.8999999761581421, 0.8999999761581421, 0.949999988079071, 0.949999988079071, 0.949999988079071, 0.949999988079071]"
1,20,INSERTION,8,0,0,0,307.80000311136246,307.80000311136246,482.29999101161957,49.125,49.125,36.025,3.6999999999999997,3.6999999999999997,4.800000041723251,1.3440000116825104,1.3440000116825104,0.9600000083446503,0.0,0.0,0.0,0.0,0.0,0.0,0.0003170597694697132,0.00034247167143429934,0.015870846400687248,0.015705963869223898,0.030498171501238906,0.12357441609857223,"[0.0, 0.0, 0.0, 0.0, 0.0, 0.0]","[0.800000011920929, 0.800000011920929, 0.8999999761581421, 0.75, 0.75, 0.75, 0.75, 0.75, 0.800000011920929, 0.800000011920929, 0.800000011920929, 0.800000011920929]"
1,21,INSERTION,8,0,0,0,307.80000311136246,307.80000311136246,482.29999101161957,49.125,49.125,36.025,3.6999999999999997,3.6999999999999997,4.800000041723251,1.3440000116825104,1.3440000116825104,0.9600000083446503,0.0,0.0,0.0,0.0,0.0,0.0,0.0003127532249931773,0.0003409388868724811,0.024237049639645285,0.02406669814197287,0.022211437709469886,0.12961492703757646,"[0.0, 0.0, 0.0, 0.0, 0.0, 0.0]","[0.800000011920929, 0.800000011920929, 0.8999999761581421, 0.75, 0.75, 0.75, 0.75, 0.75, 0.800000011920929, 0.800000011920929, 0.800000011920929, 0.800000011920929]"
1,22,INSERTION,8,0,0,0,307.80000311136246,307.80000311136246,482.29999101161957,49.125,49.125,36.025,3.6999999999999997,3.6999999999999997,4.800000041723251,1.3440000116825104,1.3440000116825104,0.9600000083446503,0.0,0.0,0.0,0.0,0.0,0.0,0.00030649172184302637,0.00033743238021318475,0.03263894813827089,0.03246388334203098,0.013847944868037422,0.1349139370218371,"[0.0, 0.0, 0.0, 0.0, 0.0, 0.0]","[0.800000011920929, 0.800000011920929, 0.8999999761581421, 0.75, 0.75, 0.75, 0.75, 0.75, 0.800000011920929, 0.800000011920929, 0.800000011920929, 0.800000011920929]"
1,23,INSERTION,8,0,0,0,307.80000311136246,307.80000311136246,482.29999101161957,49.125,49.125,36.025,3.6999999999999997,3.6999999999999997,4.800000041723251,1.3440000116825104,1.3440000116825104,0.9600000083446503,0.0,0.0,0.0,0.0,0.0,0.0,0.0002983396102846626,0.0003319882955679534,0.04103262579669869,0.04085360954178948,0.005448381222271781,0.13939421967937096,"[0.0, 0.0, 0.0, 0.0, 0.0, 0.0]","[0.800000011920929, 0.800000011920929, 0.8999999761581421, 0.75, 0.75, 0.75, 0.75, 0.75, 0.800000011920929, 0.800000011920929, 0.800000011920929, 0.800000011920929]"
1,24,INSERTION,8,0,0,0,307.80000311136246,307.80000311136246,482.29999101161957,49.125,49.125,36.025,3.6999999999999997,3.6999999999999997,4.800000041723251,1.3440000116825104,1.3440000116825104,0.9600000083446503,0.0,0.0,0.0,0.0,0.0,0.0,0.00028836855299255464,0.0003246527615176343,0.04937075360810111,0.049188550765517196,0.002943357004070545,0.14299274836394832,"[0.0, 0.0, 0.0, 0.0, 0.0, 0.0]","[0.800000011920929, 0.800000011920929, 0.8999999761581421, 0.75, 0.75, 0.75, 0.75, 0.75, 0.800000011920929, 0.800000011920929, 0.800000011920929, 0.800000011920929]"
1,25,INSERTION,8,0,0,0,307.80000311136246,307.80000311136246,482.29999101161957,49.125,49.125,36.025,3.6999999999999997,3.6999999999999997,4.800000041723251,1.3440000116825104,1.3440000116825104,0.9600000083446503,0.0,0.0,0.0,0.0,0.0,0.0,0.0002766483132857876,0.0003154732554568998,0.057603611876617576,0.05741899154197296,0.011279908747304038,0.1456545274936539,"[0.0, 0.0, 0.0, 0.0, 0.0, 0.0]","[0.800000011920929, 0.800000011920929, 0.8999999761581421, 0.75, 0.75, 0.75, 0.75, 0.75, 0.800000011920929, 0.800000011920929, 0.800000011920929, 0.800000011920929]"
1,26,INSERTION,8,0,0,0,307.80000311136246,307.80000311136246,482.29999101161957,49.125,49.125,36.025,3.6999999999999997,3.6999999999999997,4.800000041723251,1.3440000116825104,1.3440000116825104,0.9600000083446503,0.0,0.0,0.0,0.0,0.0,0.0,0.0002632583145899325,0.00030450998499448524,0.0656813531343104,0.06549508386034636,0.019511579642104974,0.14733151243122114,"[0.0, 0.0, 0.0, 0.0, 0.0, 0.0]","[0.800000011920929, 0.800000011920929, 0.8999999761581421, 0.75, 0.75, 0.75, 0.75, 0.75, 0.800000011920929, 0.800000011920929, 0.800000011920929, 0.800000011920929]"
1,27,INSERTION,8,0,0,0,307.80000311136246,307.80000311136246,482.29999101161957,49.125,49.125,36.025,3.6999999999999997,3.6999999999999997,4.800000041723251,1.3440000116825104,1.3440000116825104,0.9600000083446503,0.0,0.0,0.0,0.0,0.0,0.0,0.00024828896430172294,0.00029183703063004313,0.07355559053872704,0.07336843483598016,0.02758851726624829,0.1479839311636218,"[0.0, 0.0, 0.0, 0.0, 0.0, 0.0]","[0.800000011920929, 0.800000011920929, 0.8999999761581421, 0.75, 0.75, 0.75, 0.75, 0.75, 0.800000011920929, 0.800000011920929, 0.800000011920929, 0.800000011920929]"
1,28,INSERTION,8,0,0,0,307.80000311136246,307.80000311136246,482.29999101161957,49.125,49.125,36.025,3.6999999999999997,3.6999999999999997,4.800000041723251,1.3440000116825104,1.3440000116825104,0.9600000083446503,0.0,0.0,0.0,0.0,0.0,0.0,0.00023184138687836226,0.00027754274635638396,0.08118066989865125,0.08099337870467796,0.03546233126653166,0.14758078958416726,"[0.0, 0.0, 0.0, 0.0, 0.0, 0.0]","[0.800000011920929, 0.800000011920929, 0.8999999761581421, 0.75, 0.75, 0.75, 0.75, 0.75, 0.800000011920929, 0.800000011920929, 0.800000011920929, 0.800000011920929]"
1,29,INSERTION,8,0,0,0,307.80000311136246,307.80000311136246,482.29999101161957,49.125,49.125,36.025,3.6999999999999997,3.6999999999999997,4.800000041723251,1.3440000116825104,1.3440000116825104,0.9600000083446503,0.0,0.0,0.0,0.0,0.0,0.0,0.0002140283867620189,0.0002617321798464367,0.08851480026345634,0.08832810670266256,0.043087361476083455,0.14610197848992174,"[0.0, 0.0, 0.0, 0.0, 0.0, 0.0]","[0.800000011920929, 0.800000011920929, 0.8999999761581421, 0.75, 0.75, 0.75, 0.75, 0.75, 0.800000011920929, 0.800000011920929, 0.800000011920929, 0.800000011920929]"
1,30,INSERTION,8,0,0,0,307.80000311136246,307.80000311136246,482.29999101161957,49.125,49.125,36.025,3.6999999999999997,3.6999999999999997,4.800000041723251,1.3440000116825104,1.3440000116825104,0.9600000083446503,0.0,0.0,0.0,0.0,0.0,0.0,0.00019497652872673308,0.0002445313622302765,0.09552108081383143,0.09533569276681353,0.050421807933964835,0.1435418212928137,"[0.0, 0.0, 0.0, 0.0, 0.0, 0.0]","[0.800000011920929, 0.800000011920929, 0.8999999761581421, 0.75, 0.75, 0.75, 0.75, 0.75, 0.800000011920929, 0.800000011920929, 0.800000011920929, 0.800000011920929]"
1,31,INSERTION,8,0,0,0,307.80000311136246,307.80000311136246,482.29999101161957,49.125,49.125,36.025,3.6999999999999997,3.6999999999999997,4.800000041723251,1.3440000116825104,1.3440000116825104,0.9600000083446503,0.0,0.0,0.0,0.0,0.0,0.0,0.00017482879959651986,0.0002260930531205034,0.10216840127801954,0.10198499275908957,0.05742875714156776,0.13991363579425026,"[0.0, 0.0, 0.0, 0.0, 0.0, 0.0]","[0.800000011920929, 0.800000011920929, 0.8999999761581421, 0.75, 0.75, 0.75, 0.75, 0.75, 0.800000011920929, 0.800000011920929, 0.800000011920929, 0.800000011920929]"
1,32,INSERTION,8,0,0,0,307.80000311136246,307.80000311136246,482.29999101161957,49.125,49.125,36.025,3.6999999999999997,3.6999999999999997,4.800000041723251,1.3440000116825104,1.3440000116825104,0.9600000083446503,0.0,0.0,0.0,0.0,0.0,0.0,0.00015374650077745627,0.000206602989211816,0.10843214423529907,0.10825134657449478,0.06407708187090963,0.135255071483661,"[0.0, 0.0, 0.0, 0.0, 0.0, 0.0]","[0.800000011920929, 0.800000011920929, 0.8999999761581421, 0.75, 0.75, 0.75, 0.75, 0.75, 0.800000011920929, 0.800000011920929, 0.800000011920929, 0.800000011920929]"
1,33,INSERTION,8,0,0,0,307.80000311136246,307.80000311136246,482.29999101161957,49.125,49.125,36.025,3.6999999999999997,3.6999999999999997,4.800000041723251,1.3440000116825104,1.3440000116825104,0.9600000083446503,0.0,0.0,0.0,0.0,0.0,0.0,0.00013190836045273837,0.0001862856903588695,0.11429457076638372,0.11411696596839144,0.07034214336178361,0.12963398799559628,"[0.0, 0.0, 0.0, 0.0, 0.0, 0.0]","[0.800000011920929, 0.800000011920929, 0.8999999761581421, 0.75, 0.75, 0.75, 0.75, 0.75, 0.800000011920929, 0.800000011920929, 0.800000011920929, 0.800000011920929]"
1,34,INSERTION,8,0,0,0,307.80000311136246,307.80000311136246,482.29999101161957,49.125,49.125,36.025,3.6999999999999997,3.6999999999999997,4.800000041723251,1.3440000116825104,1.3440000116825104,0.9600000083446503,0.0,0.0,0.0,0.0,0.0,0.0,0.00010950697033490412,0.00016541244213217758,0.11974473621829393,0.1195708547378426,0.07620617804895652,0.12315449959657077,"[0.0, 0.0, 0.0, 0.0, 0.0, 0.0]","[0.800000011920929, 0.800000011920929, 0.8999999761581421, 0.75, 0.75, 0.75, 0.75, 0.75, 0.800000011920929, 0.800000011920929, 0.800000011920929, 0.800000011920929]"
1,35,INSERTION,8,0,0,0,307.80000311136246,307.80000311136246,482.29999101161957,49.125,49.125,36.025,3.6999999999999997,3.6999999999999997,4.800000041723251,1.3440000116825104,1.3440000116825104,0.9600000083446503,0.0,0.0,0.0,0.0,0.0,0.0,8.674416288035189e-05,0.0001443161905578565,0.12477753746556289,0.12460786086466188,0.08165821552306163,0.11596287388853163,"[0.0, 0.0, 0.0, 0.0, 0.0, 0.0]","[0.800000011920929, 0.800000011920929, 0.8999999761581421, 0.75, 0.75, 0.75, 0.75, 0.75, 0.800000011920929, 0.800000011920929, 0.800000011920929, 0.800000011920929]"
1,36,INSERTION,8,0,0,0,307.80000311136246,307.80000311136246,482.29999101161957,49.125,49.125,36.025,3.6999999999999997,3.6999999999999997,4.800000041723251,1.3440000116825104,1.3440000116825104,0.9600000083446503,0.0,0.0,0.0,0.0,0.0,0.0,6.38199035111593e-05,0.0001234113816043442,0.1293903262027892,0.12922530162273094,0.08669312822999962,0.10825096855321707,"[0.0, 0.0, 0.0, 0.0, 0.0, 0.0]","[0.800000011920929, 0.800000011920929, 0.8999999761581421, 0.75, 0.75, 0.75, 0.75, 0.75, 0.800000011920929, 0.800000011920929, 0.800000011920929, 0.800000011920929]"
1,37,INSERTION,8,0,0,0,307.80000311136246,307.80000311136246,482.29999101161957,49.125,49.125,36.025,3.6999999999999997,3.6999999999999997,4.800000041723251,1.3440000116825104,1.3440000116825104,0.9600000083446503,0.0,0.0,0.0,0.0,0.0,0.0,4.099536993008502e-05,0.00010329444702092904,0.1335796474225585,0.13341968771014717,0.09130825066508606,0.10024926940241694,"[0.0, 0.0, 0.0, 0.0, 0.0, 0.0]","[0.800000011920929, 0.800000011920929, 0.8999999761581421, 0.75, 0.75, 0.75, 0.75, 0.75, 0.800000011920929, 0.800000011920929, 0.800000011920929, 0.800000011920929]"
1,38,INSERTION,8,0,0,0,307.80000311136246,307.80000311136246,482.29999101161957,49.125,49.125,36.025,3.6999999999999997,3.6999999999999997,4.800000041723251,1.3440000116825104,1.3440000116825104,0.9600000083446503,0.0,0.0,0.0,0.0,0.0,0.0,1.89995223988411e-05,8.491569804059911e-05,0.13734028498433135,0.13718576596466867,0.09550011073288057,0.09222592214441688,"[0.0, 0.0, 0.0, 0.0, 0.0, 0.0]","[0.800000011920929, 0.800000011920929, 0.8999999761581421, 0.75, 0.75, 0.75, 0.75, 0.75, 0.800000011920929, 0.800000011920929, 0.800000011920929, 0.800000011920929]"
1,39,INSERTION,8,0,0,0,307.80000311136246,307.80000311136246,482.29999101161957,49.125,49.125,36.025,3.6999999999999997,3.6999999999999997,4.800000041723251,1.3440000116825104,1.3440000116825104,0.9600000083446503,0.0,0.0,0.0,0.0,0.0,0.0,9.998598987467121e-06,6.988787439817559e-05,0.14066538959373479,0.1405166506351291,0.09926347389822808,0.0844803825850187,"[0.0, 0.0, 0.0, 0.0, 0.0, 0.0]","[0.800000011920929, 0.800000011920929, 0.8999999761581421, 0.75, 0.75, 0.75, 0.75, 0.75, 0.800000011920929, 0.800000011920929, 0.800000011920929, 0.800000011920929]"
1,40,INSERTION,8,0,0,0,307.80000311136246,307.80000311136246,482.29999101161957,49.125,49.125,36.025,3.6999999999999997,3.6999999999999997,4.800000041723251,1.3440000116825104,1.3440000116825104,0.9600000083446503,0.0,0.0,0.0,0.0,0.0,0.0,2.9346972379324853e-05,6.075863579966815e-05,0.14354694835794257,0.14340429398601204,0.10259147279900434,0.07733503670643391,"[0.0, 0.0, 0.0, 0.0, 0.0, 0.0]","[0.800000011920929, 0.800000011920929, 0.8999999761581421, 0.75, 0.75, 0.75, 0.75, 0.75, 0.800000011920929, 0.800000011920929, 0.800000011920929, 0.800000011920929]"
1,41,INSERTION,8,0,0,0,307.80000311136246,307.80000311136246,482.29999101161957,49.125,49.125,36.025,3.6999999999999997,3.6999999999999997,4.800000041723251,1.3440000116825104,1.3440000116825104,0.9600000083446503,0.0,0.0,0.0,0.0,0.0,0.0,5.0920134536101965e-05,6.008423900447508e-05,0.1459763592885773,0.14584006104107752,0.10547607731751768,0.07112794064746562,"[0.0, 0.0, 0.0, 0.0, 0.0, 0.0]","[0.800000011920929, 0.800000011920929, 0.8999999761581421, 0.75, 0.75, 0.75, 0.75, 0.75, 0.800000011920929, 0.800000011920929, 0.800000011920929, 0.800000011920929]"
1,42,INSERTION,8,0,0,0,307.80000311136246,307.80000311136246,482.29999101161957,49.125,49.125,36.025,3.6999999999999997,3.6999999999999997,4.800000041723251,1.3440000116825104,1.3440000116825104,0.9600000083446503,0.0,0.0,0.0,0.0,0.0,0.0,7.234620124998058e-05,6.783578119965933e-05,0.1479450825765699,0.14781538110331627,0.10790866919680464,0.06619943070898297,"[0.0, 0.0, 0.0, 0.0, 0.0, 0.0]","[0.800000011920929, 0.800000011920929, 0.8999999761581421, 0.75, 0.75, 0.75, 0.75, 0.75, 0.800000011920929, 0.800000011920929, 0.800000011920929, 0.800000011920929]"
1,43,INSERTION,8,0,0,0,307.80000311136246,307.80000311136246,482.29999101161957,49.125,49.125,36.025,3.6999999999999997,3.6999999999999997,4.800000041723251,1.3440000116825104,1.3440000116825104,0.9600000083446503,0.0,0.0,0.0,0.0,0.0,0.0,9.338399562268381e-05,8.136208511866861e-05,0.14944531853550055,0.14932242583620547,0.10988069343112801,0.06286067418704415,"[0.0, 0.0, 0.0, 0.0, 0.0, 0.0]","[0.800000011920929, 0.800000011920929, 0.8999999761581421, 0.75, 0.75, 0.75, 0.75, 0.75, 0.800000011920929, 0.800000011920929, 0.800000011920929, 0.800000011920929]"
1,44,INSERTION,8,0,0,0,307.80000311136246,307.80000311136246,482.29999101161957,49.125,49.125,36.025,3.6999999999999997,3.6999999999999997,4.800000041723251,1.3440000116825104,1.3440000116825104,0.9600000083446503,0.0,0.0,0.0,0.0,0.0,0.0,0.00011397203952924191,9.805719922639025e-05,0.15047058653206447,0.15035468803400165,0.11138433627235375,0.06133846605458259,"[0.0, 0.0, 0.0, 0.0, 0.0, 0.0]","[0.800000011920929, 0.800000011920929, 0.8999999761581421, 0.75, 0.75, 0.75, 0.75, 0.75, 0.800000011920929, 0.800000011920929, 0.800000011920929, 0.800000011920929]"
1,45,INSERTION,8,0,0,0,307.80000311136246,307.80000311136246,482.29999101161957,49.125,49.125,36.025,3.6999999999999997,3.6999999999999997,4.800000041723251,1.3440000116825104,1.3440000116825104,0.9600000083446503,0.0,0.0,0.0,0.0,0.0,0.0,0.00013409380149436416,0.00011636037278314163,0.15101615662511636,0.1509074128298634,0.11241310407662165,0.06171404207620007,"[0.0, 0.0, 0.0, 0.0, 0.0, 0.0]","[0.800000011920929, 0.800000011920929, 0.8999999761581421, 0.75, 0.75, 0.75, 0.75, 0.75, 0.800000011920929, 0.800000011920929, 0.800000011920929, 0.800000011920929]"
1,46,INSERTION,8,0,0,0,307.80000311136246,307.80000311136246,482.29999101161957,49.125,49.125,36.025,3.6999999999999997,3.6999999999999997,4.800000041723251,1.3440000116825104,1.3440000116825104,0.9600000083446503,0.0,0.0,0.0,0.0,0.0,0.0,0.0001537496178093578,0.00013545577103029274,0.15107935513386372,0.15097790371192632,0.11296225472439723,0.06389625913817416,"[0.0, 0.0, 0.0, 0.0, 0.0, 0.0]","[0.800000011920929, 0.800000011920929, 0.8999999761581421, 0.75, 0.75, 0.75, 0.75, 0.75, 0.800000011920929, 0.800000011920929, 0.800000011920929, 0.800000011920929]"
1,47,SUCCESS,9,1,0,0,307.80000311136246,307.80000311136246,482.29999101161957,49.125,49.125,36.025,3.6999999999999997,3.6999999999999997,4.800000041723251,1.3440000116825104,1.3440000116825104,0.9600000083446503,0.0,0.0,0.0,0.0,0.0,0.0,0.00017294843697512468,0.00015491910163060953,0.15065927159571685,0.15056522871433187,0.11302910341275912,0.06765380619825874,"[0.0, 0.0, 0.0, 0.0, 0.0, 0.0]","[0.800000011920929, 0.800000011920929, 0.8999999761581421, 0.75, 0.75, 0.75, 0.75, 0.75, 0.800000011920929, 0.800000011920929, 0.800000011920929, 0.800000011920929]"
2,0,LIFT,2,0,0,0,145.9800018668175,145.9800018668175,388.05000000000007,23.025000259280205,23.025000259280205,16.88500019013882,4.119999933242798,4.119999933242798,5.324999958276749,1.4909999883174894,1.4909999883174894,1.0649999916553496,0.0,0.0,0.0,0.0,0.0,0.0,0.015410622384087662,0.014343414504484257,0.000262630832056375,0.0,0.01605419328524689,9.186650753577815,"[0.36304599046707153, 0.11702960729598999, -1.0, -0.1673593521118164, 0.7310413122177124, 0.8696173429489136]","[0.18000000715255737, 0.18000000715255737, 0.8500000238418579, 0.15000000596046448, 0.15000000596046448, 0.15000000596046448, 0.8999999761581421, 0.8999999761581421, 0.949999988079071, 0.949999988079071, 0.949999988079071, 0.949999988079071]"
2,1,TRANSPORT,3,0,0,0,307.80000311136246,307.80000311136246,482.29999101161957,49.125,49.125,36.025,3.6999999999999997,3.6999999999999997,4.800000041723251,1.3440000116825104,1.3440000116825104,0.9600000083446503,0.0,0.0,0.0,0.0,0.0,0.0,0.008129612206280926,0.007740844393406545,0.0,0.0,0.039224537840893275,7.501243010464646,"[-1.337308130899828e-08, 1.4464761610710752e-09, -1.0, 7.252709099958565e-09, 1.492192203134124e-10, -2.5698604133594927e-08]","[0.800000011920929, 0.800000011920929, 0.8999999761581421, 0.75, 0.75, 0.75, 0.75, 0.75, 0.800000011920929, 0.800000011920929, 0.800000011920929, 0.800000011920929]"
2,2,COARSE_ALIGNMENT,4,0,0,0,307.80000311136246,307.80000311136246,482.29999101161957,49.125,49.125,36.025,3.6999999999999997,3.6999999999999997,4.800000041723251,1.3440000116825104,1.3440000116825104,0.9600000083446503,0.0,0.0,0.0,0.0,0.0,0.0,0.0030922664178594256,0.0028329882087266105,0.0,0.0,0.05336529486652823,4.321728230799458,"[4.255854839497168e-16, -1.9081958235744878e-17, -0.2352561056613922, -1.7930277977609748e-16, -3.170816759643648e-18, 1.0894267114088384e-16]","[0.800000011920929, 0.800000011920929, 0.8999999761581421, 0.75, 0.75, 0.75, 0.75, 0.75, 0.800000011920929, 0.800000011920929, 0.800000011920929, 0.800000011920929]"
2,3,APPROACH,5,0,0,0,307.80000311136246,307.80000311136246,482.29999101161957,49.125,49.125,36.025,3.6999999999999997,3.6999999999999997,4.800000041723251,1.3440000116825104,1.3440000116825104,0.9600000083446503,0.0,0.0,0.0,0.0,0.0,0.0,0.0011066320114491762,0.0007079504836268898,0.0,0.0,0.05244925062069216,2.2961795562022678,"[7.92714727401288e-24, 1.0339757656912846e-25, 4.516775842233756e-09, -4.509588840151047e-24, -9.075904803582006e-27, -1.6045671414771473e-24]","[0.800000011920929, 0.800000011920929, 0.8999999761581421, 0.75, 0.75, 0.75, 0.75, 0.75, 0.800000011920929, 0.800000011920929, 0.800000011920929, 0.800000011920929]"
2,4,APPROACH,5,0,0,0,307.80000311136246,307.80000311136246,482.29999101161957,49.125,49.125,36.025,3.6999999999999997,3.6999999999999997,4.800000041723251,1.3440000116825104,1.3440000116825104,0.9600000083446503,0.0,0.0,0.0,0.0,0.0,0.0,0.0022064957820210596,0.0020925144539296102,0.007858517293724658,0.0066827143871988,0.04371859823494064,1.237479382724247,"[3.0404013271730263e-31, -2.311115933264683e-33, 0.0, 1.5453349662463602e-31, -3.461128321626028e-34, -4.350124613844383e-32]","[0.800000011920929, 0.800000011920929, 0.8999999761581421, 0.75, 0.75, 0.75, 0.75, 0.75, 0.800000011920929, 0.800000011920929, 0.800000011920929, 0.800000011920929]"
2,5,APPROACH,5,0,0,0,307.80000311136246,307.80000311136246,482.29999101161957,49.125,49.125,36.025,3.6999999999999997,3.6999999999999997,4.800000041723251,1.3440000116825104,1.3440000116825104,0.9600000083446503,0.0,0.0,0.0,0.0,0.0,0.0,0.0032407034778162255,0.0031799838656416473,0.022384781449344575,0.02158601489219602,0.030987817636092024,0.7271666441417072,"[8.69376077005599e-39, 3.8269461060710754e-42, 0.0, 4.3762929391449405e-39, 1.9393970746255468e-42, 1.4415003159678317e-39]","[0.800000011920929, 0.800000011920929, 0.8999999761581421, 0.75, 0.75, 0.75, 0.75, 0.75, 0.800000011920929, 0.800000011920929, 0.800000011920929, 0.800000011920929]"
2,6,APPROACH,5,0,0,0,307.80000311136246,307.80000311136246,482.29999101161957,49.125,49.125,36.025,3.6999999999999997,3.6999999999999997,4.800000041723251,1.3440000116825104,1.3440000116825104,0.9600000083446503,0.0,0.0,0.0,0.0,0.0,0.0,0.003997087956997303,0.0039518270585380075,0.037674803872736244,0.037025464183998706,0.016650324192648513,0.506933978744491,"[0.0, 0.0, 0.0, 0.0, 0.0, 0.0]","[0.800000011920929, 0.800000011920929, 0.8999999761581421, 0.75, 0.75, 0.75, 0.75, 0.75, 0.800000011920929, 0.800000011920929, 0.800000011920929, 0.800000011920929]"
2,7,APPROACH,5,0,0,0,307.80000311136246,307.80000311136246,482.29999101161957,49.125,49.125,36.025,3.6999999999999997,3.6999999999999997,4.800000041723251,1.3440000116825104,1.3440000116825104,0.9600000083446503,0.0,0.0,0.0,0.0,0.0,0.0,0.004587942091506302,0.004546865674172851,0.053007613802686586,0.052391568641520135,0.005163115121113946,0.43425545529135817,"[0.0, 0.0, 0.0, 0.0, 0.0, 0.0]","[0.800000011920929, 0.800000011920929, 0.8999999761581421, 0.75, 0.75, 0.75, 0.75, 0.75, 0.800000011920929, 0.800000011920929, 0.800000011920929, 0.800000011920929]"
2,8,APPROACH,5,0,0,0,307.80000311136246,307.80000311136246,482.29999101161957,49.125,49.125,36.025,3.6999999999999997,3.6999999999999997,4.800000041723251,1.3440000116825104,1.3440000116825104,0.9600000083446503,0.0,0.0,0.0,0.0,0.0,0.0,0.002066374453258839,0.002126491950532034,0.06773013269728423,0.06568437460718637,0.015762548138102784,0.43123874161222014,"[0.0, 0.0, 0.0, 0.0, 0.0, 0.0]","[0.800000011920929, 0.800000011920929, 0.8999999761581421, 0.75, 0.75, 0.75, 0.75, 0.75, 0.800000011920929, 0.800000011920929, 0.800000011920929, 0.800000011920929]"
2,9,APPROACH,5,0,0,0,307.80000311136246,307.80000311136246,482.29999101161957,49.125,49.125,36.025,3.6999999999999997,3.6999999999999997,4.800000041723251,1.3440000116825104,1.3440000116825104,0.9600000083446503,0.0,0.0,0.0,0.0,0.0,0.0,0.0014679832244704355,0.0016229175569755978,0.0805617957148419,0.07836510987008988,0.0292738056368763,1.068215222306053,"[0.0, 0.0, 0.0, 0.0, 0.0, 0.0]","[0.800000011920929, 0.800000011920929, 0.8999999761581421, 0.75, 0.75, 0.75, 0.75, 0.75, 0.800000011920929, 0.800000011920929, 0.800000011920929, 0.800000011920929]"
2,10,APPROACH,5,0,0,0,307.80000311136246,307.80000311136246,482.29999101161957,49.125,49.125,36.025,3.6999999999999997,3.6999999999999997,4.800000041723251,1.3440000116825104,1.3440000116825104,0.9600000083446503,0.0,0.0,0.0,0.0,0.0,0.0,0.0016008583467460517,0.001797291122734179,0.09256687801871294,0.0906141126985088,0.04181860977372242,1.148245714661478,"[0.0, 0.0, 0.0, 0.0, 0.0, 0.0]","[0.800000011920929, 0.800000011920929, 0.8999999761581421, 0.75, 0.75, 0.75, 0.75, 0.75, 0.800000011920929, 0.800000011920929, 0.800000011920929, 0.800000011920929]"
2,11,APPROACH,5,0,0,0,307.80000311136246,307.80000311136246,482.29999101161957,49.125,49.125,36.025,3.6999999999999997,3.6999999999999997,4.800000041723251,1.3440000116825104,1.3440000116825104,0.9600000083446503,0.0,0.0,0.0,0.0,0.0,0.0,0.0014993809644074743,0.0017738966631017361,0.10391792024467486,0.10202152133165565,0.05383837319664599,1.0439869048176482,"[0.0, 0.0, 0.0, 0.0, 0.0, 0.0]","[0.800000011920929, 0.800000011920929, 0.8999999761581421, 0.75, 0.75, 0.75, 0.75, 0.75, 0.800000011920929, 0.800000011920929, 0.800000011920929, 0.800000011920929]"
2,12,APPROACH,5,0,0,0,307.80000311136246,307.80000311136246,482.29999101161957,49.125,49.125,36.025,3.6999999999999997,3.6999999999999997,4.800000041723251,1.3440000116825104,1.3440000116825104,0.9600000083446503,0.0,0.0,0.0,0.0,0.0,0.0,0.0012734005034715009,0.001663635112634555,0.11457128753902293,0.11258747317226644,0.06515946533628947,1.027038257096674,"[0.0, 0.0, 0.0, 0.0, 0.0, 0.0]","[0.800000011920929, 0.800000011920929, 0.8999999761581421, 0.75, 0.75, 0.75, 0.75, 0.75, 0.800000011920929, 0.800000011920929, 0.800000011920929, 0.800000011920929]"
2,13,APPROACH,5,0,0,0,307.80000311136246,307.80000311136246,482.29999101161957,49.125,49.125,36.025,3.6999999999999997,3.6999999999999997,4.800000041723251,1.3440000116825104,1.3440000116825104,0.9600000083446503,0.0,0.0,0.0,0.0,0.0,0.0,0.0010913412634004842,0.0016009471717645962,0.12449565830187778,0.12235093721688944,0.07573713230877789,1.0738179973492645,"[0.0, 0.0, 0.0, 0.0, 0.0, 0.0]","[0.800000011920929, 0.800000011920929, 0.8999999761581421, 0.75, 0.75, 0.75, 0.75, 0.75, 0.800000011920929, 0.800000011920929, 0.800000011920929, 0.800000011920929]"
2,14,APPROACH,5,0,0,0,307.80000311136246,307.80000311136246,482.29999101161957,49.125,49.125,36.025,3.6999999999999997,3.6999999999999997,4.800000041723251,1.3440000116825104,1.3440000116825104,0.9600000083446503,0.0,0.0,0.0,0.0,0.0,0.0,0.0010572629302950654,0.0016331730487741585,0.13369757037085842,0.13135142450928144,0.08556419361569031,1.1517853678484014,"[0.0, 0.0, 0.0, 0.0, 0.0, 0.0]","[0.800000011920929, 0.800000011920929, 0.8999999761581421, 0.75, 0.75, 0.75, 0.75, 0.75, 0.800000011920929, 0.800000011920929, 0.800000011920929, 0.800000011920929]"
2,15,APPROACH,5,0,0,0,307.80000311136246,307.80000311136246,482.29999101161957,49.125,49.125,36.025,3.6999999999999997,3.6999999999999997,4.800000041723251,1.3440000116825104,1.3440000116825104,0.9600000083446503,0.0,0.0,0.0,0.0,0.0,0.0,0.001182677427738993,0.0017499907501132188,0.14220892108265054,0.13963748287308872,0.09465823197895692,1.2462319700827305,"[0.0, 0.0, 0.0, 0.0, 0.0, 0.0]","[0.800000011920929, 0.800000011920929, 0.8999999761581421, 0.75, 0.75, 0.75, 0.75, 0.75, 0.800000011920929, 0.800000011920929, 0.800000011920929, 0.800000011920929]"
2,16,APPROACH,5,0,0,0,307.80000311136246,307.80000311136246,482.29999101161957,49.125,49.125,36.025,3.6999999999999997,3.6999999999999997,4.800000041723251,1.3440000116825104,1.3440000116825104,0.9600000083446503,0.0,0.0,0.0,0.0,0.0,0.0,0.0013421575512287368,0.0018737465071319113,0.14992137256194735,0.14720331584913746,0.10305629555062643,1.3500928179914558,"[0.0, 0.0, 0.0, 0.0, 0.0, 0.0]","[0.800000011920929, 0.800000011920929, 0.8999999761581421, 0.75, 0.75, 0.75, 0.75, 0.75, 0.800000011920929, 0.800000011920929, 0.800000011920929, 0.800000011920929]"
2,17,APPROACH,5,0,0,0,307.80000311136246,307.80000311136246,482.29999101161957,49.125,49.125,36.025,3.6999999999999997,3.6999999999999997,4.800000041723251,1.3440000116825104,1.3440000116825104,0.9600000083446503,0.0,0.0,0.0,0.0,0.0,0.0,0.0015216457832889912,0.0020016237628330677,0.1569556644599604,0.15405885503560743,0.110695581003407,1.4176376294096047,"[0.0, 0.0, 0.0, 0.0, 0.0, 0.0]","[0.800000011920929, 0.800000011920929, 0.8999999761581421, 0.75, 0.75, 0.75, 0.75, 0.75, 0.800000011920929, 0.800000011920929, 0.800000011920929, 0.800000011920929]"
2,18,APPROACH,5,0,0,0,307.80000311136246,307.80000311136246,482.29999101161957,49.125,49.125,36.025,3.6999999999999997,3.6999999999999997,4.800000041723251,1.3440000116825104,1.3440000116825104,0.9600000083446503,0.0,0.0,0.0,0.0,0.0,0.0,0.001698170613551072,0.002121770188312666,0.16347507201999653,0.16040145224024543,0.11764487779782652,1.498258805371795,"[0.0, 0.0, 0.0, 0.0, 0.0, 0.0]","[0.800000011920929, 0.800000011920929, 0.8999999761581421, 0.75, 0.75, 0.75, 0.75, 0.75, 0.800000011920929, 0.800000011920929, 0.800000011920929, 0.800000011920929]"
2,19,APPROACH,5,0,0,0,307.80000311136246,307.80000311136246,482.29999101161957,49.125,49.125,36.025,3.6999999999999997,3.6999999999999997,4.800000041723251,1.3440000116825104,1.3440000116825104,0.9600000083446503,0.0,0.0,0.0,0.0,0.0,0.0,0.0018572686974498008,0.002225097604706294,0.16957153498111646,0.16633727940682352,0.12408198345138252,1.5771826382421692,"[0.0, 0.0, 0.0, 0.0, 0.0, 0.0]","[0.800000011920929, 0.800000011920929, 0.8999999761581421, 0.75, 0.75, 0.75, 0.75, 0.75, 0.800000011920929, 0.800000011920929, 0.800000011920929, 0.800000011920929]"
2,20,APPROACH,5,0,0,0,307.80000311136246,307.80000311136246,482.29999101161957,49.125,49.125,36.025,3.6999999999999997,3.6999999999999997,4.800000041723251,1.3440000116825104,1.3440000116825104,0.9600000083446503,0.0,0.0,0.0,0.0,0.0,0.0,0.0020012847380099386,0.0023146423174193074,0.17530804543367529,0.17192920770191672,0.13010458480521286,1.648208651679858,"[0.0, 0.0, 0.0, 0.0, 0.0, 0.0]","[0.800000011920929, 0.800000011920929, 0.8999999761581421, 0.75, 0.75, 0.75, 0.75, 0.75, 0.800000011920929, 0.800000011920929, 0.800000011920929, 0.800000011920929]"
2,21,APPROACH,5,0,0,0,307.80000311136246,307.80000311136246,482.29999101161957,49.125,49.125,36.025,3.6999999999999997,3.6999999999999997,4.800000041723251,1.3440000116825104,1.3440000116825104,0.9600000083446503,0.0,0.0,0.0,0.0,0.0,0.0,0.0015369261338498707,0.00189738039762517,0.17997623331051,0.17711903623895164,0.13577505290434808,1.7115727990365022,"[0.0, 0.0, 0.0, 0.0, 0.0, 0.0]","[0.800000011920929, 0.800000011920929, 0.8999999761581421, 0.75, 0.75, 0.75, 0.75, 0.75, 0.800000011920929, 0.800000011920929, 0.800000011920929, 0.800000011920929]"
2,22,APPROACH,5,0,0,0,307.80000311136246,307.80000311136246,482.29999101161957,49.125,49.125,36.025,3.6999999999999997,3.6999999999999997,4.800000041723251,1.3440000116825104,1.3440000116825104,0.9600000083446503,0.0,0.0,0.0,0.0,0.0,0.0,0.002527761966834397,0.002662127974256111,0.18,0.17927296004082974,0.1406771194510363,1.4633854030295972,"[0.0, 0.0, 0.0, 0.0, 0.0, 0.0]","[0.800000011920929, 0.800000011920929, 0.8999999761581421, 0.75, 0.75, 0.75, 0.75, 0.75, 0.800000011920929, 0.800000011920929, 0.800000011920929, 0.800000011920929]"
2,23,APPROACH,5,0,0,0,307.80000311136246,307.80000311136246,482.29999101161957,49.125,49.125,36.025,3.6999999999999997,3.6999999999999997,4.800000041723251,1.3440000116825104,1.3440000116825104,0.9600000083446503,0.0,0.0,0.0,0.0,0.0,0.0,0.0027556191283777515,0.0028512672135990735,0.18,0.17929220649290187,0.14182138155176105,0.5575895436233895,"[0.0, 0.0, 0.0, 0.0, 0.0, 0.0]","[0.800000011920929, 0.800000011920929, 0.8999999761581421, 0.75, 0.75, 0.75, 0.75, 0.75, 0.800000011920929, 0.800000011920929, 0.800000011920929, 0.800000011920929]"
2,24,APPROACH,5,0,0,0,307.80000311136246,307.80000311136246,482.29999101161957,49.125,49.125,36.025,3.6999999999999997,3.6999999999999997,4.800000041723251,1.3440000116825104,1.3440000116825104,0.9600000083446503,0.0,0.0,0.0,0.0,0.0,0.0,0.001978855868259179,0.0021095100542176865,0.17979311961787683,0.17849320799076532,0.14174032976883785,0.4615531148252813,"[0.0, 0.0, 0.0, 0.0, 0.0, 0.0]","[0.800000011920929, 0.800000011920929, 0.8999999761581421, 0.75, 0.75, 0.75, 0.75, 0.75, 0.800000011920929, 0.800000011920929, 0.800000011920929, 0.800000011920929]"
2,25,APPROACH,5,0,0,0,307.80000311136246,307.80000311136246,482.29999101161957,49.125,49.125,36.025,3.6999999999999997,3.6999999999999997,4.800000041723251,1.3440000116825104,1.3440000116825104,0.9600000083446503,0.0,0.0,0.0,0.0,0.0,0.0,0.0011453344493867876,0.0013373115065185171,0.179423039665078,0.17742372522872651,0.1412125830187449,0.6957706820451709,"[0.0, 0.0, 0.0, 0.0, 0.0, 0.0]","[0.800000011920929, 0.800000011920929, 0.8999999761581421, 0.75, 0.75, 0.75, 0.75, 0.75, 0.800000011920929, 0.800000011920929, 0.800000011920929, 0.800000011920929]"
2,26,APPROACH,5,0,0,0,307.80000311136246,307.80000311136246,482.29999101161957,49.125,49.125,36.025,3.6999999999999997,3.6999999999999997,4.800000041723251,1.3440000116825104,1.3440000116825104,0.9600000083446503,0.0,0.0,0.0,0.0,0.0,0.0,0.0010792238520609604,0.0012302014091872197,0.1787978022091693,0.17634170106784106,0.14050847289127918,1.0189020718901989,"[0.0, 0.0, 0.0, 0.0, 0.0, 0.0]","[0.800000011920929, 0.800000011920929, 0.8999999761581421, 0.75, 0.75, 0.75, 0.75, 0.75, 0.800000011920929, 0.800000011920929, 0.800000011920929, 0.800000011920929]"
2,27,APPROACH,5,0,0,0,307.80000311136246,307.80000311136246,482.29999101161957,49.125,49.125,36.025,3.6999999999999997,3.6999999999999997,4.800000041723251,1.3440000116825104,1.3440000116825104,0.9600000083446503,0.0,0.0,0.0,0.0,0.0,0.0,0.0012379647644535654,0.0013211813341599146,0.17786218838845563,0.17521266279730127,0.13966728436822484,1.2308125173921036,"[0.0, 0.0, 0.0, 0.0, 0.0, 0.0]","[0.800000011920929, 0.800000011920929, 0.8999999761581421, 0.75, 0.75, 0.75, 0.75, 0.75, 0.800000011920929, 0.800000011920929, 0.800000011920929, 0.800000011920929]"
2,28,APPROACH,5,0,0,0,307.80000311136246,307.80000311136246,482.29999101161957,49.125,49.125,36.025,3.6999999999999997,3.6999999999999997,4.800000041723251,1.3440000116825104,1.3440000116825104,0.9600000083446503,0.0,0.0,0.0,0.0,0.0,0.0,0.0012975155787222567,0.0013353980787473502,0.17661951502936024,0.17393307846229628,0.13863931932838822,1.3178605831469985,"[0.0, 0.0, 0.0, 0.0, 0.0, 0.0]","[0.800000011920929, 0.800000011920929, 0.8999999761581421, 0.75, 0.75, 0.75, 0.75, 0.75, 0.800000011920929, 0.800000011920929, 0.800000011920929, 0.800000011920929]"
2,29,APPROACH,5,0,0,0,307.80000311136246,307.80000311136246,482.29999101161957,49.125,49.125,36.025,3.6999999999999997,3.6999999999999997,4.800000041723251,1.3440000116825104,1.3440000116825104,0.9600000083446503,0.0,0.0,0.0,0.0,0.0,0.0,0.0012651921971643292,0.0012703455820741274,0.17504074089083502,0.1724022326801777,0.13737658531543678,1.3300913039636977,"[0.0, 0.0, 0.0, 0.0, 0.0, 0.0]","[0.800000011920929, 0.800000011920929, 0.8999999761581421, 0.75, 0.75, 0.75, 0.75, 0.75, 0.800000011920929, 0.800000011920929, 0.800000011920929, 0.800000011920929]"
2,30,APPROACH,5,0,0,0,307.80000311136246,307.80000311136246,482.29999101161957,49.125,49.125,36.025,3.6999999999999997,3.6999999999999997,4.800000041723251,1.3440000116825104,1.3440000116825104,0.9600000083446503,0.0,0.0,0.0,0.0,0.0,0.0,0.0011741377428806272,0.0011531173492449235,0.17307103337820032,0.1705263394947417,0.13581682720619442,1.3016696352133452,"[0.0, 0.0, 0.0, 0.0, 0.0, 0.0]","[0.800000011920929, 0.800000011920929, 0.8999999761581421, 0.75, 0.75, 0.75, 0.75, 0.75, 0.800000011920929, 0.800000011920929, 0.800000011920929, 0.800000011920929]"
2,31,APPROACH,5,0,0,0,307.80000311136246,307.80000311136246,482.29999101161957,49.125,49.125,36.025,3.6999999999999997,3.6999999999999997,4.800000041723251,1.3440000116825104,1.3440000116825104,0.9600000083446503,0.0,0.0,0.0,0.0,0.0,0.0,0.001044418993925274,0.0010016189810449464,0.17064341211566886,0.16821818082873566,0.13388749726697055,1.2512937254794703,"[0.0, 0.0, 0.0, 0.0, 0.0, 0.0]","[0.800000011920929, 0.800000011920929, 0.8999999761581421, 0.75, 0.75, 0.75, 0.75, 0.75, 0.800000011920929, 0.800000011920929, 0.800000011920929, 0.800000011920929]"
2,32,APPROACH,5,0,0,0,307.80000311136246,307.80000311136246,482.29999101161957,49.125,49.125,36.025,3.6999999999999997,3.6999999999999997,4.800000041723251,1.3440000116825104,1.3440000116825104,0.9600000083446503,0.0,0.0,0.0,0.0,0.0,0.0,0.0008858880850207886,0.0008259650602010382,0.16768894527664022,0.16539838037673402,0.1315125389805928,1.1887548862224464,"[0.0, 0.0, 0.0, 0.0, 0.0, 0.0]","[0.800000011920929, 0.800000011920929, 0.8999999761581421, 0.75, 0.75, 0.75, 0.75, 0.75, 0.800000011920929, 0.800000011920929, 0.800000011920929, 0.800000011920929]"
2,33,APPROACH,5,0,0,0,307.80000311136246,307.80000311136246,482.29999101161957,49.125,49.125,36.025,3.6999999999999997,3.6999999999999997,4.800000041723251,1.3440000116825104,1.3440000116825104,0.9600000083446503,0.0,0.0,0.0,0.0,0.0,0.0,0.0007033544382242578,0.0006345083860722836,0.16414387053067334,0.1619978348535341,0.12861840704152977,1.1191985424172042,"[0.0, 0.0, 0.0, 0.0, 0.0, 0.0]","[0.800000011920929, 0.800000011920929, 0.8999999761581421, 0.75, 0.75, 0.75, 0.75, 0.75, 0.800000011920929, 0.800000011920929, 0.800000011920929, 0.800000011920929]"
2,34,APPROACH,5,0,0,0,307.80000311136246,307.80000311136246,482.29999101161957,49.125,49.125,36.025,3.6999999999999997,3.6999999999999997,4.800000041723251,1.3440000116825104,1.3440000116825104,0.9600000083446503,0.0,0.0,0.0,0.0,0.0,0.0,0.0005003168439439519,0.0004440282869057645,0.1599758038145667,0.1579822001169812,0.1251390355971675,1.0453982532218085,"[0.0, 0.0, 0.0, 0.0, 0.0, 0.0]","[0.800000011920929, 0.800000011920929, 0.8999999761581421, 0.75, 0.75, 0.75, 0.75, 0.75, 0.800000011920929, 0.800000011920929, 0.800000011920929, 0.800000011920929]"
2,35,APPROACH,5,0,0,0,307.80000311136246,307.80000311136246,482.29999101161957,49.125,49.125,36.025,3.6999999999999997,3.6999999999999997,4.800000041723251,1.3440000116825104,1.3440000116825104,0.9600000083446503,0.0,0.0,0.0,0.0,0.0,0.0,0.00029512844409055065,0.00032503020894906055,0.15518876285865954,0.1533510681200838,0.12104126187851688,0.9686163332435812,"[0.0, 0.0, 0.0, 0.0, 0.0, 0.0]","[0.800000011920929, 0.800000011920929, 0.8999999761581421, 0.75, 0.75, 0.75, 0.75, 0.75, 0.800000011920929, 0.800000011920929, 0.800000011920929, 0.800000011920929]"
2,36,APPROACH,5,0,0,0,307.80000311136246,307.80000311136246,482.29999101161957,49.125,49.125,36.025,3.6999999999999997,3.6999999999999997,4.800000041723251,1.3440000116825104,1.3440000116825104,0.9600000083446503,0.0,0.0,0.0,0.0,0.0,0.0,0.00018653660769064642,0.000403674398678897,0.1497366948735403,0.14805795590764922,0.1163271116914228,0.8913104382046666,"[0.0, 0.0, 0.0, 0.0, 0.0, 0.0]","[0.800000011920929, 0.800000011920929, 0.8999999761581421, 0.75, 0.75, 0.75, 0.75, 0.75, 0.800000011920929, 0.800000011920929, 0.800000011920929, 0.800000011920929]"
2,37,APPROACH,5,0,0,0,307.80000311136246,307.80000311136246,482.29999101161957,49.125,49.125,36.025,3.6999999999999997,3.6999999999999997,4.800000041723251,1.3440000116825104,1.3440000116825104,0.9600000083446503,0.0,0.0,0.0,0.0,0.0,0.0,0.0003576092033694196,0.0006390470887065117,0.14353536196308245,0.142020949512592,0.11095047639456031,0.814321796963244,"[0.0, 0.0, 0.0, 0.0, 0.0, 0.0]","[0.800000011920929, 0.800000011920929, 0.8999999761581421, 0.75, 0.75, 0.75, 0.75, 0.75, 0.800000011920929, 0.800000011920929, 0.800000011920929, 0.800000011920929]"
2,38,APPROACH,5,0,0,0,307.80000311136246,307.80000311136246,482.29999101161957,49.125,49.125,36.025,3.6999999999999997,3.6999999999999997,4.800000041723251,1.3440000116825104,1.3440000116825104,0.9600000083446503,0.0,0.0,0.0,0.0,0.0,0.0,0.0006367166169286866,0.0009404176034959929,0.13657588086844646,0.13522850946222664,0.1048284345837431,0.7374137038892304,"[0.0, 0.0, 0.0, 0.0, 0.0, 0.0]","[0.800000011920929, 0.800000011920929, 0.8999999761581421, 0.75, 0.75, 0.75, 0.75, 0.75, 0.800000011920929, 0.800000011920929, 0.800000011920929, 0.800000011920929]"
2,39,APPROACH,5,0,0,0,307.80000311136246,307.80000311136246,482.29999101161957,49.125,49.125,36.025,3.6999999999999997,3.6999999999999997,4.800000041723251,1.3440000116825104,1.3440000116825104,0.9600000083446503,0.0,0.0,0.0,0.0,0.0,0.0,0.0009491011844707716,0.0012755241623158026,0.12887875837278273,0.1277002798385905,0.09795102221486084,0.6630166196699092,"[0.0, 0.0, 0.0, 0.0, 0.0, 0.0]","[0.800000011920929, 0.800000011920929, 0.8999999761581421, 0.75, 0.75, 0.75, 0.75, 0.75, 0.800000011920929, 0.800000011920929, 0.800000011920929, 0.800000011920929]"
2,40,APPROACH,5,0,0,0,307.80000311136246,307.80000311136246,482.29999101161957,49.125,49.125,36.025,3.6999999999999997,3.6999999999999997,4.800000041723251,1.3440000116825104,1.3440000116825104,0.9600000083446503,0.0,0.0,0.0,0.0,0.0,0.0,0.0012813699039034296,0.0016324822202446658,0.12047317263493126,0.11946484540725266,0.09033857092505346,0.5932121680794541,"[0.0, 0.0, 0.0, 0.0, 0.0, 0.0]","[0.800000011920929, 0.800000011920929, 0.8999999761581421, 0.75, 0.75, 0.75, 0.75, 0.75, 0.800000011920929, 0.800000011920929, 0.800000011920929, 0.800000011920929]"
2,41,APPROACH,5,0,0,0,307.80000311136246,307.80000311136246,482.29999101161957,49.125,49.125,36.025,3.6999999999999997,3.6999999999999997,4.800000041723251,1.3440000116825104,1.3440000116825104,0.9600000083446503,0.0,0.0,0.0,0.0,0.0,0.0,0.001627606025589996,0.0020044191053534724,0.11140324579068692,0.11056571773593721,0.08202033507716598,0.5306171271997115,"[0.0, 0.0, 0.0, 0.0, 0.0, 0.0]","[0.800000011920929, 0.800000011920929, 0.8999999761581421, 0.75, 0.75, 0.75, 0.75, 0.75, 0.800000011920929, 0.800000011920929, 0.800000011920929, 0.800000011920929]"
2,42,APPROACH,5,0,0,0,307.80000311136246,307.80000311136246,482.29999101161957,49.125,49.125,36.025,3.6999999999999997,3.6999999999999997,4.800000041723251,1.3440000116825104,1.3440000116825104,0.9600000083446503,0.0,0.0,0.0,0.0,0.0,0.0,0.001983305122072162,0.002385897945821306,0.10172861609813585,0.1010618794137654,0.07304071263039216,0.4786243254303187,"[0.0, 0.0, 0.0, 0.0, 0.0, 0.0]","[0.800000011920929, 0.800000011920929, 0.8999999761581421, 0.75, 0.75, 0.75, 0.75, 0.75, 0.800000011920929, 0.800000011920929, 0.800000011920929, 0.800000011920929]"
2,43,APPROACH,5,0,0,0,307.80000311136246,307.80000311136246,482.29999101161957,49.125,49.125,36.025,3.6999999999999997,3.6999999999999997,4.800000041723251,1.3440000116825104,1.3440000116825104,0.9600000083446503,0.0,0.0,0.0,0.0,0.0,0.0,0.00234435989777197,0.0027720055272234204,0.09152372481874685,0.09102707338723762,0.06345998573141688,0.4412161803519874,"[0.0, 0.0, 0.0, 0.0, 0.0, 0.0]","[0.800000011920929, 0.800000011920929, 0.8999999761581421, 0.75, 0.75, 0.75, 0.75, 0.75, 0.800000011920929, 0.800000011920929, 0.800000011920929, 0.800000011920929]"
2,44,APPROACH,5,0,0,0,307.80000311136246,307.80000311136246,482.29999101161957,49.125,49.125,36.025,3.6999999999999997,3.6999999999999997,4.800000041723251,1.3440000116825104,1.3440000116825104,0.9600000083446503,0.0,0.0,0.0,0.0,0.0,0.0,0.002706871062493897,0.0031581317244671466,0.08087660367122138,0.08054859932509129,0.05335401832644339,0.42208013641878417,"[0.0, 0.0, 0.0, 0.0, 0.0, 0.0]","[0.800000011920929, 0.800000011920929, 0.8999999761581421, 0.75, 0.75, 0.75, 0.75, 0.75, 0.800000011920929, 0.800000011920929, 0.800000011920929, 0.800000011920929]"
2,45,APPROACH,5,0,0,0,307.80000311136246,307.80000311136246,482.29999101161957,49.125,49.125,36.025,3.6999999999999997,3.6999999999999997,4.800000041723251,1.3440000116825104,1.3440000116825104,0.9600000083446503,0.0,0.0,0.0,0.0,0.0,0.0,0.003067147863982523,0.003539958588351647,0.0698872362599636,0.0697256871357761,0.0428140963438096,0.42304595489266367,"[0.0, 0.0, 0.0, 0.0, 0.0, 0.0]","[0.800000011920929, 0.800000011920929, 0.8999999761581421, 0.75, 0.75, 0.75, 0.75, 0.75, 0.800000011920929, 0.800000011920929, 0.800000011920929, 0.800000011920929]"
2,46,APPROACH,5,0,0,0,307.80000311136246,307.80000311136246,482.29999101161957,49.125,49.125,36.025,3.6999999999999997,3.6999999999999997,4.800000041723251,1.3440000116825104,1.3440000116825104,0.9600000083446503,0.0,0.0,0.0,0.0,0.0,0.0,0.003421757205705551,0.003913515569619239,0.05866544574958279,0.058667399464312174,0.03194854300573413,0.44293729721193065,"[0.0, 0.0, 0.0, 0.0, 0.0, 0.0]","[0.800000011920929, 0.800000011920929, 0.8999999761581421, 0.75, 0.75, 0.75, 0.75, 0.75, 0.800000011920929, 0.800000011920929, 0.800000011920929, 0.800000011920929]"
2,47,APPROACH,5,0,0,0,307.80000311136246,307.80000311136246,482.29999101161957,49.125,49.125,36.025,3.6999999999999997,3.6999999999999997,4.800000041723251,1.3440000116825104,1.3440000116825104,0.9600000083446503,0.0,0.0,0.0,0.0,0.0,0.0,0.003767579990708185,0.004275248548368387,0.04732830286601527,0.047490056111872424,0.02089428062620318,0.4780712220540322,"[0.0, 0.0, 0.0, 0.0, 0.0, 0.0]","[0.800000011920929, 0.800000011920929, 0.8999999761581421, 0.75, 0.75, 0.75, 0.75, 0.75, 0.800000011920929, 0.800000011920929, 0.800000011920929, 0.800000011920929]"
2,48,APPROACH,5,0,0,0,307.80000311136246,307.80000311136246,482.29999101161957,49.125,49.125,36.025,3.6999999999999997,3.6999999999999997,4.800000041723251,1.3440000116825104,1.3440000116825104,0.9600000083446503,0.0,0.0,0.0,0.0,0.0,0.0,0.004102148835578244,0.004622443081299079,0.036000359434758454,0.03631751061796342,0.009919832059508648,0.5238904813595251,"[0.0, 0.0, 0.0, 0.0, 0.0, 0.0]","[0.800000011920929, 0.800000011920929, 0.8999999761581421, 0.75, 0.75, 0.75, 0.75, 0.75, 0.800000011920929, 0.800000011920929, 0.800000011920929, 0.800000011920929]"
2,49,APPROACH,5,0,0,0,307.80000311136246,307.80000311136246,482.29999101161957,49.125,49.125,36.025,3.6999999999999997,3.6999999999999997,4.800000041723251,1.3440000116825104,1.3440000116825104,0.9600000083446503,0.0,0.0,0.0,0.0,0.0,0.0,0.004424391000006511,0.004954149724647033,0.024802027438341666,0.02526970975956385,0.0036892390390454973,0.5762851492504688,"[0.0, 0.0, 0.0, 0.0, 0.0, 0.0]","[0.800000011920929, 0.800000011920929, 0.8999999761581421, 0.75, 0.75, 0.75, 0.75, 0.75, 0.800000011920929, 0.800000011920929, 0.800000011920929, 0.800000011920929]"
2,50,APPROACH,5,0,0,0,307.80000311136246,307.80000311136246,482.29999101161957,49.125,49.125,36.025,3.6999999999999997,3.6999999999999997,4.800000041723251,1.3440000116825104,1.3440000116825104,0.9600000083446503,0.0,0.0,0.0,0.0,0.0,0.0,0.002793187316860602,0.00306863666261403,0.014403356533291577,0.014236283468740639,0.013362712646856841,0.632150999475474,"[0.0, 0.0, 0.0, 0.0, 0.0, 0.0]","[0.800000011920929, 0.800000011920929, 0.8999999761581421, 0.75, 0.75, 0.75, 0.75, 0.75, 0.800000011920929, 0.800000011920929, 0.800000011920929, 0.800000011920929]"
2,51,FIRST_CONTACT,6,0,1,0,307.80000311136246,307.80000311136246,482.29999101161957,49.125,49.125,36.025,3.6999999999999997,3.6999999999999997,4.800000041723251,1.3440000116825104,1.3440000116825104,0.9600000083446503,0.0,0.0,0.0,0.0,0.0,0.0,0.0033258224819882254,0.0036170292954722707,0.0038175548242680643,0.003974967984546683,0.023889817511928774,0.3243076630657066,"[0.0, 0.0, 0.0, 0.0, 0.0, 0.0]","[0.800000011920929, 0.800000011920929, 0.8999999761581421, 0.75, 0.75, 0.75, 0.75, 0.75, 0.800000011920929, 0.800000011920929, 0.800000011920929, 0.800000011920929]"
2,52,FIRST_CONTACT,6,0,0,0,145.9800018668175,145.9800018668175,388.05000000000007,23.025000259280205,23.025000259280205,16.88500019013882,4.119999933242798,4.119999933242798,5.324999958276749,1.4909999883174894,1.4909999883174894,1.0649999916553496,0.0,0.0,0.0,0.0,0.0,0.0,0.0042398088023760175,0.004565614035460023,0.0,0.0,0.03424141712792686,0.3683330704681947,"[0.0, 0.0, 0.0, 0.0, 0.0, 0.0]","[0.18000000715255737, 0.18000000715255737, 0.8500000238418579, 0.15000000596046448, 0.15000000596046448, 0.15000000596046448, 0.8999999761581421, 0.8999999761581421, 0.949999988079071, 0.949999988079071, 0.949999988079071, 0.949999988079071]"
2,53,FIRST_CONTACT,6,0,0,0,307.80000311136246,307.80000311136246,482.29999101161957,49.125,49.125,36.025,3.6999999999999997,3.6999999999999997,4.800000041723251,1.3440000116825104,1.3440000116825104,0.9600000083446503,0.0,0.0,0.0,0.0,0.0,0.0,0.004588852271151314,0.0049447682056459824,0.0,0.0,0.044236069464046894,0.5782627521195205,"[0.0, 0.0, 0.0, 0.0, 0.0, 0.0]","[0.800000011920929, 0.800000011920929, 0.8999999761581421, 0.75, 0.75, 0.75, 0.75, 0.75, 0.800000011920929, 0.800000011920929, 0.800000011920929, 0.800000011920929]"
2,54,FIRST_CONTACT,6,0,0,0,307.80000311136246,307.80000311136246,482.29999101161957,49.125,49.125,36.025,3.6999999999999997,3.6999999999999997,4.800000041723251,1.3440000116825104,1.3440000116825104,0.9600000083446503,0.0,0.0,0.0,0.0,0.0,0.0,0.004696727750918777,0.005058271776164614,0.0,0.0,0.05372939148828686,0.7098926013960031,"[0.0, 0.0, 0.0, 0.0, 0.0, 0.0]","[0.800000011920929, 0.800000011920929, 0.8999999761581421, 0.75, 0.75, 0.75, 0.75, 0.75, 0.800000011920929, 0.800000011920929, 0.800000011920929, 0.800000011920929]"
2,55,FIRST_CONTACT,6,0,0,0,307.80000311136246,307.80000311136246,482.29999101161957,49.125,49.125,36.025,3.6999999999999997,3.6999999999999997,4.800000041723251,1.3440000116825104,1.3440000116825104,0.9600000083446503,0.0,0.0,0.0,0.0,0.0,0.0,0.004744384328187021,0.0050895163481558415,0.0,0.0,0.06257881594143984,0.7790786535140338,"[0.0, 0.0, 0.0, 0.0, 0.0, 0.0]","[0.800000011920929, 0.800000011920929, 0.8999999761581421, 0.75, 0.75, 0.75, 0.75, 0.75, 0.800000011920929, 0.800000011920929, 0.800000011920929, 0.800000011920929]"
2,56,FIRST_CONTACT,6,0,0,0,307.80000311136246,307.80000311136246,482.29999101161957,49.125,49.125,36.025,3.6999999999999997,3.6999999999999997,4.800000041723251,1.3440000116825104,1.3440000116825104,0.9600000083446503,0.0,0.0,0.0,0.0,0.0,0.0,0.004766213732552417,0.005081632485433438,0.0,0.0,0.07071149242414451,0.8243960593995046,"[0.0, 0.0, 0.0, 0.0, 0.0, 0.0]","[0.800000011920929, 0.800000011920929, 0.8999999761581421, 0.75, 0.75, 0.75, 0.75, 0.75, 0.800000011920929, 0.800000011920929, 0.800000011920929, 0.800000011920929]"
2,57,FIRST_CONTACT,6,0,0,0,307.80000311136246,307.80000311136246,482.29999101161957,49.125,49.125,36.025,3.6999999999999997,3.6999999999999997,4.800000041723251,1.3440000116825104,1.3440000116825104,0.9600000083446503,0.0,0.0,0.0,0.0,0.0,0.0,0.004772978370252358,0.005051256699736327,0.0,0.0,0.07807551328184942,0.856899011851084,"[0.0, 0.0, 0.0, 0.0, 0.0, 0.0]","[0.800000011920929, 0.800000011920929, 0.8999999761581421, 0.75, 0.75, 0.75, 0.75, 0.75, 0.800000011920929, 0.800000011920929, 0.800000011920929, 0.800000011920929]"
2,58,FIRST_CONTACT,6,0,0,0,307.80000311136246,307.80000311136246,482.29999101161957,49.125,49.125,36.025,3.6999999999999997,3.6999999999999997,4.800000041723251,1.3440000116825104,1.3440000116825104,0.9600000083446503,0.0,0.0,0.0,0.0,0.0,0.0,0.004768955352752115,0.00500619490164397,0.0,0.0,0.08463506818630909,0.881378144433464,"[0.0, 0.0, 0.0, 0.0, 0.0, 0.0]","[0.800000011920929, 0.800000011920929, 0.8999999761581421, 0.75, 0.75, 0.75, 0.75, 0.75, 0.800000011920929, 0.800000011920929, 0.800000011920929, 0.800000011920929]"
2,59,FIRST_CONTACT,6,0,0,0,307.80000311136246,307.80000311136246,482.29999101161957,49.125,49.125,36.025,3.6999999999999997,3.6999999999999997,4.800000041723251,1.3440000116825104,1.3440000116825104,0.9600000083446503,0.0,0.0,0.0,0.0,0.0,0.0,0.004755857014431282,0.0049503144008527025,0.0,0.0,0.09036979942420258,0.9001700596752397,"[0.0, 0.0, 0.0, 0.0, 0.0, 0.0]","[0.800000011920929, 0.800000011920929, 0.8999999761581421, 0.75, 0.75, 0.75, 0.75, 0.75, 0.800000011920929, 0.800000011920929, 0.800000011920929, 0.800000011920929]"
2,60,FIRST_CONTACT,6,0,0,0,307.80000311136246,307.80000311136246,482.29999101161957,49.125,49.125,36.025,3.6999999999999997,3.6999999999999997,4.800000041723251,1.3440000116825104,1.3440000116825104,0.9600000083446503,0.0,0.0,0.0,0.0,0.0,0.0,0.004734192746154928,0.004885505423708908,0.0,0.0,0.09527390195677224,0.9144661845591084,"[0.0, 0.0, 0.0, 0.0, 0.0, 0.0]","[0.800000011920929, 0.800000011920929, 0.8999999761581421, 0.75, 0.75, 0.75, 0.75, 0.75, 0.800000011920929, 0.800000011920929, 0.800000011920929, 0.800000011920929]"
2,61,FIRST_CONTACT,6,0,0,0,307.80000311136246,307.80000311136246,482.29999101161957,49.125,49.125,36.025,3.6999999999999997,3.6999999999999997,4.800000041723251,1.3440000116825104,1.3440000116825104,0.9600000083446503,0.0,0.0,0.0,0.0,0.0,0.0,0.00470388841153228,0.00481262140584812,0.0,0.0,0.09935477438643571,0.9249056931474972,"[0.0, 0.0, 0.0, 0.0, 0.0, 0.0]","[0.800000011920929, 0.800000011920929, 0.8999999761581421, 0.75, 0.75, 0.75, 0.75, 0.75, 0.800000011920929, 0.800000011920929, 0.800000011920929, 0.800000011920929]"
2,62,FIRST_CONTACT,6,0,0,0,307.80000311136246,307.80000311136246,482.29999101161957,49.125,49.125,36.025,3.6999999999999997,3.6999999999999997,4.800000041723251,1.3440000116825104,1.3440000116825104,0.9600000083446503,0.0,0.0,0.0,0.0,0.0,0.0,0.004664604561615981,0.004731965913562294,0.0,0.0,0.1026313240065188,0.9318624335106709,"[0.0, 0.0, 0.0, 0.0, 0.0, 0.0]","[0.800000011920929, 0.800000011920929, 0.8999999761581421, 0.75, 0.75, 0.75, 0.75, 0.75, 0.800000011920929, 0.800000011920929, 0.800000011920929, 0.800000011920929]"
2,63,FIRST_CONTACT,6,0,0,0,307.80000311136246,307.80000311136246,482.29999101161957,49.125,49.125,36.025,3.6999999999999997,3.6999999999999997,4.800000041723251,1.3440000116825104,1.3440000116825104,0.9600000083446503,0.0,0.0,0.0,0.0,0.0,0.0,0.004615849641013902,0.004643460851918181,0.0,0.0,0.10513206833858352,0.935582001026035,"[0.0, 0.0, 0.0, 0.0, 0.0, 0.0]","[0.800000011920929, 0.800000011920929, 0.8999999761581421, 0.75, 0.75, 0.75, 0.75, 0.75, 0.800000011920929, 0.800000011920929, 0.800000011920929, 0.800000011920929]"
2,64,FIRST_CONTACT,6,0,0,0,307.80000311136246,307.80000311136246,482.29999101161957,49.125,49.125,36.025,3.6999999999999997,3.6999999999999997,4.800000041723251,1.3440000116825104,1.3440000116825104,0.9600000083446503,0.0,0.0,0.0,0.0,0.0,0.0,0.0045576637079166125,0.004547309873831821,0.0,0.0,0.10689571817981271,0.9362358756453194,"[0.0, 0.0, 0.0, 0.0, 0.0, 0.0]","[0.800000011920929, 0.800000011920929, 0.8999999761581421, 0.75, 0.75, 0.75, 0.75, 0.75, 0.800000011920929, 0.800000011920929, 0.800000011920929, 0.800000011920929]"
2,65,FIRST_CONTACT,6,0,0,0,307.80000311136246,307.80000311136246,482.29999101161957,49.125,49.125,36.025,3.6999999999999997,3.6999999999999997,4.800000041723251,1.3440000116825104,1.3440000116825104,0.9600000083446503,0.0,0.0,0.0,0.0,0.0,0.0,0.004490305641643492,0.004443916243329116,0.0,0.0,0.10796581634174088,0.9340440743857332,"[0.0, 0.0, 0.0, 0.0, 0.0, 0.0]","[0.800000011920929, 0.800000011920929, 0.8999999761581421, 0.75, 0.75, 0.75, 0.75, 0.75, 0.800000011920929, 0.800000011920929, 0.800000011920929, 0.800000011920929]"
2,66,FIRST_CONTACT,6,0,0,0,307.80000311136246,307.80000311136246,482.29999101161957,49.125,49.125,36.025,3.6999999999999997,3.6999999999999997,4.800000041723251,1.3440000116825104,1.3440000116825104,0.9600000083446503,0.0,0.0,0.0,0.0,0.0,0.0,0.004413878467553651,0.004333634687330922,0.0,0.0,0.10836959962352563,0.9291332013522743,"[0.0, 0.0, 0.0, 0.0, 0.0, 0.0]","[0.800000011920929, 0.800000011920929, 0.8999999761581421, 0.75, 0.75, 0.75, 0.75, 0.75, 0.800000011920929, 0.800000011920929, 0.800000011920929, 0.800000011920929]"
2,67,FIRST_CONTACT,6,0,0,0,307.80000311136246,307.80000311136246,482.29999101161957,49.125,49.125,36.025,3.6999999999999997,3.6999999999999997,4.800000041723251,1.3440000116825104,1.3440000116825104,0.9600000083446503,0.0,0.0,0.0,0.0,0.0,0.0,0.004328453915172717,0.004216854781233819,0.0,0.0,0.10812531516219888,0.921493145689203,"[0.0, 0.0, 0.0, 0.0, 0.0, 0.0]","[0.800000011920929, 0.800000011920929, 0.8999999761581421, 0.75, 0.75, 0.75, 0.75, 0.75, 0.800000011920929, 0.800000011920929, 0.800000011920929, 0.800000011920929]"
2,68,FIRST_CONTACT,6,0,0,0,307.80000311136246,307.80000311136246,482.29999101161957,49.125,49.125,36.025,3.6999999999999997,3.6999999999999997,4.800000041723251,1.3440000116825104,1.3440000116825104,0.9600000083446503,0.0,0.0,0.0,0.0,0.0,0.0,0.004234799907557963,0.004094734926704931,0.0,0.0,0.1072569410113509,0.911071976079503,"[0.0, 0.0, 0.0, 0.0, 0.0, 0.0]","[0.800000011920929, 0.800000011920929, 0.8999999761581421, 0.75, 0.75, 0.75, 0.75, 0.75, 0.800000011920929, 0.800000011920929, 0.800000011920929, 0.800000011920929]"
2,69,FIRST_CONTACT,6,0,0,0,307.80000311136246,307.80000311136246,482.29999101161957,49.125,49.125,36.025,3.6999999999999997,3.6999999999999997,4.800000041723251,1.3440000116825104,1.3440000116825104,0.9600000083446503,0.0,0.0,0.0,0.0,0.0,0.0,0.0041347742951822735,0.003969549497807151,0.0,0.0,0.10581242267883575,0.898047891514867,"[0.0, 0.0, 0.0, 0.0, 0.0, 0.0]","[0.800000011920929, 0.800000011920929, 0.8999999761581421, 0.75, 0.75, 0.75, 0.75, 0.75, 0.800000011920929, 0.800000011920929, 0.800000011920929, 0.800000011920929]"
2,70,FIRST_CONTACT,6,0,0,0,307.80000311136246,307.80000311136246,482.29999101161957,49.125,49.125,36.025,3.6999999999999997,3.6999999999999997,4.800000041723251,1.3440000116825104,1.3440000116825104,0.9600000083446503,0.0,0.0,0.0,0.0,0.0,0.0,0.0040283137469967105,0.0038414069388049933,0.0,0.0,0.10388385463443779,0.8830378247262347,"[0.0, 0.0, 0.0, 0.0, 0.0, 0.0]","[0.800000011920929, 0.800000011920929, 0.8999999761581421, 0.75, 0.75, 0.75, 0.75, 0.75, 0.800000011920929, 0.800000011920929, 0.800000011920929, 0.800000011920929]"
2,71,FIRST_CONTACT,6,0,0,0,307.80000311136246,307.80000311136246,482.29999101161957,49.125,49.125,36.025,3.6999999999999997,3.6999999999999997,4.800000041723251,1.3440000116825104,1.3440000116825104,0.9600000083446503,0.0,0.0,0.0,0.0,0.0,0.0,0.003916434780841491,0.003711553147861914,0.0,0.0,0.10155045381249206,0.8659910300662524,"[0.0, 0.0, 0.0, 0.0, 0.0, 0.0]","[0.800000011920929, 0.800000011920929, 0.8999999761581421, 0.75, 0.75, 0.75, 0.75, 0.75, 0.800000011920929, 0.800000011920929, 0.800000011920929, 0.800000011920929]"
2,72,FIRST_CONTACT,6,0,0,0,307.80000311136246,307.80000311136246,482.29999101161957,49.125,49.125,36.025,3.6999999999999997,3.6999999999999997,4.800000041723251,1.3440000116825104,1.3440000116825104,0.9600000083446503,0.0,0.0,0.0,0.0,0.0,0.0,0.0038011090744296612,0.0035823112583458047,0.0,0.0,0.09885266927043353,0.8468707316993798,"[0.0, 0.0, 0.0, 0.0, 0.0, 0.0]","[0.800000011920929, 0.800000011920929, 0.8999999761581421, 0.75, 0.75, 0.75, 0.75, 0.75, 0.800000011920929, 0.800000011920929, 0.800000011920929, 0.800000011920929]"
2,73,FIRST_CONTACT,6,0,0,0,307.80000311136246,307.80000311136246,482.29999101161957,49.125,49.125,36.025,3.6999999999999997,3.6999999999999997,4.800000041723251,1.3440000116825104,1.3440000116825104,0.9600000083446503,0.0,0.0,0.0,0.0,0.0,0.0,0.003684722013609702,0.0034565094786677625,0.0,0.0,0.09582248104722482,0.8257745388915214,"[0.0, 0.0, 0.0, 0.0, 0.0, 0.0]","[0.800000011920929, 0.800000011920929, 0.8999999761581421, 0.75, 0.75, 0.75, 0.75, 0.75, 0.800000011920929, 0.800000011920929, 0.800000011920929, 0.800000011920929]"
2,74,FIRST_CONTACT,6,0,0,0,307.80000311136246,307.80000311136246,482.29999101161957,49.125,49.125,36.025,3.6999999999999997,3.6999999999999997,4.800000041723251,1.3440000116825104,1.3440000116825104,0.9600000083446503,0.0,0.0,0.0,0.0,0.0,0.0,0.003569937249593572,0.0033373257298562964,0.0,0.0,0.09248576339642457,0.8028212158173056,"[0.0, 0.0, 0.0, 0.0, 0.0, 0.0]","[0.800000011920929, 0.800000011920929, 0.8999999761581421, 0.75, 0.75, 0.75, 0.75, 0.75, 0.800000011920929, 0.800000011920929, 0.800000011920929, 0.800000011920929]"
2,75,FIRST_CONTACT,6,0,0,0,307.80000311136246,307.80000311136246,482.29999101161957,49.125,49.125,36.025,3.6999999999999997,3.6999999999999997,4.800000041723251,1.3440000116825104,1.3440000116825104,0.9600000083446503,0.0,0.0,0.0,0.0,0.0,0.0,0.0034596167681375583,0.0032281684985293584,0.0,0.0,0.08886247763912178,0.7781320305124667,"[0.0, 0.0, 0.0, 0.0, 0.0, 0.0]","[0.800000011920929, 0.800000011920929, 0.8999999761581421, 0.75, 0.75, 0.75, 0.75, 0.75, 0.800000011920929, 0.800000011920929, 0.800000011920929, 0.800000011920929]"
2,76,FIRST_CONTACT,6,0,0,0,307.80000311136246,307.80000311136246,482.29999101161957,49.125,49.125,36.025,3.6999999999999997,3.6999999999999997,4.800000041723251,1.3440000116825104,1.3440000116825104,0.9600000083446503,0.0,0.0,0.0,0.0,0.0,0.0,0.0033567159215008736,0.0031325023780765745,0.0,0.0,0.08496716968114584,0.7518328431971677,"[0.0, 0.0, 0.0, 0.0, 0.0, 0.0]","[0.800000011920929, 0.800000011920929, 0.8999999761581421, 0.75, 0.75, 0.75, 0.75, 0.75, 0.800000011920929, 0.800000011920929, 0.800000011920929, 0.800000011920929]"
2,77,FIRST_CONTACT,6,0,0,0,307.80000311136246,307.80000311136246,482.29999101161957,49.125,49.125,36.025,3.6999999999999997,3.6999999999999997,4.800000041723251,1.3440000116825104,1.3440000116825104,0.9600000083446503,0.0,0.0,0.0,0.0,0.0,0.0,0.0032641407155182883,0.003053605458730427,0.0,0.0,0.08080968377536561,0.7240580563068716,"[0.0, 0.0, 0.0, 0.0, 0.0, 0.0]","[0.800000011920929, 0.800000011920929, 0.8999999761581421, 0.75, 0.75, 0.75, 0.75, 0.75, 0.800000011920929, 0.800000011920929, 0.800000011920929, 0.800000011920929]"
2,78,FIRST_CONTACT,6,0,0,0,307.80000311136246,307.80000311136246,482.29999101161957,49.125,49.125,36.025,3.6999999999999997,3.6999999999999997,4.800000041723251,1.3440000116825104,1.3440000116825104,0.9600000083446503,0.0,0.0,0.0,0.0,0.0,0.0,0.0031845714435731988,0.002994274961089647,0.0,0.0,0.07639604030393418,0.6949536614579501,"[0.0, 0.0, 0.0, 0.0, 0.0, 0.0]","[0.800000011920929, 0.800000011920929, 0.8999999761581421, 0.75, 0.75, 0.75, 0.75, 0.75, 0.800000011920929, 0.800000011920929, 0.800000011920929, 0.800000011920929]"
2,79,FIRST_CONTACT,6,0,0,0,307.80000311136246,307.80000311136246,482.29999101161957,49.125,49.125,36.025,3.6999999999999997,3.6999999999999997,4.800000041723251,1.3440000116825104,1.3440000116825104,0.9600000083446503,0.0,0.0,0.0,0.0,0.0,0.0,0.003120267449962149,0.002956523140090803,0.0,0.0,0.07172943715570687,0.664679356563349,"[0.0, 0.0, 0.0, 0.0, 0.0, 0.0]","[0.800000011920929, 0.800000011920929, 0.8999999761581421, 0.75, 0.75, 0.75, 0.75, 0.75, 0.800000011920929, 0.800000011920929, 0.800000011920929, 0.800000011920929]"
2,80,FIRST_CONTACT,6,0,0,0,307.80000311136246,307.80000311136246,482.29999101161957,49.125,49.125,36.025,3.6999999999999997,3.6999999999999997,4.800000041723251,1.3440000116825104,1.3440000116825104,0.9600000083446503,0.0,0.0,0.0,0.0,0.0,0.0,0.0030728786363558,0.0029413264044411856,0.0,0.0,0.06681133802615626,0.6334100927891795,"[0.0, 0.0, 0.0, 0.0, 0.0, 0.0]","[0.800000011920929, 0.800000011920929, 0.8999999761581421, 0.75, 0.75, 0.75, 0.75, 0.75, 0.800000011920929, 0.800000011920929, 0.800000011920929, 0.800000011920929]"
2,81,FIRST_CONTACT,6,0,0,0,307.80000311136246,307.80000311136246,482.29999101161957,49.125,49.125,36.025,3.6999999999999997,3.6999999999999997,4.800000041723251,1.3440000116825104,1.3440000116825104,0.9600000083446503,0.0,0.0,0.0,0.0,0.0,0.0,0.00304329722606631,0.0029484933604443163,0.0,0.0,0.06164261400669371,0.6013374238445454,"[0.0, 0.0, 0.0, 0.0, 0.0, 0.0]","[0.800000011920929, 0.800000011920929, 0.8999999761581421, 0.75, 0.75, 0.75, 0.75, 0.75, 0.800000011920929, 0.800000011920929, 0.800000011920929, 0.800000011920929]"
2,82,FIRST_CONTACT,6,0,0,0,307.80000311136246,307.80000311136246,482.29999101161957,49.125,49.125,36.025,3.6999999999999997,3.6999999999999997,4.800000041723251,1.3440000116825104,1.3440000116825104,0.9600000083446503,0.0,0.0,0.0,0.0,0.0,0.0,0.0030315747139247826,0.002976685605324226,0.0,0.0,0.05622471083462742,0.5686710231345999,"[0.0, 0.0, 0.0, 0.0, 0.0, 0.0]","[0.800000011920929, 0.800000011920929, 0.8999999761581421, 0.75, 0.75, 0.75, 0.75, 0.75, 0.800000011920929, 0.800000011920929, 0.800000011920929, 0.800000011920929]"
2,83,FIRST_CONTACT,6,0,0,0,307.80000311136246,307.80000311136246,482.29999101161957,49.125,49.125,36.025,3.6999999999999997,3.6999999999999997,4.800000041723251,1.3440000116825104,1.3440000116825104,0.9600000083446503,0.0,0.0,0.0,0.0,0.0,0.0,0.003036734718729234,0.003023412696466912,0.0,0.0,0.05056061317941465,0.5356363854661318,"[0.0, 0.0, 0.0, 0.0, 0.0, 0.0]","[0.800000011920929, 0.800000011920929, 0.8999999761581421, 0.75, 0.75, 0.75, 0.75, 0.75, 0.800000011920929, 0.800000011920929, 0.800000011920929, 0.800000011920929]"
2,84,COMPLIANT_ALIGNMENT,7,0,1,0,307.80000311136246,307.80000311136246,482.29999101161957,49.125,49.125,36.025,3.6999999999999997,3.6999999999999997,4.800000041723251,1.3440000116825104,1.3440000116825104,0.9600000083446503,0.0,0.0,0.0,0.0,0.0,0.0,0.003056762155460441,0.0030851942884818,0.0,0.00015497520406559245,0.044651370209925635,0.5024777689904614,"[0.0, 0.0, 0.0, 0.0, 0.0, 0.0]","[0.800000011920929, 0.800000011920929, 0.8999999761581421, 0.75, 0.75, 0.75, 0.75, 0.75, 0.800000011920929, 0.800000011920929, 0.800000011920929, 0.800000011920929]"
2,85,INSERTION,8,0,0,0,145.9800018668175,145.9800018668175,388.05000000000007,23.025000259280205,23.025000259280205,16.88500019013882,4.119999933242798,4.119999933242798,5.324999958276749,1.4909999883174894,1.4909999883174894,1.0649999916553496,0.0,0.0,0.0,0.0,0.0,0.0,0.003091420522758758,0.003160485147573276,0.005605931897985299,0.006515427394623789,0.03850133105104318,0.4695115534698558,"[0.0, 0.0, 0.0, 0.0, 0.0, 0.0]","[0.18000000715255737, 0.18000000715255737, 0.8500000238418579, 0.15000000596046448, 0.15000000596046448, 0.15000000596046448, 0.8999999761581421, 0.8999999761581421, 0.949999988079071, 0.949999988079071, 0.949999988079071, 0.949999988079071]"
2,86,INSERTION,8,0,0,0,307.80000311136246,307.80000311136246,482.29999101161957,49.125,49.125,36.025,3.6999999999999997,3.6999999999999997,4.800000041723251,1.3440000116825104,1.3440000116825104,0.9600000083446503,0.0,0.0,0.0,0.0,0.0,0.0,0.003139615085594978,0.0032471320576840804,0.012200546049208442,0.013043692675239298,0.03215032010090077,0.43733270122940476,"[0.0, 0.0, 0.0, 0.0, 0.0, 0.0]","[0.800000011920929, 0.800000011920929, 0.8999999761581421, 0.75, 0.75, 0.75, 0.75, 0.75, 0.800000011920929, 0.800000011920929, 0.800000011920929, 0.800000011920929]"
2,87,INSERTION,8,0,0,0,307.80000311136246,307.80000311136246,482.29999101161957,49.125,49.125,36.025,3.6999999999999997,3.6999999999999997,4.800000041723251,1.3440000116825104,1.3440000116825104,0.9600000083446503,0.0,0.0,0.0,0.0,0.0,0.0,0.003195279608481862,0.0033383001759176418,0.01895540475264159,0.019730576495016798,0.025652591571308458,0.4064970697836867,"[0.0, 0.0, 0.0, 0.0, 0.0, 0.0]","[0.800000011920929, 0.800000011920929, 0.8999999761581421, 0.75, 0.75, 0.75, 0.75, 0.75, 0.800000011920929, 0.800000011920929, 0.800000011920929, 0.800000011920929]"
2,88,INSERTION,8,0,0,0,307.80000311136246,307.80000311136246,482.29999101161957,49.125,49.125,36.025,3.6999999999999997,3.6999999999999997,4.800000041723251,1.3440000116825104,1.3440000116825104,0.9600000083446503,0.0,0.0,0.0,0.0,0.0,0.0,0.003256360121738794,0.0034313947078258664,0.02583189021001183,0.02653770580477404,0.019039760350347705,0.3769136561607367,"[0.0, 0.0, 0.0, 0.0, 0.0, 0.0]","[0.800000011920929, 0.800000011920929, 0.8999999761581421, 0.75, 0.75, 0.75, 0.75, 0.75, 0.800000011920929, 0.800000011920929, 0.800000011920929, 0.800000011920929]"
2,89,INSERTION,8,0,0,0,307.80000311136246,307.80000311136246,482.29999101161957,49.125,49.125,36.025,3.6999999999999997,3.6999999999999997,4.800000041723251,1.3440000116825104,1.3440000116825104,0.9600000083446503,0.0,0.0,0.0,0.0,0.0,0.0,0.003321190420769935,0.0035244027797507534,0.032792049164074265,0.03342745324017481,0.012423716423140076,0.3490205578540389,"[0.0, 0.0, 0.0, 0.0, 0.0, 0.0]","[0.800000011920929, 0.800000011920929, 0.8999999761581421, 0.75, 0.75, 0.75, 0.75, 0.75, 0.800000011920929, 0.800000011920929, 0.800000011920929, 0.800000011920929]"
2,90,INSERTION,8,0,0,0,307.80000311136246,307.80000311136246,482.29999101161957,49.125,49.125,36.025,3.6999999999999997,3.6999999999999997,4.800000041723251,1.3440000116825104,1.3440000116825104,0.9600000083446503,0.0,0.0,0.0,0.0,0.0,0.0,0.0033883942412536116,0.003615766909799326,0.039803313901521524,0.04036763961545033,0.006236833235085295,0.32335213570508353,"[0.0, 0.0, 0.0, 0.0, 0.0, 0.0]","[0.800000011920929, 0.800000011920929, 0.8999999761581421, 0.75, 0.75, 0.75, 0.75, 0.75, 0.800000011920929, 0.800000011920929, 0.800000011920929, 0.800000011920929]"
2,91,INSERTION,8,0,0,0,307.80000311136246,307.80000311136246,482.29999101161957,49.125,49.125,36.025,3.6999999999999997,3.6999999999999997,4.800000041723251,1.3440000116825104,1.3440000116825104,0.9600000083446503,0.0,0.0,0.0,0.0,0.0,0.0,0.0034569255083523515,0.00370440358741374,0.04684394390803725,0.047336914764357994,0.004414009617946523,0.30052327576692683,"[0.0, 0.0, 0.0, 0.0, 0.0, 0.0]","[0.800000011920929, 0.800000011920929, 0.8999999761581421, 0.75, 0.75, 0.75, 0.75, 0.75, 0.800000011920929, 0.800000011920929, 0.800000011920929, 0.800000011920929]"
2,92,INSERTION,8,0,0,0,307.80000311136246,307.80000311136246,482.29999101161957,49.125,49.125,36.025,3.6999999999999997,3.6999999999999997,4.800000041723251,1.3440000116825104,1.3440000116825104,0.9600000083446503,0.0,0.0,0.0,0.0,0.0,0.0,0.003526045686172019,0.003789638097145827,0.053898435087671746,0.05432001243571671,0.00989166119590461,0.2811758686126655,"[0.0, 0.0, 0.0, 0.0, 0.0, 0.0]","[0.800000011920929, 0.800000011920929, 0.8999999761581421, 0.75, 0.75, 0.75, 0.75, 0.75, 0.800000011920929, 0.800000011920929, 0.800000011920929, 0.800000011920929]"
2,93,INSERTION,8,0,0,0,307.80000311136246,307.80000311136246,482.29999101161957,49.125,49.125,36.025,3.6999999999999997,3.6999999999999997,4.800000041723251,1.3440000116825104,1.3440000116825104,0.9600000083446503,0.0,0.0,0.0,0.0,0.0,0.0,0.0035949998805625554,0.003870869145313529,0.0609456424969319,0.06129604972688359,0.016574782743887503,0.26586644590379693,"[0.0, 0.0, 0.0, 0.0, 0.0, 0.0]","[0.800000011920929, 0.800000011920929, 0.8999999761581421, 0.75, 0.75, 0.75, 0.75, 0.75, 0.800000011920929, 0.800000011920929, 0.800000011920929, 0.800000011920929]"
2,94,INSERTION,8,0,0,0,307.80000311136246,307.80000311136246,482.29999101161957,49.125,49.125,36.025,3.6999999999999997,3.6999999999999997,4.800000041723251,1.3440000116825104,1.3440000116825104,0.9600000083446503,0.0,0.0,0.0,0.0,0.0,0.0,0.0036629965329085185,0.003947521387220396,0.06795294713410033,0.06823270461058809,0.023446490198161564,0.255070750962498,"[0.0, 0.0, 0.0, 0.0, 0.0, 0.0]","[0.800000011920929, 0.800000011920929, 0.8999999761581421, 0.75, 0.75, 0.75, 0.75, 0.75, 0.800000011920929, 0.800000011920929, 0.800000011920929, 0.800000011920929]"
2,95,INSERTION,8,0,0,0,307.80000311136246,307.80000311136246,482.29999101161957,49.125,49.125,36.025,3.6999999999999997,3.6999999999999997,4.800000041723251,1.3440000116825104,1.3440000116825104,0.9600000083446503,0.0,0.0,0.0,0.0,0.0,0.0,0.0037293258094459117,0.004019125877042255,0.07487832850666318,0.07508824289314794,0.03034203852178018,0.2490864085640071,"[0.0, 0.0, 0.0, 0.0, 0.0, 0.0]","[0.800000011920929, 0.800000011920929, 0.8999999761581421, 0.75, 0.75, 0.75, 0.75, 0.75, 0.800000011920929, 0.800000011920929, 0.800000011920929, 0.800000011920929]"
2,96,INSERTION,8,0,0,0,307.80000311136246,307.80000311136246,482.29999101161957,49.125,49.125,36.025,3.6999999999999997,3.6999999999999997,4.800000041723251,1.3440000116825104,1.3440000116825104,0.9600000083446503,0.0,0.0,0.0,0.0,0.0,0.0,0.0037934103902007963,0.004085348302787841,0.08167489324610341,0.08181603897126172,0.03718437620054353,0.2479243810510645,"[0.0, 0.0, 0.0, 0.0, 0.0, 0.0]","[0.800000011920929, 0.800000011920929, 0.8999999761581421, 0.75, 0.75, 0.75, 0.75, 0.75, 0.800000011920929, 0.800000011920929, 0.800000011920929, 0.800000011920929]"
2,97,INSERTION,8,0,0,0,307.80000311136246,307.80000311136246,482.29999101161957,49.125,49.125,36.025,3.6999999999999997,3.6999999999999997,4.800000041723251,1.3440000116825104,1.3440000116825104,0.9600000083446503,0.0,0.0,0.0,0.0,0.0,0.0,0.0038548037324288094,0.004145975218674837,0.08829371094913166,0.08836740778731128,0.04391352630725047,0.2512765736754002,"[0.0, 0.0, 0.0, 0.0, 0.0, 0.0]","[0.800000011920929, 0.800000011920929, 0.8999999761581421, 0.75, 0.75, 0.75, 0.75, 0.75, 0.800000011920929, 0.800000011920929, 0.800000011920929, 0.800000011920929]"
2,98,INSERTION,8,0,0,0,307.80000311136246,307.80000311136246,482.29999101161957,49.125,49.125,36.025,3.6999999999999997,3.6999999999999997,4.800000041723251,1.3440000116825104,1.3440000116825104,0.9600000083446503,0.0,0.0,0.0,0.0,0.0,0.0,0.003913175761757414,0.004200892764078476,0.0946851650809511,0.09469294924079782,0.05047461379153584,0.2585675303574145,"[0.0, 0.0, 0.0, 0.0, 0.0, 0.0]","[0.800000011920929, 0.800000011920929, 0.8999999761581421, 0.75, 0.75, 0.75, 0.75, 0.75, 0.800000011920929, 0.800000011920929, 0.800000011920929, 0.800000011920929]"
2,99,INSERTION,8,0,0,0,307.80000311136246,307.80000311136246,482.29999101161957,49.125,49.125,36.025,3.6999999999999997,3.6999999999999997,4.800000041723251,1.3440000116825104,1.3440000116825104,0.9600000083446503,0.0,0.0,0.0,0.0,0.0,0.0,0.0039682991804097035,0.004250072266213995,0.10080074972267397,0.10074434325960599,0.05681495489255021,0.26906285878973146,"[0.0, 0.0, 0.0, 0.0, 0.0, 0.0]","[0.800000011920929, 0.800000011920929, 0.8999999761581421, 0.75, 0.75, 0.75, 0.75, 0.75, 0.800000011920929, 0.800000011920929, 0.800000011920929, 0.800000011920929]"
2,100,INSERTION,8,0,0,0,307.80000311136246,307.80000311136246,482.29999101161957,49.125,49.125,36.025,3.6999999999999997,3.6999999999999997,4.800000041723251,1.3440000116825104,1.3440000116825104,0.9600000083446503,0.0,0.0,0.0,0.0,0.0,0.0,0.004020032225660039,0.004293559347217102,0.10659598177964164,0.10647726719934356,0.06288431118978309,0.28198529864072125,"[0.0, 0.0, 0.0, 0.0, 0.0, 0.0]","[0.800000011920929, 0.800000011920929, 0.8999999761581421, 0.75, 0.75, 0.75, 0.75, 0.75, 0.800000011920929, 0.800000011920929, 0.800000011920929, 0.800000011920929]"
2,101,INSERTION,8,0,0,0,307.80000311136246,307.80000311136246,482.29999101161957,49.125,49.125,36.025,3.6999999999999997,3.6999999999999997,4.800000041723251,1.3440000116825104,1.3440000116825104,0.9600000083446503,0.0,0.0,0.0,0.0,0.0,0.0,0.004068299189319301,0.004331463127818283,0.11203296740661658,0.11185396645093681,0.0686371522828412,0.29660091558191165,"[0.0, 0.0, 0.0, 0.0, 0.0, 0.0]","[0.800000011920929, 0.800000011920929, 0.8999999761581421, 0.75, 0.75, 0.75, 0.75, 0.75, 0.800000011920929, 0.800000011920929, 0.800000011920929, 0.800000011920929]"
2,102,INSERTION,8,0,0,0,307.80000311136246,307.80000311136246,482.29999101161957,49.125,49.125,36.025,3.6999999999999997,3.6999999999999997,4.800000041723251,1.3440000116825104,1.3440000116825104,0.9600000083446503,0.0,0.0,0.0,0.0,0.0,0.0,0.004113076398742085,0.004363946827060966,0.1170808241179899,0.11684367290756031,0.07403491709492696,0.31226584965398374,"[0.0, 0.0, 0.0, 0.0, 0.0, 0.0]","[0.800000011920929, 0.800000011920929, 0.8999999761581421, 0.75, 0.75, 0.75, 0.75, 0.75, 0.800000011920929, 0.800000011920929, 0.800000011920929, 0.800000011920929]"
2,103,INSERTION,8,0,0,0,307.80000311136246,307.80000311136246,482.29999101161957,49.125,49.125,36.025,3.6999999999999997,3.6999999999999997,4.800000041723251,1.3440000116825104,1.3440000116825104,0.9600000083446503,0.0,0.0,0.0,0.0,0.0,0.0,0.0041543419515199746,0.004391177504364579,0.12171415548168607,0.12142109665222395,0.0790462776974557,0.3284428029932463,"[0.0, 0.0, 0.0, 0.0, 0.0, 0.0]","[0.800000011920929, 0.800000011920929, 0.8999999761581421, 0.75, 0.75, 0.75, 0.75, 0.75, 0.800000011920929, 0.800000011920929, 0.800000011920929, 0.800000011920929]"
2,104,INSERTION,8,0,0,0,307.80000311136246,307.80000311136246,482.29999101161957,49.125,49.125,36.025,3.6999999999999997,3.6999999999999997,4.800000041723251,1.3440000116825104,1.3440000116825104,0.9600000083446503,0.0,0.0,0.0,0.0,0.0,0.0,0.004192080946312333,0.004413336340747636,0.12591287028615095,0.12556624167306193,0.08364553690980543,0.3446935373072578,"[0.0, 0.0, 0.0, 0.0, 0.0, 0.0]","[0.800000011920929, 0.800000011920929, 0.8999999761581421, 0.75, 0.75, 0.75, 0.75, 0.75, 0.800000011920929, 0.800000011920929, 0.800000011920929, 0.800000011920929]"
2,105,INSERTION,8,0,0,0,307.80000311136246,307.80000311136246,482.29999101161957,49.125,49.125,36.025,3.6999999999999997,3.6999999999999997,4.800000041723251,1.3440000116825104,1.3440000116825104,0.9600000083446503,0.0,0.0,0.0,0.0,0.0,0.0,0.004226295882816218,0.00443063056941835,0.12966157095280903,0.12926378767760754,0.08781239461899701,0.36067191428560186,"[0.0, 0.0, 0.0, 0.0, 0.0, 0.0]","[0.800000011920929, 0.800000011920929, 0.8999999761581421, 0.75, 0.75, 0.75, 0.75, 0.75, 0.800000011920929, 0.800000011920929, 0.800000011920929, 0.800000011920929]"
2,106,INSERTION,8,0,0,0,307.80000311136246,307.80000311136246,482.29999101161957,49.125,49.125,36.025,3.6999999999999997,3.6999999999999997,4.800000041723251,1.3440000116825104,1.3440000116825104,0.9600000083446503,0.0,0.0,0.0,0.0,0.0,0.0,0.004256999909604836,0.004443284360764402,0.13294861941392785,0.1325021581686065,0.09153130190343196,0.37611367796862233,"[0.0, 0.0, 0.0, 0.0, 0.0, 0.0]","[0.800000011920929, 0.800000011920929, 0.8999999761581421, 0.75, 0.75, 0.75, 0.75, 0.75, 0.800000011920929, 0.800000011920929, 0.800000011920929, 0.800000011920929]"
2,107,INSERTION,8,0,0,0,307.80000311136246,307.80000311136246,482.29999101161957,49.125,49.125,36.025,3.6999999999999997,3.6999999999999997,4.800000041723251,1.3440000116825104,1.3440000116825104,0.9600000083446503,0.0,0.0,0.0,0.0,0.0,0.0,0.00428421707263976,0.004451535241424921,0.13576514563402414,0.13527252724823666,0.09479050844631293,0.3908220207117884,"[0.0, 0.0, 0.0, 0.0, 0.0, 0.0]","[0.800000011920929, 0.800000011920929, 0.8999999761581421, 0.75, 0.75, 0.75, 0.75, 0.75, 0.800000011920929, 0.800000011920929, 0.800000011920929, 0.800000011920929]"
2,108,INSERTION,8,0,0,0,307.80000311136246,307.80000311136246,482.29999101161957,49.125,49.125,36.025,3.6999999999999997,3.6999999999999997,4.800000041723251,1.3440000116825104,1.3440000116825104,0.9600000083446503,0.0,0.0,0.0,0.0,0.0,0.0,0.004307988904466941,0.004455635943840962,0.13810387037941685,0.1375676369929903,0.09758105743834142,0.40465581536125994,"[0.0, 0.0, 0.0, 0.0, 0.0, 0.0]","[0.800000011920929, 0.800000011920929, 0.8999999761581421, 0.75, 0.75, 0.75, 0.75, 0.75, 0.800000011920929, 0.800000011920929, 0.800000011920929, 0.800000011920929]"
2,109,INSERTION,8,0,0,0,307.80000311136246,307.80000311136246,482.29999101161957,49.125,49.125,36.025,3.6999999999999997,3.6999999999999997,4.800000041723251,1.3440000116825104,1.3440000116825104,0.9600000083446503,0.0,0.0,0.0,0.0,0.0,0.0,0.004328380214282872,0.004455854844549477,0.13995758153589835,0.13938026907663845,0.09989559725512649,0.4175216126912504,"[0.0, 0.0, 0.0, 0.0, 0.0, 0.0]","[0.800000011920929, 0.800000011920929, 0.8999999761581421, 0.75, 0.75, 0.75, 0.75, 0.75, 0.800000011920929, 0.800000011920929, 0.800000011920929, 0.800000011920929]"
2,110,INSERTION,8,0,0,0,307.80000311136246,307.80000311136246,482.29999101161957,49.125,49.125,36.025,3.6999999999999997,3.6999999999999997,4.800000041723251,1.3440000116825104,1.3440000116825104,0.9600000083446503,0.0,0.0,0.0,0.0,0.0,0.0,0.004345482556349449,0.00445247332016819,0.14131723653574088,0.14070134394311445,0.10172684997434571,0.4293684538345585,"[0.0, 0.0, 0.0, 0.0, 0.0, 0.0]","[0.800000011920929, 0.800000011920929, 0.8999999761581421, 0.75, 0.75, 0.75, 0.75, 0.75, 0.800000011920929, 0.800000011920929, 0.800000011920929, 0.800000011920929]"
2,111,INSERTION,8,0,0,0,307.80000311136246,307.80000311136246,482.29999101161957,49.125,49.125,36.025,3.6999999999999997,3.6999999999999997,4.800000041723251,1.3440000116825104,1.3440000116825104,0.9600000083446503,0.0,0.0,0.0,0.0,0.0,0.0,0.004359361001401487,0.004445735403313701,0.1421713569816793,0.14151936497035705,0.10306570878375274,0.44018485151291903,"[0.0, 0.0, 0.0, 0.0, 0.0, 0.0]","[0.800000011920929, 0.800000011920929, 0.8999999761581421, 0.75, 0.75, 0.75, 0.75, 0.75, 0.800000011920929, 0.800000011920929, 0.800000011920929, 0.800000011920929]"
2,112,INSERTION,8,0,0,0,307.80000311136246,307.80000311136246,482.29999101161957,49.125,49.125,36.025,3.6999999999999997,3.6999999999999997,4.800000041723251,1.3440000116825104,1.3440000116825104,0.9600000083446503,0.0,0.0,0.0,0.0,0.0,0.0,0.0043699774126487265,0.004435776845306587,0.14250762919141724,0.1418220943945685,0.10390065498431886,0.44998012213390265,"[0.0, 0.0, 0.0, 0.0, 0.0, 0.0]","[0.800000011920929, 0.800000011920929, 0.8999999761581421, 0.75, 0.75, 0.75, 0.75, 0.75, 0.800000011920929, 0.800000011920929, 0.800000011920929, 0.800000011920929]"
2,113,INSERTION,8,0,0,0,307.80000311136246,307.80000311136246,482.29999101161957,49.125,49.125,36.025,3.6999999999999997,3.6999999999999997,4.800000041723251,1.3440000116825104,1.3440000116825104,0.9600000083446503,0.0,0.0,0.0,0.0,0.0,0.0,0.004377362289165999,0.0044227919553945895,0.1423165556471535,0.14160010534193898,0.10421939389085096,0.4587434470839051,"[0.0, 0.0, 0.0, 0.0, 0.0, 0.0]","[0.800000011920929, 0.800000011920929, 0.8999999761581421, 0.75, 0.75, 0.75, 0.75, 0.75, 0.800000011920929, 0.800000011920929, 0.800000011920929, 0.800000011920929]"
2,114,INSERTION,8,0,0,0,307.80000311136246,307.80000311136246,482.29999101161957,49.125,49.125,36.025,3.6999999999999997,3.6999999999999997,4.800000041723251,1.3440000116825104,1.3440000116825104,0.9600000083446503,0.0,0.0,0.0,0.0,0.0,0.0,0.004381640221928071,0.004407069753497773,0.14159453689491489,0.14084984871104217,0.10401245458705724,0.4664538275810635,"[0.0, 0.0, 0.0, 0.0, 0.0, 0.0]","[0.800000011920929, 0.800000011920929, 0.8999999761581421, 0.75, 0.75, 0.75, 0.75, 0.75, 0.800000011920929, 0.800000011920929, 0.800000011920929, 0.800000011920929]"
2,115,INSERTION,8,0,0,0,307.80000311136246,307.80000311136246,482.29999101161957,49.125,49.125,36.025,3.6999999999999997,3.6999999999999997,4.800000041723251,1.3440000116825104,1.3440000116825104,0.9600000083446503,0.0,0.0,0.0,0.0,0.0,0.0,0.004382980022793662,0.004388954459972712,0.14034470722887285,0.13957450601354235,0.10327626254053089,0.4730818352056922,"[0.0, 0.0, 0.0, 0.0, 0.0, 0.0]","[0.800000011920929, 0.800000011920929, 0.8999999761581421, 0.75, 0.75, 0.75, 0.75, 0.75, 0.800000011920929, 0.800000011920929, 0.800000011920929, 0.800000011920929]"
2,116,INSERTION,8,0,0,0,307.80000311136246,307.80000311136246,482.29999101161957,49.125,49.125,36.025,3.6999999999999997,3.6999999999999997,4.800000041723251,1.3440000116825104,1.3440000116825104,0.9600000083446503,0.0,0.0,0.0,0.0,0.0,0.0,0.004381546444176621,0.004368801639648419,0.13857640729241757,0.13778346934444125,0.10201398285093337,0.4785871551993078,"[0.0, 0.0, 0.0, 0.0, 0.0, 0.0]","[0.800000011920929, 0.800000011920929, 0.8999999761581421, 0.75, 0.75, 0.75, 0.75, 0.75, 0.800000011920929, 0.800000011920929, 0.800000011920929, 0.800000011920929]"
2,117,INSERTION,8,0,0,0,307.80000311136246,307.80000311136246,482.29999101161957,49.125,49.125,36.025,3.6999999999999997,3.6999999999999997,4.800000041723251,1.3440000116825104,1.3440000116825104,0.9600000083446503,0.0,0.0,0.0,0.0,0.0,0.0,0.00437746026950841,0.00434693816500566,0.13630431069268217,0.1354914697458061,0.10023499624737865,0.4829205531597213,"[0.0, 0.0, 0.0, 0.0, 0.0, 0.0]","[0.800000011920929, 0.800000011920929, 0.8999999761581421, 0.75, 0.75, 0.75, 0.75, 0.75, 0.800000011920929, 0.800000011920929, 0.800000011920929, 0.800000011920929]"
2,118,INSERTION,8,0,0,0,307.80000311136246,307.80000311136246,482.29999101161957,49.125,49.125,36.025,3.6999999999999997,3.6999999999999997,4.800000041723251,1.3440000116825104,1.3440000116825104,0.9600000083446503,0.0,0.0,0.0,0.0,0.0,0.0,0.004370767537230723,0.004323627478726935,0.13354746345785692,0.13271761631796283,0.09795402684523945,0.4860277035996807,"[0.0, 0.0, 0.0, 0.0, 0.0, 0.0]","[0.800000011920929, 0.800000011920929, 0.8999999761581421, 0.75, 0.75, 0.75, 0.75, 0.75, 0.800000011920929, 0.800000011920929, 0.800000011920929, 0.800000011920929]"
2,119,INSERTION,8,0,0,0,307.80000311136246,307.80000311136246,482.29999101161957,49.125,49.125,36.025,3.6999999999999997,3.6999999999999997,4.800000041723251,1.3440000116825104,1.3440000116825104,0.9600000083446503,0.0,0.0,0.0,0.0,0.0,0.0,0.004361420010917193,0.0042990426726177405,0.1303280950960667,0.12948420506594466,0.0951901823844577,0.48785343005361176,"[0.0, 0.0, 0.0, 0.0, 0.0, 0.0]","[0.800000011920929, 0.800000011920929, 0.8999999761581421, 0.75, 0.75, 0.75, 0.75, 0.75, 0.800000011920929, 0.800000011920929, 0.800000011920929, 0.800000011920929]"
2,120,INSERTION,8,0,0,0,307.80000311136246,307.80000311136246,482.29999101161957,49.125,49.125,36.025,3.6999999999999997,3.6999999999999997,4.800000041723251,1.3440000116825104,1.3440000116825104,0.9600000083446503,0.0,0.0,0.0,0.0,0.0,0.0,0.004349269495437086,0.004273251505937837,0.12667029188915588,0.1258153879333909,0.09196576617815237,0.4883464240194907,"[0.0, 0.0, 0.0, 0.0, 0.0, 0.0]","[0.800000011920929, 0.800000011920929, 0.8999999761581421, 0.75, 0.75, 0.75, 0.75, 0.75, 0.800000011920929, 0.800000011920929, 0.800000011920929, 0.800000011920929]"
2,121,INSERTION,8,0,0,0,307.80000311136246,307.80000311136246,482.29999101161957,49.125,49.125,36.025,3.6999999999999997,3.6999999999999997,4.800000041723251,1.3440000116825104,1.3440000116825104,0.9600000083446503,0.0,0.0,0.0,0.0,0.0,0.0,0.004334077566852248,0.004246217208188489,0.12259892897193017,0.12173609831876117,0.08830495166909118,0.4874642095401076,"[0.0, 0.0, 0.0, 0.0, 0.0, 0.0]","[0.800000011920929, 0.800000011920929, 0.8999999761581421, 0.75, 0.75, 0.75, 0.75, 0.75, 0.800000011920929, 0.800000011920929, 0.800000011920929, 0.800000011920929]"
2,122,INSERTION,8,0,0,0,307.80000311136246,307.80000311136246,482.29999101161957,49.125,49.125,36.025,3.6999999999999997,3.6999999999999997,4.800000041723251,1.3440000116825104,1.3440000116825104,0.9600000083446503,0.0,0.0,0.0,0.0,0.0,0.0,0.004315538117636719,0.004217814793175933,0.11813860207543173,0.11727097390610663,0.08423271632836278,0.48517770786108305,"[0.0, 0.0, 0.0, 0.0, 0.0, 0.0]","[0.800000011920929, 0.800000011920929, 0.8999999761581421, 0.75, 0.75, 0.75, 0.75, 0.75, 0.800000011920929, 0.800000011920929, 0.800000011920929, 0.800000011920929]"
2,123,INSERTION,8,0,0,0,307.80000311136246,307.80000311136246,482.29999101161957,49.125,49.125,36.025,3.6999999999999997,3.6999999999999997,4.800000041723251,1.3440000116825104,1.3440000116825104,0.9600000083446503,0.0,0.0,0.0,0.0,0.0,0.0,0.004293253959167425,0.004187804508078632,0.11331346655159555,0.1124442136629395,0.07977377656882051,0.48147454134905887,"[0.0, 0.0, 0.0, 0.0, 0.0, 0.0]","[0.800000011920929, 0.800000011920929, 0.8999999761581421, 0.75, 0.75, 0.75, 0.75, 0.75, 0.800000011920929, 0.800000011920929, 0.800000011920929, 0.800000011920929]"
2,124,INSERTION,8,0,0,0,307.80000311136246,307.80000311136246,482.29999101161957,49.125,49.125,36.025,3.6999999999999997,3.6999999999999997,4.800000041723251,1.3440000116825104,1.3440000116825104,0.9600000083446503,0.0,0.0,0.0,0.0,0.0,0.0,0.0042667519229537395,0.004155841580399144,0.10814869813253414,0.10728103295926558,0.07495244604718608,0.4763518097718982,"[0.0, 0.0, 0.0, 0.0, 0.0, 0.0]","[0.800000011920929, 0.800000011920929, 0.8999999761581421, 0.75, 0.75, 0.75, 0.75, 0.75, 0.800000011920929, 0.800000011920929, 0.800000011920929, 0.800000011920929]"
2,125,INSERTION,8,0,0,0,307.80000311136246,307.80000311136246,482.29999101161957,49.125,49.125,36.025,3.6999999999999997,3.6999999999999997,4.800000041723251,1.3440000116825104,1.3440000116825104,0.9600000083446503,0.0,0.0,0.0,0.0,0.0,0.0,0.004235493013999611,0.00412148158485152,0.10267127220235217,0.1018084422113733,0.06979410858386907,0.4698170389770061,"[0.0, 0.0, 0.0, 0.0, 0.0, 0.0]","[0.800000011920929, 0.800000011920929, 0.8999999761581421, 0.75, 0.75, 0.75, 0.75, 0.75, 0.800000011920929, 0.800000011920929, 0.800000011920929, 0.800000011920929]"
2,126,INSERTION,8,0,0,0,307.80000311136246,307.80000311136246,482.29999101161957,49.125,49.125,36.025,3.6999999999999997,3.6999999999999997,4.800000041723251,1.3440000116825104,1.3440000116825104,0.9600000083446503,0.0,0.0,0.0,0.0,0.0,0.0,0.004198882636013421,0.004084187321446179,0.0969104693231922,0.09605575219441256,0.06432602184323799,0.4618861469078421,"[0.0, 0.0, 0.0, 0.0, 0.0, 0.0]","[0.800000011920929, 0.800000011920929, 0.8999999761581421, 0.75, 0.75, 0.75, 0.75, 0.75, 0.800000011920929, 0.800000011920929, 0.800000011920929, 0.800000011920929]"
2,127,INSERTION,8,0,0,0,307.80000311136246,307.80000311136246,482.29999101161957,49.125,49.125,36.025,3.6999999999999997,3.6999999999999997,4.800000041723251,1.3440000116825104,1.3440000116825104,0.9600000083446503,0.0,0.0,0.0,0.0,0.0,0.0,0.0041562892849060515,0.004043345795658836,0.09089835523000522,0.0900550480824745,0.05857786418428815,0.45258148296420686,"[0.0, 0.0, 0.0, 0.0, 0.0, 0.0]","[0.800000011920929, 0.800000011920929, 0.8999999761581421, 0.75, 0.75, 0.75, 0.75, 0.75, 0.800000011920929, 0.800000011920929, 0.800000011920929, 0.800000011920929]"
2,128,INSERTION,8,0,0,0,307.80000311136246,307.80000311136246,482.29999101161957,49.125,49.125,36.025,3.6999999999999997,3.6999999999999997,4.800000041723251,1.3440000116825104,1.3440000116825104,0.9600000083446503,0.0,0.0,0.0,0.0,0.0,0.0,0.004107069642644956,0.003998293522560022,0.08467031897064817,0.08384171600357967,0.05258228382996587,0.441932565898218,"[0.0, 0.0, 0.0, 0.0, 0.0, 0.0]","[0.800000011920929, 0.800000011920929, 0.8999999761581421, 0.75, 0.75, 0.75, 0.75, 0.75, 0.800000011920929, 0.800000011920929, 0.800000011920929, 0.800000011920929]"
2,129,INSERTION,8,0,0,0,307.80000311136246,307.80000311136246,482.29999101161957,49.125,49.125,36.025,3.6999999999999997,3.6999999999999997,4.800000041723251,1.3440000116825104,1.3440000116825104,0.9600000083446503,0.0,0.0,0.0,0.0,0.0,0.0,0.004050595239168181,0.003948345395353368,0.0782657690788387,0.07745512342567856,0.04637556383476749,0.4299796183054505,"[0.0, 0.0, 0.0, 0.0, 0.0, 0.0]","[0.800000011920929, 0.800000011920929, 0.8999999761581421, 0.75, 0.75, 0.75, 0.75, 0.75, 0.800000011920929, 0.800000011920929, 0.800000011920929, 0.800000011920929]"
2,130,INSERTION,8,0,0,0,307.80000311136246,307.80000311136246,482.29999101161957,49.125,49.125,36.025,3.6999999999999997,3.6999999999999997,4.800000041723251,1.3440000116825104,1.3440000116825104,0.9600000083446503,0.0,0.0,0.0,0.0,0.0,0.0,0.003986266411742155,0.003892812411790703,0.07172916353012834,0.07093963582410248,0.039998571460366776,0.41677940978363315,"[0.0, 0.0, 0.0, 0.0, 0.0, 0.0]","[0.800000011920929, 0.800000011920929, 0.8999999761581421, 0.75, 0.75, 0.75, 0.75, 0.75, 0.800000011920929, 0.800000011920929, 0.800000011920929, 0.800000011920929]"
2,131,INSERTION,8,0,0,0,307.80000311136246,307.80000311136246,482.29999101161957,49.125,49.125,36.025,3.6999999999999997,3.6999999999999997,4.800000041723251,1.3440000116825104,1.3440000116825104,0.9600000083446503,0.0,0.0,0.0,0.0,0.0,0.0,0.003913518643601696,0.0038310136417993115,0.06511165993134749,0.06434624957168084,0.0334983427354393,0.4024105583678936,"[0.0, 0.0, 0.0, 0.0, 0.0, 0.0]","[0.800000011920929, 0.800000011920929, 0.8999999761581421, 0.75, 0.75, 0.75, 0.75, 0.75, 0.800000011920929, 0.800000011920929, 0.800000011920929, 0.800000011920929]"
2,132,INSERTION,8,0,0,0,307.80000311136246,307.80000311136246,482.29999101161957,49.125,49.125,36.025,3.6999999999999997,3.6999999999999997,4.800000041723251,1.3440000116825104,1.3440000116825104,0.9600000083446503,0.0,0.0,0.0,0.0,0.0,0.0,0.0038317797878389425,0.00376223877675132,0.05847128484901825,0.05773283855399985,0.026931081416778347,0.38698121755978565,"[0.0, 0.0, 0.0, 0.0, 0.0, 0.0]","[0.800000011920929, 0.800000011920929, 0.8999999761581421, 0.75, 0.75, 0.75, 0.75, 0.75, 0.800000011920929, 0.800000011920929, 0.800000011920929, 0.800000011920929]"
2,133,INSERTION,8,0,0,0,307.80000311136246,307.80000311136246,482.29999101161957,49.125,49.125,36.025,3.6999999999999997,3.6999999999999997,4.800000041723251,1.3440000116825104,1.3440000116825104,0.9600000083446503,0.0,0.0,0.0,0.0,0.0,0.0,0.003740507911912553,0.0036857959060502214,0.051867765479914806,0.05115904417656549,0.020366280861237096,0.37059374672802364,"[0.0, 0.0, 0.0, 0.0, 0.0, 0.0]","[0.800000011920929, 0.800000011920929, 0.8999999761581421, 0.75, 0.75, 0.75, 0.75, 0.75, 0.800000011920929, 0.800000011920929, 0.800000011920929, 0.800000011920929]"
2,134,INSERTION,8,0,0,0,307.80000311136246,307.80000311136246,482.29999101161957,49.125,49.125,36.025,3.6999999999999997,3.6999999999999997,4.800000041723251,1.3440000116825104,1.3440000116825104,0.9600000083446503,0.0,0.0,0.0,0.0,0.0,0.0,0.003639449526447979,0.003601283416107299,0.045357125868595215,0.04468074929485546,0.0138961570656866,0.3533185454850581,"[0.0, 0.0, 0.0, 0.0, 0.0, 0.0]","[0.800000011920929, 0.800000011920929, 0.8999999761581421, 0.75, 0.75, 0.75, 0.75, 0.75, 0.800000011920929, 0.800000011920929, 0.800000011920929, 0.800000011920929]"
2,135,INSERTION,8,0,0,0,307.80000311136246,307.80000311136246,482.29999101161957,49.125,49.125,36.025,3.6999999999999997,3.6999999999999997,4.800000041723251,1.3440000116825104,1.3440000116825104,0.9600000083446503,0.0,0.0,0.0,0.0,0.0,0.0,0.0035287357700059816,0.0035086918352733023,0.03898846775672559,0.03834687504731881,0.007713927344227468,0.3352531686143849,"[0.0, 0.0, 0.0, 0.0, 0.0, 0.0]","[0.800000011920929, 0.800000011920929, 0.8999999761581421, 0.75, 0.75, 0.75, 0.75, 0.75, 0.800000011920929, 0.800000011920929, 0.800000011920929, 0.800000011920929]"
2,136,INSERTION,8,0,0,0,307.80000311136246,307.80000311136246,482.29999101161957,49.125,49.125,36.025,3.6999999999999997,3.6999999999999997,4.800000041723251,1.3440000116825104,1.3440000116825104,0.9600000083446503,0.0,0.0,0.0,0.0,0.0,0.0,0.003408940286128371,0.003408467440754438,0.03280304842120362,0.0321984813729218,0.0032222700190341724,0.3165195565093079,"[0.0, 0.0, 0.0, 0.0, 0.0, 0.0]","[0.800000011920929, 0.800000011920929, 0.8999999761581421, 0.75, 0.75, 0.75, 0.75, 0.75, 0.800000011920929, 0.800000011920929, 0.800000011920929, 0.800000011920929]"
2,137,INSERTION,8,0,0,0,307.80000311136246,307.80000311136246,482.29999101161957,49.125,49.125,36.025,3.6999999999999997,3.6999999999999997,4.800000041723251,1.3440000116825104,1.3440000116825104,0.9600000083446503,0.0,0.0,0.0,0.0,0.0,0.0,0.0032811262806830997,0.003301560509938599,0.026834709172169367,0.02626919828777654,0.006311130611413677,0.29725799038910794,"[0.0, 0.0, 0.0, 0.0, 0.0, 0.0]","[0.800000011920929, 0.800000011920929, 0.8999999761581421, 0.75, 0.75, 0.75, 0.75, 0.75, 0.800000011920929, 0.800000011920929, 0.800000011920929, 0.800000011920929]"
2,138,INSERTION,8,0,0,0,307.80000311136246,307.80000311136246,482.29999101161957,49.125,49.125,36.025,3.6999999999999997,3.6999999999999997,4.800000041723251,1.3440000116825104,1.3440000116825104,0.9600000083446503,0.0,0.0,0.0,0.0,0.0,0.0,0.003146879169490501,0.0031894498761080446,0.021110582027778095,0.02058593352795709,0.01184306089557057,0.27763099039182076,"[0.0, 0.0, 0.0, 0.0, 0.0, 0.0]","[0.800000011920929, 0.800000011920929, 0.8999999761581421, 0.75, 0.75, 0.75, 0.75, 0.75, 0.800000011920929, 0.800000011920929, 0.800000011920929, 0.800000011920929]"
2,139,INSERTION,8,0,0,0,307.80000311136246,307.80000311136246,482.29999101161957,49.125,49.125,36.025,3.6999999999999997,3.6999999999999997,4.800000041723251,1.3440000116825104,1.3440000116825104,0.9600000083446503,0.0,0.0,0.0,0.0,0.0,0.0,0.0030083244804926757,0.003074140741577409,0.01565194475417272,0.015169731374153304,0.017405834526643786,0.2578296868215037,"[0.0, 0.0, 0.0, 0.0, 0.0, 0.0]","[0.800000011920929, 0.800000011920929, 0.8999999761581421, 0.75, 0.75, 0.75, 0.75, 0.75, 0.800000011920929, 0.800000011920929, 0.800000011920929, 0.800000011920929]"
2,140,INSERTION,8,0,0,0,307.80000311136246,307.80000311136246,482.29999101161957,49.125,49.125,36.025,3.6999999999999997,3.6999999999999997,4.800000041723251,1.3440000116825104,1.3440000116825104,0.9600000083446503,0.0,0.0,0.0,0.0,0.0,0.0,0.0028681267438806558,0.0029581292310743995,0.01047565738463812,0.010037214607841953,0.022773036398602238,0.2380811970962911,"[0.0, 0.0, 0.0, 0.0, 0.0, 0.0]","[0.800000011920929, 0.800000011920929, 0.8999999761581421, 0.75, 0.75, 0.75, 0.75, 0.75, 0.800000011920929, 0.800000011920929, 0.800000011920929, 0.800000011920929]"
2,141,INSERTION,8,0,0,0,307.80000311136246,307.80000311136246,482.29999101161957,49.125,49.125,36.025,3.6999999999999997,3.6999999999999997,4.800000041723251,1.3440000116825104,1.3440000116825104,0.9600000083446503,0.0,0.0,0.0,0.0,0.0,0.0,0.0027294770197162,0.0028443414308804526,0.0055961617854891,0.005202588423538705,0.027885439938085857,0.21865818951249327,"[0.0, 0.0, 0.0, 0.0, 0.0, 0.0]","[0.800000011920929, 0.800000011920929, 0.8999999761581421, 0.75, 0.75, 0.75, 0.75, 0.75, 0.800000011920929, 0.800000011920929, 0.800000011920929, 0.800000011920929]"
2,142,INSERTION,8,0,1,0,307.80000311136246,307.80000311136246,482.29999101161957,49.125,49.125,36.025,3.6999999999999997,3.6999999999999997,4.800000041723251,1.3440000116825104,1.3440000116825104,0.9600000083446503,0.0,0.0,0.0,0.0,0.0,0.0,0.0025960837305523837,0.00273606560055411,0.001027306365956042,0.0006794670057945137,0.03271464252531944,0.1998924584982049,"[0.0, 0.0, 0.0, 0.0, 0.0, 0.0]","[0.800000011920929, 0.800000011920929, 0.8999999761581421, 0.75, 0.75, 0.75, 0.75, 0.75, 0.800000011920929, 0.800000011920929, 0.800000011920929, 0.800000011920929]"
2,143,INSERTION,8,0,1,0,145.9800018668175,145.9800018668175,388.05000000000007,23.025000259280205,23.025000259280205,16.88500019013882,4.119999933242798,4.119999933242798,5.324999958276749,1.4909999883174894,1.4909999883174894,1.0649999916553496,0.0,0.0,0.0,0.0,0.0,0.0,0.002474068192364736,0.0026388597825386722,0.0,0.0,0.03724093657483853,0.1821930482343188,"[0.0, 0.0, 0.0, 0.0, 0.0, 0.0]","[0.18000000715255737, 0.18000000715255737, 0.8500000238418579, 0.15000000596046448, 0.15000000596046448, 0.15000000596046448, 0.8999999761581421, 0.8999999761581421, 0.949999988079071, 0.949999988079071, 0.949999988079071, 0.949999988079071]"
2,144,INSERTION,8,0,0,0,145.9800018668175,145.9800018668175,388.05000000000007,23.025000259280205,23.025000259280205,16.88500019013882,4.119999933242798,4.119999933242798,5.324999958276749,1.4909999883174894,1.4909999883174894,1.0649999916553496,0.0,0.0,0.0,0.0,0.0,0.0,0.002371166220931045,0.0025597260126983125,0.0,0.0,0.04146091840874667,0.16618397603564217,"[0.0, 0.0, 0.0, 0.0, 0.0, 0.0]","[0.18000000715255737, 0.18000000715255737, 0.8500000238418579, 0.15000000596046448, 0.15000000596046448, 0.15000000596046448, 0.8999999761581421, 0.8999999761581421, 0.949999988079071, 0.949999988079071, 0.949999988079071, 0.949999988079071]"
2,145,INSERTION,8,0,0,0,307.80000311136246,307.80000311136246,482.29999101161957,49.125,49.125,36.025,3.6999999999999997,3.6999999999999997,4.800000041723251,1.3440000116825104,1.3440000116825104,0.9600000083446503,0.0,0.0,0.0,0.0,0.0,0.0,0.002290006594301255,0.0025001175324917396,0.0,0.0,0.04538379512925471,0.15266255749855318,"[0.0, 0.0, 0.0, 0.0, 0.0, 0.0]","[0.800000011920929, 0.800000011920929, 0.8999999761581421, 0.75, 0.75, 0.75, 0.75, 0.75, 0.800000011920929, 0.800000011920929, 0.800000011920929, 0.800000011920929]"
2,146,INSERTION,8,0,0,0,307.80000311136246,307.80000311136246,482.29999101161957,49.125,49.125,36.025,3.6999999999999997,3.6999999999999997,4.800000041723251,1.3440000116825104,1.3440000116825104,0.9600000083446503,0.0,0.0,0.0,0.0,0.0,0.0,0.0022318209024655626,0.002459820178328917,0.0,0.0,0.048982335757626685,0.1421547089809269,"[0.0, 0.0, 0.0, 0.0, 0.0, 0.0]","[0.800000011920929, 0.800000011920929, 0.8999999761581421, 0.75, 0.75, 0.75, 0.75, 0.75, 0.800000011920929, 0.800000011920929, 0.800000011920929, 0.800000011920929]"
2,147,INSERTION,8,0,0,0,307.80000311136246,307.80000311136246,482.29999101161957,49.125,49.125,36.025,3.6999999999999997,3.6999999999999997,4.800000041723251,1.3440000116825104,1.3440000116825104,0.9600000083446503,0.0,0.0,0.0,0.0,0.0,0.0,0.0022003737414638363,0.0024413743014750733,0.0,0.0,0.052216299297672734,0.13508799943905947,"[0.0, 0.0, 0.0, 0.0, 0.0, 0.0]","[0.800000011920929, 0.800000011920929, 0.8999999761581421, 0.75, 0.75, 0.75, 0.75, 0.75, 0.800000011920929, 0.800000011920929, 0.800000011920929, 0.800000011920929]"
2,148,INSERTION,8,0,0,0,307.80000311136246,307.80000311136246,482.29999101161957,49.125,49.125,36.025,3.6999999999999997,3.6999999999999997,4.800000041723251,1.3440000116825104,1.3440000116825104,0.9600000083446503,0.0,0.0,0.0,0.0,0.0,0.0,0.0021983448131057243,0.002446573966977688,0.0,0.0,0.055074483714818184,0.1319089718637955,"[0.0, 0.0, 0.0, 0.0, 0.0, 0.0]","[0.800000011920929, 0.800000011920929, 0.8999999761581421, 0.75, 0.75, 0.75, 0.75, 0.75, 0.800000011920929, 0.800000011920929, 0.800000011920929, 0.800000011920929]"
2,149,INSERTION,8,0,0,0,307.80000311136246,307.80000311136246,482.29999101161957,49.125,49.125,36.025,3.6999999999999997,3.6999999999999997,4.800000041723251,1.3440000116825104,1.3440000116825104,0.9600000083446503,0.0,0.0,0.0,0.0,0.0,0.0,0.002226817045761323,0.0024761615735934953,0.0,0.0,0.05754959602821501,0.13274028436493285,"[0.0, 0.0, 0.0, 0.0, 0.0, 0.0]","[0.800000011920929, 0.800000011920929, 0.8999999761581421, 0.75, 0.75, 0.75, 0.75, 0.75, 0.800000011920929, 0.800000011920929, 0.800000011920929, 0.800000011920929]"
2,150,INSERTION,8,0,0,0,307.80000311136246,307.80000311136246,482.29999101161957,49.125,49.125,36.025,3.6999999999999997,3.6999999999999997,4.800000041723251,1.3440000116825104,1.3440000116825104,0.9600000083446503,0.0,0.0,0.0,0.0,0.0,0.0,0.002285116287449365,0.002529760735597986,0.0,0.0,0.05963846241423964,0.13730318322304358,"[0.0, 0.0, 0.0, 0.0, 0.0, 0.0]","[0.800000011920929, 0.800000011920929, 0.8999999761581421, 0.75, 0.75, 0.75, 0.75, 0.75, 0.800000011920929, 0.800000011920929, 0.800000011920929, 0.800000011920929]"
2,151,INSERTION,8,0,0,0,307.80000311136246,307.80000311136246,482.29999101161957,49.125,49.125,36.025,3.6999999999999997,3.6999999999999997,4.800000041723251,1.3440000116825104,1.3440000116825104,0.9600000083446503,0.0,0.0,0.0,0.0,0.0,0.0,0.0023710341868555277,0.0026060235989629863,0.0,0.0,0.06134355680646005,0.14500878988430713,"[0.0, 0.0, 0.0, 0.0, 0.0, 0.0]","[0.800000011920929, 0.800000011920929, 0.8999999761581421, 0.75, 0.75, 0.75, 0.75, 0.75, 0.800000011920929, 0.800000011920929, 0.800000011920929, 0.800000011920929]"
2,152,INSERTION,8,0,0,0,307.80000311136246,307.80000311136246,482.29999101161957,49.125,49.125,36.025,3.6999999999999997,3.6999999999999997,4.800000041723251,1.3440000116825104,1.3440000116825104,0.9600000083446503,0.0,0.0,0.0,0.0,0.0,0.0,0.0024811862298399078,0.0027027714702883513,0.0,0.0,0.06267605388875011,0.15514749924891988,"[0.0, 0.0, 0.0, 0.0, 0.0, 0.0]","[0.800000011920929, 0.800000011920929, 0.8999999761581421, 0.75, 0.75, 0.75, 0.75, 0.75, 0.800000011920929, 0.800000011920929, 0.800000011920929, 0.800000011920929]"
2,153,INSERTION,8,0,0,0,307.80000311136246,307.80000311136246,482.29999101161957,49.125,49.125,36.025,3.6999999999999997,3.6999999999999997,4.800000041723251,1.3440000116825104,1.3440000116825104,0.9600000083446503,0.0,0.0,0.0,0.0,0.0,0.0,0.0026113196416815403,0.0028170058194884285,0.0,0.0,0.06365654869633217,0.16705170513275527,"[0.0, 0.0, 0.0, 0.0, 0.0, 0.0]","[0.800000011920929, 0.800000011920929, 0.8999999761581421, 0.75, 0.75, 0.75, 0.75, 0.75, 0.800000011920929, 0.800000011920929, 0.800000011920929, 0.800000011920929]"
2,154,INSERTION,8,0,0,0,307.80000311136246,307.80000311136246,482.29999101161957,49.125,49.125,36.025,3.6999999999999997,3.6999999999999997,4.800000041723251,1.3440000116825104,1.3440000116825104,0.9600000083446503,0.0,0.0,0.0,0.0,0.0,0.0,0.0027568044957920344,0.0029451611199194224,0.0,0.0,0.06431070661327225,0.18014324181557398,"[0.0, 0.0, 0.0, 0.0, 0.0, 0.0]","[0.800000011920929, 0.800000011920929, 0.8999999761581421, 0.75, 0.75, 0.75, 0.75, 0.75, 0.800000011920929, 0.800000011920929, 0.800000011920929, 0.800000011920929]"
2,155,INSERTION,8,0,0,0,307.80000311136246,307.80000311136246,482.29999101161957,49.125,49.125,36.025,3.6999999999999997,3.6999999999999997,4.800000041723251,1.3440000116825104,1.3440000116825104,0.9600000083446503,0.0,0.0,0.0,0.0,0.0,0.0,0.002913075282417239,0.003083448930421909,0.0,0.0,0.06466219492367767,0.19393217537700383,"[0.0, 0.0, 0.0, 0.0, 0.0, 0.0]","[0.800000011920929, 0.800000011920929, 0.8999999761581421, 0.75, 0.75, 0.75, 0.75, 0.75, 0.800000011920929, 0.800000011920929, 0.800000011920929, 0.800000011920929]"
2,156,INSERTION,8,0,0,0,307.80000311136246,307.80000311136246,482.29999101161957,49.125,49.125,36.025,3.6999999999999997,3.6999999999999997,4.800000041723251,1.3440000116825104,1.3440000116825104,0.9600000083446503,0.0,0.0,0.0,0.0,0.0,0.0,0.003075957328291689,0.003228205008327998,0.0,0.0,0.06472675251833057,0.2080074316375698,"[0.0, 0.0, 0.0, 0.0, 0.0, 0.0]","[0.800000011920929, 0.800000011920929, 0.8999999761581421, 0.75, 0.75, 0.75, 0.75, 0.75, 0.800000011920929, 0.800000011920929, 0.800000011920929, 0.800000011920929]"
2,157,INSERTION,8,0,0,0,307.80000311136246,307.80000311136246,482.29999101161957,49.125,49.125,36.025,3.6999999999999997,3.6999999999999997,4.800000041723251,1.3440000116825104,1.3440000116825104,0.9600000083446503,0.0,0.0,0.0,0.0,0.0,0.0,0.0032418225858585462,0.0033761152325198648,0.0,0.0,0.06451192069763956,0.22202930451295083,"[0.0, 0.0, 0.0, 0.0, 0.0, 0.0]","[0.800000011920929, 0.800000011920929, 0.8999999761581421, 0.75, 0.75, 0.75, 0.75, 0.75, 0.800000011920929, 0.800000011920929, 0.800000011920929, 0.800000011920929]"
2,158,INSERTION,8,0,0,0,307.80000311136246,307.80000311136246,482.29999101161957,49.125,49.125,36.025,3.6999999999999997,3.6999999999999997,4.800000041723251,1.3440000116825104,1.3440000116825104,0.9600000083446503,0.0,0.0,0.0,0.0,0.0,0.0,0.003407630312320214,0.003524320031598868,0.0,0.0,0.06402048996163168,0.2357228054623916,"[0.0, 0.0, 0.0, 0.0, 0.0, 0.0]","[0.800000011920929, 0.800000011920929, 0.8999999761581421, 0.75, 0.75, 0.75, 0.75, 0.75, 0.800000011920929, 0.800000011920929, 0.800000011920929, 0.800000011920929]"
2,159,INSERTION,8,0,0,0,307.80000311136246,307.80000311136246,482.29999101161957,49.125,49.125,36.025,3.6999999999999997,3.6999999999999997,4.800000041723251,1.3440000116825104,1.3440000116825104,0.9600000083446503,0.0,0.0,0.0,0.0,0.0,0.0,0.0035708702885233223,0.003670403403967806,0.0,0.0,0.06325322651822561,0.24887155992546067,"[0.0, 0.0, 0.0, 0.0, 0.0, 0.0]","[0.800000011920929, 0.800000011920929, 0.8999999761581421, 0.75, 0.75, 0.75, 0.75, 0.75, 0.800000011920929, 0.800000011920929, 0.800000011920929, 0.800000011920929]"
2,160,INSERTION,8,0,0,0,307.80000311136246,307.80000311136246,482.29999101161957,49.125,49.125,36.025,3.6999999999999997,3.6999999999999997,4.800000041723251,1.3440000116825104,1.3440000116825104,0.9600000083446503,0.0,0.0,0.0,0.0,0.0,0.0,0.0037294793643762553,0.0038123426197441846,0.0,0.0,0.06220958773126789,0.2613038943553258,"[0.0, 0.0, 0.0, 0.0, 0.0, 0.0]","[0.800000011920929, 0.800000011920929, 0.8999999761581421, 0.75, 0.75, 0.75, 0.75, 0.75, 0.800000011920929, 0.800000011920929, 0.800000011920929, 0.800000011920929]"
2,161,INSERTION,8,0,0,0,307.80000311136246,307.80000311136246,482.29999101161957,49.125,49.125,36.025,3.6999999999999997,3.6999999999999997,4.800000041723251,1.3440000116825104,1.3440000116825104,0.9600000083446503,0.0,0.0,0.0,0.0,0.0,0.0,0.0038818173833056794,0.003948508928692798,0.0,0.0,0.06088756938696151,0.2728775269526782,"[0.0, 0.0, 0.0, 0.0, 0.0, 0.0]","[0.800000011920929, 0.800000011920929, 0.8999999761581421, 0.75, 0.75, 0.75, 0.75, 0.75, 0.800000011920929, 0.800000011920929, 0.800000011920929, 0.800000011920929]"
2,162,INSERTION,8,0,0,0,307.80000311136246,307.80000311136246,482.29999101161957,49.125,49.125,36.025,3.6999999999999997,3.6999999999999997,4.800000041723251,1.3440000116825104,1.3440000116825104,0.9600000083446503,0.0,0.0,0.0,0.0,0.0,0.0,0.004026594459820562,0.004077617156363359,0.0,0.0,0.05928283045158146,0.2834764376906897,"[0.0, 0.0, 0.0, 0.0, 0.0, 0.0]","[0.800000011920929, 0.800000011920929, 0.8999999761581421, 0.75, 0.75, 0.75, 0.75, 0.75, 0.800000011920929, 0.800000011920929, 0.800000011920929, 0.800000011920929]"
2,163,INSERTION,8,0,0,0,307.80000311136246,307.80000311136246,482.29999101161957,49.125,49.125,36.025,3.6999999999999997,3.6999999999999997,4.800000041723251,1.3440000116825104,1.3440000116825104,0.9600000083446503,0.0,0.0,0.0,0.0,0.0,0.0,0.004162781530781086,0.00419865209292608,0.0,0.0,0.05738901242607079,0.2930030393885235,"[0.0, 0.0, 0.0, 0.0, 0.0, 0.0]","[0.800000011920929, 0.800000011920929, 0.8999999761581421, 0.75, 0.75, 0.75, 0.75, 0.75, 0.800000011920929, 0.800000011920929, 0.800000011920929, 0.800000011920929]"
2,164,INSERTION,8,0,0,0,307.80000311136246,307.80000311136246,482.29999101161957,49.125,49.125,36.025,3.6999999999999997,3.6999999999999997,4.800000041723251,1.3440000116825104,1.3440000116825104,0.9600000083446503,0.0,0.0,0.0,0.0,0.0,0.0,0.004289542597449055,0.00431080652827724,0.0,0.0,0.05519985968165025,0.3013719749526115,"[0.0, 0.0, 0.0, 0.0, 0.0, 0.0]","[0.800000011920929, 0.800000011920929, 0.8999999761581421, 0.75, 0.75, 0.75, 0.75, 0.75, 0.800000011920929, 0.800000011920929, 0.800000011920929, 0.800000011920929]"
2,165,INSERTION,8,0,0,0,307.80000311136246,307.80000311136246,482.29999101161957,49.125,49.125,36.025,3.6999999999999997,3.6999999999999997,4.800000041723251,1.3440000116825104,1.3440000116825104,0.9600000083446503,0.0,0.0,0.0,0.0,0.0,0.0,0.0044061911890642,0.004413435304744416,0.0,0.0,0.05271207197856242,0.30851018372183076,"[0.0, 0.0, 0.0, 0.0, 0.0, 0.0]","[0.800000011920929, 0.800000011920929, 0.8999999761581421, 0.75, 0.75, 0.75, 0.75, 0.75, 0.800000011920929, 0.800000011920929, 0.800000011920929, 0.800000011920929]"
2,166,INSERTION,8,0,0,0,307.80000311136246,307.80000311136246,482.29999101161957,49.125,49.125,36.025,3.6999999999999997,3.6999999999999997,4.800000041723251,1.3440000116825104,1.3440000116825104,0.9600000083446503,0.0,0.0,0.0,0.0,0.0,0.0,0.004512163156911756,0.004506022621288401,0.0,0.0,0.04992726237865096,0.3143590318194938,"[0.0, 0.0, 0.0, 0.0, 0.0, 0.0]","[0.800000011920929, 0.800000011920929, 0.8999999761581421, 0.75, 0.75, 0.75, 0.75, 0.75, 0.800000011920929, 0.800000011920929, 0.800000011920929, 0.800000011920929]"
2,167,INSERTION,8,0,0,0,307.80000311136246,307.80000311136246,482.29999101161957,49.125,49.125,36.025,3.6999999999999997,3.6999999999999997,4.800000041723251,1.3440000116825104,1.3440000116825104,0.9600000083446503,0.0,0.0,0.0,0.0,0.0,0.0,0.004606997603351001,0.0045881571956200365,0.0,0.0,0.04685248485951487,0.3188748015713865,"[0.0, 0.0, 0.0, 0.0, 0.0, 0.0]","[0.800000011920929, 0.800000011920929, 0.8999999761581421, 0.75, 0.75, 0.75, 0.75, 0.75, 0.800000011920929, 0.800000011920929, 0.800000011920929, 0.800000011920929]"
2,168,INSERTION,8,0,1,0,307.80000311136246,307.80000311136246,482.29999101161957,49.125,49.125,36.025,3.6999999999999997,3.6999999999999997,4.800000041723251,1.3440000116825104,1.3440000116825104,0.9600000083446503,0.0,0.0,0.0,0.0,0.0,0.0,0.00469030347196207,0.004659494758776799,0.0,0.0,0.04350015905506592,0.32202712619420987,"[0.0, 0.0, 0.0, 0.0, 0.0, 0.0]","[0.800000011920929, 0.800000011920929, 0.8999999761581421, 0.75, 0.75, 0.75, 0.75, 0.75, 0.800000011920929, 0.800000011920929, 0.800000011920929, 0.800000011920929]"
2,169,INSERTION,8,0,1,0,145.9800018668175,145.9800018668175,388.05000000000007,23.025000259280205,23.025000259280205,16.88500019013882,4.119999933242798,4.119999933242798,5.324999958276749,1.4909999883174894,1.4909999883174894,1.0649999916553496,0.0,0.0,0.0,0.0,0.0,0.0,0.00476414268346446,0.004722117237604519,0.0019141453653727034,0.002413460542174971,0.03988733886420309,0.3237906365977761,"[0.0, 0.0, 0.0, 0.0, 0.0, 0.0]","[0.18000000715255737, 0.18000000715255737, 0.8500000238418579, 0.15000000596046448, 0.15000000596046448, 0.15000000596046448, 0.8999999761581421, 0.8999999761581421, 0.949999988079071, 0.949999988079071, 0.949999988079071, 0.949999988079071]"
2,170,INSERTION,8,0,0,0,145.9800018668175,145.9800018668175,388.05000000000007,23.025000259280205,23.025000259280205,16.88500019013882,4.119999933242798,4.119999933242798,5.324999958276749,1.4909999883174894,1.4909999883174894,1.0649999916553496,0.0,0.0,0.0,0.0,0.0,0.0,0.004832495624170471,0.004779983972511705,0.005956650606984408,0.0064581526055417435,0.03605138158381739,0.32440381086973247,"[0.0, 0.0, 0.0, 0.0, 0.0, 0.0]","[0.18000000715255737, 0.18000000715255737, 0.8500000238418579, 0.15000000596046448, 0.15000000596046448, 0.15000000596046448, 0.8999999761581421, 0.8999999761581421, 0.949999988079071, 0.949999988079071, 0.949999988079071, 0.949999988079071]"
2,171,INSERTION,8,0,0,0,307.80000311136246,307.80000311136246,482.29999101161957,49.125,49.125,36.025,3.6999999999999997,3.6999999999999997,4.800000041723251,1.3440000116825104,1.3440000116825104,0.9600000083446503,0.0,0.0,0.0,0.0,0.0,0.0,0.004892871851118428,0.004830639900162918,0.01017420915550201,0.010675978550632757,0.03204374370859185,0.32434336211995524,"[0.0, 0.0, 0.0, 0.0, 0.0, 0.0]","[0.800000011920929, 0.800000011920929, 0.8999999761581421, 0.75, 0.75, 0.75, 0.75, 0.75, 0.800000011920929, 0.800000011920929, 0.800000011920929, 0.800000011920929]"
2,172,INSERTION,8,0,0,0,307.80000311136246,307.80000311136246,482.29999101161957,49.125,49.125,36.025,3.6999999999999997,3.6999999999999997,4.800000041723251,1.3440000116825104,1.3440000116825104,0.9600000083446503,0.0,0.0,0.0,0.0,0.0,0.0,0.004940834655231571,0.004869737565703696,0.014569835172268446,0.015069053692169092,0.027873768544029155,0.3233744922078753,"[0.0, 0.0, 0.0, 0.0, 0.0, 0.0]","[0.800000011920929, 0.800000011920929, 0.8999999761581421, 0.75, 0.75, 0.75, 0.75, 0.75, 0.800000011920929, 0.800000011920929, 0.800000011920929, 0.800000011920929]"
2,173,INSERTION,8,0,0,0,307.80000311136246,307.80000311136246,482.29999101161957,49.125,49.125,36.025,3.6999999999999997,3.6999999999999997,4.800000041723251,1.3440000116825104,1.3440000116825104,0.9600000083446503,0.0,0.0,0.0,0.0,0.0,0.0,0.004976286075098054,0.0048972153407460806,0.019118396925265728,0.019612251621168413,0.023545659859754913,0.32100767024159477,"[0.0, 0.0, 0.0, 0.0, 0.0, 0.0]","[0.800000011920929, 0.800000011920929, 0.8999999761581421, 0.75, 0.75, 0.75, 0.75, 0.75, 0.800000011920929, 0.800000011920929, 0.800000011920929, 0.800000011920929]"
2,174,INSERTION,8,0,0,0,307.80000311136246,307.80000311136246,482.29999101161957,49.125,49.125,36.025,3.6999999999999997,3.6999999999999997,4.800000041723251,1.3440000116825104,1.3440000116825104,0.9600000083446503,0.0,0.0,0.0,0.0,0.0,0.0,0.004999372152540589,0.004913246276144833,0.02379287956542469,0.024278624764641953,0.019098265083523778,0.3172315088383326,"[0.0, 0.0, 0.0, 0.0, 0.0, 0.0]","[0.800000011920929, 0.800000011920929, 0.8999999761581421, 0.75, 0.75, 0.75, 0.75, 0.75, 0.800000011920929, 0.800000011920929, 0.800000011920929, 0.800000011920929]"
2,175,INSERTION,8,0,0,0,307.80000311136246,307.80000311136246,482.29999101161957,49.125,49.125,36.025,3.6999999999999997,3.6999999999999997,4.800000041723251,1.3440000116825104,1.3440000116825104,0.9600000083446503,0.0,0.0,0.0,0.0,0.0,0.0,0.005010307636302218,0.004918066056079725,0.028565305788403682,0.02904027109782336,0.014589936907071424,0.3120801152487707,"[0.0, 0.0, 0.0, 0.0, 0.0, 0.0]","[0.800000011920929, 0.800000011920929, 0.8999999761581421, 0.75, 0.75, 0.75, 0.75, 0.75, 0.800000011920929, 0.800000011920929, 0.800000011920929, 0.800000011920929]"
2,176,INSERTION,8,0,0,0,307.80000311136246,307.80000311136246,482.29999101161957,49.125,49.125,36.025,3.6999999999999997,3.6999999999999997,4.800000041723251,1.3440000116825104,1.3440000116825104,0.9600000083446503,0.0,0.0,0.0,0.0,0.0,0.0,0.0050093648736811245,0.004911962732343927,0.03340705133830681,0.03386865062000321,0.010137376874460959,0.3055971164384809,"[0.0, 0.0, 0.0, 0.0, 0.0, 0.0]","[0.800000011920929, 0.800000011920929, 0.8999999761581421, 0.75, 0.75, 0.75, 0.75, 0.75, 0.800000011920929, 0.800000011920929, 0.800000011920929, 0.800000011920929]"
2,177,INSERTION,8,0,0,0,307.80000311136246,307.80000311136246,482.29999101161957,49.125,49.125,36.025,3.6999999999999997,3.6999999999999997,4.800000041723251,1.3440000116825104,1.3440000116825104,0.9600000083446503,0.0,0.0,0.0,0.0,0.0,0.0,0.004996874279890391,0.004895276920206768,0.03828910138212354,0.03873484548037936,0.006119978633979997,0.2978335359985803,"[0.0, 0.0, 0.0, 0.0, 0.0, 0.0]","[0.800000011920929, 0.800000011920929, 0.8999999761581421, 0.75, 0.75, 0.75, 0.75, 0.75, 0.800000011920929, 0.800000011920929, 0.800000011920929, 0.800000011920929]"
2,178,INSERTION,8,0,0,0,307.80000311136246,307.80000311136246,482.29999101161957,49.125,49.125,36.025,3.6999999999999997,3.6999999999999997,4.800000041723251,1.3440000116825104,1.3440000116825104,0.9600000083446503,0.0,0.0,0.0,0.0,0.0,0.0,0.0049732198675166315,0.004868396773551432,0.043182309602979356,0.043609820147799454,0.004344121171397143,0.2888495285377742,"[0.0, 0.0, 0.0, 0.0, 0.0, 0.0]","[0.800000011920929, 0.800000011920929, 0.8999999761581421, 0.75, 0.75, 0.75, 0.75, 0.75, 0.800000011920929, 0.800000011920929, 0.800000011920929, 0.800000011920929]"
2,179,INSERTION,8,0,0,0,307.80000311136246,307.80000311136246,482.29999101161957,49.125,49.125,36.025,3.6999999999999997,3.6999999999999997,4.800000041723251,1.3440000116825104,1.3440000116825104,0.9600000083446503,0.0,0.0,0.0,0.0,0.0,0.0,0.004938831219251608,0.0048317494674862856,0.048057661497535896,0.04846468419294652,0.006917035432013485,0.2787154836015422,"[0.0, 0.0, 0.0, 0.0, 0.0, 0.0]","[0.800000011920929, 0.800000011920929, 0.8999999761581421, 0.75, 0.75, 0.75, 0.75, 0.75, 0.800000011920929, 0.800000011920929, 0.800000011920929, 0.800000011920929]"
2,180,INSERTION,8,0,0,0,307.80000311136246,307.80000311136246,482.29999101161957,49.125,49.125,36.025,3.6999999999999997,3.6999999999999997,4.800000041723251,1.3440000116825104,1.3440000116825104,0.9600000083446503,0.0,0.0,0.0,0.0,0.0,0.0,0.004894173871824821,0.0047857912690057675,0.052886536574438085,0.05327095334549869,0.011138835212258788,0.26751252582862095,"[0.0, 0.0, 0.0, 0.0, 0.0, 0.0]","[0.800000011920929, 0.800000011920929, 0.8999999761581421, 0.75, 0.75, 0.75, 0.75, 0.75, 0.800000011920929, 0.800000011920929, 0.800000011920929, 0.800000011920929]"
2,181,INSERTION,8,0,0,0,307.80000311136246,307.80000311136246,482.29999101161957,49.125,49.125,36.025,3.6999999999999997,3.6999999999999997,4.800000041723251,1.3440000116825104,1.3440000116825104,0.9600000083446503,0.0,0.0,0.0,0.0,0.0,0.0,0.004839739129003795,0.004730997243519638,0.05764096341018556,0.05800080317207101,0.015688888297321492,0.2553328541230698,"[0.0, 0.0, 0.0, 0.0, 0.0, 0.0]","[0.800000011920929, 0.800000011920929, 0.8999999761581421, 0.75, 0.75, 0.75, 0.75, 0.75, 0.800000011920929, 0.800000011920929, 0.800000011920929, 0.800000011920929]"
2,182,INSERTION,8,0,0,0,307.80000311136246,307.80000311136246,482.29999101161957,49.125,49.125,36.025,3.6999999999999997,3.6999999999999997,4.800000041723251,1.3440000116825104,1.3440000116825104,0.9600000083446503,0.0,0.0,0.0,0.0,0.0,0.0,0.004776033788199105,0.004667851088069381,0.06229386134081923,0.06262730925623416,0.020287161285093572,0.24228023580460337,"[0.0, 0.0, 0.0, 0.0, 0.0, 0.0]","[0.800000011920929, 0.800000011920929, 0.8999999761581421, 0.75, 0.75, 0.75, 0.75, 0.75, 0.800000011920929, 0.800000011920929, 0.800000011920929, 0.800000011920929]"
2,183,INSERTION,8,0,0,0,307.80000311136246,307.80000311136246,482.29999101161957,49.125,49.125,36.025,3.6999999999999997,3.6999999999999997,4.800000041723251,1.3440000116825104,1.3440000116825104,0.9600000083446503,0.0,0.0,0.0,0.0,0.0,0.0,0.00470357008034326,0.004596835389804074,0.06681926261634136,0.06712466772305128,0.024837285413888268,0.22847090580791737,"[0.0, 0.0, 0.0, 0.0, 0.0, 0.0]","[0.800000011920929, 0.800000011920929, 0.8999999761581421, 0.75, 0.75, 0.75, 0.75, 0.75, 0.800000011920929, 0.800000011920929, 0.800000011920929, 0.800000011920929]"
2,184,INSERTION,8,0,0,0,307.80000311136246,307.80000311136246,482.29999101161957,49.125,49.125,36.025,3.6999999999999997,3.6999999999999997,4.800000041723251,1.3440000116825104,1.3440000116825104,0.9600000083446503,0.0,0.0,0.0,0.0,0.0,0.0,0.004622856088901508,0.0045184225683100225,0.07119250926985324,0.07146839037042824,0.029287486656545212,0.21403516294626923,"[0.0, 0.0, 0.0, 0.0, 0.0, 0.0]","[0.800000011920929, 0.800000011920929, 0.8999999761581421, 0.75, 0.75, 0.75, 0.75, 0.75, 0.800000011920929, 0.800000011920929, 0.800000011920929, 0.800000011920929]"
2,185,INSERTION,8,0,0,0,307.80000311136246,307.80000311136246,482.29999101161957,49.125,49.125,36.025,3.6999999999999997,3.6999999999999997,4.800000041723251,1.3440000116825104,1.3440000116825104,0.9600000083446503,0.0,0.0,0.0,0.0,0.0,0.0,0.004534386920377753,0.004433066758509766,0.075390419834341,0.07563546956833142,0.033601455888508464,0.19912008823775526,"[0.0, 0.0, 0.0, 0.0, 0.0, 0.0]","[0.800000011920929, 0.800000011920929, 0.8999999761581421, 0.75, 0.75, 0.75, 0.75, 0.75, 0.800000011920929, 0.800000011920929, 0.800000011920929, 0.800000011920929]"
2,186,INSERTION,8,0,0,0,307.80000311136246,307.80000311136246,482.29999101161957,49.125,49.125,36.025,3.6999999999999997,3.6999999999999997,4.800000041723251,1.3440000116825104,1.3440000116825104,0.9600000083446503,0.0,0.0,0.0,0.0,0.0,0.0,0.004438636898236895,0.004341196880567618,0.07939142235239058,0.07960450941748837,0.037750032029451125,0.18389403549331676,"[0.0, 0.0, 0.0, 0.0, 0.0, 0.0]","[0.800000011920929, 0.800000011920929, 0.8999999761581421, 0.75, 0.75, 0.75, 0.75, 0.75, 0.800000011920929, 0.800000011920929, 0.800000011920929, 0.800000011920929]"
2,187,INSERTION,8,0,0,0,307.80000311136246,307.80000311136246,482.29999101161957,49.125,49.125,36.025,3.6999999999999997,3.6999999999999997,4.800000041723251,1.3440000116825104,1.3440000116825104,0.9600000083446503,0.0,0.0,0.0,0.0,0.0,0.0,0.004336053029058525,0.004243211110543153,0.08317565176778777,0.0833558213147747,0.041708285497717115,0.16855387948592324,"[0.0, 0.0, 0.0, 0.0, 0.0, 0.0]","[0.800000011920929, 0.800000011920929, 0.8999999761581421, 0.75, 0.75, 0.75, 0.75, 0.75, 0.800000011920929, 0.800000011920929, 0.800000011920929, 0.800000011920929]"
2,188,INSERTION,8,0,0,0,307.80000311136246,307.80000311136246,482.29999101161957,49.125,49.125,36.025,3.6999999999999997,3.6999999999999997,4.800000041723251,1.3440000116825104,1.3440000116825104,0.9600000083446503,0.0,0.0,0.0,0.0,0.0,0.0,0.004227049942462748,0.004139472910530574,0.08672501161692456,0.08687148390604282,0.0454543384899684,0.1533364515753419,"[0.0, 0.0, 0.0, 0.0, 0.0, 0.0]","[0.800000011920929, 0.800000011920929, 0.8999999761581421, 0.75, 0.75, 0.75, 0.75, 0.75, 0.800000011920929, 0.800000011920929, 0.800000011920929, 0.800000011920929]"
2,189,INSERTION,8,0,0,0,307.80000311136246,307.80000311136246,482.29999101161957,49.125,49.125,36.025,3.6999999999999997,3.6999999999999997,4.800000041723251,1.3440000116825104,1.3440000116825104,0.9600000083446503,0.0,0.0,0.0,0.0,0.0,0.0,0.004112006439952252,0.004030308705854975,0.09002320178669396,0.09013536925382207,0.048968827938208045,0.13853601389375542,"[0.0, 0.0, 0.0, 0.0, 0.0, 0.0]","[0.800000011920929, 0.800000011920929, 0.8999999761581421, 0.75, 0.75, 0.75, 0.75, 0.75, 0.800000011920929, 0.800000011920929, 0.800000011920929, 0.800000011920929]"
2,190,INSERTION,8,0,0,0,307.80000311136246,307.80000311136246,482.29999101161957,49.125,49.125,36.025,3.6999999999999997,3.6999999999999997,4.800000041723251,1.3440000116825104,1.3440000116825104,0.9600000083446503,0.0,0.0,0.0,0.0,0.0,0.0,0.003991263710353338,0.003916007218201939,0.09305571581264335,0.09313313874680229,0.05223462711426683,0.12452940654383167,"[0.0, 0.0, 0.0, 0.0, 0.0, 0.0]","[0.800000011920929, 0.800000011920929, 0.8999999761581421, 0.75, 0.75, 0.75, 0.75, 0.75, 0.800000011920929, 0.800000011920929, 0.800000011920929, 0.800000011920929]"
2,191,INSERTION,8,0,0,0,307.80000311136246,307.80000311136246,482.29999101161957,49.125,49.125,36.025,3.6999999999999997,3.6999999999999997,4.800000041723251,1.3440000116825104,1.3440000116825104,0.9600000083446503,0.0,0.0,0.0,0.0,0.0,0.0,0.003865125190045549,0.003796820386459825,0.0958098126191568,0.09585221369426183,0.05523667522954447,0.11180764861454302,"[0.0, 0.0, 0.0, 0.0, 0.0, 0.0]","[0.800000011920929, 0.800000011920929, 0.8999999761581421, 0.75, 0.75, 0.75, 0.75, 0.75, 0.800000011920929, 0.800000011920929, 0.800000011920929, 0.800000011920929]"
2,192,INSERTION,8,0,0,0,307.80000311136246,307.80000311136246,482.29999101161957,49.125,49.125,36.025,3.6999999999999997,3.6999999999999997,4.800000041723251,1.3440000116825104,1.3440000116825104,0.9600000083446503,0.0,0.0,0.0,0.0,0.0,0.0,0.003733857973077581,0.0036729657397562747,0.09827446865307363,0.09828172658381956,0.05796185205372629,0.10100238484166497,"[0.0, 0.0, 0.0, 0.0, 0.0, 0.0]","[0.800000011920929, 0.800000011920929, 0.8999999761581421, 0.75, 0.75, 0.75, 0.75, 0.75, 0.800000011920929, 0.800000011920929, 0.800000011920929, 0.800000011920929]"
2,193,INSERTION,8,0,0,0,307.80000311136246,307.80000311136246,482.29999101161957,49.125,49.125,36.025,3.6999999999999997,3.6999999999999997,4.800000041723251,1.3440000116825104,1.3440000116825104,0.9600000083446503,0.0,0.0,0.0,0.0,0.0,0.0,0.00359769561616774,0.003544630035844341,0.10044031697824998,0.10041245958137282,0.06039887117192563,0.09287102332455399,"[0.0, 0.0, 0.0, 0.0, 0.0, 0.0]","[0.800000011920929, 0.800000011920929, 0.8999999761581421, 0.75, 0.75, 0.75, 0.75, 0.75, 0.800000011920929, 0.800000011920929, 0.800000011920929, 0.800000011920929]"
2,194,INSERTION,8,0,0,0,307.80000311136246,307.80000311136246,482.29999101161957,49.125,49.125,36.025,3.6999999999999997,3.6999999999999997,4.800000041723251,1.3440000116825104,1.3440000116825104,0.9600000083446503,0.0,0.0,0.0,0.0,0.0,0.0,0.0034568421404116657,0.0034119739461870306,0.10229958006707737,0.10223677700506459,0.062538182019143,0.0881754728338552,"[0.0, 0.0, 0.0, 0.0, 0.0, 0.0]","[0.800000011920929, 0.800000011920929, 0.8999999761581421, 0.75, 0.75, 0.75, 0.75, 0.75, 0.800000011920929, 0.800000011920929, 0.800000011920929, 0.800000011920929]"
2,195,INSERTION,8,0,0,0,307.80000311136246,307.80000311136246,482.29999101161957,49.125,49.125,36.025,3.6999999999999997,3.6999999999999997,4.800000041723251,1.3440000116825104,1.3440000116825104,0.9600000083446503,0.0,0.0,0.0,0.0,0.0,0.0,0.0033114770062481957,0.0032751375576101213,0.10384600276287387,0.10374855822861023,0.06437187861309045,0.08742351283082786,"[0.0, 0.0, 0.0, 0.0, 0.0, 0.0]","[0.800000011920929, 0.800000011920929, 0.8999999761581421, 0.75, 0.75, 0.75, 0.75, 0.75, 0.800000011920929, 0.800000011920929, 0.800000011920929, 0.800000011920929]"
2,196,INSERTION,8,0,0,0,307.80000311136246,307.80000311136246,482.29999101161957,49.125,49.125,36.025,3.6999999999999997,3.6999999999999997,4.800000041723251,1.3440000116825104,1.3440000116825104,0.9600000083446503,0.0,0.0,0.0,0.0,0.0,0.0,0.003161760829231248,0.0031342464678514098,0.10507479122916535,0.10494313679886988,0.06589361650254906,0.09060949580468168,"[0.0, 0.0, 0.0, 0.0, 0.0, 0.0]","[0.800000011920929, 0.800000011920929, 0.8999999761581421, 0.75, 0.75, 0.75, 0.75, 0.75, 0.800000011920929, 0.800000011920929, 0.800000011920929, 0.800000011920929]"
2,197,INSERTION,8,0,0,0,307.80000311136246,307.80000311136246,482.29999101161957,49.125,49.125,36.025,3.6999999999999997,3.6999999999999997,4.800000041723251,1.3440000116825104,1.3440000116825104,0.9600000083446503,0.0,0.0,0.0,0.0,0.0,0.0,0.003007841607969819,0.0029894182761324322,0.10598256268993281,0.1058172505305045,0.06709854084280899,0.0972023583060632,"[0.0, 0.0, 0.0, 0.0, 0.0, 0.0]","[0.800000011920929, 0.800000011920929, 0.8999999761581421, 0.75, 0.75, 0.75, 0.75, 0.75, 0.800000011920929, 0.800000011920929, 0.800000011920929, 0.800000011920929]"
2,198,INSERTION,8,0,0,0,307.80000311136246,307.80000311136246,482.29999101161957,49.125,49.125,36.025,3.6999999999999997,3.6999999999999997,4.800000041723251,1.3440000116825104,1.3440000116825104,0.9600000083446503,0.0,0.0,0.0,0.0,0.0,0.0,0.002849861248251365,0.0028407693076690456,0.10656730944440407,0.10636900601288701,0.06798322863631226,0.10640000328455916,"[0.0, 0.0, 0.0, 0.0, 0.0, 0.0]","[0.800000011920929, 0.800000011920929, 0.8999999761581421, 0.75, 0.75, 0.75, 0.75, 0.75, 0.800000011920929, 0.800000011920929, 0.800000011920929, 0.800000011920929]"
2,199,INSERTION,8,0,0,0,307.80000311136246,307.80000311136246,482.29999101161957,49.125,49.125,36.025,3.6999999999999997,3.6999999999999997,4.800000041723251,1.3440000116825104,1.3440000116825104,0.9600000083446503,0.0,0.0,0.0,0.0,0.0,0.0,0.002687962185919128,0.0026884214625759097,0.10682837906790421,0.10659785938861782,0.06854564751167987,0.11740636078605264,"[0.0, 0.0, 0.0, 0.0, 0.0, 0.0]","[0.800000011920929, 0.800000011920929, 0.8999999761581421, 0.75, 0.75, 0.75, 0.75, 0.75, 0.800000011920929, 0.800000011920929, 0.800000011920929, 0.800000011920929]"
2,200,INSERTION,8,0,0,0,307.80000311136246,307.80000311136246,482.29999101161957,49.125,49.125,36.025,3.6999999999999997,3.6999999999999997,4.800000041723251,1.3440000116825104,1.3440000116825104,0.9600000083446503,0.0,0.0,0.0,0.0,0.0,0.0,0.002522293935481532,0.0025325091491947955,0.10676647097295547,0.10650461352565485,0.06878513223284992,0.1295689044733742,"[0.0, 0.0, 0.0, 0.0, 0.0, 0.0]","[0.800000011920929, 0.800000011920929, 0.8999999761581421, 0.75, 0.75, 0.75, 0.75, 0.75, 0.800000011920929, 0.800000011920929, 0.800000011920929, 0.800000011920929]"
2,201,INSERTION,8,0,0,0,307.80000311136246,307.80000311136246,482.29999101161957,49.125,49.125,36.025,3.6999999999999997,3.6999999999999997,4.800000041723251,1.3440000116825104,1.3440000116825104,0.9600000083446503,0.0,0.0,0.0,0.0,0.0,0.0,0.002353019426708394,0.002373186361845036,0.10638364773830675,0.10609142994228432,0.06870237863335726,0.1423975405973449,"[0.0, 0.0, 0.0, 0.0, 0.0, 0.0]","[0.800000011920929, 0.800000011920929, 0.8999999761581421, 0.75, 0.75, 0.75, 0.75, 0.75, 0.800000011920929, 0.800000011920929, 0.800000011920929, 0.800000011920929]"
2,202,INSERTION,8,0,0,0,307.80000311136246,307.80000311136246,482.29999101161957,49.125,49.125,36.025,3.6999999999999997,3.6999999999999997,4.800000041723251,1.3440000116825104,1.3440000116825104,0.9600000083446503,0.0,0.0,0.0,0.0,0.0,0.0,0.0021803210504070755,0.0022106341196316518,0.10568335801232154,0.1053618522498587,0.06829945305773691,0.15553493708499752,"[0.0, 0.0, 0.0, 0.0, 0.0, 0.0]","[0.800000011920929, 0.800000011920929, 0.8999999761581421, 0.75, 0.75, 0.75, 0.75, 0.75, 0.800000011920929, 0.800000011920929, 0.800000011920929, 0.800000011920929]"
2,203,INSERTION,8,0,0,0,307.80000311136246,307.80000311136246,482.29999101161957,49.125,49.125,36.025,3.6999999999999997,3.6999999999999997,4.800000041723251,1.3440000116825104,1.3440000116825104,0.9600000083446503,0.0,0.0,0.0,0.0,0.0,0.0,0.0020044064420304494,0.00204506874765177,0.10467046659356055,0.1043208366837616,0.06757981389240117,0.16871989531485834,"[0.0, 0.0, 0.0, 0.0, 0.0, 0.0]","[0.800000011920929, 0.800000011920929, 0.8999999761581421, 0.75, 0.75, 0.75, 0.75, 0.75, 0.800000011920929, 0.800000011920929, 0.800000011920929, 0.800000011920929]"
2,204,INSERTION,8,0,0,0,307.80000311136246,307.80000311136246,482.29999101161957,49.125,49.125,36.025,3.6999999999999997,3.6999999999999997,4.800000041723251,1.3440000116825104,1.3440000116825104,0.9600000083446503,0.0,0.0,0.0,0.0,0.0,0.0,0.0018255142340461528,0.0018767519552690564,0.10335128669738694,0.10297478470901775,0.0665483406348757,0.18175764148993884,"[0.0, 0.0, 0.0, 0.0, 0.0, 0.0]","[0.800000011920929, 0.800000011920929, 0.8999999761581421, 0.75, 0.75, 0.75, 0.75, 0.75, 0.800000011920929, 0.800000011920929, 0.800000011920929, 0.800000011920929]"
2,205,INSERTION,8,0,0,0,307.80000311136246,307.80000311136246,482.29999101161957,49.125,49.125,36.025,3.6999999999999997,3.6999999999999997,4.800000041723251,1.3440000116825104,1.3440000116825104,0.9600000083446503,0.0,0.0,0.0,0.0,0.0,0.0,0.0016439203983276158,0.001706004554603866,0.10173360954053084,0.10133157281962196,0.0652113654068663,0.19449871415216072,"[0.0, 0.0, 0.0, 0.0, 0.0, 0.0]","[0.800000011920929, 0.800000011920929, 0.8999999761581421, 0.75, 0.75, 0.75, 0.75, 0.75, 0.800000011920929, 0.800000011920929, 0.800000011920929, 0.800000011920929]"
2,206,INSERTION,8,0,0,0,307.80000311136246,307.80000311136246,482.29999101161957,49.125,49.125,36.025,3.6999999999999997,3.6999999999999997,4.800000041723251,1.3440000116825104,1.3440000116825104,0.9600000083446503,0.0,0.0,0.0,0.0,0.0,0.0,0.001459946592870176,0.0015332274215065914,0.09982672714828325,0.0994005754316494,0.06357670197803572,0.20682470093154517,"[0.0, 0.0, 0.0, 0.0, 0.0, 0.0]","[0.800000011920929, 0.800000011920929, 0.8999999761581421, 0.75, 0.75, 0.75, 0.75, 0.75, 0.800000011920929, 0.800000011920929, 0.800000011920929, 0.800000011920929]"
2,207,INSERTION,8,0,0,0,307.80000311136246,307.80000311136246,482.29999101161957,49.125,49.125,36.025,3.6999999999999997,3.6999999999999997,4.800000041723251,1.3440000116825104,1.3440000116825104,0.9600000083446503,0.0,0.0,0.0,0.0,0.0,0.0,0.001273973685264517,0.0013589370145841422,0.09764144546040951,0.09719267794820208,0.061653668170895036,0.21863878294696892,"[0.0, 0.0, 0.0, 0.0, 0.0, 0.0]","[0.800000011920929, 0.800000011920929, 0.8999999761581421, 0.75, 0.75, 0.75, 0.75, 0.75, 0.800000011920929, 0.800000011920929, 0.800000011920929, 0.800000011920929]"
2,208,INSERTION,8,0,0,0,307.80000311136246,307.80000311136246,482.29999101161957,49.125,49.125,36.025,3.6999999999999997,3.6999999999999997,4.800000041723251,1.3440000116825104,1.3440000116825104,0.9600000083446503,0.0,0.0,0.0,0.0,0.0,0.0,0.0010864679976324352,0.0011838312163704498,0.09519008602417953,0.0947202782914339,0.05945309871554773,0.22985951070545885,"[0.0, 0.0, 0.0, 0.0, 0.0, 0.0]","[0.800000011920929, 0.800000011920929, 0.8999999761581421, 0.75, 0.75, 0.75, 0.75, 0.75, 0.800000011920929, 0.800000011920929, 0.800000011920929, 0.800000011920929]"
2,209,INSERTION,8,0,0,0,307.80000311136246,307.80000311136246,482.29999101161957,49.125,49.125,36.025,3.6999999999999997,3.6999999999999997,4.800000041723251,1.3440000116825104,1.3440000116825104,0.9600000083446503,0.0,0.0,0.0,0.0,0.0,0.0,0.0008980402623929882,0.001008922182740682,0.09248647548498903,0.09199727612237205,0.05698734686204573,0.24041672874659753,"[0.0, 0.0, 0.0, 0.0, 0.0, 0.0]","[0.800000011920929, 0.800000011920929, 0.8999999761581421, 0.75, 0.75, 0.75, 0.75, 0.75, 0.800000011920929, 0.800000011920929, 0.800000011920929, 0.800000011920929]"
2,210,INSERTION,8,0,0,0,307.80000311136246,307.80000311136246,482.29999101161957,49.125,49.125,36.025,3.6999999999999997,3.6999999999999997,4.800000041723251,1.3440000116825104,1.3440000116825104,0.9600000083446503,0.0,0.0,0.0,0.0,0.0,0.0,0.0007095989166651021,0.0008358298251311006,0.08954592253384863,0.08903904942025101,0.054270274011573895,0.2502489322023535,"[0.0, 0.0, 0.0, 0.0, 0.0, 0.0]","[0.800000011920929, 0.800000011920929, 0.8999999761581421, 0.75, 0.75, 0.75, 0.75, 0.75, 0.800000011920929, 0.800000011920929, 0.800000011920929, 0.800000011920929]"
2,211,INSERTION,8,0,0,0,307.80000311136246,307.80000311136246,482.29999101161957,49.125,49.125,36.025,3.6999999999999997,3.6999999999999997,4.800000041723251,1.3440000116825104,1.3440000116825104,0.9600000083446503,0.0,0.0,0.0,0.0,0.0,0.0,0.000522831508834746,0.0006675009318499349,0.08638518195807376,0.08586241808140305,0.05131722712029631,0.2593015827172458,"[0.0, 0.0, 0.0, 0.0, 0.0, 0.0]","[0.800000011920929, 0.800000011920929, 0.8999999761581421, 0.75, 0.75, 0.75, 0.75, 0.75, 0.800000011920929, 0.800000011920929, 0.800000011920929, 0.800000011920929]"
2,212,INSERTION,8,0,0,0,307.80000311136246,307.80000311136246,482.29999101161957,49.125,49.125,36.025,3.6999999999999997,3.6999999999999997,4.800000041723251,1.3440000116825104,1.3440000116825104,0.9600000083446503,0.0,0.0,0.0,0.0,0.0,0.0,0.00034221038322363725,0.0005101787505683071,0.08302240513042622,0.08248559388727048,0.04814500368678339,0.2675260691371892,"[0.0, 0.0, 0.0, 0.0, 0.0, 0.0]","[0.800000011920929, 0.800000011920929, 0.8999999761581421, 0.75, 0.75, 0.75, 0.75, 0.75, 0.800000011920929, 0.800000011920929, 0.800000011920929, 0.800000011920929]"
2,213,INSERTION,8,0,0,0,307.80000311136246,307.80000311136246,482.29999101161957,49.125,49.125,36.025,3.6999999999999997,3.6999999999999997,4.800000041723251,1.3440000116825104,1.3440000116825104,0.9600000083446503,0.0,0.0,0.0,0.0,0.0,0.0,0.00018787617370628922,0.0003791235396734513,0.07947707588469188,0.07892811580401171,0.044771803945455595,0.2748791007025597,"[0.0, 0.0, 0.0, 0.0, 0.0, 0.0]","[0.800000011920929, 0.800000011920929, 0.8999999761581421, 0.75, 0.75, 0.75, 0.75, 0.75, 0.800000011920929, 0.800000011920929, 0.800000011920929, 0.800000011920929]"
2,214,INSERTION,8,0,0,0,307.80000311136246,307.80000311136246,482.29999101161957,49.125,49.125,36.025,3.6999999999999997,3.6999999999999997,4.800000041723251,1.3440000116825104,1.3440000116825104,0.9600000083446503,0.0,0.0,0.0,0.0,0.0,0.0,0.00016647717738910782,0.0003102303663109846,0.0757699304522757,0.07521076930281795,0.04121716973005734,0.2813223880008411,"[0.0, 0.0, 0.0, 0.0, 0.0, 0.0]","[0.800000011920929, 0.800000011920929, 0.8999999761581421, 0.75, 0.75, 0.75, 0.75, 0.75, 0.800000011920929, 0.800000011920929, 0.800000011920929, 0.800000011920929]"
2,215,INSERTION,8,0,0,0,307.80000311136246,307.80000311136246,482.29999101161957,49.125,49.125,36.025,3.6999999999999997,3.6999999999999997,4.800000041723251,1.3440000116825104,1.3440000116825104,0.9600000083446503,0.0,0.0,0.0,0.0,0.0,0.0,0.00030562911411168866,0.00034274440360381614,0.07192286008317444,0.07135548833920771,0.03750190964994058,0.2868225125219731,"[0.0, 0.0, 0.0, 0.0, 0.0, 0.0]","[0.800000011920929, 0.800000011920929, 0.8999999761581421, 0.75, 0.75, 0.75, 0.75, 0.75, 0.800000011920929, 0.800000011920929, 0.800000011920929, 0.800000011920929]"
2,216,INSERTION,8,0,0,0,307.80000311136246,307.80000311136246,482.29999101161957,49.125,49.125,36.025,3.6999999999999997,3.6999999999999997,4.800000041723251,1.3440000116825104,1.3440000116825104,0.9600000083446503,0.0,0.0,0.0,0.0,0.0,0.0,0.0004802716288815147,0.0004543108035123874,0.0679587951677105,0.06738523882394362,0.0336480111198004,0.29135091693741655,"[0.0, 0.0, 0.0, 0.0, 0.0, 0.0]","[0.800000011920929, 0.800000011920929, 0.8999999761581421, 0.75, 0.75, 0.75, 0.75, 0.75, 0.800000011920929, 0.800000011920929, 0.800000011920929, 0.800000011920929]"
2,217,INSERTION,8,0,0,0,307.80000311136246,307.80000311136246,482.29999101161957,49.125,49.125,36.025,3.6999999999999997,3.6999999999999997,4.800000041723251,1.3440000116825104,1.3440000116825104,0.9600000083446503,0.0,0.0,0.0,0.0,0.0,0.0,0.0006610329505519332,0.0006010554310964257,0.06390157007359981,0.06332388281955337,0.029678542114313755,0.2948839696263581,"[0.0, 0.0, 0.0, 0.0, 0.0, 0.0]","[0.800000011920929, 0.800000011920929, 0.8999999761581421, 0.75, 0.75, 0.75, 0.75, 0.75, 0.800000011920929, 0.800000011920929, 0.800000011920929, 0.800000011920929]"
2,218,INSERTION,8,0,0,0,307.80000311136246,307.80000311136246,482.29999101161957,49.125,49.125,36.025,3.6999999999999997,3.6999999999999997,4.800000041723251,1.3440000116825104,1.3440000116825104,0.9600000083446503,0.0,0.0,0.0,0.0,0.0,0.0,0.0008420374222489862,0.0007613139288816433,0.05977576845082957,0.059196023239942934,0.02561755116505607,0.2974030711000612,"[0.0, 0.0, 0.0, 0.0, 0.0, 0.0]","[0.800000011920929, 0.800000011920929, 0.8999999761581421, 0.75, 0.75, 0.75, 0.75, 0.75, 0.800000011920929, 0.800000011920929, 0.800000011920929, 0.800000011920929]"
2,219,INSERTION,8,0,0,0,307.80000311136246,307.80000311136246,482.29999101161957,49.125,49.125,36.025,3.6999999999999997,3.6999999999999997,4.800000041723251,1.3440000116825104,1.3440000116825104,0.9600000083446503,0.0,0.0,0.0,0.0,0.0,0.0,0.0010211644688421524,0.0009263768095087607,0.05560654937275932,0.05502682945453457,0.02148998900642209,0.29889477848466817,"[0.0, 0.0, 0.0, 0.0, 0.0, 0.0]","[0.800000011920929, 0.800000011920929, 0.8999999761581421, 0.75, 0.75, 0.75, 0.75, 0.75, 0.800000011920929, 0.800000011920929, 0.800000011920929, 0.800000011920929]"
2,220,INSERTION,8,0,0,0,307.80000311136246,307.80000311136246,482.29999101161957,49.125,49.125,36.025,3.6999999999999997,3.6999999999999997,4.800000041723251,1.3440000116825104,1.3440000116825104,0.9600000083446503,0.0,0.0,0.0,0.0,0.0,0.0,0.001197242365247388,0.001092268944980977,0.05141945533758698,0.05084184486299808,0.017321721074272486,0.29935092848784456,"[0.0, 0.0, 0.0, 0.0, 0.0, 0.0]","[0.800000011920929, 0.800000011920929, 0.8999999761581421, 0.75, 0.75, 0.75, 0.75, 0.75, 0.800000011920929, 0.800000011920929, 0.800000011920929, 0.800000011920929]"
2,221,INSERTION,8,0,0,0,307.80000311136246,307.80000311136246,482.29999101161957,49.125,49.125,36.025,3.6999999999999997,3.6999999999999997,4.800000041723251,1.3440000116825104,1.3440000116825104,0.9600000083446503,0.0,0.0,0.0,0.0,0.0,0.0,0.0013694253005806264,0.001256818504873199,0.047240203843571214,0.04666677820221845,0.013139873273684662,0.2987687409232241,"[0.0, 0.0, 0.0, 0.0, 0.0, 0.0]","[0.800000011920929, 0.800000011920929, 0.8999999761581421, 0.75, 0.75, 0.75, 0.75, 0.75, 0.800000011920929, 0.800000011920929, 0.800000011920929, 0.800000011920929]"
2,222,INSERTION,8,0,0,0,307.80000311136246,307.80000311136246,482.29999101161957,49.125,49.125,36.025,3.6999999999999997,3.6999999999999997,4.800000041723251,1.3440000116825104,1.3440000116825104,0.9600000083446503,0.0,0.0,0.0,0.0,0.0,0.0,0.0015370064957332854,0.0014186273233181433,0.04309446499847291,0.04252728109280179,0.008974633424702163,0.29715088612001733,"[0.0, 0.0, 0.0, 0.0, 0.0, 0.0]","[0.800000011920929, 0.800000011920929, 0.8999999761581421, 0.75, 0.75, 0.75, 0.75, 0.75, 0.800000011920929, 0.800000011920929, 0.800000011920929, 0.800000011920929]"
2,223,INSERTION,8,0,0,0,307.80000311136246,307.80000311136246,482.29999101161957,49.125,49.125,36.025,3.6999999999999997,3.6999999999999997,4.800000041723251,1.3440000116825104,1.3440000116825104,0.9600000083446503,0.0,0.0,0.0,0.0,0.0,0.0,0.0016993512271135294,0.001576670282590471,0.03900762847309185,0.038448715167628066,0.004871061549062447,0.2945055031347783,"[0.0, 0.0, 0.0, 0.0, 0.0, 0.0]","[0.800000011920929, 0.800000011920929, 0.8999999761581421, 0.75, 0.75, 0.75, 0.75, 0.75, 0.800000011920929, 0.800000011920929, 0.800000011920929, 0.800000011920929]"
2,224,INSERTION,8,0,0,0,307.80000311136246,307.80000311136246,482.29999101161957,49.125,49.125,36.025,3.6999999999999997,3.6999999999999997,4.800000041723251,1.3440000116825104,1.3440000116825104,0.9600000083446503,0.0,0.0,0.0,0.0,0.0,0.0,0.001855870695961801,0.0017301229866528473,0.03500456410424085,0.03445591309171394,0.0011751334242549093,0.2908461641004247,"[0.0, 0.0, 0.0, 0.0, 0.0, 0.0]","[0.800000011920929, 0.800000011920929, 0.8999999761581421, 0.75, 0.75, 0.75, 0.75, 0.75, 0.800000011920929, 0.800000011920929, 0.800000011920929, 0.800000011920929]"
2,225,INSERTION,8,0,0,0,307.80000311136246,307.80000311136246,482.29999101161957,49.125,49.125,36.025,3.6999999999999997,3.6999999999999997,4.800000041723251,1.3440000116825104,1.3440000116825104,0.9600000083446503,0.0,0.0,0.0,0.0,0.0,0.0,0.002006012120007991,0.0018782816738383678,0.031109381602499674,0.03057293889436629,0.003445388647652803,0.28619179416803664,"[0.0, 0.0, 0.0, 0.0, 0.0, 0.0]","[0.800000011920929, 0.800000011920929, 0.8999999761581421, 0.75, 0.75, 0.75, 0.75, 0.75, 0.800000011920929, 0.800000011920929, 0.800000011920929, 0.800000011920929]"
2,226,INSERTION,8,0,0,0,307.80000311136246,307.80000311136246,482.29999101161957,49.125,49.125,36.025,3.6999999999999997,3.6999999999999997,4.800000041723251,1.3440000116825104,1.3440000116825104,0.9600000083446503,0.0,0.0,0.0,0.0,0.0,0.0,0.0021492560595543332,0.0020205241201962086,0.027345196047961033,0.02682285422683827,0.007267275197232275,0.28056657421887954,"[0.0, 0.0, 0.0, 0.0, 0.0, 0.0]","[0.800000011920929, 0.800000011920929, 0.8999999761581421, 0.75, 0.75, 0.75, 0.75, 0.75, 0.800000011920929, 0.800000011920929, 0.800000011920929, 0.800000011920929]"
2,227,INSERTION,8,0,0,0,307.80000311136246,307.80000311136246,482.29999101161957,49.125,49.125,36.025,3.6999999999999997,3.6999999999999997,4.800000041723251,1.3440000116825104,1.3440000116825104,0.9600000083446503,0.0,0.0,0.0,0.0,0.0,0.0,0.0022851172471043193,0.002156290268641995,0.023733906946391208,0.023227498229965636,0.01100721704668332,0.2739998696666662,"[0.0, 0.0, 0.0, 0.0, 0.0, 0.0]","[0.800000011920929, 0.800000011920929, 0.8999999761581421, 0.75, 0.75, 0.75, 0.75, 0.75, 0.800000011920929, 0.800000011920929, 0.800000011920929, 0.800000011920929]"
2,228,INSERTION,8,0,0,0,307.80000311136246,307.80000311136246,482.29999101161957,49.125,49.125,36.025,3.6999999999999997,3.6999999999999997,4.800000041723251,1.3440000116825104,1.3440000116825104,0.9600000083446503,0.0,0.0,0.0,0.0,0.0,0.0,0.002413147149101544,0.0022850729484896314,0.02029599918575061,0.019807289272797922,0.014604503035184069,0.2665262371679451,"[0.0, 0.0, 0.0, 0.0, 0.0, 0.0]","[0.800000011920929, 0.800000011920929, 0.8999999761581421, 0.75, 0.75, 0.75, 0.75, 0.75, 0.800000011920929, 0.800000011920929, 0.800000011920929, 0.800000011920929]"
2,229,INSERTION,8,0,0,0,307.80000311136246,307.80000311136246,482.29999101161957,49.125,49.125,36.025,3.6999999999999997,3.6999999999999997,4.800000041723251,1.3440000116825104,1.3440000116825104,0.9600000083446503,0.0,0.0,0.0,0.0,0.0,0.0,0.0025329372606349653,0.002406413922002096,0.017050373788402372,0.016581056410846,0.01803177317856637,0.2581855590044336,"[0.0, 0.0, 0.0, 0.0, 0.0, 0.0]","[0.800000011920929, 0.800000011920929, 0.8999999761581421, 0.75, 0.75, 0.75, 0.75, 0.75, 0.800000011920929, 0.800000011920929, 0.800000011920929, 0.800000011920929]"
2,230,INSERTION,8,0,0,0,307.80000311136246,307.80000311136246,482.29999101161957,49.125,49.125,36.025,3.6999999999999997,3.6999999999999997,4.800000041723251,1.3440000116825104,1.3440000116825104,0.9600000083446503,0.0,0.0,0.0,0.0,0.0,0.0,0.002644122462716558,0.002519902684134537,0.01401421448810821,0.013565906585806135,0.02126797648254138,0.24902334591455472,"[0.0, 0.0, 0.0, 0.0, 0.0, 0.0]","[0.800000011920929, 0.800000011920929, 0.8999999761581421, 0.75, 0.75, 0.75, 0.75, 0.75, 0.800000011920929, 0.800000011920929, 0.800000011920929, 0.800000011920929]"
2,231,INSERTION,8,0,0,0,307.80000311136246,307.80000311136246,482.29999101161957,49.125,49.125,36.025,3.6999999999999997,3.6999999999999997,4.800000041723251,1.3440000116825104,1.3440000116825104,0.9600000083446503,0.0,0.0,0.0,0.0,0.0,0.0,0.00274638396082978,0.002625176521948318,0.011202892820817982,0.010777130276814838,0.024295059322062558,0.2390912431082321,"[0.0, 0.0, 0.0, 0.0, 0.0, 0.0]","[0.800000011920929, 0.800000011920929, 0.8999999761581421, 0.75, 0.75, 0.75, 0.75, 0.75, 0.800000011920929, 0.800000011920929, 0.800000011920929, 0.800000011920929]"
2,232,INSERTION,8,0,0,0,307.80000311136246,307.80000311136246,482.29999101161957,49.125,49.125,36.025,3.6999999999999997,3.6999999999999997,4.800000041723251,1.3440000116825104,1.3440000116825104,0.9600000083446503,0.0,0.0,0.0,0.0,0.0,0.0,0.0028394514958959617,0.0027219209559582696,0.008629910107110055,0.008228144009558645,0.027097246827780603,0.2284477829762488,"[0.0, 0.0, 0.0, 0.0, 0.0, 0.0]","[0.800000011920929, 0.800000011920929, 0.8999999761581421, 0.75, 0.75, 0.75, 0.75, 0.75, 0.800000011920929, 0.800000011920929, 0.800000011920929, 0.800000011920929]"
2,233,INSERTION,8,0,0,0,307.80000311136246,307.80000311136246,482.29999101161957,49.125,49.125,36.025,3.6999999999999997,3.6999999999999997,4.800000041723251,1.3440000116825104,1.3440000116825104,0.9600000083446503,0.0,0.0,0.0,0.0,0.0,0.0,0.0029231047007355865,0.002809870093905029,0.006306870396102025,0.005930463810774854,0.02966083900664943,0.21715946066876002,"[0.0, 0.0, 0.0, 0.0, 0.0, 0.0]","[0.800000011920929, 0.800000011920929, 0.8999999761581421, 0.75, 0.75, 0.75, 0.75, 0.75, 0.800000011920929, 0.800000011920929, 0.800000011920929, 0.800000011920929]"
2,234,INSERTION,8,0,0,0,307.80000311136246,307.80000311136246,482.29999101161957,49.125,49.125,36.025,3.6999999999999997,3.6999999999999997,4.800000041723251,1.3440000116825104,1.3440000116825104,0.9600000083446503,0.0,0.0,0.0,0.0,0.0,0.0,0.002997173643632114,0.0028888067154878073,0.004243475173774734,0.0038937004094459424,0.0319741355312675,0.20530227042009697,"[0.0, 0.0, 0.0, 0.0, 0.0, 0.0]","[0.800000011920929, 0.800000011920929, 0.8999999761581421, 0.75, 0.75, 0.75, 0.75, 0.75, 0.800000011920929, 0.800000011920929, 0.800000011920929, 0.800000011920929]"
2,235,INSERTION,8,0,1,0,307.80000311136246,307.80000311136246,482.29999101161957,49.125,49.125,36.025,3.6999999999999997,3.6999999999999997,4.800000041723251,1.3440000116825104,1.3440000116825104,0.9600000083446503,0.0,0.0,0.0,0.0,0.0,0.0,0.0030615387241613294,0.0029585620990755282,0.002447529005115766,0.002125565333010941,0.03402739539469437,0.19296393604085318,"[0.0, 0.0, 0.0, 0.0, 0.0, 0.0]","[0.800000011920929, 0.800000011920929, 0.8999999761581421, 0.75, 0.75, 0.75, 0.75, 0.75, 0.800000011920929, 0.800000011920929, 0.800000011920929, 0.800000011920929]"
2,236,INSERTION,8,0,1,0,145.9800018668175,145.9800018668175,388.05000000000007,23.025000259280205,23.025000259280205,16.88500019013882,4.119999933242798,4.119999933242798,5.324999958276749,1.4909999883174894,1.4909999883174894,1.0649999916553496,0.0,0.0,0.0,0.0,0.0,0.0,0.0031179279803271952,0.0030207443728554532,0.0009114816656314514,0.000618118465741356,0.03581280882519919,0.18024720805515632,"[0.0, 0.0, 0.0, 0.0, 0.0, 0.0]","[0.18000000715255737, 0.18000000715255737, 0.8500000238418579, 0.15000000596046448, 0.15000000596046448, 0.15000000596046448, 0.8999999761581421, 0.8999999761581421, 0.949999988079071, 0.949999988079071, 0.949999988079071, 0.949999988079071]"
2,237,INSERTION,8,0,1,0,145.9800018668175,145.9800018668175,388.05000000000007,23.025000259280205,23.025000259280205,16.88500019013882,4.119999933242798,4.119999933242798,5.324999958276749,1.4909999883174894,1.4909999883174894,1.0649999916553496,0.0,0.0,0.0,0.0,0.0,0.0,0.003169539650170475,0.0030783742718769836,0.0,0.0,0.03733815653277055,0.167413110607017,"[0.0, 0.0, 0.0, 0.0, 0.0, 0.0]","[0.18000000715255737, 0.18000000715255737, 0.8500000238418579, 0.15000000596046448, 0.15000000596046448, 0.15000000596046448, 0.8999999761581421, 0.8999999761581421, 0.949999988079071, 0.949999988079071, 0.949999988079071, 0.949999988079071]"
2,238,INSERTION,8,0,1,0,145.9800018668175,145.9800018668175,388.05000000000007,23.025000259280205,23.025000259280205,16.88500019013882,4.119999933242798,4.119999933242798,5.324999958276749,1.4909999883174894,1.4909999883174894,1.0649999916553496,0.0,0.0,0.0,0.0,0.0,0.0,0.003216467287469922,0.003131505161027506,0.0,0.0,0.038624011064459465,0.15484882293597146,"[0.0, 0.0, 0.0, 0.0, 0.0, 0.0]","[0.18000000715255737, 0.18000000715255737, 0.8500000238418579, 0.15000000596046448, 0.15000000596046448, 0.15000000596046448, 0.8999999761581421, 0.8999999761581421, 0.949999988079071, 0.949999988079071, 0.949999988079071, 0.949999988079071]"
2,239,INSERTION,8,0,1,0,145.9800018668175,145.9800018668175,388.05000000000007,23.025000259280205,23.025000259280205,16.88500019013882,4.119999933242798,4.119999933242798,5.324999958276749,1.4909999883174894,1.4909999883174894,1.0649999916553496,0.0,0.0,0.0,0.0,0.0,0.0,0.003258718520398908,0.003180117445898861,0.0,0.0,0.03966991710073798,0.14269077787983184,"[0.0, 0.0, 0.0, 0.0, 0.0, 0.0]","[0.18000000715255737, 0.18000000715255737, 0.8500000238418579, 0.15000000596046448, 0.15000000596046448, 0.15000000596046448, 0.8999999761581421, 0.8999999761581421, 0.949999988079071, 0.949999988079071, 0.949999988079071, 0.949999988079071]"
2,240,INSERTION,8,0,1,0,145.9800018668175,145.9800018668175,388.05000000000007,23.025000259280205,23.025000259280205,16.88500019013882,4.119999933242798,4.119999933242798,5.324999958276749,1.4909999883174894,1.4909999883174894,1.0649999916553496,0.0,0.0,0.0,0.0,0.0,0.0,0.0032963184781203787,0.0032242115509327806,0.0,0.0,0.0404762691224827,0.13109418795193475,"[0.0, 0.0, 0.0, 0.0, 0.0, 0.0]","[0.18000000715255737, 0.18000000715255737, 0.8500000238418579, 0.15000000596046448, 0.15000000596046448, 0.15000000596046448, 0.8999999761581421, 0.8999999761581421, 0.949999988079071, 0.949999988079071, 0.949999988079071, 0.949999988079071]"
2,241,INSERTION,8,0,1,0,145.9800018668175,145.9800018668175,388.05000000000007,23.025000259280205,23.025000259280205,16.88500019013882,4.119999933242798,4.119999933242798,5.324999958276749,1.4909999883174894,1.4909999883174894,1.0649999916553496,0.0,0.0,0.0,0.0,0.0,0.0,0.003329311048491466,0.0032638093357836217,0.0,0.0,0.04104498710289063,0.12025877306185521,"[0.0, 0.0, 0.0, 0.0, 0.0, 0.0]","[0.18000000715255737, 0.18000000715255737, 0.8500000238418579, 0.15000000596046448, 0.15000000596046448, 0.15000000596046448, 0.8999999761581421, 0.8999999761581421, 0.949999988079071, 0.949999988079071, 0.949999988079071, 0.949999988079071]"
2,242,INSERTION,8,0,1,0,145.9800018668175,145.9800018668175,388.05000000000007,23.025000259280205,23.025000259280205,16.88500019013882,4.119999933242798,4.119999933242798,5.324999958276749,1.4909999883174894,1.4909999883174894,1.0649999916553496,0.0,0.0,0.0,0.0,0.0,0.0,0.00335775376293769,0.0032989510528403814,0.0,0.0,0.041379712281900204,0.11043724544688575,"[0.0, 0.0, 0.0, 0.0, 0.0, 0.0]","[0.18000000715255737, 0.18000000715255737, 0.8500000238418579, 0.15000000596046448, 0.15000000596046448, 0.15000000596046448, 0.8999999761581421, 0.8999999761581421, 0.949999988079071, 0.949999988079071, 0.949999988079071, 0.949999988079071]"
2,243,INSERTION,8,0,1,0,145.9800018668175,145.9800018668175,388.05000000000007,23.025000259280205,23.025000259280205,16.88500019013882,4.119999933242798,4.119999933242798,5.324999958276749,1.4909999883174894,1.4909999883174894,1.0649999916553496,0.0,0.0,0.0,0.0,0.0,0.0,0.003381716088743831,0.003329696184725738,0.0,0.0,0.04148603954270843,0.10193856899594363,"[0.0, 0.0, 0.0, 0.0, 0.0, 0.0]","[0.18000000715255737, 0.18000000715255737, 0.8500000238418579, 0.15000000596046448, 0.15000000596046448, 0.15000000596046448, 0.8999999761581421, 0.8999999761581421, 0.949999988079071, 0.949999988079071, 0.949999988079071, 0.949999988079071]"
2,244,INSERTION,8,0,1,0,145.9800018668175,145.9800018668175,388.05000000000007,23.025000259280205,23.025000259280205,16.88500019013882,4.119999933242798,4.119999933242798,5.324999958276749,1.4909999883174894,1.4909999883174894,1.0649999916553496,0.0,0.0,0.0,0.0,0.0,0.0,0.003401280677442301,0.0033561278437725423,0.0,0.0,0.04137188937180913,0.09511802193808058,"[0.0, 0.0, 0.0, 0.0, 0.0, 0.0]","[0.18000000715255737, 0.18000000715255737, 0.8500000238418579, 0.15000000596046448, 0.15000000596046448, 0.15000000596046448, 0.8999999761581421, 0.8999999761581421, 0.949999988079071, 0.949999988079071, 0.949999988079071, 0.949999988079071]"
2,245,INSERTION,8,0,1,0,145.9800018668175,145.9800018668175,388.05000000000007,23.025000259280205,23.025000259280205,16.88500019013882,4.119999933242798,4.119999933242798,5.324999958276749,1.4909999883174894,1.4909999883174894,1.0649999916553496,0.0,0.0,0.0,0.0,0.0,0.0,0.003416551029706237,0.003378361128733918,0.0,0.0,0.041048075681788566,0.09034034582636115,"[0.0, 0.0, 0.0, 0.0, 0.0, 0.0]","[0.18000000715255737, 0.18000000715255737, 0.8500000238418579, 0.15000000596046448, 0.15000000596046448, 0.15000000596046448, 0.8999999761581421, 0.8999999761581421, 0.949999988079071, 0.949999988079071, 0.949999988079071, 0.949999988079071]"
2,246,INSERTION,8,0,1,0,145.9800018668175,145.9800018668175,388.05000000000007,23.025000259280205,23.025000259280205,16.88500019013882,4.119999933242798,4.119999933242798,5.324999958276749,1.4909999883174894,1.4909999883174894,1.0649999916553496,0.0,0.0,0.0,0.0,0.0,0.0,0.003427665581811832,0.0033965503765184,0.0,0.0,0.040528366487144606,0.08790969315807756,"[0.0, 0.0, 0.0, 0.0, 0.0, 0.0]","[0.18000000715255737, 0.18000000715255737, 0.8500000238418579, 0.15000000596046448, 0.15000000596046448, 0.15000000596046448, 0.8999999761581421, 0.8999999761581421, 0.949999988079071, 0.949999988079071, 0.949999988079071, 0.949999988079071]"
2,247,INSERTION,8,0,1,0,145.9800018668175,145.9800018668175,388.05000000000007,23.025000259280205,23.025000259280205,16.88500019013882,4.119999933242798,4.119999933242798,5.324999958276749,1.4909999883174894,1.4909999883174894,1.0649999916553496,0.0,0.0,0.0,0.0,0.0,0.0,0.003434799646161823,0.0034108842406616983,0.0,0.0,0.03982835898686738,0.08798563350625396,"[0.0, 0.0, 0.0, 0.0, 0.0, 0.0]","[0.18000000715255737, 0.18000000715255737, 0.8500000238418579, 0.15000000596046448, 0.15000000596046448, 0.15000000596046448, 0.8999999761581421, 0.8999999761581421, 0.949999988079071, 0.949999988079071, 0.949999988079071, 0.949999988079071]"
2,248,INSERTION,8,0,1,0,145.9800018668175,145.9800018668175,388.05000000000007,23.025000259280205,23.025000259280205,16.88500019013882,4.119999933242798,4.119999933242798,5.324999958276749,1.4909999883174894,1.4909999883174894,1.0649999916553496,0.0,0.0,0.0,0.0,0.0,0.0,0.003438157027350878,0.0034215723010471485,0.00020167940262724032,0.00025200773373997704,0.03896425747958743,0.09052601689463502,"[0.0, 0.0, 0.0, 0.0, 0.0, 0.0]","[0.18000000715255737, 0.18000000715255737, 0.8500000238418579, 0.15000000596046448, 0.15000000596046448, 0.15000000596046448, 0.8999999761581421, 0.8999999761581421, 0.949999988079071, 0.949999988079071, 0.949999988079071, 0.949999988079071]"
2,249,INSERTION,8,0,1,0,145.9800018668175,145.9800018668175,388.05000000000007,23.025000259280205,23.025000259280205,16.88500019013882,4.119999933242798,4.119999933242798,5.324999958276749,1.4909999883174894,1.4909999883174894,1.0649999916553496,0.0,0.0,0.0,0.0,0.0,0.0,0.003437955731626351,0.003428827887830341,0.001347082100777268,0.0014249908103906792,0.03795129861672879,0.09529913251791781,"[0.0, 0.0, 0.0, 0.0, 0.0, 0.0]","[0.18000000715255737, 0.18000000715255737, 0.8500000238418579, 0.15000000596046448, 0.15000000596046448, 0.15000000596046448, 0.8999999761581421, 0.8999999761581421, 0.949999988079071, 0.949999988079071, 0.949999988079071, 0.949999988079071]"
2,250,INSERTION,8,0,1,0,145.9800018668175,145.9800018668175,388.05000000000007,23.025000259280205,23.025000259280205,16.88500019013882,4.119999933242798,4.119999933242798,5.324999958276749,1.4909999883174894,1.4909999883174894,1.0649999916553496,0.0,0.0,0.0,0.0,0.0,0.0,0.003434412320204192,0.0034328519552662405,0.0026198407709831437,0.0027250182556897637,0.03680237133234381,0.10195794650776284,"[0.0, 0.0, 0.0, 0.0, 0.0, 0.0]","[0.18000000715255737, 0.18000000715255737, 0.8500000238418579, 0.15000000596046448, 0.15000000596046448, 0.15000000596046448, 0.8999999761581421, 0.8999999761581421, 0.949999988079071, 0.949999988079071, 0.949999988079071, 0.949999988079071]"
2,251,INSERTION,8,0,0,0,145.9800018668175,145.9800018668175,388.05000000000007,23.025000259280205,23.025000259280205,16.88500019013882,4.119999933242798,4.119999933242798,5.324999958276749,1.4909999883174894,1.4909999883174894,1.0649999916553496,0.0,0.0,0.0,0.0,0.0,0.0,0.0034277291999582106,0.0034338214338595664,0.00401353067192519,0.00414563730988015,0.035527277322514254,0.11012653874023326,"[0.0, 0.0, 0.0, 0.0, 0.0, 0.0]","[0.18000000715255737, 0.18000000715255737, 0.8500000238418579, 0.15000000596046448, 0.15000000596046448, 0.15000000596046448, 0.8999999761581421, 0.8999999761581421, 0.949999988079071, 0.949999988079071, 0.949999988079071, 0.949999988079071]"
2,252,INSERTION,8,0,0,0,307.80000311136246,307.80000311136246,482.29999101161957,49.125,49.125,36.025,3.6999999999999997,3.6999999999999997,4.800000041723251,1.3440000116825104,1.3440000116825104,0.9600000083446503,0.0,0.0,0.0,0.0,0.0,0.0,0.0034163819051385097,0.003430168952160342,0.005538604387703226,0.00569734688070813,0.034132660644457184,0.11945913693970216,"[0.0, 0.0, 0.0, 0.0, 0.0, 0.0]","[0.800000011920929, 0.800000011920929, 0.8999999761581421, 0.75, 0.75, 0.75, 0.75, 0.75, 0.800000011920929, 0.800000011920929, 0.800000011920929, 0.800000011920929]"
2,253,INSERTION,8,0,0,0,307.80000311136246,307.80000311136246,482.29999101161957,49.125,49.125,36.025,3.6999999999999997,3.6999999999999997,4.800000041723251,1.3440000116825104,1.3440000116825104,0.9600000083446503,0.0,0.0,0.0,0.0,0.0,0.0,0.0033976866782873074,0.0034191391778994685,0.007216725480620044,0.007401899373166453,0.03260821969994334,0.12965827235791744,"[0.0, 0.0, 0.0, 0.0, 0.0, 0.0]","[0.800000011920929, 0.800000011920929, 0.8999999761581421, 0.75, 0.75, 0.75, 0.75, 0.75, 0.800000011920929, 0.800000011920929, 0.800000011920929, 0.800000011920929]"
2,254,INSERTION,8,0,0,0,307.80000311136246,307.80000311136246,482.29999101161957,49.125,49.125,36.025,3.6999999999999997,3.6999999999999997,4.800000041723251,1.3440000116825104,1.3440000116825104,0.9600000083446503,0.0,0.0,0.0,0.0,0.0,0.0,0.0033719392211205464,0.003400952811295215,0.009045763002748584,0.0092570928236951,0.030932444227296373,0.14048307634430554,"[0.0, 0.0, 0.0, 0.0, 0.0, 0.0]","[0.800000011920929, 0.800000011920929, 0.8999999761581421, 0.75, 0.75, 0.75, 0.75, 0.75, 0.800000011920929, 0.800000011920929, 0.800000011920929, 0.800000011920929]"
2,255,INSERTION,8,0,0,0,307.80000311136246,307.80000311136246,482.29999101161957,49.125,49.125,36.025,3.6999999999999997,3.6999999999999997,4.800000041723251,1.3440000116825104,1.3440000116825104,0.9600000083446503,0.0,0.0,0.0,0.0,0.0,0.0,0.0033394771834331298,0.0033758687823824103,0.011023475522540009,0.011260610033790412,0.02910800676772102,0.151742340951101,"[0.0, 0.0, 0.0, 0.0, 0.0, 0.0]","[0.800000011920929, 0.800000011920929, 0.8999999761581421, 0.75, 0.75, 0.75, 0.75, 0.75, 0.800000011920929, 0.800000011920929, 0.800000011920929, 0.800000011920929]"
2,256,INSERTION,8,0,0,0,307.80000311136246,307.80000311136246,482.29999101161957,49.125,49.125,36.025,3.6999999999999997,3.6999999999999997,4.800000041723251,1.3440000116825104,1.3440000116825104,0.9600000083446503,0.0,0.0,0.0,0.0,0.0,0.0,0.0033006511330852307,0.003344155405954395,0.013146870774076995,0.013409384465883238,0.02713789960899718,0.16327599554387778,"[0.0, 0.0, 0.0, 0.0, 0.0, 0.0]","[0.800000011920929, 0.800000011920929, 0.8999999761581421, 0.75, 0.75, 0.75, 0.75, 0.75, 0.800000011920929, 0.800000011920929, 0.800000011920929, 0.800000011920929]"
2,257,INSERTION,8,0,0,0,307.80000311136246,307.80000311136246,482.29999101161957,49.125,49.125,36.025,3.6999999999999997,3.6999999999999997,4.800000041723251,1.3440000116825104,1.3440000116825104,0.9600000083446503,0.0,0.0,0.0,0.0,0.0,0.0,0.00325583222138878,0.0033060992965113973,0.015411506463513767,0.015698899874510445,0.02502617445759666,0.17494868472076103,"[0.0, 0.0, 0.0, 0.0, 0.0, 0.0]","[0.800000011920929, 0.800000011920929, 0.8999999761581421, 0.75, 0.75, 0.75, 0.75, 0.75, 0.800000011920929, 0.800000011920929, 0.800000011920929, 0.800000011920929]"
2,258,INSERTION,8,0,0,0,307.80000311136246,307.80000311136246,482.29999101161957,49.125,49.125,36.025,3.6999999999999997,3.6999999999999997,4.800000041723251,1.3440000116825104,1.3440000116825104,0.9600000083446503,0.0,0.0,0.0,0.0,0.0,0.0,0.0032054192898032254,0.0032620135495853276,0.017811057212801094,0.01812275677065355,0.02277882219340033,0.1866439568155008,"[0.0, 0.0, 0.0, 0.0, 0.0, 0.0]","[0.800000011920929, 0.800000011920929, 0.8999999761581421, 0.75, 0.75, 0.75, 0.75, 0.75, 0.800000011920929, 0.800000011920929, 0.800000011920929, 0.800000011920929]"
2,259,INSERTION,8,0,0,0,307.80000311136246,307.80000311136246,482.29999101161957,49.125,49.125,36.025,3.6999999999999997,3.6999999999999997,4.800000041723251,1.3440000116825104,1.3440000116825104,0.9600000083446503,0.0,0.0,0.0,0.0,0.0,0.0,0.0031498409257305566,0.0032122405145417767,0.020337144805062872,0.02067250375303164,0.020404534419005717,0.19825989841603323,"[0.0, 0.0, 0.0, 0.0, 0.0, 0.0]","[0.800000011920929, 0.800000011920929, 0.8999999761581421, 0.75, 0.75, 0.75, 0.75, 0.75, 0.800000011920929, 0.800000011920929, 0.800000011920929, 0.800000011920929]"
2,260,INSERTION,8,0,0,0,307.80000311136246,307.80000311136246,482.29999101161957,49.125,49.125,36.025,3.6999999999999997,3.6999999999999997,4.800000041723251,1.3440000116825104,1.3440000116825104,0.9600000083446503,0.0,0.0,0.0,0.0,0.0,0.0,0.0030895560455897436,0.0031571524142126237,0.022979177491096757,0.023337477225529944,0.017915509651886524,0.20970630295896933,"[0.0, 0.0, 0.0, 0.0, 0.0, 0.0]","[0.800000011920929, 0.800000011920929, 0.8999999761581421, 0.75, 0.75, 0.75, 0.75, 0.75, 0.800000011920929, 0.800000011920929, 0.800000011920929, 0.800000011920929]"
2,261,INSERTION,8,0,0,0,307.80000311136246,307.80000311136246,482.29999101161957,49.125,49.125,36.025,3.6999999999999997,3.6999999999999997,4.800000041723251,1.3440000116825104,1.3440000116825104,0.9600000083446503,0.0,0.0,0.0,0.0,0.0,0.0,0.003025057003056121,0.0030971547351759583,0.02572467263769484,0.026105121811504366,0.015328946023676798,0.22090217426551595,"[0.0, 0.0, 0.0, 0.0, 0.0, 0.0]","[0.800000011920929, 0.800000011920929, 0.8999999761581421, 0.75, 0.75, 0.75, 0.75, 0.75, 0.800000011920929, 0.800000011920929, 0.800000011920929, 0.800000011920929]"
2,262,INSERTION,8,0,0,0,307.80000311136246,307.80000311136246,482.29999101161957,49.125,49.125,36.025,3.6999999999999997,3.6999999999999997,4.800000041723251,1.3440000116825104,1.3440000116825104,0.9600000083446503,0.0,0.0,0.0,0.0,0.0,0.0,0.0029568616863982137,0.00303267915649232,0.028559794779229618,0.02896153127660294,0.012669829278536979,0.2317730674057797,"[0.0, 0.0, 0.0, 0.0, 0.0, 0.0]","[0.800000011920929, 0.800000011920929, 0.8999999761581421, 0.75, 0.75, 0.75, 0.75, 0.75, 0.800000011920929, 0.800000011920929, 0.800000011920929, 0.800000011920929]"
2,263,INSERTION,8,0,0,0,307.80000311136246,307.80000311136246,482.29999101161957,49.125,49.125,36.025,3.6999999999999997,3.6999999999999997,4.800000041723251,1.3440000116825104,1.3440000116825104,0.9600000083446503,0.0,0.0,0.0,0.0,0.0,0.0,0.0028855081354778192,0.002964178860627465,0.03146969904347895,0.03189179245803666,0.009978682899122342,0.24225104965416366,"[0.0, 0.0, 0.0, 0.0, 0.0, 0.0]","[0.800000011920929, 0.800000011920929, 0.8999999761581421, 0.75, 0.75, 0.75, 0.75, 0.75, 0.800000011920929, 0.800000011920929, 0.800000011920929, 0.800000011920929]"
2,264,INSERTION,8,0,0,0,307.80000311136246,307.80000311136246,482.29999101161957,49.125,49.125,36.025,3.6999999999999997,3.6999999999999997,4.800000041723251,1.3440000116825104,1.3440000116825104,0.9600000083446503,0.0,0.0,0.0,0.0,0.0,0.0,0.002811549906048391,0.0028921246883811982,0.034438787125801,0.03488024143551715,0.007337581331732536,0.2522739778082299,"[0.0, 0.0, 0.0, 0.0, 0.0, 0.0]","[0.800000011920929, 0.800000011920929, 0.8999999761581421, 0.75, 0.75, 0.75, 0.75, 0.75, 0.800000011920929, 0.800000011920929, 0.800000011920929, 0.800000011920929]"
2,265,INSERTION,8,0,0,0,307.80000311136246,307.80000311136246,482.29999101161957,49.125,49.125,36.025,3.6999999999999997,3.6999999999999997,4.800000041723251,1.3440000116825104,1.3440000116825104,0.9600000083446503,0.0,0.0,0.0,0.0,0.0,0.0,0.0027355513925139793,0.002817001457384996,0.03745091757790744,0.037910674214690125,0.004973228731056038,0.2617848725734965,"[0.0, 0.0, 0.0, 0.0, 0.0, 0.0]","[0.800000011920929, 0.800000011920929, 0.8999999761581421, 0.75, 0.75, 0.75, 0.75, 0.75, 0.800000011920929, 0.800000011920929, 0.800000011920929, 0.800000011920929]"
2,266,INSERTION,8,0,0,0,307.80000311136246,307.80000311136246,482.29999101161957,49.125,49.125,36.025,3.6999999999999997,3.6999999999999997,4.800000041723251,1.3440000116825104,1.3440000116825104,0.9600000083446503,0.0,0.0,0.0,0.0,0.0,0.0,0.0026580832123921983,0.002739304576269701,0.04048958759914852,0.040966528987074556,0.0036491115917580133,0.2707315740017055,"[0.0, 0.0, 0.0, 0.0, 0.0, 0.0]","[0.800000011920929, 0.800000011920929, 0.8999999761581421, 0.75, 0.75, 0.75, 0.75, 0.75, 0.800000011920929, 0.800000011920929, 0.800000011920929, 0.800000011920929]"
2,267,INSERTION,8,0,0,0,307.80000311136246,307.80000311136246,482.29999101161957,49.125,49.125,36.025,3.6999999999999997,3.6999999999999997,4.800000041723251,1.3440000116825104,1.3440000116825104,0.9600000083446503,0.0,0.0,0.0,0.0,0.0,0.0,0.0025797177280141317,0.0026595370454214075,0.04353809558692353,0.04403104914280603,0.004502616662986375,0.27906659022684854,"[0.0, 0.0, 0.0, 0.0, 0.0, 0.0]","[0.800000011920929, 0.800000011920929, 0.8999999761581421, 0.75, 0.75, 0.75, 0.75, 0.75, 0.800000011920929, 0.800000011920929, 0.800000011920929, 0.800000011920929]"
2,268,INSERTION,8,0,0,0,307.80000311136246,307.80000311136246,482.29999101161957,49.125,49.125,36.025,3.6999999999999997,3.6999999999999997,4.800000041723251,1.3440000116825104,1.3440000116825104,0.9600000083446503,0.0,0.0,0.0,0.0,0.0,0.0,0.0025010247206188616,0.0025782068790073734,0.04657968971691794,0.04708743227440373,0.006774287876053511,0.2867470660288855,"[0.0, 0.0, 0.0, 0.0, 0.0, 0.0]","[0.800000011920929, 0.800000011920929, 0.8999999761581421, 0.75, 0.75, 0.75, 0.75, 0.75, 0.800000011920929, 0.800000011920929, 0.800000011920929, 0.800000011920929]"
2,269,INSERTION,8,0,0,0,307.80000311136246,307.80000311136246,482.29999101161957,49.125,49.125,36.025,3.6999999999999997,3.6999999999999997,4.800000041723251,1.3440000116825104,1.3440000116825104,0.9600000083446503,0.0,0.0,0.0,0.0,0.0,0.0,0.0024225672003872537,0.0024958249577951177,0.0495977054846246,0.05011896808807408,0.009489218316295817,0.29373482321340055,"[0.0, 0.0, 0.0, 0.0, 0.0, 0.0]","[0.800000011920929, 0.800000011920929, 0.8999999761581421, 0.75, 0.75, 0.75, 0.75, 0.75, 0.800000011920929, 0.800000011920929, 0.800000011920929, 0.800000011920929]"
2,270,INSERTION,8,0,0,0,307.80000311136246,307.80000311136246,482.29999101161957,49.125,49.125,36.025,3.6999999999999997,3.6999999999999997,4.800000041723251,1.3440000116825104,1.3440000116825104,0.9600000083446503,0.0,0.0,0.0,0.0,0.0,0.0,0.0023448973107681186,0.0024129033005709506,0.05257569370325962,0.05310916670973278,0.01233720098112805,0.29999643890247857,"[0.0, 0.0, 0.0, 0.0, 0.0, 0.0]","[0.800000011920929, 0.800000011920929, 0.8999999761581421, 0.75, 0.75, 0.75, 0.75, 0.75, 0.800000011920929, 0.800000011920929, 0.800000011920929, 0.800000011920929]"
2,271,INSERTION,8,0,0,0,307.80000311136246,307.80000311136246,482.29999101161957,49.125,49.125,36.025,3.6999999999999997,3.6999999999999997,4.800000041723251,1.3440000116825104,1.3440000116825104,0.9600000083446503,0.0,0.0,0.0,0.0,0.0,0.0,0.0022685522597516578,0.002329953713678122,0.05549753956049002,0.056041877984414505,0.015213473582853292,0.3055033364416974,"[0.0, 0.0, 0.0, 0.0, 0.0, 0.0]","[0.800000011920929, 0.800000011920929, 0.8999999761581421, 0.75, 0.75, 0.75, 0.75, 0.75, 0.800000011920929, 0.800000011920929, 0.800000011920929, 0.800000011920929]"
2,272,INSERTION,8,0,0,0,307.80000311136246,307.80000311136246,482.29999101161957,49.125,49.125,36.025,3.6999999999999997,3.6999999999999997,4.800000041723251,1.3440000116825104,1.3440000116825104,0.9600000083446503,0.0,0.0,0.0,0.0,0.0,0.0,0.0021940501867303065,0.0022474867422449364,0.0583475727885051,0.05890140182271269,0.018068657482714644,0.31023186986245904,"[0.0, 0.0, 0.0, 0.0, 0.0, 0.0]","[0.800000011920929, 0.800000011920929, 0.8999999761581421, 0.75, 0.75, 0.75, 0.75, 0.75, 0.800000011920929, 0.800000011920929, 0.800000011920929, 0.800000011920929]"
2,273,INSERTION,8,0,0,0,307.80000311136246,307.80000311136246,482.29999101161957,49.125,49.125,36.025,3.6999999999999997,3.6999999999999997,4.800000041723251,1.3440000116825104,1.3440000116825104,0.9600000083446503,0.0,0.0,0.0,0.0,0.0,0.0,0.0021218858559052317,0.0021660108034778913,0.06111066868622988,0.06167258933392313,0.020872094567781854,0.314163387696134,"[0.0, 0.0, 0.0, 0.0, 0.0, 0.0]","[0.800000011920929, 0.800000011920929, 0.8999999761581421, 0.75, 0.75, 0.75, 0.75, 0.75, 0.800000011920929, 0.800000011920929, 0.800000011920929, 0.800000011920929]"
2,274,INSERTION,8,0,0,0,307.80000311136246,307.80000311136246,482.29999101161957,49.125,49.125,36.025,3.6999999999999997,3.6999999999999997,4.800000041723251,1.3440000116825104,1.3440000116825104,0.9600000083446503,0.0,0.0,0.0,0.0,0.0,0.0,0.0020525260610425636,0.002086031332017367,0.06377233958549777,0.06434093433953922,0.02360098012169232,0.31728426584651515,"[0.0, 0.0, 0.0, 0.0, 0.0, 0.0]","[0.800000011920929, 0.800000011920929, 0.8999999761581421, 0.75, 0.75, 0.75, 0.75, 0.75, 0.800000011920929, 0.800000011920929, 0.800000011920929, 0.800000011920929]"
2,275,INSERTION,8,0,0,0,307.80000311136246,307.80000311136246,482.29999101161957,49.125,49.125,36.025,3.6999999999999997,3.6999999999999997,4.800000041723251,1.3440000116825104,1.3440000116825104,0.9600000083446503,0.0,0.0,0.0,0.0,0.0,0.0,0.0019864046372416867,0.002008049710043557,0.06631881633807526,0.0668926548463799,0.026236502130853885,0.3195859025191407,"[0.0, 0.0, 0.0, 0.0, 0.0, 0.0]","[0.800000011920929, 0.800000011920929, 0.8999999761581421, 0.75, 0.75, 0.75, 0.75, 0.75, 0.800000011920929, 0.800000011920929, 0.800000011920929, 0.800000011920929]"
2,276,INSERTION,8,0,0,0,307.80000311136246,307.80000311136246,482.29999101161957,49.125,49.125,36.025,3.6999999999999997,3.6999999999999997,4.800000041723251,1.3440000116825104,1.3440000116825104,0.9600000083446503,0.0,0.0,0.0,0.0,0.0,0.0,0.00192391700878884,0.0019325616924942845,0.06873711949292763,0.0693147641516717,0.02876227673823088,0.3210646711528505,"[0.0, 0.0, 0.0, 0.0, 0.0, 0.0]","[0.800000011920929, 0.800000011920929, 0.8999999761581421, 0.75, 0.75, 0.75, 0.75, 0.75, 0.800000011920929, 0.800000011920929, 0.800000011920929, 0.800000011920929]"
2,277,INSERTION,8,0,0,0,307.80000311136246,307.80000311136246,482.29999101161957,49.125,49.125,36.025,3.6999999999999997,3.6999999999999997,4.800000041723251,1.3440000116825104,1.3440000116825104,0.9600000083446503,0.0,0.0,0.0,0.0,0.0,0.0,0.0018654142628143104,0.0018600549759947818,0.0710151200115654,0.07159513143160906,0.031163653714040257,0.32172183007668353,"[0.0, 0.0, 0.0, 0.0, 0.0, 0.0]","[0.800000011920929, 0.800000011920929, 0.8999999761581421, 0.75, 0.75, 0.75, 0.75, 0.75, 0.800000011920929, 0.800000011920929, 0.800000011920929, 0.800000011920929]"
2,278,INSERTION,8,0,0,0,307.80000311136246,307.80000311136246,482.29999101161957,49.125,49.125,36.025,3.6999999999999997,3.6999999999999997,4.800000041723251,1.3440000116825104,1.3440000116825104,0.9600000083446503,0.0,0.0,0.0,0.0,0.0,0.0,0.0018111968283614007,0.0017910055102785822,0.07314158961090236,0.07372253190750669,0.033427388850962705,0.32156339028294806,"[0.0, 0.0, 0.0, 0.0, 0.0, 0.0]","[0.800000011920929, 0.800000011920929, 0.8999999761581421, 0.75, 0.75, 0.75, 0.75, 0.75, 0.800000011920929, 0.800000011920929, 0.800000011920929, 0.800000011920929]"
2,279,INSERTION,8,0,0,0,307.80000311136246,307.80000311136246,482.29999101161957,49.125,49.125,36.025,3.6999999999999997,3.6999999999999997,4.800000041723251,1.3440000116825104,1.3440000116825104,0.9600000083446503,0.0,0.0,0.0,0.0,0.0,0.0,0.0017615079563323898,0.0017258721319089812,0.07510624110264721,0.07568668696439809,0.03554148328075273,0.32059994522328494,"[0.0, 0.0, 0.0, 0.0, 0.0, 0.0]","[0.800000011920929, 0.800000011920929, 0.8999999761581421, 0.75, 0.75, 0.75, 0.75, 0.75, 0.800000011920929, 0.800000011920929, 0.800000011920929, 0.800000011920929]"
2,280,INSERTION,8,0,0,0,307.80000311136246,307.80000311136246,482.29999101161957,49.125,49.125,36.025,3.6999999999999997,3.6999999999999997,4.800000041723251,1.3440000116825104,1.3440000116825104,0.9600000083446503,0.0,0.0,0.0,0.0,0.0,0.0,0.0017165273264319147,0.0016650891386944572,0.07689975938938623,0.07747829488920727,0.037495102460255406,0.31884646879995754,"[0.0, 0.0, 0.0, 0.0, 0.0, 0.0]","[0.800000011920929, 0.800000011920929, 0.8999999761581421, 0.75, 0.75, 0.75, 0.75, 0.75, 0.800000011920929, 0.800000011920929, 0.800000011920929, 0.800000011920929]"
2,281,INSERTION,8,0,0,0,307.80000311136246,307.80000311136246,482.29999101161957,49.125,49.125,36.025,3.6999999999999997,3.6999999999999997,4.800000041723251,1.3440000116825104,1.3440000116825104,0.9600000083446503,0.0,0.0,0.0,0.0,0.0,0.0,0.0016763652323219676,0.0016090565509621403,0.07851382405438018,0.07908905317346493,0.039278534007590536,0.3163220896318357,"[0.0, 0.0, 0.0, 0.0, 0.0, 0.0]","[0.800000011920929, 0.800000011920929, 0.8999999761581421, 0.75, 0.75, 0.75, 0.75, 0.75, 0.800000011920929, 0.800000011920929, 0.800000011920929, 0.800000011920929]"
2,282,INSERTION,8,0,0,0,307.80000311136246,307.80000311136246,482.29999101161957,49.125,49.125,36.025,3.6999999999999997,3.6999999999999997,4.800000041723251,1.3440000116825104,1.3440000116825104,0.9600000083446503,0.0,0.0,0.0,0.0,0.0,0.0,0.0016410578877477764,0.0015581280513816047,0.07994112472140727,0.08051167356554867,0.04088316438236049,0.3130498511464606,"[0.0, 0.0, 0.0, 0.0, 0.0, 0.0]","[0.800000011920929, 0.800000011920929, 0.8999999761581421, 0.75, 0.75, 0.75, 0.75, 0.75, 0.800000011920929, 0.800000011920929, 0.800000011920929, 0.800000011920929]"
2,283,INSERTION,8,0,0,0,307.80000311136246,307.80000311136246,482.29999101161957,49.125,49.125,36.025,3.6999999999999997,3.6999999999999997,4.800000041723251,1.3440000116825104,1.3440000116825104,0.9600000083446503,0.0,0.0,0.0,0.0,0.0,0.0,0.0016105644243199534,0.0015125969695835297,0.08117537054317456,0.08173989123998737,0.042301464424196515,0.3090564680605329,"[0.0, 0.0, 0.0, 0.0, 0.0, 0.0]","[0.800000011920929, 0.800000011920929, 0.8999999761581421, 0.75, 0.75, 0.75, 0.75, 0.75, 0.800000011920929, 0.800000011920929, 0.800000011920929, 0.800000011920929]"
2,284,INSERTION,8,0,0,0,307.80000311136246,307.80000311136246,482.29999101161957,49.125,49.125,36.025,3.6999999999999997,3.6999999999999997,4.800000041723251,1.3440000116825104,1.3440000116825104,0.9600000083446503,0.0,0.0,0.0,0.0,0.0,0.0,0.0015847660927670165,0.0014726811566974653,0.08221129528648241,0.08276846956105591,0.04352697887940978,0.30437209039036484,"[0.0, 0.0, 0.0, 0.0, 0.0, 0.0]","[0.800000011920929, 0.800000011920929, 0.8999999761581421, 0.75, 0.75, 0.75, 0.75, 0.75, 0.800000011920929, 0.800000011920929, 0.800000011920929, 0.800000011920929]"
2,285,INSERTION,8,0,0,0,307.80000311136246,307.80000311136246,482.29999101161957,49.125,49.125,36.025,3.6999999999999997,3.6999999999999997,4.800000041723251,1.3440000116825104,1.3440000116825104,0.9600000083446503,0.0,0.0,0.0,0.0,0.0,0.0,0.0015634680274136613,0.0014385081016104054,0.08304465950800638,0.0835932019432584,0.04455431776841723,0.2990300863565864,"[0.0, 0.0, 0.0, 0.0, 0.0, 0.0]","[0.800000011920929, 0.800000011920929, 0.8999999761581421, 0.75, 0.75, 0.75, 0.75, 0.75, 0.800000011920929, 0.800000011920929, 0.800000011920929, 0.800000011920929]"
2,286,INSERTION,8,0,0,0,307.80000311136246,307.80000311136246,482.29999101161957,49.125,49.125,36.025,3.6999999999999997,3.6999999999999997,4.800000041723251,1.3440000116825104,1.3440000116825104,0.9600000083446503,0.0,0.0,0.0,0.0,0.0,0.0,0.0015464037052083342,0.0014101020462800602,0.08367225124826438,0.0842109122443816,0.045379148916694326,0.29306685551861317,"[0.0, 0.0, 0.0, 0.0, 0.0, 0.0]","[0.800000011920929, 0.800000011920929, 0.8999999761581421, 0.75, 0.75, 0.75, 0.75, 0.75, 0.800000011920929, 0.800000011920929, 0.800000011920929, 0.800000011920929]"
2,287,INSERTION,8,0,0,0,307.80000311136246,307.80000311136246,482.29999101161957,49.125,49.125,36.025,3.6999999999999997,3.6999999999999997,4.800000041723251,1.3440000116825104,1.3440000116825104,0.9600000083446503,0.0,0.0,0.0,0.0,0.0,0.0,0.00153324196483953,0.0013873750077526244,0.08409188650839858,0.08461945496293202,0.045998191734427735,0.2865216833102021,"[0.0, 0.0, 0.0, 0.0, 0.0, 0.0]","[0.800000011920929, 0.800000011920929, 0.8999999761581421, 0.75, 0.75, 0.75, 0.75, 0.75, 0.800000011920929, 0.800000011920929, 0.800000011920929, 0.800000011920929]"
2,288,INSERTION,8,0,0,0,307.80000311136246,307.80000311136246,482.29999101161957,49.125,49.125,36.025,3.6999999999999997,3.6999999999999997,4.800000041723251,1.3440000116825104,1.3440000116825104,0.9600000083446503,0.0,0.0,0.0,0.0,0.0,0.0,0.0015235961999014338,0.0013701233870307978,0.08430241051384396,0.08481771624996451,0.046409212658612024,0.2794366479607699,"[0.0, 0.0, 0.0, 0.0, 0.0, 0.0]","[0.800000011920929, 0.800000011920929, 0.8999999761581421, 0.75, 0.75, 0.75, 0.75, 0.75, 0.800000011920929, 0.800000011920929, 0.800000011920929, 0.800000011920929]"
2,289,INSERTION,8,0,0,0,307.80000311136246,307.80000311136246,482.29999101161957,49.125,49.125,36.025,3.6999999999999997,3.6999999999999997,4.800000041723251,1.3440000116825104,1.3440000116825104,0.9600000083446503,0.0,0.0,0.0,0.0,0.0,0.0,0.001517035151521923,0.0013580312148793543,0.08430370041509605,0.08480561638985681,0.04661102271121693,0.2718565906758941,"[0.0, 0.0, 0.0, 0.0, 0.0, 0.0]","[0.800000011920929, 0.800000011920929, 0.8999999761581421, 0.75, 0.75, 0.75, 0.75, 0.75, 0.800000011920929, 0.800000011920929, 0.800000011920929, 0.800000011920929]"
2,290,INSERTION,8,0,0,0,307.80000311136246,307.80000311136246,482.29999101161957,49.125,49.125,36.025,3.6999999999999997,3.6999999999999997,4.800000041723251,1.3440000116825104,1.3440000116825104,0.9600000083446503,0.0,0.0,0.0,0.0,0.0,0.0,0.0015130946317316255,0.0013506801637462502,0.08409666964063556,0.08458411396750709,0.04660347746211068,0.2638291599910478,"[0.0, 0.0, 0.0, 0.0, 0.0, 0.0]","[0.800000011920929, 0.800000011920929, 0.8999999761581421, 0.75, 0.75, 0.75, 0.75, 0.75, 0.800000011920929, 0.800000011920929, 0.800000011920929, 0.800000011920929]"
2,291,INSERTION,8,0,0,0,307.80000311136246,307.80000311136246,482.29999101161957,49.125,49.125,36.025,3.6999999999999997,3.6999999999999997,4.800000041723251,1.3440000116825104,1.3440000116825104,0.9600000083446503,0.0,0.0,0.0,0.0,0.0,0.0,0.0015112895151625924,0.0013475654692469115,0.0836832736235226,0.08415521144368354,0.04638747937251846,0.2554049414528594,"[0.0, 0.0, 0.0, 0.0, 0.0, 0.0]","[0.800000011920929, 0.800000011920929, 0.8999999761581421, 0.75, 0.75, 0.75, 0.75, 0.75, 0.800000011920929, 0.800000011920929, 0.800000011920929, 0.800000011920929]"
2,292,INSERTION,8,0,0,0,307.80000311136246,307.80000311136246,482.29999101161957,49.125,49.125,36.025,3.6999999999999997,3.6999999999999997,4.800000041723251,1.3440000116825104,1.3440000116825104,0.9600000083446503,0.0,0.0,0.0,0.0,0.0,0.0,0.0015111254256069352,0.0013481161115887624,0.08306651610752494,0.08352196134228937,0.045964982082993364,0.24663768421918647,"[0.0, 0.0, 0.0, 0.0, 0.0, 0.0]","[0.800000011920929, 0.800000011920929, 0.8999999761581421, 0.75, 0.75, 0.75, 0.75, 0.75, 0.800000011920929, 0.800000011920929, 0.800000011920929, 0.800000011920929]"
2,293,INSERTION,8,0,0,0,307.80000311136246,307.80000311136246,482.29999101161957,49.125,49.125,36.025,3.6999999999999997,3.6999999999999997,4.800000041723251,1.3440000116825104,1.3440000116825104,0.9600000083446503,0.0,0.0,0.0,0.0,0.0,0.0,0.0015121096831234773,0.0013517171935637528,0.08225045475107379,0.08268847176351876,0.04533899575141819,0.2375846366953858,"[0.0, 0.0, 0.0, 0.0, 0.0, 0.0]","[0.800000011920929, 0.800000011920929, 0.8999999761581421, 0.75, 0.75, 0.75, 0.75, 0.75, 0.800000011920929, 0.800000011920929, 0.800000011920929, 0.800000011920929]"
2,294,INSERTION,8,0,0,0,307.80000311136246,307.80000311136246,482.29999101161957,49.125,49.125,36.025,3.6999999999999997,3.6999999999999997,4.800000041723251,1.3440000116825104,1.3440000116825104,0.9600000083446503,0.0,0.0,0.0,0.0,0.0,0.0,0.0015137612317931964,0.0013577324676684098,0.08124020434813581,0.08165990953583657,0.04451359210189761,0.2283070036128274,"[0.0, 0.0, 0.0, 0.0, 0.0, 0.0]","[0.800000011920929, 0.800000011920929, 0.8999999761581421, 0.75, 0.75, 0.75, 0.75, 0.75, 0.800000011920929, 0.800000011920929, 0.800000011920929, 0.800000011920929]"
2,295,INSERTION,8,0,0,0,307.80000311136246,307.80000311136246,482.29999101161957,49.125,49.125,36.025,3.6999999999999997,3.6999999999999997,4.800000041723251,1.3440000116825104,1.3440000116825104,0.9600000083446503,0.0,0.0,0.0,0.0,0.0,0.0,0.0015156194102532558,0.0013655253271677547,0.08004193573559928,0.08044249906898762,0.0434939074821606,0.21887053625894481,"[0.0, 0.0, 0.0, 0.0, 0.0, 0.0]","[0.800000011920929, 0.800000011920929, 0.8999999761581421, 0.75, 0.75, 0.75, 0.75, 0.75, 0.800000011920929, 0.800000011920929, 0.800000011920929, 0.800000011920929]"
2,296,INSERTION,8,0,0,0,307.80000311136246,307.80000311136246,482.29999101161957,49.125,49.125,36.025,3.6999999999999997,3.6999999999999997,4.800000041723251,1.3440000116825104,1.3440000116825104,0.9600000083446503,0.0,0.0,0.0,0.0,0.0,0.0,0.0015172515412784017,0.0013744771253521486,0.07866286840542203,0.0790435149183881,0.04228614201266088,0.20934626439990278,"[0.0, 0.0, 0.0, 0.0, 0.0, 0.0]","[0.800000011920929, 0.800000011920929, 0.8999999761581421, 0.75, 0.75, 0.75, 0.75, 0.75, 0.800000011920929, 0.800000011920929, 0.800000011920929, 0.800000011920929]"
2,297,INSERTION,8,0,0,0,307.80000311136246,307.80000311136246,482.29999101161957,49.125,49.125,36.025,3.6999999999999997,3.6999999999999997,4.800000041723251,1.3440000116825104,1.3440000116825104,0.9600000083446503,0.0,0.0,0.0,0.0,0.0,0.0,0.0015182593990706254,0.001384002261499703,0.0771112550068686,0.07747126623854683,0.040897552899567494,0.1998113701217293,"[0.0, 0.0, 0.0, 0.0, 0.0, 0.0]","[0.800000011920929, 0.800000011920929, 0.8999999761581421, 0.75, 0.75, 0.75, 0.75, 0.75, 0.800000011920929, 0.800000011920929, 0.800000011920929, 0.800000011920929]"
2,298,INSERTION,8,0,0,0,307.80000311136246,307.80000311136246,482.29999101161957,49.125,49.125,36.025,3.6999999999999997,3.6999999999999997,4.800000041723251,1.3440000116825104,1.3440000116825104,0.9600000083446503,0.0,0.0,0.0,0.0,0.0,0.0,0.0015182846674826433,0.0013935599560306211,0.07539635629072133,0.07573507167051766,0.039336440204306794,0.19035018591381467,"[0.0, 0.0, 0.0, 0.0, 0.0, 0.0]","[0.800000011920929, 0.800000011920929, 0.8999999761581421, 0.75, 0.75, 0.75, 0.75, 0.75, 0.800000011920929, 0.800000011920929, 0.800000011920929, 0.800000011920929]"
2,299,INSERTION,8,0,0,0,307.80000311136246,307.80000311136246,482.29999101161957,49.125,49.125,36.025,3.6999999999999997,3.6999999999999997,4.800000041723251,1.3440000116825104,1.3440000116825104,0.9600000083446503,0.0,0.0,0.0,0.0,0.0,0.0,0.001517013535945531,0.0014026629782880554,0.07352840555487075,0.0738452237170786,0.03761212380696886,0.18105526502651323,"[0.0, 0.0, 0.0, 0.0, 0.0, 0.0]","[0.800000011920929, 0.800000011920929, 0.8999999761581421, 0.75, 0.75, 0.75, 0.75, 0.75, 0.800000011920929, 0.800000011920929, 0.800000011920929, 0.800000011920929]"
2,300,INSERTION,8,0,0,0,307.80000311136246,307.80000311136246,482.29999101161957,49.125,49.125,36.025,3.6999999999999997,3.6999999999999997,4.800000041723251,1.3440000116825104,1.3440000116825104,0.9600000083446503,0.0,0.0,0.0,0.0,0.0,0.0,0.0015141805983332685,0.0014108837861269647,0.07151856221337088,0.07181294222335416,0.035734910930398954,0.17202841203390792,"[0.0, 0.0, 0.0, 0.0, 0.0, 0.0]","[0.800000011920929, 0.800000011920929, 0.8999999761581421, 0.75, 0.75, 0.75, 0.75, 0.75, 0.800000011920929, 0.800000011920929, 0.800000011920929, 0.800000011920929]"
2,301,INSERTION,8,0,0,0,307.80000311136246,307.80000311136246,482.29999101161957,49.125,49.125,36.025,3.6999999999999997,3.6999999999999997,4.800000041723251,1.3440000116825104,1.3440000116825104,0.9600000083446503,0.0,0.0,0.0,0.0,0.0,0.0,0.001509572226653405,0.001417858613295515,0.06937885463838628,0.06965031710928046,0.033716054354602974,0.1633814646686679,"[0.0, 0.0, 0.0, 0.0, 0.0, 0.0]","[0.800000011920929, 0.800000011920929, 0.8999999761581421, 0.75, 0.75, 0.75, 0.75, 0.75, 0.800000011920929, 0.800000011920929, 0.800000011920929, 0.800000011920929]"
2,302,INSERTION,8,0,0,0,307.80000311136246,307.80000311136246,482.29999101161957,49.125,49.125,36.025,3.6999999999999997,3.6999999999999997,4.800000041723251,1.3440000116825104,1.3440000116825104,0.9600000083446503,0.0,0.0,0.0,0.0,0.0,0.0,0.0015030295870537005,0.0014232900334554116,0.06712211284521452,0.06737024092230898,0.03156770232063938,0.1552364763935027,"[0.0, 0.0, 0.0, 0.0, 0.0, 0.0]","[0.800000011920929, 0.800000011920929, 0.8999999761581421, 0.75, 0.75, 0.75, 0.75, 0.75, 0.800000011920929, 0.800000011920929, 0.800000011920929, 0.800000011920929]"
2,303,INSERTION,8,0,0,0,307.80000311136246,307.80000311136246,482.29999101161957,49.125,49.125,36.025,3.6999999999999997,3.6999999999999997,4.800000041723251,1.3440000116825104,1.3440000116825104,0.9600000083446503,0.0,0.0,0.0,0.0,0.0,0.0,0.0014944514495018333,0.0014269484704713354,0.06476189186925205,0.06498633205851245,0.029302842153590584,0.1477247692503949,"[0.0, 0.0, 0.0, 0.0, 0.0, 0.0]","[0.800000011920929, 0.800000011920929, 0.8999999761581421, 0.75, 0.75, 0.75, 0.75, 0.75, 0.800000011920929, 0.800000011920929, 0.800000011920929, 0.800000011920929]"
2,304,INSERTION,8,0,0,0,307.80000311136246,307.80000311136246,482.29999101161957,49.125,49.125,36.025,3.6999999999999997,3.6999999999999997,4.800000041723251,1.3440000116825104,1.3440000116825104,0.9600000083446503,0.0,0.0,0.0,0.0,0.0,0.0,0.0014837969136686992,0.0014286730373363442,0.0623123868237545,0.06251284964115986,0.02693524104774607,0.14098415066561887,"[0.0, 0.0, 0.0, 0.0, 0.0, 0.0]","[0.800000011920929, 0.800000011920929, 0.8999999761581421, 0.75, 0.75, 0.75, 0.75, 0.75, 0.800000011920929, 0.800000011920929, 0.800000011920929, 0.800000011920929]"
2,305,INSERTION,8,0,0,0,307.80000311136246,307.80000311136246,482.29999101161957,49.125,49.125,36.025,3.6999999999999997,3.6999999999999997,4.800000041723251,1.3440000116825104,1.3440000116825104,0.9600000083446503,0.0,0.0,0.0,0.0,0.0,0.0,0.001471088131247704,0.0014283719866832476,0.05978834066153282,0.059964601080887824,0.02447938981627261,0.13515352279762943,"[0.0, 0.0, 0.0, 0.0, 0.0, 0.0]","[0.800000011920929, 0.800000011920929, 0.8999999761581421, 0.75, 0.75, 0.75, 0.75, 0.75, 0.800000011920929, 0.800000011920929, 0.800000011920929, 0.800000011920929]"
2,306,INSERTION,8,0,0,0,307.80000311136246,307.80000311136246,482.29999101161957,49.125,49.125,36.025,3.6999999999999997,3.6999999999999997,4.800000041723251,1.3440000116825104,1.3440000116825104,0.9600000083446503,0.0,0.0,0.0,0.0,0.0,0.0,0.0014564130483284493,0.0014260229534707742,0.0572049456391378,0.05735684331766735,0.021950460035296434,0.13036434131082014,"[0.0, 0.0, 0.0, 0.0, 0.0, 0.0]","[0.800000011920929, 0.800000011920929, 0.8999999761581421, 0.75, 0.75, 0.75, 0.75, 0.75, 0.800000011920929, 0.800000011920929, 0.800000011920929, 0.800000011920929]"
2,307,INSERTION,8,0,0,0,307.80000311136246,307.80000311136246,482.29999101161957,49.125,49.125,36.025,3.6999999999999997,3.6999999999999997,4.800000041723251,1.3440000116825104,1.3440000116825104,0.9600000083446503,0.0,0.0,0.0,0.0,0.0,0.0,0.0014399281189204642,0.001421673069363494,0.05457773944359078,0.05470517870686125,0.019364295155592907,0.12672910068700832,"[0.0, 0.0, 0.0, 0.0, 0.0, 0.0]","[0.800000011920929, 0.800000011920929, 0.8999999761581421, 0.75, 0.75, 0.75, 0.75, 0.75, 0.800000011920929, 0.800000011920929, 0.800000011920929, 0.800000011920929]"
2,308,INSERTION,8,0,0,0,307.80000311136246,307.80000311136246,482.29999101161957,49.125,49.125,36.025,3.6999999999999997,3.6999999999999997,4.800000041723251,1.3440000116825104,1.3440000116825104,0.9600000083446503,0.0,0.0,0.0,0.0,0.0,0.0,0.0014218608494103373,0.0014154389293265393,0.051922496922354004,0.0520254464928829,0.016737480525142116,0.12432826303001997,"[0.0, 0.0, 0.0, 0.0, 0.0, 0.0]","[0.800000011920929, 0.800000011920929, 0.8999999761581421, 0.75, 0.75, 0.75, 0.75, 0.75, 0.800000011920929, 0.800000011920929, 0.800000011920929, 0.800000011920929]"
2,309,INSERTION,8,0,0,0,307.80000311136246,307.80000311136246,482.29999101161957,49.125,49.125,36.025,3.6999999999999997,3.6999999999999997,4.800000041723251,1.3440000116825104,1.3440000116825104,0.9600000083446503,0.0,0.0,0.0,0.0,0.0,0.0,0.0014025119195870946,0.001407506292716751,0.049255118374040334,0.04933361083138498,0.014087602028018965,0.1231984102986429,"[0.0, 0.0, 0.0, 0.0, 0.0, 0.0]","[0.800000011920929, 0.800000011920929, 0.8999999761581421, 0.75, 0.75, 0.75, 0.75, 0.75, 0.800000011920929, 0.800000011920929, 0.800000011920929, 0.800000011920929]"
2,310,INSERTION,8,0,0,0,307.80000311136246,307.80000311136246,482.29999101161957,49.125,49.125,36.025,3.6999999999999997,3.6999999999999997,4.800000041723251,1.3440000116825104,1.3440000116825104,0.9600000083446503,0.0,0.0,0.0,0.0,0.0,0.0,0.001382256484993262,0.001398129301724414,0.04659151541285,0.04664564637706025,0.011433998505499697,0.12332503628552138,"[0.0, 0.0, 0.0, 0.0, 0.0, 0.0]","[0.800000011920929, 0.800000011920929, 0.8999999761581421, 0.75, 0.75, 0.75, 0.75, 0.75, 0.800000011920929, 0.800000011920929, 0.800000011920929, 0.800000011920929]"
2,311,INSERTION,8,0,0,0,307.80000311136246,307.80000311136246,482.29999101161957,49.125,49.125,36.025,3.6999999999999997,3.6999999999999997,4.800000041723251,1.3440000116825104,1.3440000116825104,0.9600000083446503,0.0,0.0,0.0,0.0,0.0,0.0,0.0013615440970627102,0.0013876288986075973,0.0439474955055368,0.04397742254065692,0.00880001231437114,0.12464251905550651,"[0.0, 0.0, 0.0, 0.0, 0.0, 0.0]","[0.800000011920929, 0.800000011920929, 0.8999999761581421, 0.75, 0.75, 0.75, 0.75, 0.75, 0.800000011920929, 0.800000011920929, 0.800000011920929, 0.800000011920929]"
2,312,INSERTION,8,0,0,0,307.80000311136246,307.80000311136246,482.29999101161957,49.125,49.125,36.025,3.6999999999999997,3.6999999999999997,4.800000041723251,1.3440000116825104,1.3440000116825104,0.9600000083446503,0.0,0.0,0.0,0.0,0.0,0.0,0.00134089648958796,0.001376390022388917,0.041338646380838555,0.04134458762061801,0.006220918982613541,0.127041532569501,"[0.0, 0.0, 0.0, 0.0, 0.0, 0.0]","[0.800000011920929, 0.800000011920929, 0.8999999761581421, 0.75, 0.75, 0.75, 0.75, 0.75, 0.800000011920929, 0.800000011920929, 0.800000011920929, 0.800000011920929]"
2,313,INSERTION,8,0,0,0,307.80000311136246,307.80000311136246,482.29999101161957,49.125,49.125,36.025,3.6999999999999997,3.6999999999999997,4.800000041723251,1.3440000116825104,1.3440000116825104,0.9600000083446503,0.0,0.0,0.0,0.0,0.0,0.0,0.0013209022964514711,0.0013648570743520806,0.0387802216093952,0.0387624541133667,0.003782398152072239,0.13038167295695466,"[0.0, 0.0, 0.0, 0.0, 0.0, 0.0]","[0.800000011920929, 0.800000011920929, 0.8999999761581421, 0.75, 0.75, 0.75, 0.75, 0.75, 0.800000011920929, 0.800000011920929, 0.800000011920929, 0.800000011920929]"
2,314,INSERTION,8,0,0,0,307.80000311136246,307.80000311136246,482.29999101161957,49.125,49.125,36.025,3.6999999999999997,3.6999999999999997,4.800000041723251,1.3440000116825104,1.3440000116825104,0.9600000083446503,0.0,0.0,0.0,0.0,0.0,0.0,0.0013022076351894287,0.0013535270776297498,0.036287028727674274,0.036245886581976215,0.0019312290322901662,0.13450578695368182,"[0.0, 0.0, 0.0, 0.0, 0.0, 0.0]","[0.800000011920929, 0.800000011920929, 0.8999999761581421, 0.75, 0.75, 0.75, 0.75, 0.75, 0.800000011920929, 0.800000011920929, 0.800000011920929, 0.800000011920929]"
2,315,INSERTION,8,0,0,0,307.80000311136246,307.80000311136246,482.29999101161957,49.125,49.125,36.025,3.6999999999999997,3.6999999999999997,4.800000041723251,1.3440000116825104,1.3440000116825104,0.9600000083446503,0.0,0.0,0.0,0.0,0.0,0.0,0.0012855014939925301,0.0013429399482720375,0.033873321313026915,0.0338091934963354,0.0024776301810493537,0.13925285087062741,"[0.0, 0.0, 0.0, 0.0, 0.0, 0.0]","[0.800000011920929, 0.800000011920929, 0.8999999761581421, 0.75, 0.75, 0.75, 0.75, 0.75, 0.800000011920929, 0.800000011920929, 0.800000011920929, 0.800000011920929]"
2,316,INSERTION,8,0,0,0,307.80000311136246,307.80000311136246,482.29999101161957,49.125,49.125,36.025,3.6999999999999997,3.6999999999999997,4.800000041723251,1.3440000116825104,1.3440000116825104,0.9600000083446503,0.0,0.0,0.0,0.0,0.0,0.0,0.0012714951032052506,0.001333665382338192,0.03155269639089452,0.031466024431053834,0.0045202552993731685,0.14446761960367474,"[0.0, 0.0, 0.0, 0.0, 0.0, 0.0]","[0.800000011920929, 0.800000011920929, 0.8999999761581421, 0.75, 0.75, 0.75, 0.75, 0.75, 0.800000011920929, 0.800000011920929, 0.800000011920929, 0.800000011920929]"
2,317,INSERTION,8,0,0,0,307.80000311136246,307.80000311136246,482.29999101161957,49.125,49.125,36.025,3.6999999999999997,3.6999999999999997,4.800000041723251,1.3440000116825104,1.3440000116825104,0.9600000083446503,0.0,0.0,0.0,0.0,0.0,0.0,0.001260895063994944,0.001326286088036615,0.029337998454737772,0.02922927390561094,0.0067287799765304865,0.1500066885205352,"[0.0, 0.0, 0.0, 0.0, 0.0, 0.0]","[0.800000011920929, 0.800000011920929, 0.8999999761581421, 0.75, 0.75, 0.75, 0.75, 0.75, 0.800000011920929, 0.800000011920929, 0.800000011920929, 0.800000011920929]"
2,318,INSERTION,8,0,0,0,307.80000311136246,307.80000311136246,482.29999101161957,49.125,49.125,36.025,3.6999999999999997,3.6999999999999997,4.800000041723251,1.3440000116825104,1.3440000116825104,0.9600000083446503,0.0,0.0,0.0,0.0,0.0,0.0,0.0012543709987407998,0.001321377484374426,0.027241231195091913,0.02711099296539953,0.008896134450980751,0.1557415182030505,"[0.0, 0.0, 0.0, 0.0, 0.0, 0.0]","[0.800000011920929, 0.800000011920929, 0.8999999761581421, 0.75, 0.75, 0.75, 0.75, 0.75, 0.800000011920929, 0.800000011920929, 0.800000011920929, 0.800000011920929]"
2,319,INSERTION,8,0,0,0,307.80000311136246,307.80000311136246,482.29999101161957,49.125,49.125,36.025,3.6999999999999997,3.6999999999999997,4.800000041723251,1.3440000116825104,1.3440000116825104,0.9600000083446503,0.0,0.0,0.0,0.0,0.0,0.0,0.0012525197978304043,0.001319484544057459,0.025273477764741946,0.02512230933102235,0.0109704027704652,0.16155930277346164,"[0.0, 0.0, 0.0, 0.0, 0.0, 0.0]","[0.800000011920929, 0.800000011920929, 0.8999999761581421, 0.75, 0.75, 0.75, 0.75, 0.75, 0.800000011920929, 0.800000011920929, 0.800000011920929, 0.800000011920929]"
2,320,INSERTION,8,0,0,0,307.80000311136246,307.80000311136246,482.29999101161957,49.125,49.125,36.025,3.6999999999999997,3.6999999999999997,4.800000041723251,1.3440000116825104,1.3440000116825104,0.9600000083446503,0.0,0.0,0.0,0.0,0.0,0.0,0.0012558298877852266,0.001321097115035449,0.02344483006061495,0.02327335659495488,0.012927650481844235,0.1673625176059805,"[0.0, 0.0, 0.0, 0.0, 0.0, 0.0]","[0.800000011920929, 0.800000011920929, 0.8999999761581421, 0.75, 0.75, 0.75, 0.75, 0.75, 0.800000011920929, 0.800000011920929, 0.800000011920929, 0.800000011920929]"
2,321,INSERTION,8,0,0,0,307.80000311136246,307.80000311136246,482.29999101161957,49.125,49.125,36.025,3.6999999999999997,3.6999999999999997,4.800000041723251,1.3440000116825104,1.3440000116825104,0.9600000083446503,0.0,0.0,0.0,0.0,0.0,0.0,0.0012646498820084256,0.00132662567754308,0.021764327098361673,0.02157321253841473,0.014752443951157292,0.17306778165391865,"[0.0, 0.0, 0.0, 0.0, 0.0, 0.0]","[0.800000011920929, 0.800000011920929, 0.8999999761581421, 0.75, 0.75, 0.75, 0.75, 0.75, 0.800000011920929, 0.800000011920929, 0.800000011920929, 0.800000011920929]"
2,322,INSERTION,8,0,0,0,307.80000311136246,307.80000311136246,482.29999101161957,49.125,49.125,36.025,3.6999999999999997,3.6999999999999997,4.800000041723251,1.3440000116825104,1.3440000116825104,0.9600000083446503,0.0,0.0,0.0,0.0,0.0,0.0,0.001279166021305162,0.0013363798951316625,0.02023990212030157,0.020029846204621164,0.01643313847183014,0.17860445284809287,"[0.0, 0.0, 0.0, 0.0, 0.0, 0.0]","[0.800000011920929, 0.800000011920929, 0.8999999761581421, 0.75, 0.75, 0.75, 0.75, 0.75, 0.800000011920929, 0.800000011920929, 0.800000011920929, 0.800000011920929]"
2,323,INSERTION,8,0,0,0,307.80000311136246,307.80000311136246,482.29999101161957,49.125,49.125,36.025,3.6999999999999997,3.6999999999999997,4.800000041723251,1.3440000116825104,1.3440000116825104,0.9600000083446503,0.0,0.0,0.0,0.0,0.0,0.0,0.0012993917191480749,0.0013505523188421069,0.01887833764382984,0.01865007292998782,0.017960383998812682,0.1839132013877094,"[0.0, 0.0, 0.0, 0.0, 0.0, 0.0]","[0.800000011920929, 0.800000011920929, 0.8999999761581421, 0.75, 0.75, 0.75, 0.75, 0.75, 0.800000011920929, 0.800000011920929, 0.800000011920929, 0.800000011920929]"
2,324,INSERTION,8,0,0,0,307.80000311136246,307.80000311136246,482.29999101161957,49.125,49.125,36.025,3.6999999999999997,3.6999999999999997,4.800000041723251,1.3440000116825104,1.3440000116825104,0.9600000083446503,0.0,0.0,0.0,0.0,0.0,0.0,0.0013251704830607365,0.0013692091120763798,0.01768522725735016,0.017439516134025994,0.019326566237360475,0.1889446866070373,"[0.0, 0.0, 0.0, 0.0, 0.0, 0.0]","[0.800000011920929, 0.800000011920929, 0.8999999761581421, 0.75, 0.75, 0.75, 0.75, 0.75, 0.800000011920929, 0.800000011920929, 0.800000011920929, 0.800000011920929]"
2,325,INSERTION,8,0,0,0,307.80000311136246,307.80000311136246,482.29999101161957,49.125,49.125,36.025,3.6999999999999997,3.6999999999999997,4.800000041723251,1.3440000116825104,1.3440000116825104,0.9600000083446503,0.0,0.0,0.0,0.0,0.0,0.0,0.0013561910962392384,0.001392288742318494,0.01666494263096798,0.016402574328659845,0.020525576113793655,0.19365838961199136,"[0.0, 0.0, 0.0, 0.0, 0.0, 0.0]","[0.800000011920929, 0.800000011920929, 0.8999999761581421, 0.75, 0.75, 0.75, 0.75, 0.75, 0.800000011920929, 0.800000011920929, 0.800000011920929, 0.800000011920929]"
2,326,INSERTION,8,0,0,0,307.80000311136246,307.80000311136246,482.29999101161957,49.125,49.125,36.025,3.6999999999999997,3.6999999999999997,4.800000041723251,1.3440000116825104,1.3440000116825104,0.9600000083446503,0.0,0.0,0.0,0.0,0.0,0.0,0.0013920119721074324,0.0014196084521785558,0.01582060395032705,0.015542391549459737,0.021552710976795054,0.1980216125078132,"[0.0, 0.0, 0.0, 0.0, 0.0, 0.0]","[0.800000011920929, 0.800000011920929, 0.8999999761581421, 0.75, 0.75, 0.75, 0.75, 0.75, 0.800000011920929, 0.800000011920929, 0.800000011920929, 0.800000011920929]"
2,327,INSERTION,8,0,0,0,307.80000311136246,307.80000311136246,482.29999101161957,49.125,49.125,36.025,3.6999999999999997,3.6999999999999997,4.800000041723251,1.3440000116825104,1.3440000116825104,0.9600000083446503,0.0,0.0,0.0,0.0,0.0,0.0,0.001432090586418578,0.0014508772728989306,0.015154051826130187,0.014860829257701456,0.022404634606142913,0.20200863388794002,"[0.0, 0.0, 0.0, 0.0, 0.0, 0.0]","[0.800000011920929, 0.800000011920929, 0.8999999761581421, 0.75, 0.75, 0.75, 0.75, 0.75, 0.800000011920929, 0.800000011920929, 0.800000011920929, 0.800000011920929]"
2,328,INSERTION,8,0,0,0,307.80000311136246,307.80000311136246,482.29999101161957,49.125,49.125,36.025,3.6999999999999997,3.6999999999999997,4.800000041723251,1.3440000116825104,1.3440000116825104,0.9600000083446503,0.0,0.0,0.0,0.0,0.0,0.0,0.001475813963169667,0.0014857136366718932,0.014665818722210282,0.014358437757117558,0.023079366516451098,0.2056000006168741,"[0.0, 0.0, 0.0, 0.0, 0.0, 0.0]","[0.800000011920929, 0.800000011920929, 0.8999999761581421, 0.75, 0.75, 0.75, 0.75, 0.75, 0.800000011920929, 0.800000011920929, 0.800000011920929, 0.800000011920929]"
2,329,INSERTION,8,0,0,0,307.80000311136246,307.80000311136246,482.29999101161957,49.125,49.125,36.025,3.6999999999999997,3.6999999999999997,4.800000041723251,1.3440000116825104,1.3440000116825104,0.9600000083446503,0.0,0.0,0.0,0.0,0.0,0.0,0.0015225270665514912,0.0015236654049493685,0.014355098186769492,0.01403442541838442,0.023576288067888855,0.20878193201794962,"[0.0, 0.0, 0.0, 0.0, 0.0, 0.0]","[0.800000011920929, 0.800000011920929, 0.8999999761581421, 0.75, 0.75, 0.75, 0.75, 0.75, 0.800000011920929, 0.800000011920929, 0.800000011920929, 0.800000011920929]"
2,330,INSERTION,8,0,0,0,307.80000311136246,307.80000311136246,482.29999101161957,49.125,49.125,36.025,3.6999999999999997,3.6999999999999997,4.800000041723251,1.3440000116825104,1.3440000116825104,0.9600000083446503,0.0,0.0,0.0,0.0,0.0,0.0,0.001571557180250769,0.0015642303250062827,0.014219710907943765,0.013886624750251729,0.023896159992747457,0.21154581087691582,"[0.0, 0.0, 0.0, 0.0, 0.0, 0.0]","[0.800000011920929, 0.800000011920929, 0.8999999761581421, 0.75, 0.75, 0.75, 0.75, 0.75, 0.800000011920929, 0.800000011920929, 0.800000011920929, 0.800000011920929]"
2,331,INSERTION,8,0,0,0,307.80000311136246,307.80000311136246,482.29999101161957,49.125,49.125,36.025,3.6999999999999997,3.6999999999999997,4.800000041723251,1.3440000116825104,1.3440000116825104,0.9600000083446503,0.0,0.0,0.0,0.0,0.0,0.0,0.001622233534012584,0.001606875408351072,0.014256068361263328,0.013911456110479857,0.024041148625219288,0.2138877347007254,"[0.0, 0.0, 0.0, 0.0, 0.0, 0.0]","[0.800000011920929, 0.800000011920929, 0.8999999761581421, 0.75, 0.75, 0.75, 0.75, 0.75, 0.800000011920929, 0.800000011920929, 0.800000011920929, 0.800000011920929]"
2,332,INSERTION,8,0,0,0,307.80000311136246,307.80000311136246,482.29999101161957,49.125,49.125,36.025,3.6999999999999997,3.6999999999999997,4.800000041723251,1.3440000116825104,1.3440000116825104,0.9600000083446503,0.0,0.0,0.0,0.0,0.0,0.0,0.0016739023268239814,0.001651054305266005,0.014459138573647216,0.01410389360688171,0.024014858075450292,0.21580810107617826,"[0.0, 0.0, 0.0, 0.0, 0.0, 0.0]","[0.800000011920929, 0.800000011920929, 0.8999999761581421, 0.75, 0.75, 0.75, 0.75, 0.75, 0.800000011920929, 0.800000011920929, 0.800000011920929, 0.800000011920929]"
2,333,INSERTION,8,0,0,0,307.80000311136246,307.80000311136246,482.29999101161957,49.125,49.125,36.025,3.6999999999999997,3.6999999999999997,4.800000041723251,1.3440000116825104,1.3440000116825104,0.9600000083446503,0.0,0.0,0.0,0.0,0.0,0.0,0.0017259378276817947,0.0016962222710797765,0.014822426047215308,0.014457445242457671,0.023822362744043542,0.2173112058257668,"[0.0, 0.0, 0.0, 0.0, 0.0, 0.0]","[0.800000011920929, 0.800000011920929, 0.8999999761581421, 0.75, 0.75, 0.75, 0.75, 0.75, 0.800000011920929, 0.800000011920929, 0.800000011920929, 0.800000011920929]"
2,334,INSERTION,8,0,0,0,307.80000311136246,307.80000311136246,482.29999101161957,49.125,49.125,36.025,3.6999999999999997,3.6999999999999997,4.800000041723251,1.3440000116825104,1.3440000116825104,0.9600000083446503,0.0,0.0,0.0,0.0,0.0,0.0,0.0017777487808070234,0.0017418469501895158,0.015338017011082249,0.014964197355819185,0.023470227608688374,0.21840484697293353,"[0.0, 0.0, 0.0, 0.0, 0.0, 0.0]","[0.800000011920929, 0.800000011920929, 0.8999999761581421, 0.75, 0.75, 0.75, 0.75, 0.75, 0.800000011920929, 0.800000011920929, 0.800000011920929, 0.800000011920929]"
2,335,INSERTION,8,0,0,0,307.80000311136246,307.80000311136246,482.29999101161957,49.125,49.125,36.025,3.6999999999999997,3.6999999999999997,4.800000041723251,1.3440000116825104,1.3440000116825104,0.9600000083446503,0.0,0.0,0.0,0.0,0.0,0.0,0.00182878703304226,0.0017874205380535775,0.01599696294042987,0.015615199187132549,0.022966465698032165,0.21910037095352486,"[0.0, 0.0, 0.0, 0.0, 0.0, 0.0]","[0.800000011920929, 0.800000011920929, 0.8999999761581421, 0.75, 0.75, 0.75, 0.75, 0.75, 0.800000011920929, 0.800000011920929, 0.800000011920929, 0.800000011920929]"
2,336,INSERTION,8,0,0,0,307.80000311136246,307.80000311136246,482.29999101161957,49.125,49.125,36.025,3.6999999999999997,3.6999999999999997,4.800000041723251,1.3440000116825104,1.3440000116825104,0.9600000083446503,0.0,0.0,0.0,0.0,0.0,0.0,0.0018785600725547552,0.0018324751675774344,0.016789767927918108,0.01640095510564129,0.022320160142667474,0.21941248066228164,"[0.0, 0.0, 0.0, 0.0, 0.0, 0.0]","[0.800000011920929, 0.800000011920929, 0.8999999761581421, 0.75, 0.75, 0.75, 0.75, 0.75, 0.800000011920929, 0.800000011920929, 0.800000011920929, 0.800000011920929]"
2,337,INSERTION,8,0,0,0,307.80000311136246,307.80000311136246,482.29999101161957,49.125,49.125,36.025,3.6999999999999997,3.6999999999999997,4.800000041723251,1.3440000116825104,1.3440000116825104,0.9600000083446503,0.0,0.0,0.0,0.0,0.0,0.0,0.0019266243156476504,0.001876578720773782,0.017706795350185926,0.017311825933880413,0.02154098454203228,0.2193575633904885,"[0.0, 0.0, 0.0, 0.0, 0.0, 0.0]","[0.800000011920929, 0.800000011920929, 0.8999999761581421, 0.75, 0.75, 0.75, 0.75, 0.75, 0.800000011920929, 0.800000011920929, 0.800000011920929, 0.800000011920929]"
2,338,INSERTION,8,0,0,0,307.80000311136246,307.80000311136246,482.29999101161957,49.125,49.125,36.025,3.6999999999999997,3.6999999999999997,4.800000041723251,1.3440000116825104,1.3440000116825104,0.9600000083446503,0.0,0.0,0.0,0.0,0.0,0.0,0.0019725858885118715,0.0019193376092656808,0.018738698406627056,0.01833845943839562,0.02063881413569873,0.21895553947846536,"[0.0, 0.0, 0.0, 0.0, 0.0, 0.0]","[0.800000011920929, 0.800000011920929, 0.8999999761581421, 0.75, 0.75, 0.75, 0.75, 0.75, 0.800000011920929, 0.800000011920929, 0.800000011920929, 0.800000011920929]"
2,339,INSERTION,8,0,0,0,307.80000311136246,307.80000311136246,482.29999101161957,49.125,49.125,36.025,3.6999999999999997,3.6999999999999997,4.800000041723251,1.3440000116825104,1.3440000116825104,0.9600000083446503,0.0,0.0,0.0,0.0,0.0,0.0,0.002016101126989459,0.001960399016692122,0.01987677022130293,0.019472141503694272,0.019623319064811545,0.21823001515748341,"[0.0, 0.0, 0.0, 0.0, 0.0, 0.0]","[0.800000011920929, 0.800000011920929, 0.8999999761581421, 0.75, 0.75, 0.75, 0.75, 0.75, 0.800000011920929, 0.800000011920929, 0.800000011920929, 0.800000011920929]"
2,340,INSERTION,8,0,0,0,307.80000311136246,307.80000311136246,482.29999101161957,49.125,49.125,36.025,3.6999999999999997,3.6999999999999997,4.800000041723251,1.3440000116825104,1.3440000116825104,0.9600000083446503,0.0,0.0,0.0,0.0,0.0,0.0,0.0020568738481569855,0.0019994497387014524,0.021113155673007387,0.020705008348351504,0.018503650449826672,0.2172078725727023,"[0.0, 0.0, 0.0, 0.0, 0.0, 0.0]","[0.800000011920929, 0.800000011920929, 0.8999999761581421, 0.75, 0.75, 0.75, 0.75, 0.75, 0.800000011920929, 0.800000011920929, 0.800000011920929, 0.800000011920929]"
2,341,INSERTION,8,0,0,0,307.80000311136246,307.80000311136246,482.29999101161957,49.125,49.125,36.025,3.6999999999999997,3.6999999999999997,4.800000041723251,1.3440000116825104,1.3440000116825104,0.9600000083446503,0.0,0.0,0.0,0.0,0.0,0.0,0.0020946505995476984,0.0020362128661286466,0.02244090492158398,0.022030100154529934,0.017288285907532706,0.215918932986462,"[0.0, 0.0, 0.0, 0.0, 0.0, 0.0]","[0.800000011920929, 0.800000011920929, 0.8999999761581421, 0.75, 0.75, 0.75, 0.75, 0.75, 0.800000011920929, 0.800000011920929, 0.800000011920929, 0.800000011920929]"
2,342,INSERTION,8,0,0,0,307.80000311136246,307.80000311136246,482.29999101161957,49.125,49.125,36.025,3.6999999999999997,3.6999999999999997,4.800000041723251,1.3440000116825104,1.3440000116825104,0.9600000083446503,0.0,0.0,0.0,0.0,0.0,0.0,0.002129215057331628,0.002070443488526308,0.02385387978745373,0.023441267520069135,0.01598506891081519,0.21439557932448794,"[0.0, 0.0, 0.0, 0.0, 0.0, 0.0]","[0.800000011920929, 0.800000011920929, 0.8999999761581421, 0.75, 0.75, 0.75, 0.75, 0.75, 0.800000011920929, 0.800000011920929, 0.800000011920929, 0.800000011920929]"
2,343,INSERTION,8,0,0,0,307.80000311136246,307.80000311136246,482.29999101161957,49.125,49.125,36.025,3.6999999999999997,3.6999999999999997,4.800000041723251,1.3440000116825104,1.3440000116825104,0.9600000083446503,0.0,0.0,0.0,0.0,0.0,0.0,0.0021603823797234894,0.0021019242089781796,0.0253465457989104,0.02493296356044252,0.014601458747449367,0.21267227391922078,"[0.0, 0.0, 0.0, 0.0, 0.0, 0.0]","[0.800000011920929, 0.800000011920929, 0.8999999761581421, 0.75, 0.75, 0.75, 0.75, 0.75, 0.800000011920929, 0.800000011920929, 0.800000011920929, 0.800000011920929]"
2,344,INSERTION,8,0,0,0,307.80000311136246,307.80000311136246,482.29999101161957,49.125,49.125,36.025,3.6999999999999997,3.6999999999999997,4.800000041723251,1.3440000116825104,1.3440000116825104,0.9600000083446503,0.0,0.0,0.0,0.0,0.0,0.0,0.002187994146303995,0.0021304610843872855,0.026913694779099377,0.02649996651653707,0.013145015139489387,0.21078500088485458,"[0.0, 0.0, 0.0, 0.0, 0.0, 0.0]","[0.800000011920929, 0.800000011920929, 0.8999999761581421, 0.75, 0.75, 0.75, 0.75, 0.75, 0.800000011920929, 0.800000011920929, 0.800000011920929, 0.800000011920929]"
2,345,INSERTION,8,0,0,0,307.80000311136246,307.80000311136246,482.29999101161957,49.125,49.125,36.025,3.6999999999999997,3.6999999999999997,4.800000041723251,1.3440000116825104,1.3440000116825104,0.9600000083446503,0.0,0.0,0.0,0.0,0.0,0.0,0.00221191430974842,0.0021558804079857634,0.028550147120336593,0.028137082018271774,0.011624195789715573,0.20877067402708704,"[0.0, 0.0, 0.0, 0.0, 0.0, 0.0]","[0.800000011920929, 0.800000011920929, 0.8999999761581421, 0.75, 0.75, 0.75, 0.75, 0.75, 0.800000011920929, 0.800000011920929, 0.800000011920929, 0.800000011920929]"
2,346,INSERTION,8,0,0,0,307.80000311136246,307.80000311136246,482.29999101161957,49.125,49.125,36.025,3.6999999999999997,3.6999999999999997,4.800000041723251,1.3440000116825104,1.3440000116825104,0.9600000083446503,0.0,0.0,0.0,0.0,0.0,0.0,0.002232026325826928,0.0021780264996068147,0.030250479308153576,0.029838870578023084,0.010049706138869569,0.20666653892094494,"[0.0, 0.0, 0.0, 0.0, 0.0, 0.0]","[0.800000011920929, 0.800000011920929, 0.8999999761581421, 0.75, 0.75, 0.75, 0.75, 0.75, 0.800000011920929, 0.800000011920929, 0.800000011920929, 0.800000011920929]"
2,347,INSERTION,8,0,0,0,307.80000311136246,307.80000311136246,482.29999101161957,49.125,49.125,36.025,3.6999999999999997,3.6999999999999997,4.800000041723251,1.3440000116825104,1.3440000116825104,0.9600000083446503,0.0,0.0,0.0,0.0,0.0,0.0,0.0022482313819059256,0.002196760435916946,0.03200881061667934,0.03159943424924213,0.008437099233908965,0.204509585296651,"[0.0, 0.0, 0.0, 0.0, 0.0, 0.0]","[0.800000011920929, 0.800000011920929, 0.8999999761581421, 0.75, 0.75, 0.75, 0.75, 0.75, 0.800000011920929, 0.800000011920929, 0.800000011920929, 0.800000011920929]"
2,348,INSERTION,8,0,0,0,307.80000311136246,307.80000311136246,482.29999101161957,49.125,49.125,36.025,3.6999999999999997,3.6999999999999997,4.800000041723251,1.3440000116825104,1.3440000116825104,0.9600000083446503,0.0,0.0,0.0,0.0,0.0,0.0,0.0022604460463624145,0.0022119580605341692,0.033818638432972274,0.03341225099482741,0.006812740471763307,0.20233597430611475,"[0.0, 0.0, 0.0, 0.0, 0.0, 0.0]","[0.800000011920929, 0.800000011920929, 0.8999999761581421, 0.75, 0.75, 0.75, 0.75, 0.75, 0.800000011920929, 0.800000011920929, 0.800000011920929, 0.800000011920929]"
2,349,INSERTION,8,0,0,0,307.80000311136246,307.80000311136246,482.29999101161957,49.125,49.125,36.025,3.6999999999999997,3.6999999999999997,4.800000041723251,1.3440000116825104,1.3440000116825104,0.9600000083446503,0.0,0.0,0.0,0.0,0.0,0.0,0.0022686038077733037,0.002223511867911445,0.035672639654703846,0.035269977363612974,0.005230193567197006,0.20018090136418282,"[0.0, 0.0, 0.0, 0.0, 0.0, 0.0]","[0.800000011920929, 0.800000011920929, 0.8999999761581421, 0.75, 0.75, 0.75, 0.75, 0.75, 0.800000011920929, 0.800000011920929, 0.800000011920929, 0.800000011920929]"
2,350,INSERTION,8,0,0,0,307.80000311136246,307.80000311136246,482.29999101161957,49.125,49.125,36.025,3.6999999999999997,3.6999999999999997,4.800000041723251,1.3440000116825104,1.3440000116825104,0.9600000083446503,0.0,0.0,0.0,0.0,0.0,0.0,0.0022726574376335648,0.0022313334595845517,0.03756273228615186,0.03716451127671857,0.0038221206198272933,0.19807743047275594,"[0.0, 0.0, 0.0, 0.0, 0.0, 0.0]","[0.800000011920929, 0.800000011920929, 0.8999999761581421, 0.75, 0.75, 0.75, 0.75, 0.75, 0.800000011920929, 0.800000011920929, 0.800000011920929, 0.800000011920929]"
2,351,INSERTION,8,0,0,0,307.80000311136246,307.80000311136246,482.29999101161957,49.125,49.125,36.025,3.6999999999999997,3.6999999999999997,4.800000041723251,1.3440000116825104,1.3440000116825104,0.9600000083446503,0.0,0.0,0.0,0.0,0.0,0.0,0.0022725759108503437,0.0022353504499042784,0.039480245873943824,0.03908716042750495,0.002946106789609179,0.19605539362175203,"[0.0, 0.0, 0.0, 0.0, 0.0, 0.0]","[0.800000011920929, 0.800000011920929, 0.8999999761581421, 0.75, 0.75, 0.75, 0.75, 0.75, 0.800000011920929, 0.800000011920929, 0.800000011920929, 0.800000011920929]"
2,352,INSERTION,8,0,0,0,307.80000311136246,307.80000311136246,482.29999101161957,49.125,49.125,36.025,3.6999999999999997,3.6999999999999997,4.800000041723251,1.3440000116825104,1.3440000116825104,0.9600000083446503,0.0,0.0,0.0,0.0,0.0,0.0,0.002268344070888792,0.002235506203003979,0.041416057314769154,0.04102877831985562,0.0031556723338989263,0.19414180031697423,"[0.0, 0.0, 0.0, 0.0, 0.0, 0.0]","[0.800000011920929, 0.800000011920929, 0.8999999761581421, 0.75, 0.75, 0.75, 0.75, 0.75, 0.800000011920929, 0.800000011920929, 0.800000011920929, 0.800000011920929]"
2,353,INSERTION,8,0,0,0,307.80000311136246,307.80000311136246,482.29999101161957,49.125,49.125,36.025,3.6999999999999997,3.6999999999999997,4.800000041723251,1.3440000116825104,1.3440000116825104,0.9600000083446503,0.0,0.0,0.0,0.0,0.0,0.0,0.002259962216144119,0.0022317594928893125,0.043360713945986916,0.042979887667537985,0.004324923803640326,0.19236021077396426,"[0.0, 0.0, 0.0, 0.0, 0.0, 0.0]","[0.800000011920929, 0.800000011920929, 0.8999999761581421, 0.75, 0.75, 0.75, 0.75, 0.75, 0.800000011920929, 0.800000011920929, 0.800000011920929, 0.800000011920929]"
2,354,INSERTION,8,0,0,0,307.80000311136246,307.80000311136246,482.29999101161957,49.125,49.125,36.025,3.6999999999999997,3.6999999999999997,4.800000041723251,1.3440000116825104,1.3440000116825104,0.9600000083446503,0.0,0.0,0.0,0.0,0.0,0.0,0.002247445309752956,0.0022240837880332736,0.0453045462411547,0.044930793205837254,0.005919279972390998,0.19073010905158114,"[0.0, 0.0, 0.0, 0.0, 0.0, 0.0]","[0.800000011920929, 0.800000011920929, 0.8999999761581421, 0.75, 0.75, 0.75, 0.75, 0.75, 0.800000011920929, 0.800000011920929, 0.800000011920929, 0.800000011920929]"
2,355,INSERTION,8,0,0,0,307.80000311136246,307.80000311136246,482.29999101161957,49.125,49.125,36.025,3.6999999999999997,3.6999999999999997,4.800000041723251,1.3440000116825104,1.3440000116825104,0.9600000083446503,0.0,0.0,0.0,0.0,0.0,0.0,0.0022308220575226025,0.0022124664091523103,0.04723777032485587,0.046871684267030554,0.007676319745707264,0.18926643341491767,"[0.0, 0.0, 0.0, 0.0, 0.0, 0.0]","[0.800000011920929, 0.800000011920929, 0.8999999761581421, 0.75, 0.75, 0.75, 0.75, 0.75, 0.800000011920929, 0.800000011920929, 0.800000011920929, 0.800000011920929]"
2,356,INSERTION,8,0,0,0,307.80000311136246,307.80000311136246,482.29999101161957,49.125,49.125,36.025,3.6999999999999997,3.6999999999999997,4.800000041723251,1.3440000116825104,1.3440000116825104,0.9600000083446503,0.0,0.0,0.0,0.0,0.0,0.0,0.002210133973720169,0.0021969076772597705,0.04915058100804361,0.04879272787999244,0.009496596362433694,0.1879792294325949,"[0.0, 0.0, 0.0, 0.0, 0.0, 0.0]","[0.800000011920929, 0.800000011920929, 0.8999999761581421, 0.75, 0.75, 0.75, 0.75, 0.75, 0.800000011920929, 0.800000011920929, 0.800000011920929, 0.800000011920929]"
2,357,INSERTION,8,0,0,0,307.80000311136246,307.80000311136246,482.29999101161957,49.125,49.125,36.025,3.6999999999999997,3.6999999999999997,4.800000041723251,1.3440000116825104,1.3440000116825104,0.9600000083446503,0.0,0.0,0.0,0.0,0.0,0.0,0.002185434481399852,0.0021774200936898244,0.051033236253944285,0.05068415331479705,0.011334943028917532,0.18687342394761564,"[0.0, 0.0, 0.0, 0.0, 0.0, 0.0]","[0.800000011920929, 0.800000011920929, 0.8999999761581421, 0.75, 0.75, 0.75, 0.75, 0.75, 0.800000011920929, 0.800000011920929, 0.800000011920929, 0.800000011920929]"
2,358,INSERTION,8,0,0,0,307.80000311136246,307.80000311136246,482.29999101161957,49.125,49.125,36.025,3.6999999999999997,3.6999999999999997,4.800000041723251,1.3440000116825104,1.3440000116825104,0.9600000083446503,0.0,0.0,0.0,0.0,0.0,0.0,0.0021567880735646927,0.0021540275733530688,0.052876133942097746,0.05253632893863957,0.013165501145787583,0.18594873414368532,"[0.0, 0.0, 0.0, 0.0, 0.0, 0.0]","[0.800000011920929, 0.800000011920929, 0.8999999761581421, 0.75, 0.75, 0.75, 0.75, 0.75, 0.800000011920929, 0.800000011920929, 0.800000011920929, 0.800000011920929]"
2,359,INSERTION,8,0,0,0,307.80000311136246,307.80000311136246,482.29999101161957,49.125,49.125,36.025,3.6999999999999997,3.6999999999999997,4.800000041723251,1.3440000116825104,1.3440000116825104,0.9600000083446503,0.0,0.0,0.0,0.0,0.0,0.0,0.0021242695553764213,0.0021267647468278996,0.05466988166717739,0.05433983211677947,0.014970403295988902,0.18519972267809096,"[0.0, 0.0, 0.0, 0.0, 0.0, 0.0]","[0.800000011920929, 0.800000011920929, 0.8999999761581421, 0.75, 0.75, 0.75, 0.75, 0.75, 0.800000011920929, 0.800000011920929, 0.800000011920929, 0.800000011920929]"
2,360,INSERTION,8,0,0,0,307.80000311136246,307.80000311136246,482.29999101161957,49.125,49.125,36.025,3.6999999999999997,3.6999999999999997,4.800000041723251,1.3440000116825104,1.3440000116825104,0.9600000083446503,0.0,0.0,0.0,0.0,0.0,0.0,0.002087963383764208,0.0020956763432538905,0.056405360170455214,0.05608551275344369,0.016735613837872428,0.18461600041569257,"[0.0, 0.0, 0.0, 0.0, 0.0, 0.0]","[0.800000011920929, 0.800000011920929, 0.8999999761581421, 0.75, 0.75, 0.75, 0.75, 0.75, 0.800000011920929, 0.800000011920929, 0.800000011920929, 0.800000011920929]"
2,361,INSERTION,8,0,0,0,307.80000311136246,307.80000311136246,482.29999101161957,49.125,49.125,36.025,3.6999999999999997,3.6999999999999997,4.800000041723251,1.3440000116825104,1.3440000116825104,0.9600000083446503,0.0,0.0,0.0,0.0,0.0,0.0,0.0020479631173879356,0.002060816662433467,0.05807378088447989,0.05776455095047244,0.018449212993190293,0.18418256801232716,"[0.0, 0.0, 0.0, 0.0, 0.0, 0.0]","[0.800000011920929, 0.800000011920929, 0.8999999761581421, 0.75, 0.75, 0.75, 0.75, 0.75, 0.800000011920929, 0.800000011920929, 0.800000011920929, 0.800000011920929]"
2,362,INSERTION,8,0,0,0,307.80000311136246,307.80000311136246,482.29999101161957,49.125,49.125,36.025,3.6999999999999997,3.6999999999999997,4.800000041723251,1.3440000116825104,1.3440000116825104,0.9600000083446503,0.0,0.0,0.0,0.0,0.0,0.0,0.002004370987293275,0.002022249141322892,0.059666737982500544,0.05936850917266336,0.02010062474416959,0.18388027841834056,"[0.0, 0.0, 0.0, 0.0, 0.0, 0.0]","[0.800000011920929, 0.800000011920929, 0.8999999761581421, 0.75, 0.75, 0.75, 0.75, 0.75, 0.800000011920929, 0.800000011920929, 0.800000011920929, 0.800000011920929]"
2,363,INSERTION,8,0,0,0,307.80000311136246,307.80000311136246,482.29999101161957,49.125,49.125,36.025,3.6999999999999997,3.6999999999999997,4.800000041723251,1.3440000116825104,1.3440000116825104,0.9600000083446503,0.0,0.0,0.0,0.0,0.0,0.0,0.0019572975971783604,0.0019800460175808197,0.0611762552618745,0.06088937924678899,0.02168024859783567,0.1836863953574706,"[0.0, 0.0, 0.0, 0.0, 0.0, 0.0]","[0.800000011920929, 0.800000011920929, 0.8999999761581421, 0.75, 0.75, 0.75, 0.75, 0.75, 0.800000011920929, 0.800000011920929, 0.800000011920929, 0.800000011920929]"
2,364,INSERTION,8,0,0,0,307.80000311136246,307.80000311136246,482.29999101161957,49.125,49.125,36.025,3.6999999999999997,3.6999999999999997,4.800000041723251,1.3440000116825104,1.3440000116825104,0.9600000083446503,0.0,0.0,0.0,0.0,0.0,0.0,0.0019068617622772387,0.0019342880912906616,0.06259482815118333,0.06231962448214725,0.023179278699622458,0.18357521861941153,"[0.0, 0.0, 0.0, 0.0, 0.0, 0.0]","[0.800000011920929, 0.800000011920929, 0.8999999761581421, 0.75, 0.75, 0.75, 0.75, 0.75, 0.800000011920929, 0.800000011920929, 0.800000011920929, 0.800000011920929]"
2,365,INSERTION,8,0,0,0,307.80000311136246,307.80000311136246,482.29999101161957,49.125,49.125,36.025,3.6999999999999997,3.6999999999999997,4.800000041723251,1.3440000116825104,1.3440000116825104,0.9600000083446503,0.0,0.0,0.0,0.0,0.0,0.0,0.0018531904977735125,0.0018850645855510732,0.0639154611099747,0.06365221718012379,0.024589615341057615,0.18351874579188482,"[0.0, 0.0, 0.0, 0.0, 0.0, 0.0]","[0.800000011920929, 0.800000011920929, 0.8999999761581421, 0.75, 0.75, 0.75, 0.75, 0.75, 0.800000011920929, 0.800000011920929, 0.800000011920929, 0.800000011920929]"
2,366,INSERTION,8,0,0,0,307.80000311136246,307.80000311136246,482.29999101161957,49.125,49.125,36.025,3.6999999999999997,3.6999999999999997,4.800000041723251,1.3440000116825104,1.3440000116825104,0.9600000083446503,0.0,0.0,0.0,0.0,0.0,0.0,0.0017964191717722941,0.001832473107488176,0.06513170068411525,0.06488067179471355,0.02590382403208094,0.18348734162067337,"[0.0, 0.0, 0.0, 0.0, 0.0, 0.0]","[0.800000011920929, 0.800000011920929, 0.8999999761581421, 0.75, 0.75, 0.75, 0.75, 0.75, 0.800000011920929, 0.800000011920929, 0.800000011920929, 0.800000011920929]"
2,367,INSERTION,8,0,0,0,307.80000311136246,307.80000311136246,482.29999101161957,49.125,49.125,36.025,3.6999999999999997,3.6999999999999997,4.800000041723251,1.3440000116825104,1.3440000116825104,0.9600000083446503,0.0,0.0,0.0,0.0,0.0,0.0,0.0017366918447977732,0.001776619713592469,0.06623766448499391,0.06599907401154262,0.027115119657014228,0.18345038994802193,"[0.0, 0.0, 0.0, 0.0, 0.0, 0.0]","[0.800000011920929, 0.800000011920929, 0.8999999761581421, 0.75, 0.75, 0.75, 0.75, 0.75, 0.800000011920929, 0.800000011920929, 0.800000011920929, 0.800000011920929]"
2,368,INSERTION,8,0,0,0,307.80000311136246,307.80000311136246,482.29999101161957,49.125,49.125,36.025,3.6999999999999997,3.6999999999999997,4.800000041723251,1.3440000116825104,1.3440000116825104,0.9600000083446503,0.0,0.0,0.0,0.0,0.0,0.0,0.0016741618285038098,0.0017176190874607028,0.06722806637337261,0.06700210602575626,0.028217363882008566,0.18337690836762918,"[0.0, 0.0, 0.0, 0.0, 0.0, 0.0]","[0.800000011920929, 0.800000011920929, 0.8999999761581421, 0.75, 0.75, 0.75, 0.75, 0.75, 0.800000011920929, 0.800000011920929, 0.800000011920929, 0.800000011920929]"
2,369,INSERTION,8,0,0,0,307.80000311136246,307.80000311136246,482.29999101161957,49.125,49.125,36.025,3.6999999999999997,3.6999999999999997,4.800000041723251,1.3440000116825104,1.3440000116825104,0.9600000083446503,0.0,0.0,0.0,0.0,0.0,0.0,0.0016089925123089293,0.0016555948445954064,0.06809823814430727,0.06788506831496599,0.02920506935504528,0.18323611154209568,"[0.0, 0.0, 0.0, 0.0, 0.0, 0.0]","[0.800000011920929, 0.800000011920929, 0.8999999761581421, 0.75, 0.75, 0.75, 0.75, 0.75, 0.800000011920929, 0.800000011920929, 0.800000011920929, 0.800000011920929]"
2,370,INSERTION,8,0,0,0,307.80000311136246,307.80000311136246,482.29999101161957,49.125,49.125,36.025,3.6999999999999997,3.6999999999999997,4.800000041723251,1.3440000116825104,1.3440000116825104,0.9600000083446503,0.0,0.0,0.0,0.0,0.0,0.0,0.0015413585304031123,0.0015906799888412027,0.0688441480236402,0.06864389821767836,0.030073407089163902,0.1829979148494389,"[0.0, 0.0, 0.0, 0.0, 0.0, 0.0]","[0.800000011920929, 0.800000011920929, 0.8999999761581421, 0.75, 0.75, 0.75, 0.75, 0.75, 0.800000011920929, 0.800000011920929, 0.800000011920929, 0.800000011920929]"
2,371,INSERTION,8,0,0,0,307.80000311136246,307.80000311136246,482.29999101161957,49.125,49.125,36.025,3.6999999999999997,3.6999999999999997,4.800000041723251,1.3440000116825104,1.3440000116825104,0.9600000083446503,0.0,0.0,0.0,0.0,0.0,0.0,0.0014714473768346907,0.0015230175599316273,0.06946241629423983,0.06927518563542268,0.030818214996378608,0.18263337513327713,"[0.0, 0.0, 0.0, 0.0, 0.0, 0.0]","[0.800000011920929, 0.800000011920929, 0.8999999761581421, 0.75, 0.75, 0.75, 0.75, 0.75, 0.800000011920929, 0.800000011920929, 0.800000011920929, 0.800000011920929]"
2,372,INSERTION,8,0,0,0,307.80000311136246,307.80000311136246,482.29999101161957,49.125,49.125,36.025,3.6999999999999997,3.6999999999999997,4.800000041723251,1.3440000116825104,1.3440000116825104,0.9600000083446503,0.0,0.0,0.0,0.0,0.0,0.0,0.0013994616292633008,0.0014527615341831306,0.06995032836662515,0.06977618617336542,0.03143600644166524,0.1821150695082275,"[0.0, 0.0, 0.0, 0.0, 0.0, 0.0]","[0.800000011920929, 0.800000011920929, 0.8999999761581421, 0.75, 0.75, 0.75, 0.75, 0.75, 0.800000011920929, 0.800000011920929, 0.800000011920929, 0.800000011920929]"
2,373,INSERTION,8,0,0,0,307.80000311136246,307.80000311136246,482.29999101161957,49.125,49.125,36.025,3.6999999999999997,3.6999999999999997,4.800000041723251,1.3440000116825104,1.3440000116825104,0.9600000083446503,0.0,0.0,0.0,0.0,0.0,0.0,0.001325622022257921,0.0013800780751662054,0.07030584558939226,0.07014483201508243,0.03192397821168831,0.18141741629050892,"[0.0, 0.0, 0.0, 0.0, 0.0, 0.0]","[0.800000011920929, 0.800000011920929, 0.8999999761581421, 0.75, 0.75, 0.75, 0.75, 0.75, 0.800000011920929, 0.800000011920929, 0.800000011920929, 0.800000011920929]"
2,374,INSERTION,8,0,0,0,307.80000311136246,307.80000311136246,482.29999101161957,49.125,49.125,36.025,3.6999999999999997,3.6999999999999997,4.800000041723251,1.3440000116825104,1.3440000116825104,0.9600000083446503,0.0,0.0,0.0,0.0,0.0,0.0,0.001250171734670651,0.0013051472859908668,0.0705276140562445,0.07037974078865095,0.03228001759584511,0.18051694420694037,"[0.0, 0.0, 0.0, 0.0, 0.0, 0.0]","[0.800000011920929, 0.800000011920929, 0.8999999761581421, 0.75, 0.75, 0.75, 0.75, 0.75, 0.800000011920929, 0.800000011920929, 0.800000011920929, 0.800000011920929]"
2,375,INSERTION,8,0,0,0,307.80000311136246,307.80000311136246,482.29999101161957,49.125,49.125,36.025,3.6999999999999997,3.6999999999999997,4.800000041723251,1.3440000116825104,1.3440000116825104,0.9600000083446503,0.0,0.0,0.0,0.0,0.0,0.0,0.0011733824487586261,0.0012281657031900626,0.07061497160584151,0.07048022262074374,0.032502708440184595,0.1793925172075631,"[0.0, 0.0, 0.0, 0.0, 0.0, 0.0]","[0.800000011920929, 0.800000011920929, 0.8999999761581421, 0.75, 0.75, 0.75, 0.75, 0.75, 0.800000011920929, 0.800000011920929, 0.800000011920929, 0.800000011920929]"
2,376,INSERTION,8,0,0,0,307.80000311136246,307.80000311136246,482.29999101161957,49.125,49.125,36.025,3.6999999999999997,3.6999999999999997,4.800000041723251,1.3440000116825104,1.3440000116825104,0.9600000083446503,0.0,0.0,0.0,0.0,0.0,0.0,0.0010955630445002888,0.0011493499180819258,0.07056795312726169,0.07044628549208343,0.032591336103628576,0.17802552264940327,"[0.0, 0.0, 0.0, 0.0, 0.0, 0.0]","[0.800000011920929, 0.800000011920929, 0.8999999761581421, 0.75, 0.75, 0.75, 0.75, 0.75, 0.800000011920929, 0.800000011920929, 0.800000011920929, 0.800000011920929]"
2,377,INSERTION,8,0,0,0,307.80000311136246,307.80000311136246,482.29999101161957,49.125,49.125,36.025,3.6999999999999997,3.6999999999999997,4.800000041723251,1.3440000116825104,1.3440000116825104,0.9600000083446503,0.0,0.0,0.0,0.0,0.0,0.0,0.0010170722820096814,0.0010689419586955061,0.0703872941789225,0.07027863890274047,0.0325458912477637,0.17640003053454412,"[0.0, 0.0, 0.0, 0.0, 0.0, 0.0]","[0.800000011920929, 0.800000011920929, 0.8999999761581421, 0.75, 0.75, 0.75, 0.75, 0.75, 0.800000011920929, 0.800000011920929, 0.800000011920929, 0.800000011920929]"
2,378,INSERTION,8,0,0,0,307.80000311136246,307.80000311136246,482.29999101161957,49.125,49.125,36.025,3.6999999999999997,3.6999999999999997,4.800000041723251,1.3440000116825104,1.3440000116825104,0.9600000083446503,0.0,0.0,0.0,0.0,0.0,0.0,0.0009383376132804174,0.0009872174958324772,0.07007443280646714,0.06997869573346155,0.03236707234427395,0.1745029310782266,"[0.0, 0.0, 0.0, 0.0, 0.0, 0.0]","[0.800000011920929, 0.800000011920929, 0.8999999761581421, 0.75, 0.75, 0.75, 0.75, 0.75, 0.800000011920929, 0.800000011920929, 0.800000011920929, 0.800000011920929]"
2,379,INSERTION,8,0,0,0,307.80000311136246,307.80000311136246,482.29999101161957,49.125,49.125,36.025,3.6999999999999997,3.6999999999999997,4.800000041723251,1.3440000116825104,1.3440000116825104,0.9600000083446503,0.0,0.0,0.0,0.0,0.0,0.0,0.0008598835293668664,0.0009044987088162354,0.06963150931279086,0.06954857205686987,0.03205628670220803,0.1723240573430712,"[0.0, 0.0, 0.0, 0.0, 0.0, 0.0]","[0.800000011920929, 0.800000011920929, 0.8999999761581421, 0.75, 0.75, 0.75, 0.75, 0.75, 0.800000011920929, 0.800000011920929, 0.800000011920929, 0.800000011920929]"
2,380,INSERTION,8,0,0,0,307.80000311136246,307.80000311136246,482.29999101161957,49.125,49.125,36.025,3.6999999999999997,3.6999999999999997,4.800000041723251,1.3440000116825104,1.3440000116825104,0.9600000083446503,0.0,0.0,0.0,0.0,0.0,0.0,0.0007823748290369425,0.0008211750742522764,0.06906136360179765,0.06899108452072816,0.03161564971462862,0.16985629917730352,"[0.0, 0.0, 0.0, 0.0, 0.0, 0.0]","[0.800000011920929, 0.800000011920929, 0.8999999761581421, 0.75, 0.75, 0.75, 0.75, 0.75, 0.800000011920929, 0.800000011920929, 0.800000011920929, 0.800000011920929]"
2,381,INSERTION,8,0,0,0,307.80000311136246,307.80000311136246,482.29999101161957,49.125,49.125,36.025,3.6999999999999997,3.6999999999999997,4.800000041723251,1.3440000116825104,1.3440000116825104,0.9600000083446503,0.0,0.0,0.0,0.0,0.0,0.0,0.0007066830737835023,0.0007377380648204427,0.06836752960042763,0.06830974480828242,0.031047981915948313,0.16709571439308837,"[0.0, 0.0, 0.0, 0.0, 0.0, 0.0]","[0.800000011920929, 0.800000011920929, 0.8999999761581421, 0.75, 0.75, 0.75, 0.75, 0.75, 0.800000011920929, 0.800000011920929, 0.800000011920929, 0.800000011920929]"
2,382,INSERTION,8,0,0,0,307.80000311136246,307.80000311136246,482.29999101161957,49.125,49.125,36.025,3.6999999999999997,3.6999999999999997,4.800000041723251,1.3440000116825104,1.3440000116825104,0.9600000083446503,0.0,0.0,0.0,0.0,0.0,0.0,0.0006339878380197981,0.0006548410858031208,0.06755422617638643,0.06750875059342393,0.03035680334440625,0.1640416431504249,"[0.0, 0.0, 0.0, 0.0, 0.0, 0.0]","[0.800000011920929, 0.800000011920929, 0.8999999761581421, 0.75, 0.75, 0.75, 0.75, 0.75, 0.800000011920929, 0.800000011920929, 0.800000011920929, 0.800000011920929]"
2,383,INSERTION,8,0,0,0,307.80000311136246,307.80000311136246,482.29999101161957,49.125,49.125,36.025,3.6999999999999997,3.6999999999999997,4.800000041723251,1.3440000116825104,1.3440000116825104,0.9600000083446503,0.0,0.0,0.0,0.0,0.0,0.0,0.0005659250799603974,0.0005734066105929261,0.06662634392683989,0.06659297236604014,0.02954632463689855,0.1606968319853669,"[0.0, 0.0, 0.0, 0.0, 0.0, 0.0]","[0.800000011920929, 0.800000011920929, 0.8999999761581421, 0.75, 0.75, 0.75, 0.75, 0.75, 0.800000011920929, 0.800000011920929, 0.800000011920929, 0.800000011920929]"
2,384,INSERTION,8,0,0,0,307.80000311136246,307.80000311136246,482.29999101161957,49.125,49.125,36.025,3.6999999999999997,3.6999999999999997,4.800000041723251,1.3440000116825104,1.3440000116825104,0.9600000083446503,0.0,0.0,0.0,0.0,0.0,0.0,0.000504781300798355,0.0004948232286881197,0.06558942722777336,0.06556793551715964,0.028621434263597294,0.1570675749230031,"[0.0, 0.0, 0.0, 0.0, 0.0, 0.0]","[0.800000011920929, 0.800000011920929, 0.8999999761581421, 0.75, 0.75, 0.75, 0.75, 0.75, 0.800000011920929, 0.800000011920929, 0.800000011920929, 0.800000011920929]"
2,385,INSERTION,8,0,0,0,307.80000311136246,307.80000311136246,482.29999101161957,49.125,49.125,36.025,3.6999999999999997,3.6999999999999997,4.800000041723251,1.3440000116825104,1.3440000116825104,0.9600000083446503,0.0,0.0,0.0,0.0,0.0,0.0,0.00045367172424254376,0.0004213107654633814,0.06444965101015598,0.06443979714974876,0.027587681352772637,0.15316388069305018,"[0.0, 0.0, 0.0, 0.0, 0.0, 0.0]","[0.800000011920929, 0.800000011920929, 0.8999999761581421, 0.75, 0.75, 0.75, 0.75, 0.75, 0.800000011920929, 0.800000011920929, 0.800000011920929, 0.800000011920929]"
2,386,INSERTION,8,0,0,0,307.80000311136246,307.80000311136246,482.29999101161957,49.125,49.125,36.025,3.6999999999999997,3.6999999999999997,4.800000041723251,1.3440000116825104,1.3440000116825104,0.9600000083446503,0.0,0.0,0.0,0.0,0.0,0.0,0.00041648272774090636,0.00035655858824502174,0.06321379186438342,0.06321531721620277,0.026451253672626147,0.14899967721499316,"[0.0, 0.0, 0.0, 0.0, 0.0, 0.0]","[0.800000011920929, 0.800000011920929, 0.8999999761581421, 0.75, 0.75, 0.75, 0.75, 0.75, 0.800000011920929, 0.800000011920929, 0.800000011920929, 0.800000011920929]"
2,387,INSERTION,8,0,0,0,307.80000311136246,307.80000311136246,482.29999101161957,49.125,49.125,36.025,3.6999999999999997,3.6999999999999997,4.800000041723251,1.3440000116825104,1.3440000116825104,0.9600000083446503,0.0,0.0,0.0,0.0,0.0,0.0,0.00039715977690613194,0.0003065639275598009,0.06188919325656397,0.061901823765558577,0.02521895053210244,0.14459306716243367,"[0.0, 0.0, 0.0, 0.0, 0.0, 0.0]","[0.800000011920929, 0.800000011920929, 0.8999999761581421, 0.75, 0.75, 0.75, 0.75, 0.75, 0.800000011920929, 0.800000011920929, 0.800000011920929, 0.800000011920929]"
2,388,INSERTION,8,0,0,0,307.80000311136246,307.80000311136246,482.29999101161957,49.125,49.125,36.025,3.6999999999999997,3.6999999999999997,4.800000041723251,1.3440000116825104,1.3440000116825104,0.9600000083446503,0.0,0.0,0.0,0.0,0.0,0.0,0.0003981627926692978,0.000279532998885247,0.0604837248494765,0.06050717229265989,0.023898150638790253,0.1399666513584975,"[0.0, 0.0, 0.0, 0.0, 0.0, 0.0]","[0.800000011920929, 0.800000011920929, 0.8999999761581421, 0.75, 0.75, 0.75, 0.75, 0.75, 0.800000011920929, 0.800000011920929, 0.800000011920929, 0.800000011920929]"
2,389,INSERTION,8,0,0,0,307.80000311136246,307.80000311136246,482.29999101161957,49.125,49.125,36.025,3.6999999999999997,3.6999999999999997,4.800000041723251,1.3440000116825104,1.3440000116825104,0.9600000083446503,0.0,0.0,0.0,0.0,0.0,0.0,0.00041905268332282817,0.00028205729332597424,0.059005736134053514,0.05903969939451197,0.022496775315147367,0.13514793960494645,"[0.0, 0.0, 0.0, 0.0, 0.0, 0.0]","[0.800000011920929, 0.800000011920929, 0.8999999761581421, 0.75, 0.75, 0.75, 0.75, 0.75, 0.800000011920929, 0.800000011920929, 0.800000011920929, 0.800000011920929]"
2,390,INSERTION,8,0,0,0,307.80000311136246,307.80000311136246,482.29999101161957,49.125,49.125,36.025,3.6999999999999997,3.6999999999999997,4.800000041723251,1.3440000116825104,1.3440000116825104,0.9600000083446503,0.0,0.0,0.0,0.0,0.0,0.0,0.0004567075933832608,0.00031311969538369886,0.05746400477144153,0.057508171133270856,0.021023247948329847,0.1301698705616267,"[0.0, 0.0, 0.0, 0.0, 0.0, 0.0]","[0.800000011920929, 0.800000011920929, 0.8999999761581421, 0.75, 0.75, 0.75, 0.75, 0.75, 0.800000011920929, 0.800000011920929, 0.800000011920929, 0.800000011920929]"
2,391,INSERTION,8,0,0,0,307.80000311136246,307.80000311136246,482.29999101161957,49.125,49.125,36.025,3.6999999999999997,3.6999999999999997,4.800000041723251,1.3440000116825104,1.3440000116825104,0.9600000083446503,0.0,0.0,0.0,0.0,0.0,0.0,0.0005069297337986386,0.00036506720138297335,0.05586768020365914,0.055921726663311126,0.019486451202658784,0.12507146208321082,"[0.0, 0.0, 0.0, 0.0, 0.0, 0.0]","[0.800000011920929, 0.800000011920929, 0.8999999761581421, 0.75, 0.75, 0.75, 0.75, 0.75, 0.800000011920929, 0.800000011920929, 0.800000011920929, 0.800000011920929]"
2,392,INSERTION,8,0,0,0,307.80000311136246,307.80000311136246,482.29999101161957,49.125,49.125,36.025,3.6999999999999997,3.6999999999999997,4.800000041723251,1.3440000116825104,1.3440000116825104,0.9600000083446503,0.0,0.0,0.0,0.0,0.0,0.0,0.0005658590192636861,0.0004298685928344642,0.054226223203160555,0.05428981779214306,0.01789568452406081,0.11989860846719685,"[0.0, 0.0, 0.0, 0.0, 0.0, 0.0]","[0.800000011920929, 0.800000011920929, 0.8999999761581421, 0.75, 0.75, 0.75, 0.75, 0.75, 0.800000011920929, 0.800000011920929, 0.800000011920929, 0.800000011920929]"
2,393,INSERTION,8,0,0,0,307.80000311136246,307.80000311136246,482.29999101161957,49.125,49.125,36.025,3.6999999999999997,3.6999999999999997,4.800000041723251,1.3440000116825104,1.3440000116825104,0.9600000083446503,0.0,0.0,0.0,0.0,0.0,0.0,0.0006305062018778175,0.000501993171691735,0.05254934209726863,0.052622145210651165,0.016260626193861615,0.11470502696068892,"[0.0, 0.0, 0.0, 0.0, 0.0, 0.0]","[0.800000011920929, 0.800000011920929, 0.8999999761581421, 0.75, 0.75, 0.75, 0.75, 0.75, 0.800000011920929, 0.800000011920929, 0.800000011920929, 0.800000011920929]"
2,394,INSERTION,8,0,0,0,307.80000311136246,307.80000311136246,482.29999101161957,49.125,49.125,36.025,3.6999999999999997,3.6999999999999997,4.800000041723251,1.3440000116825104,1.3440000116825104,0.9600000083446503,0.0,0.0,0.0,0.0,0.0,0.0,0.0006987185920032991,0.0005781003922319263,0.050846926428514565,0.050928592153243656,0.014591307521454188,0.1095533253166569,"[0.0, 0.0, 0.0, 0.0, 0.0, 0.0]","[0.800000011920929, 0.800000011920929, 0.8999999761581421, 0.75, 0.75, 0.75, 0.75, 0.75, 0.800000011920929, 0.800000011920929, 0.800000011920929, 0.800000011920929]"
2,395,INSERTION,8,0,0,0,307.80000311136246,307.80000311136246,482.29999101161957,49.125,49.125,36.025,3.6999999999999997,3.6999999999999997,4.800000041723251,1.3440000116825104,1.3440000116825104,0.9600000083446503,0.0,0.0,0.0,0.0,0.0,0.0,0.0007689756880255417,0.0006561864659671866,0.04912897880659383,0.049219156243223365,0.012898113815154742,0.10451610411499145,"[0.0, 0.0, 0.0, 0.0, 0.0, 0.0]","[0.800000011920929, 0.800000011920929, 0.8999999761581421, 0.75, 0.75, 0.75, 0.75, 0.75, 0.800000011920929, 0.800000011920929, 0.800000011920929, 0.800000011920929]"
2,396,INSERTION,8,0,0,0,307.80000311136246,307.80000311136246,482.29999101161957,49.125,49.125,36.025,3.6999999999999997,3.6999999999999997,4.800000041723251,1.3440000116825104,1.3440000116825104,0.9600000083446503,0.0,0.0,0.0,0.0,0.0,0.0,0.0008401944621593822,0.0007349980337965616,0.04740554568322796,0.04750388025432269,0.01119184303322089,0.09967690754867467,"[0.0, 0.0, 0.0, 0.0, 0.0, 0.0]","[0.800000011920929, 0.800000011920929, 0.8999999761581421, 0.75, 0.75, 0.75, 0.75, 0.75, 0.800000011920929, 0.800000011920929, 0.800000011920929, 0.800000011920929]"
2,397,INSERTION,8,0,0,0,307.80000311136246,307.80000311136246,482.29999101161957,49.125,49.125,36.025,3.6999999999999997,3.6999999999999997,4.800000041723251,1.3440000116825104,1.3440000116825104,0.9600000083446503,0.0,0.0,0.0,0.0,0.0,0.0,0.0009115864407600959,0.000813704649123583,0.04568664774755329,0.04579278248574164,0.00948389423467687,0.09513068126381334,"[0.0, 0.0, 0.0, 0.0, 0.0, 0.0]","[0.800000011920929, 0.800000011920929, 0.8999999761581421, 0.75, 0.75, 0.75, 0.75, 0.75, 0.800000011920929, 0.800000011920929, 0.800000011920929, 0.800000011920929]"
2,398,INSERTION,8,0,0,0,307.80000311136246,307.80000311136246,482.29999101161957,49.125,49.125,36.025,3.6999999999999997,3.6999999999999997,4.800000041723251,1.3440000116825104,1.3440000116825104,0.9600000083446503,0.0,0.0,0.0,0.0,0.0,0.0,0.000982561668207877,0.000891722464279559,0.04398221060369389,0.044095787412143615,0.00778677502233789,0.09098318789784138,"[0.0, 0.0, 0.0, 0.0, 0.0, 0.0]","[0.800000011920929, 0.800000011920929, 0.8999999761581421, 0.75, 0.75, 0.75, 0.75, 0.75, 0.800000011920929, 0.800000011920929, 0.800000011920929, 0.800000011920929]"
2,399,INSERTION,8,0,0,0,307.80000311136246,307.80000311136246,482.29999101161957,49.125,49.125,36.025,3.6999999999999997,3.6999999999999997,4.800000041723251,1.3440000116825104,1.3440000116825104,0.9600000083446503,0.0,0.0,0.0,0.0,0.0,0.0,0.0010526660159062243,0.0009686179043778493,0.04230199635753056,0.04242265723551932,0.0061155020956460745,0.0873486175189282,"[0.0, 0.0, 0.0, 0.0, 0.0, 0.0]","[0.800000011920929, 0.800000011920929, 0.8999999761581421, 0.75, 0.75, 0.75, 0.75, 0.75, 0.800000011920929, 0.800000011920929, 0.800000011920929, 0.800000011920929]"
2,400,INSERTION,8,0,0,0,307.80000311136246,307.80000311136246,482.29999101161957,49.125,49.125,36.025,3.6999999999999997,3.6999999999999997,4.800000041723251,1.3440000116825104,1.3440000116825104,0.9600000083446503,0.0,0.0,0.0,0.0,0.0,0.0,0.0011215403990481874,0.0010440533840522426,0.04065553670690735,0.040782924933181634,0.004492009080063859,0.08434454518410839,"[0.0, 0.0, 0.0, 0.0, 0.0, 0.0]","[0.800000011920929, 0.800000011920929, 0.8999999761581421, 0.75, 0.75, 0.75, 0.75, 0.75, 0.800000011920929, 0.800000011920929, 0.800000011920929, 0.800000011920929]"
2,401,INSERTION,8,0,0,0,307.80000311136246,307.80000311136246,482.29999101161957,49.125,49.125,36.025,3.6999999999999997,3.6999999999999997,4.800000041723251,1.3440000116825104,1.3440000116825104,0.9600000083446503,0.0,0.0,0.0,0.0,0.0,0.0,0.0011888940254783428,0.0011177556433690581,0.03905206809715577,0.0391858293639351,0.002962764835438736,0.08208366845077383,"[0.0, 0.0, 0.0, 0.0, 0.0, 0.0]","[0.800000011920929, 0.800000011920929, 0.8999999761581421, 0.75, 0.75, 0.75, 0.75, 0.75, 0.800000011920929, 0.800000011920929, 0.800000011920929, 0.800000011920929]"
2,402,INSERTION,8,0,0,0,307.80000311136246,307.80000311136246,482.29999101161957,49.125,49.125,36.025,3.6999999999999997,3.6999999999999997,4.800000041723251,1.3440000116825104,1.3440000116825104,0.9600000083446503,0.0,0.0,0.0,0.0,0.0,0.0,0.001254486609218466,0.0011894966549941223,0.03750046946916249,0.037640252959963254,0.0016988835535568273,0.08066264732367388,"[0.0, 0.0, 0.0, 0.0, 0.0, 0.0]","[0.800000011920929, 0.800000011920929, 0.8999999761581421, 0.75, 0.75, 0.75, 0.75, 0.75, 0.800000011920929, 0.800000011920929, 0.800000011920929, 0.800000011920929]"
2,403,INSERTION,8,0,0,0,307.80000311136246,307.80000311136246,482.29999101161957,49.125,49.125,36.025,3.6999999999999997,3.6999999999999997,4.800000041723251,1.3440000116825104,1.3440000116825104,0.9600000083446503,0.0,0.0,0.0,0.0,0.0,0.0,0.0013181163563800679,0.001259081759177025,0.036009203087485196,0.03615466249241089,0.0014428140177002848,0.08014983070240957,"[0.0, 0.0, 0.0, 0.0, 0.0, 0.0]","[0.800000011920929, 0.800000011920929, 0.8999999761581421, 0.75, 0.75, 0.75, 0.75, 0.75, 0.800000011920929, 0.800000011920929, 0.800000011920929, 0.800000011920929]"
2,404,INSERTION,8,0,0,0,307.80000311136246,307.80000311136246,482.29999101161957,49.125,49.125,36.025,3.6999999999999997,3.6999999999999997,4.800000041723251,1.3440000116825104,1.3440000116825104,0.9600000083446503,0.0,0.0,0.0,0.0,0.0,0.0,0.0013796117143297225,0.0013263420897214689,0.03458625888909838,0.03473705335185855,0.0024185174237725164,0.08057504301723549,"[0.0, 0.0, 0.0, 0.0, 0.0, 0.0]","[0.800000011920929, 0.800000011920929, 0.8999999761581421, 0.75, 0.75, 0.75, 0.75, 0.75, 0.800000011920929, 0.800000011920929, 0.800000011920929, 0.800000011920929]"
2,405,INSERTION,8,0,0,0,307.80000311136246,307.80000311136246,482.29999101161957,49.125,49.125,36.025,3.6999999999999997,3.6999999999999997,4.800000041723251,1.3440000116825104,1.3440000116825104,0.9600000083446503,0.0,0.0,0.0,0.0,0.0,0.0,0.001438825608638192,0.001391129621660641,0.033239102738389446,0.03339489773003764,0.003687221967572389,0.08192481123437978,"[0.0, 0.0, 0.0, 0.0, 0.0, 0.0]","[0.800000011920929, 0.800000011920929, 0.8999999761581421, 0.75, 0.75, 0.75, 0.75, 0.75, 0.800000011920929, 0.800000011920929, 0.800000011920929, 0.800000011920929]"
2,406,INSERTION,8,0,0,0,307.80000311136246,307.80000311136246,482.29999101161957,49.125,49.125,36.025,3.6999999999999997,3.6999999999999997,4.800000041723251,1.3440000116825104,1.3440000116825104,0.9600000083446503,0.0,0.0,0.0,0.0,0.0,0.0,0.0014956313473709437,0.0014533138607253464,0.03197462891189339,0.032135097027077,0.004966647482341292,0.08414478484219731,"[0.0, 0.0, 0.0, 0.0, 0.0, 0.0]","[0.800000011920929, 0.800000011920929, 0.8999999761581421, 0.75, 0.75, 0.75, 0.75, 0.75, 0.800000011920929, 0.800000011920929, 0.800000011920929, 0.800000011920929]"
2,407,INSERTION,8,0,0,0,307.80000311136246,307.80000311136246,482.29999101161957,49.125,49.125,36.025,3.6999999999999997,3.6999999999999997,4.800000041723251,1.3440000116825104,1.3440000116825104,0.9600000083446503,0.0,0.0,0.0,0.0,0.0,0.0,0.0015499196569631862,0.0015127795818684708,0.030799117069784714,0.030963938742122325,0.006194393772196785,0.08714838072292096,"[0.0, 0.0, 0.0, 0.0, 0.0, 0.0]","[0.800000011920929, 0.800000011920929, 0.8999999761581421, 0.75, 0.75, 0.75, 0.75, 0.75, 0.800000011920929, 0.800000011920929, 0.800000011920929, 0.800000011920929]"
2,408,INSERTION,8,0,0,0,307.80000311136246,307.80000311136246,482.29999101161957,49.125,49.125,36.025,3.6999999999999997,3.6999999999999997,4.800000041723251,1.3440000116825104,1.3440000116825104,0.9600000083446503,0.0,0.0,0.0,0.0,0.0,0.0,0.0016015964943474838,0.0015694252484310704,0.029718193905179595,0.029887058039169405,0.007347620328249174,0.09082859146954572,"[0.0, 0.0, 0.0, 0.0, 0.0, 0.0]","[0.800000011920929, 0.800000011920929, 0.8999999761581421, 0.75, 0.75, 0.75, 0.75, 0.75, 0.800000011920929, 0.800000011920929, 0.800000011920929, 0.800000011920929]"
2,409,INSERTION,8,0,0,0,307.80000311136246,307.80000311136246,482.29999101161957,49.125,49.125,36.025,3.6999999999999997,3.6999999999999997,4.800000041723251,1.3440000116825104,1.3440000116825104,0.9600000083446503,0.0,0.0,0.0,0.0,0.0,0.0,0.0016505813960305215,0.0016231618773825843,0.02873679960366892,0.02890940412122627,0.008414195316560777,0.09506957148450967,"[0.0, 0.0, 0.0, 0.0, 0.0, 0.0]","[0.800000011920929, 0.800000011920929, 0.8999999761581421, 0.75, 0.75, 0.75, 0.75, 0.75, 0.800000011920929, 0.800000011920929, 0.800000011920929, 0.800000011920929]"
2,410,INSERTION,8,0,0,0,307.80000311136246,307.80000311136246,482.29999101161957,49.125,49.125,36.025,3.6999999999999997,3.6999999999999997,4.800000041723251,1.3440000116825104,1.3440000116825104,0.9600000083446503,0.0,0.0,0.0,0.0,0.0,0.0,0.0016968062005303537,0.0016739121981422056,0.02785915920291753,0.02803521150319179,0.009386136555725554,0.09975575903819695,"[0.0, 0.0, 0.0, 0.0, 0.0, 0.0]","[0.800000011920929, 0.800000011920929, 0.8999999761581421, 0.75, 0.75, 0.75, 0.75, 0.75, 0.800000011920929, 0.800000011920929, 0.800000011920929, 0.800000011920929]"
2,411,INSERTION,8,0,0,0,307.80000311136246,307.80000311136246,482.29999101161957,49.125,49.125,36.025,3.6999999999999997,3.6999999999999997,4.800000041723251,1.3440000116825104,1.3440000116825104,0.9600000083446503,0.0,0.0,0.0,0.0,0.0,0.0,0.0017402140306471837,0.0017216100040395635,0.0270887589260402,0.027267976257534847,0.01025762066176134,0.10477781311584979,"[0.0, 0.0, 0.0, 0.0, 0.0, 0.0]","[0.800000011920929, 0.800000011920929, 0.8999999761581421, 0.75, 0.75, 0.75, 0.75, 0.75, 0.800000011920929, 0.800000011920929, 0.800000011920929, 0.800000011920929]"
2,412,INSERTION,8,0,0,0,307.80000311136246,307.80000311136246,482.29999101161957,49.125,49.125,36.025,3.6999999999999997,3.6999999999999997,4.800000041723251,1.3440000116825104,1.3440000116825104,0.9600000083446503,0.0,0.0,0.0,0.0,0.0,0.0,0.0017807584554930607,0.001766199628498441,0.02642832758485788,0.026610437329062812,0.011024251690557436,0.11003571845460004,"[0.0, 0.0, 0.0, 0.0, 0.0, 0.0]","[0.800000011920929, 0.800000011920929, 0.8999999761581421, 0.75, 0.75, 0.75, 0.75, 0.75, 0.800000011920929, 0.800000011920929, 0.800000011920929, 0.800000011920929]"
2,413,INSERTION,8,0,0,0,307.80000311136246,307.80000311136246,482.29999101161957,49.125,49.125,36.025,3.6999999999999997,3.6999999999999997,4.800000041723251,1.3440000116825104,1.3440000116825104,0.9600000083446503,0.0,0.0,0.0,0.0,0.0,0.0,0.0018184027747005006,0.001807635499458175,0.02587982322348572,0.026064563089259633,0.011682754863695716,0.11543985193404165,"[0.0, 0.0, 0.0, 0.0, 0.0, 0.0]","[0.800000011920929, 0.800000011920929, 0.8999999761581421, 0.75, 0.75, 0.75, 0.75, 0.75, 0.800000011920929, 0.800000011920929, 0.800000011920929, 0.800000011920929]"
2,414,INSERTION,8,0,0,0,307.80000311136246,307.80000311136246,482.29999101161957,49.125,49.125,36.025,3.6999999999999997,3.6999999999999997,4.800000041723251,1.3440000116825104,1.3440000116825104,0.9600000083446503,0.0,0.0,0.0,0.0,0.0,0.0,0.00185311938238578,0.0018458817395040823,0.02544442531336954,0.025631543441267245,0.012230835006549187,0.12091080338849339,"[0.0, 0.0, 0.0, 0.0, 0.0, 0.0]","[0.800000011920929, 0.800000011920929, 0.8999999761581421, 0.75, 0.75, 0.75, 0.75, 0.75, 0.800000011920929, 0.800000011920929, 0.800000011920929, 0.800000011920929]"
2,415,INSERTION,8,0,0,0,307.80000311136246,307.80000311136246,482.29999101161957,49.125,49.125,36.025,3.6999999999999997,3.6999999999999997,4.800000041723251,1.3440000116825104,1.3440000116825104,0.9600000083446503,0.0,0.0,0.0,0.0,0.0,0.0,0.001884889178636999,0.001880911788181908,0.02512253303167474,0.025311788007451062,0.01266710468809916,0.12637855653286778,"[0.0, 0.0, 0.0, 0.0, 0.0, 0.0]","[0.800000011920929, 0.800000011920929, 0.8999999761581421, 0.75, 0.75, 0.75, 0.75, 0.75, 0.800000011920929, 0.800000011920929, 0.800000011920929, 0.800000011920929]"
2,416,INSERTION,8,0,0,0,307.80000311136246,307.80000311136246,482.29999101161957,49.125,49.125,36.025,3.6999999999999997,3.6999999999999997,4.800000041723251,1.3440000116825104,1.3440000116825104,0.9600000083446503,0.0,0.0,0.0,0.0,0.0,0.0,0.0019137010032124941,0.001912708028669116,0.024913770465520423,0.02510493124236606,0.0129910428161002,0.1317814240920935,"[0.0, 0.0, 0.0, 0.0, 0.0, 0.0]","[0.800000011920929, 0.800000011920929, 0.8999999761581421, 0.75, 0.75, 0.75, 0.75, 0.75, 0.800000011920929, 0.800000011920929, 0.800000011920929, 0.800000011920929]"
2,417,INSERTION,8,0,0,0,307.80000311136246,307.80000311136246,482.29999101161957,49.125,49.125,36.025,3.6999999999999997,3.6999999999999997,4.800000041723251,1.3440000116825104,1.3440000116825104,0.9600000083446503,0.0,0.0,0.0,0.0,0.0,0.0,0.0019395510711221347,0.0019412614045801332,0.024816999982900344,0.02500984571280692,0.013202965555587923,0.1370649632205585,"[0.0, 0.0, 0.0, 0.0, 0.0, 0.0]","[0.800000011920929, 0.800000011920929, 0.8999999761581421, 0.75, 0.75, 0.75, 0.75, 0.75, 0.800000011920929, 0.800000011920929, 0.800000011920929, 0.800000011920929]"
2,418,INSERTION,8,0,0,0,307.80000311136246,307.80000311136246,482.29999101161957,49.125,49.125,36.025,3.6999999999999997,3.6999999999999997,4.800000041723251,1.3440000116825104,1.3440000116825104,0.9600000083446503,0.0,0.0,0.0,0.0,0.0,0.0,0.0019624423941102427,0.001966571015281526,0.024830345469448283,0.025024665245640308,0.013304000107518565,0.14218098483039726,"[0.0, 0.0, 0.0, 0.0, 0.0, 0.0]","[0.800000011920929, 0.800000011920929, 0.8999999761581421, 0.75, 0.75, 0.75, 0.75, 0.75, 0.800000011920929, 0.800000011920929, 0.800000011920929, 0.800000011920929]"
2,419,INSERTION,8,0,0,0,307.80000311136246,307.80000311136246,482.29999101161957,49.125,49.125,36.025,3.6999999999999997,3.6999999999999997,4.800000041723251,1.3440000116825104,1.3440000116825104,0.9600000083446503,0.0,0.0,0.0,0.0,0.0,0.0,0.001982384177176184,0.0019886436808435022,0.0249512275723325,0.025146820086974546,0.013296055628863407,0.14708670327885934,"[0.0, 0.0, 0.0, 0.0, 0.0, 0.0]","[0.800000011920929, 0.800000011920929, 0.8999999761581421, 0.75, 0.75, 0.75, 0.75, 0.75, 0.800000011920929, 0.800000011920929, 0.800000011920929, 0.800000011920929]"
2,420,INSERTION,8,0,0,0,307.80000311136246,307.80000311136246,482.29999101161957,49.125,49.125,36.025,3.6999999999999997,3.6999999999999997,4.800000041723251,1.3440000116825104,1.3440000116825104,0.9600000083446503,0.0,0.0,0.0,0.0,0.0,0.0,0.001999391186672555,0.0020074934719522953,0.025176413364414417,0.025373086488597478,0.013181787290094714,0.15174403646551818,"[0.0, 0.0, 0.0, 0.0, 0.0, 0.0]","[0.800000011920929, 0.800000011920929, 0.8999999761581421, 0.75, 0.75, 0.75, 0.75, 0.75, 0.800000011920929, 0.800000011920929, 0.800000011920929, 0.800000011920929]"
2,421,INSERTION,8,0,0,0,307.80000311136246,307.80000311136246,482.29999101161957,49.125,49.125,36.025,3.6999999999999997,3.6999999999999997,4.800000041723251,1.3440000116825104,1.3440000116825104,0.9600000083446503,0.0,0.0,0.0,0.0,0.0,0.0,0.0020134830975859328,0.002023141206974055,0.025502082685172144,0.025699652981033876,0.012964550479884332,0.1561190486264039,"[0.0, 0.0, 0.0, 0.0, 0.0, 0.0]","[0.800000011920929, 0.800000011920929, 0.8999999761581421, 0.75, 0.75, 0.75, 0.75, 0.75, 0.800000011920929, 0.800000011920929, 0.800000011920929, 0.800000011920929]"
2,422,INSERTION,8,0,0,0,307.80000311136246,307.80000311136246,482.29999101161957,49.125,49.125,36.025,3.6999999999999997,3.6999999999999997,4.800000041723251,1.3440000116825104,1.3440000116825104,0.9600000083446503,0.0,0.0,0.0,0.0,0.0,0.0,0.002024683842818305,0.0020356139286256624,0.02592391247408659,0.026122204651190077,0.012648343299347973,0.1601815205484721,"[0.0, 0.0, 0.0, 0.0, 0.0, 0.0]","[0.800000011920929, 0.800000011920929, 0.8999999761581421, 0.75, 0.75, 0.75, 0.75, 0.75, 0.800000011920929, 0.800000011920929, 0.800000011920929, 0.800000011920929]"
2,423,INSERTION,8,0,0,0,307.80000311136246,307.80000311136246,482.29999101161957,49.125,49.125,36.025,3.6999999999999997,3.6999999999999997,4.800000041723251,1.3440000116825104,1.3440000116825104,0.9600000083446503,0.0,0.0,0.0,0.0,0.0,0.0,0.0020330209861045734,0.0020449443666719675,0.02643717837409914,0.026636024715087463,0.01223773743946392,0.1639046292516432,"[0.0, 0.0, 0.0, 0.0, 0.0, 0.0]","[0.800000011920929, 0.800000011920929, 0.8999999761581421, 0.75, 0.75, 0.75, 0.75, 0.75, 0.800000011920929, 0.800000011920929, 0.800000011920929, 0.800000011920929]"
2,424,INSERTION,8,0,0,0,307.80000311136246,307.80000311136246,482.29999101161957,49.125,49.125,36.025,3.6999999999999997,3.6999999999999997,4.800000041723251,1.3440000116825104,1.3440000116825104,0.9600000083446503,0.0,0.0,0.0,0.0,0.0,0.0,0.0020385248571202926,0.002051170115173987,0.02703687790838768,0.02723611788298077,0.011737800936227597,0.16726472227030434,"[0.0, 0.0, 0.0, 0.0, 0.0, 0.0]","[0.800000011920929, 0.800000011920929, 0.8999999761581421, 0.75, 0.75, 0.75, 0.75, 0.75, 0.800000011920929, 0.800000011920929, 0.800000011920929, 0.800000011920929]"
2,425,INSERTION,8,0,0,0,307.80000311136246,307.80000311136246,482.29999101161957,49.125,49.125,36.025,3.6999999999999997,3.6999999999999997,4.800000041723251,1.3440000116825104,1.3440000116825104,0.9600000083446503,0.0,0.0,0.0,0.0,0.0,0.0,0.0020412291248359336,0.0020543341825947177,0.027717867012047197,0.027917346285328125,0.01115401359252421,0.1702412378060084,"[0.0, 0.0, 0.0, 0.0, 0.0, 0.0]","[0.800000011920929, 0.800000011920929, 0.8999999761581421, 0.75, 0.75, 0.75, 0.75, 0.75, 0.800000011920929, 0.800000011920929, 0.800000011920929, 0.800000011920929]"
2,426,INSERTION,8,0,0,0,307.80000311136246,307.80000311136246,482.29999101161957,49.125,49.125,36.025,3.6999999999999997,3.6999999999999997,4.800000041723251,1.3440000116825104,1.3440000116825104,0.9600000083446503,0.0,0.0,0.0,0.0,0.0,0.0,0.0020411703273476513,0.0020544843708977943,0.02847494977199979,0.02867451941344059,0.010492192797692161,0.17281641253196245,"[0.0, 0.0, 0.0, 0.0, 0.0, 0.0]","[0.800000011920929, 0.800000011920929, 0.8999999761581421, 0.75, 0.75, 0.75, 0.75, 0.75, 0.800000011920929, 0.800000011920929, 0.800000011920929, 0.800000011920929]"
2,427,INSERTION,8,0,0,0,307.80000311136246,307.80000311136246,482.29999101161957,49.125,49.125,36.025,3.6999999999999997,3.6999999999999997,4.800000041723251,1.3440000116825104,1.3440000116825104,0.9600000083446503,0.0,0.0,0.0,0.0,0.0,0.0,0.0020383874879224637,0.0020516726506083867,0.029302945133012646,0.02950246118365759,0.009758504058171085,0.17497525445155163,"[0.0, 0.0, 0.0, 0.0, 0.0, 0.0]","[0.800000011920929, 0.800000011920929, 0.8999999761581421, 0.75, 0.75, 0.75, 0.75, 0.75, 0.800000011920929, 0.800000011920929, 0.800000011920929, 0.800000011920929]"
2,428,INSERTION,8,0,0,0,307.80000311136246,307.80000311136246,482.29999101161957,49.125,49.125,36.025,3.6999999999999997,3.6999999999999997,4.800000041723251,1.3440000116825104,1.3440000116825104,0.9600000083446503,0.0,0.0,0.0,0.0,0.0,0.0,0.002032922733288554,0.0020459554927993793,0.030196730329774844,0.030396053239932073,0.008959564083997494,0.17670558608485978,"[0.0, 0.0, 0.0, 0.0, 0.0, 0.0]","[0.800000011920929, 0.800000011920929, 0.8999999761581421, 0.75, 0.75, 0.75, 0.75, 0.75, 0.800000011920929, 0.800000011920929, 0.800000011920929, 0.800000011920929]"
2,429,INSERTION,8,0,0,0,307.80000311136246,307.80000311136246,482.29999101161957,49.125,49.125,36.025,3.6999999999999997,3.6999999999999997,4.800000041723251,1.3440000116825104,1.3440000116825104,0.9600000083446503,0.0,0.0,0.0,0.0,0.0,0.0,0.0020248219318963587,0.0020373942066235157,0.03115125637834864,0.031350250364095354,0.008102698841822584,0.17799793756186844,"[0.0, 0.0, 0.0, 0.0, 0.0, 0.0]","[0.800000011920929, 0.800000011920929, 0.8999999761581421, 0.75, 0.75, 0.75, 0.75, 0.75, 0.800000011920929, 0.800000011920929, 0.800000011920929, 0.800000011920929]"
2,430,INSERTION,8,0,0,0,307.80000311136246,307.80000311136246,482.29999101161957,49.125,49.125,36.025,3.6999999999999997,3.6999999999999997,4.800000041723251,1.3440000116825104,1.3440000116825104,0.9600000083446503,0.0,0.0,0.0,0.0,0.0,0.0,0.0020141352219016657,0.002026055176665087,0.03216153830085219,0.0323600706922916,0.007196492904152095,0.17884545033592325,"[0.0, 0.0, 0.0, 0.0, 0.0, 0.0]","[0.800000011920929, 0.800000011920929, 0.8999999761581421, 0.75, 0.75, 0.75, 0.75, 0.75, 0.800000011920929, 0.800000011920929, 0.800000011920929, 0.800000011920929]"
2,431,INSERTION,8,0,0,0,307.80000311136246,307.80000311136246,482.29999101161957,49.125,49.125,36.025,3.6999999999999997,3.6999999999999997,4.800000041723251,1.3440000116825104,1.3440000116825104,0.9600000083446503,0.0,0.0,0.0,0.0,0.0,0.0,0.00200091743242716,0.0020120100220155685,0.03322262583584603,0.03342056643888227,0.006251930204135312,0.17924379388359185,"[0.0, 0.0, 0.0, 0.0, 0.0, 0.0]","[0.800000011920929, 0.800000011920929, 0.8999999761581421, 0.75, 0.75, 0.75, 0.75, 0.75, 0.800000011920929, 0.800000011920929, 0.800000011920929, 0.800000011920929]"
2,432,INSERTION,8,0,0,0,307.80000311136246,307.80000311136246,482.29999101161957,49.125,49.125,36.025,3.6999999999999997,3.6999999999999997,4.800000041723251,1.3440000116825104,1.3440000116825104,0.9600000083446503,0.0,0.0,0.0,0.0,0.0,0.0,0.001985228346563362,0.00199533563739255,0.034329561841082844,0.03452678232806216,0.005284871816872276,0.17919107996580144,"[0.0, 0.0, 0.0, 0.0, 0.0, 0.0]","[0.800000011920929, 0.800000011920929, 0.8999999761581421, 0.75, 0.75, 0.75, 0.75, 0.75, 0.800000011920929, 0.800000011920929, 0.800000011920929, 0.800000011920929]"
2,433,INSERTION,8,0,0,0,307.80000311136246,307.80000311136246,482.29999101161957,49.125,49.125,36.025,3.6999999999999997,3.6999999999999997,4.800000041723251,1.3440000116825104,1.3440000116825104,0.9600000083446503,0.0,0.0,0.0,0.0,0.0,0.0,0.001967132550627907,0.0019761138658036218,0.03547732471666009,0.03567369818352197,0.0043218805178845444,0.17868777565147553,"[0.0, 0.0, 0.0, 0.0, 0.0, 0.0]","[0.800000011920929, 0.800000011920929, 0.8999999761581421, 0.75, 0.75, 0.75, 0.75, 0.75, 0.800000011920929, 0.800000011920929, 0.800000011920929, 0.800000011920929]"
2,434,INSERTION,8,0,0,0,307.80000311136246,307.80000311136246,482.29999101161957,49.125,49.125,36.025,3.6999999999999997,3.6999999999999997,4.800000041723251,1.3440000116825104,1.3440000116825104,0.9600000083446503,0.0,0.0,0.0,0.0,0.0,0.0,0.001946699908653261,0.001954431840781989,0.036660757113720126,0.036856157315022474,0.0034150335463976524,0.1777366409906482,"[0.0, 0.0, 0.0, 0.0, 0.0, 0.0]","[0.800000011920929, 0.800000011920929, 0.8999999761581421, 0.75, 0.75, 0.75, 0.75, 0.75, 0.800000011920929, 0.800000011920929, 0.800000011920929, 0.800000011920929]"
2,435,INSERTION,8,0,0,0,307.80000311136246,307.80000311136246,482.29999101161957,49.125,49.125,36.025,3.6999999999999997,3.6999999999999997,4.800000041723251,1.3440000116825104,1.3440000116825104,0.9600000083446503,0.0,0.0,0.0,0.0,0.0,0.0,0.001924005162782074,0.001930381500391835,0.037874533580610124,0.038068834308137116,0.002678791071319106,0.17634253323583077,"[0.0, 0.0, 0.0, 0.0, 0.0, 0.0]","[0.800000011920929, 0.800000011920929, 0.8999999761581421, 0.75, 0.75, 0.75, 0.75, 0.75, 0.800000011920929, 0.800000011920929, 0.800000011920929, 0.800000011920929]"
2,436,INSERTION,8,0,0,0,307.80000311136246,307.80000311136246,482.29999101161957,49.125,49.125,36.025,3.6999999999999997,3.6999999999999997,4.800000041723251,1.3440000116825104,1.3440000116825104,0.9600000083446503,0.0,0.0,0.0,0.0,0.0,0.0,0.0018991272899551174,0.001904058887684059,0.039113148418732584,0.03930622307477507,0.0023395205151817188,0.17451238980716027,"[0.0, 0.0, 0.0, 0.0, 0.0, 0.0]","[0.800000011920929, 0.800000011920929, 0.8999999761581421, 0.75, 0.75, 0.75, 0.75, 0.75, 0.800000011920929, 0.800000011920929, 0.800000011920929, 0.800000011920929]"
2,437,INSERTION,8,0,0,0,307.80000311136246,307.80000311136246,482.29999101161957,49.125,49.125,36.025,3.6999999999999997,3.6999999999999997,4.800000041723251,1.3440000116825104,1.3440000116825104,0.9600000083446503,0.0,0.0,0.0,0.0,0.0,0.0,0.0018721490911270803,0.001875563701337377,0.04037091808177847,0.04056263925392669,0.00260061270025494,0.17225522934427512,"[0.0, 0.0, 0.0, 0.0, 0.0, 0.0]","[0.800000011920929, 0.800000011920929, 0.8999999761581421, 0.75, 0.75, 0.75, 0.75, 0.75, 0.800000011920929, 0.800000011920929, 0.800000011920929, 0.800000011920929]"
2,438,INSERTION,8,0,0,0,307.80000311136246,307.80000311136246,482.29999101161957,49.125,49.125,36.025,3.6999999999999997,3.6999999999999997,4.800000041723251,1.3440000116825104,1.3440000116825104,0.9600000083446503,0.0,0.0,0.0,0.0,0.0,0.0,0.0018431567199850344,0.0018449987955324813,0.04164199711001309,0.0418322361677027,0.003347051545019531,0.1695821081948338,"[0.0, 0.0, 0.0, 0.0, 0.0, 0.0]","[0.800000011920929, 0.800000011920929, 0.8999999761581421, 0.75, 0.75, 0.75, 0.75, 0.75, 0.800000011920929, 0.800000011920929, 0.800000011920929, 0.800000011920929]"
2,439,INSERTION,8,0,0,0,307.80000311136246,307.80000311136246,482.29999101161957,49.125,49.125,36.025,3.6999999999999997,3.6999999999999997,4.800000041723251,1.3440000116825104,1.3440000116825104,0.9600000083446503,0.0,0.0,0.0,0.0,0.0,0.0,0.0018122391818945253,0.001812469654522002,0.04292040440281738,0.04310903114022479,0.004346692163154345,0.16650609679439052,"[0.0, 0.0, 0.0, 0.0, 0.0, 0.0]","[0.800000011920929, 0.800000011920929, 0.8999999761581421, 0.75, 0.75, 0.75, 0.75, 0.75, 0.800000011920929, 0.800000011920929, 0.800000011920929, 0.800000011920929]"
2,440,INSERTION,8,0,0,0,307.80000311136246,307.80000311136246,482.29999101161957,49.125,49.125,36.025,3.6999999999999997,3.6999999999999997,4.800000041723251,1.3440000116825104,1.3440000116825104,0.9600000083446503,0.0,0.0,0.0,0.0,0.0,0.0,0.0017794878600154071,0.0017780838963142376,0.04420005668180504,0.04438693901474965,0.00546611924913054,0.16304227831846535,"[0.0, 0.0, 0.0, 0.0, 0.0, 0.0]","[0.800000011920929, 0.800000011920929, 0.8999999761581421, 0.75, 0.75, 0.75, 0.75, 0.75, 0.800000011920929, 0.800000011920929, 0.800000011920929, 0.800000011920929]"
2,441,INSERTION,8,0,0,0,307.80000311136246,307.80000311136246,482.29999101161957,49.125,49.125,36.025,3.6999999999999997,3.6999999999999997,4.800000041723251,1.3440000116825104,1.3440000116825104,0.9600000083446503,0.0,0.0,0.0,0.0,0.0,0.0,0.0017449961013603482,0.0017419508375883877,0.04547480650507459,0.04565981022330417,0.0066435984276199305,0.15920776710775605,"[0.0, 0.0, 0.0, 0.0, 0.0, 0.0]","[0.800000011920929, 0.800000011920929, 0.8999999761581421, 0.75, 0.75, 0.75, 0.75, 0.75, 0.800000011920929, 0.800000011920929, 0.800000011920929, 0.800000011920929]"
2,442,INSERTION,8,0,0,0,307.80000311136246,307.80000311136246,482.29999101161957,49.125,49.125,36.025,3.6999999999999997,3.6999999999999997,4.800000041723251,1.3440000116825104,1.3440000116825104,0.9600000083446503,0.0,0.0,0.0,0.0,0.0,0.0,0.001708858882760866,0.0017041811402427288,0.04673848277288372,0.046921471347689835,0.007847795655817806,0.1550217489883405,"[0.0, 0.0, 0.0, 0.0, 0.0, 0.0]","[0.800000011920929, 0.800000011920929, 0.8999999761581421, 0.75, 0.75, 0.75, 0.75, 0.75, 0.800000011920929, 0.800000011920929, 0.800000011920929, 0.800000011920929]"
2,443,INSERTION,8,0,0,0,307.80000311136246,307.80000311136246,482.29999101161957,49.125,49.125,36.025,3.6999999999999997,3.6999999999999997,4.800000041723251,1.3440000116825104,1.3440000116825104,0.9600000083446503,0.0,0.0,0.0,0.0,0.0,0.0,0.0016711725721508086,0.0016648865560377167,0.04798493218803734,0.04816576663459304,0.009060038015840944,0.15050554899268018,"[0.0, 0.0, 0.0, 0.0, 0.0, 0.0]","[0.800000011920929, 0.800000011920929, 0.8999999761581421, 0.75, 0.75, 0.75, 0.75, 0.75, 0.800000011920929, 0.800000011920929, 0.800000011920929, 0.800000011920929]"
2,444,INSERTION,8,0,0,0,307.80000311136246,307.80000311136246,482.29999101161957,49.125,49.125,36.025,3.6999999999999997,3.6999999999999997,4.800000041723251,1.3440000116825104,1.3440000116825104,0.9600000083446503,0.0,0.0,0.0,0.0,0.0,0.0,0.0016320347989404683,0.001624179784470361,0.04920806055950435,0.04938659935278077,0.01026739655199788,0.14568273470806595,"[0.0, 0.0, 0.0, 0.0, 0.0, 0.0]","[0.800000011920929, 0.800000011920929, 0.8999999761581421, 0.75, 0.75, 0.75, 0.75, 0.75, 0.800000011920929, 0.800000011920929, 0.800000011920929, 0.800000011920929]"
2,445,INSERTION,8,0,0,0,307.80000311136246,307.80000311136246,482.29999101161957,49.125,49.125,36.025,3.6999999999999997,3.6999999999999997,4.800000041723251,1.3440000116825104,1.3440000116825104,0.9600000083446503,0.0,0.0,0.0,0.0,0.0,0.0,0.0015915444469038675,0.0015821744588334075,0.05040187316376129,0.050577972206351816,0.01145982525165541,0.14057926651624394,"[0.0, 0.0, 0.0, 0.0, 0.0, 0.0]","[0.800000011920929, 0.800000011920929, 0.8999999761581421, 0.75, 0.75, 0.75, 0.75, 0.75, 0.800000011920929, 0.800000011920929, 0.800000011920929, 0.800000011920929]"
2,446,INSERTION,8,0,0,0,307.80000311136246,307.80000311136246,482.29999101161957,49.125,49.125,36.025,3.6999999999999997,3.6999999999999997,4.800000041723251,1.3440000116825104,1.3440000116825104,0.9600000083446503,0.0,0.0,0.0,0.0,0.0,0.0,0.0015498017836942744,0.0015389852761974955,0.05156051361951416,0.05173402625923087,0.012628882470599623,0.13522370976589185,"[0.0, 0.0, 0.0, 0.0, 0.0, 0.0]","[0.800000011920929, 0.800000011920929, 0.8999999761581421, 0.75, 0.75, 0.75, 0.75, 0.75, 0.800000011920929, 0.800000011920929, 0.800000011920929, 0.800000011920929]"
2,447,INSERTION,8,0,0,0,307.80000311136246,307.80000311136246,482.29999101161957,49.125,49.125,36.025,3.6999999999999997,3.6999999999999997,4.800000041723251,1.3440000116825104,1.3440000116825104,0.9600000083446503,0.0,0.0,0.0,0.0,0.0,0.0,0.001506908742839853,0.001494728288869283,0.05267830090621294,0.05284907800093513,0.013767120790404824,0.12964752868401105,"[0.0, 0.0, 0.0, 0.0, 0.0, 0.0]","[0.800000011920929, 0.800000011920929, 0.8999999761581421, 0.75, 0.75, 0.75, 0.75, 0.75, 0.800000011920929, 0.800000011920929, 0.800000011920929, 0.800000011920929]"
2,448,INSERTION,8,0,0,0,307.80000311136246,307.80000311136246,482.29999101161957,49.125,49.125,36.025,3.6999999999999997,3.6999999999999997,4.800000041723251,1.3440000116825104,1.3440000116825104,0.9600000083446503,0.0,0.0,0.0,0.0,0.0,0.0,0.0014629693769224149,0.0014495213778047671,0.05374976428215541,0.053917654309102496,0.014867782024675683,0.12388548777666558,"[0.0, 0.0, 0.0, 0.0, 0.0, 0.0]","[0.800000011920929, 0.800000011920929, 0.8999999761581421, 0.75, 0.75, 0.75, 0.75, 0.75, 0.800000011920929, 0.800000011920929, 0.800000011920929, 0.800000011920929]"
2,449,INSERTION,8,0,0,0,307.80000311136246,307.80000311136246,482.29999101161957,49.125,49.125,36.025,3.6999999999999997,3.6999999999999997,4.800000041723251,1.3440000116825104,1.3440000116825104,0.9600000083446503,0.0,0.0,0.0,0.0,0.0,0.0,0.001418090504734938,0.0014034849326159402,0.054769675947761325,0.0549345251541235,0.015924641139030384,0.11797619363782497,"[0.0, 0.0, 0.0, 0.0, 0.0, 0.0]","[0.800000011920929, 0.800000011920929, 0.8999999761581421, 0.75, 0.75, 0.75, 0.75, 0.75, 0.800000011920929, 0.800000011920929, 0.800000011920929, 0.800000011920929]"
2,450,INSERTION,8,0,0,0,307.80000311136246,307.80000311136246,482.29999101161957,49.125,49.125,36.025,3.6999999999999997,3.6999999999999997,4.800000041723251,1.3440000116825104,1.3440000116825104,0.9600000083446503,0.0,0.0,0.0,0.0,0.0,0.0,0.0013723825807175018,0.001356742768340369,0.05573308136419574,0.055894733955876595,0.016931926873400945,0.11196281808565865,"[0.0, 0.0, 0.0, 0.0, 0.0, 0.0]","[0.800000011920929, 0.800000011920929, 0.8999999761581421, 0.75, 0.75, 0.75, 0.75, 0.75, 0.800000011920929, 0.800000011920929, 0.800000011920929, 0.800000011920929]"
2,451,INSERTION,8,0,0,0,307.80000311136246,307.80000311136246,482.29999101161957,49.125,49.125,36.025,3.6999999999999997,3.6999999999999997,4.800000041723251,1.3440000116825104,1.3440000116825104,0.9600000083446503,0.0,0.0,0.0,0.0,0.0,0.0,0.0013259608221168418,0.0013094233161944418,0.05663532718433414,0.05679362554943681,0.017884283521383545,0.10589405093133912,"[0.0, 0.0, 0.0, 0.0, 0.0, 0.0]","[0.800000011920929, 0.800000011920929, 0.8999999761581421, 0.75, 0.75, 0.75, 0.75, 0.75, 0.800000011920929, 0.800000011920929, 0.800000011920929, 0.800000011920929]"
2,452,INSERTION,8,0,0,0,307.80000311136246,307.80000311136246,482.29999101161957,49.125,49.125,36.025,3.6999999999999997,3.6999999999999997,4.800000041723251,1.3440000116825104,1.3440000116825104,0.9600000083446503,0.0,0.0,0.0,0.0,0.0,0.0,0.0012789466383288225,0.0012616611342046895,0.057472086787269,0.057626871750884816,0.018776755395038553,0.0998253336980978,"[0.0, 0.0, 0.0, 0.0, 0.0, 0.0]","[0.800000011920929, 0.800000011920929, 0.8999999761581421, 0.75, 0.75, 0.75, 0.75, 0.75, 0.800000011920929, 0.800000011920929, 0.800000011920929, 0.800000011920929]"
2,453,INSERTION,8,0,0,0,307.80000311136246,307.80000311136246,482.29999101161957,49.125,49.125,36.025,3.6999999999999997,3.6999999999999997,4.800000041723251,1.3440000116825104,1.3440000116825104,0.9600000083446503,0.0,0.0,0.0,0.0,0.0,0.0,0.0012314694179498989,0.001213598793862411,0.058239383432567675,0.0583904945394022,0.019604783921016465,0.09382041577221766,"[0.0, 0.0, 0.0, 0.0, 0.0, 0.0]","[0.800000011920929, 0.800000011920929, 0.8999999761581421, 0.75, 0.75, 0.75, 0.75, 0.75, 0.800000011920929, 0.800000011920929, 0.800000011920929, 0.800000011920929]"
2,454,INSERTION,8,0,0,0,307.80000311136246,307.80000311136246,482.29999101161957,49.125,49.125,36.025,3.6999999999999997,3.6999999999999997,4.800000041723251,1.3440000116825104,1.3440000116825104,0.9600000083446503,0.0,0.0,0.0,0.0,0.0,0.0,0.0011836687421830808,0.0011653892103894732,0.05893361106849181,0.05908088688988746,0.020364211676696543,0.0879532343893447,"[0.0, 0.0, 0.0, 0.0, 0.0, 0.0]","[0.800000011920929, 0.800000011920929, 0.8999999761581421, 0.75, 0.75, 0.75, 0.75, 0.75, 0.800000011920929, 0.800000011920929, 0.800000011920929, 0.800000011920929]"
2,455,INSERTION,8,0,0,0,307.80000311136246,307.80000311136246,482.29999101161957,49.125,49.125,36.025,3.6999999999999997,3.6999999999999997,4.800000041723251,1.3440000116825104,1.3440000116825104,0.9600000083446503,0.0,0.0,0.0,0.0,0.0,0.0,0.0011356971079902797,0.0011171984958135222,0.05955155284072624,0.059694831302711714,0.0210512900376379,0.08231001704138681,"[0.0, 0.0, 0.0, 0.0, 0.0, 0.0]","[0.800000011920929, 0.800000011920929, 0.8999999761581421, 0.75, 0.75, 0.75, 0.75, 0.75, 0.800000011920929, 0.800000011920929, 0.800000011920929, 0.800000011920929]"
2,456,INSERTION,8,0,0,0,307.80000311136246,307.80000311136246,482.29999101161957,49.125,49.125,36.025,3.6999999999999997,3.6999999999999997,4.800000041723251,1.3440000116825104,1.3440000116825104,0.9600000083446503,0.0,0.0,0.0,0.0,0.0,0.0,0.001087723259479136,0.0010692094235409334,0.06009039735552848,0.0602295160846411,0.02166268843697053,0.07699128614422976,"[0.0, 0.0, 0.0, 0.0, 0.0, 0.0]","[0.800000011920929, 0.800000011920929, 0.8999999761581421, 0.75, 0.75, 0.75, 0.75, 0.75, 0.800000011920929, 0.800000011920929, 0.800000011920929, 0.800000011920929]"
2,457,INSERTION,8,0,0,0,307.80000311136246,307.80000311136246,482.29999101161957,49.125,49.125,36.025,3.6999999999999997,3.6999999999999997,4.800000041723251,1.3440000116825104,1.3440000116825104,0.9600000083446503,0.0,0.0,0.0,0.0,0.0,0.0,0.0010399362384965784,0.0010216255960279223,0.06054775275397769,0.0606825494377654,0.022195504010232733,0.07211304383569984,"[0.0, 0.0, 0.0, 0.0, 0.0, 0.0]","[0.800000011920929, 0.800000011920929, 0.8999999761581421, 0.75, 0.75, 0.75, 0.75, 0.75, 0.800000011920929, 0.800000011920929, 0.800000011920929, 0.800000011920929]"
2,458,INSERTION,8,0,0,0,307.80000311136246,307.80000311136246,482.29999101161957,49.125,49.125,36.025,3.6999999999999997,3.6999999999999997,4.800000041723251,1.3440000116825104,1.3440000116825104,0.9600000083446503,0.0,0.0,0.0,0.0,0.0,0.0,0.0009925502693159483,0.000974676395243653,0.06092165865227458,0.061051971411583826,0.022647270860684705,0.06780579851764412,"[0.0, 0.0, 0.0, 0.0, 0.0, 0.0]","[0.800000011920929, 0.800000011920929, 0.8999999761581421, 0.75, 0.75, 0.75, 0.75, 0.75, 0.800000011920929, 0.800000011920929, 0.800000011920929, 0.800000011920929]"
2,459,INSERTION,8,0,0,0,307.80000311136246,307.80000311136246,482.29999101161957,49.125,49.125,36.025,3.6999999999999997,3.6999999999999997,4.800000041723251,1.3440000116825104,1.3440000116825104,0.9600000083446503,0.0,0.0,0.0,0.0,0.0,0.0,0.0009458105764009656,0.0009286227545590748,0.06121059599690442,0.06133626376729553,0.023015968461040832,0.06420941701872974,"[0.0, 0.0, 0.0, 0.0, 0.0, 0.0]","[0.800000011920929, 0.800000011920929, 0.8999999761581421, 0.75, 0.75, 0.75, 0.75, 0.75, 0.800000011920929, 0.800000011920929, 0.800000011920929, 0.800000011920929]"
2,460,INSERTION,8,0,0,0,307.80000311136246,307.80000311136246,482.29999101161957,49.125,49.125,36.025,3.6999999999999997,3.6999999999999997,4.800000041723251,1.3440000116825104,1.3440000116825104,0.9600000083446503,0.0,0.0,0.0,0.0,0.0,0.0,0.0009000001785769534,0.0008837636968060645,0.06141349487302985,0.061534357792924814,0.02330002887999432,0.06146163463218915,"[0.0, 0.0, 0.0, 0.0, 0.0, 0.0]","[0.800000011920929, 0.800000011920929, 0.8999999761581421, 0.75, 0.75, 0.75, 0.75, 0.75, 0.800000011920929, 0.800000011920929, 0.800000011920929, 0.800000011920929]"
2,461,INSERTION,8,0,0,0,307.80000311136246,307.80000311136246,482.29999101161957,49.125,49.125,36.025,3.6999999999999997,3.6999999999999997,4.800000041723251,1.3440000116825104,1.3440000116825104,0.9600000083446503,0.0,0.0,0.0,0.0,0.0,0.0,0.0008554475741698445,0.0008404434000447409,0.06152974029002083,0.06164564009347245,0.023498342626985132,0.05967953028347673,"[0.0, 0.0, 0.0, 0.0, 0.0, 0.0]","[0.800000011920929, 0.800000011920929, 0.8999999761581421, 0.75, 0.75, 0.75, 0.75, 0.75, 0.800000011920929, 0.800000011920929, 0.800000011920929, 0.800000011920929]"
2,462,INSERTION,8,0,0,0,307.80000311136246,307.80000311136246,482.29999101161957,49.125,49.125,36.025,3.6999999999999997,3.6999999999999997,4.800000041723251,1.3440000116825104,1.3440000116825104,0.9600000083446503,0.0,0.0,0.0,0.0,0.0,0.0,0.0008125349780150299,0.000799058229209432,0.06155917595009199,0.061669956362358495,0.023610262970654404,0.05893715089096994,"[0.0, 0.0, 0.0, 0.0, 0.0, 0.0]","[0.800000011920929, 0.800000011920929, 0.8999999761581421, 0.75, 0.75, 0.75, 0.75, 0.75, 0.800000011920929, 0.800000011920929, 0.800000011920929, 0.800000011920929]"
2,463,INSERTION,8,0,0,0,307.80000311136246,307.80000311136246,482.29999101161957,49.125,49.125,36.025,3.6999999999999997,3.6999999999999997,4.800000041723251,1.3440000116825104,1.3440000116825104,0.9600000083446503,0.0,0.0,0.0,0.0,0.0,0.0,0.0007717063210314214,0.0007600626494749926,0.06150210598548194,0.061607613119886905,0.023635608620286134,0.059247186230392095,"[0.0, 0.0, 0.0, 0.0, 0.0, 0.0]","[0.800000011920929, 0.800000011920929, 0.8999999761581421, 0.75, 0.75, 0.75, 0.75, 0.75, 0.800000011920929, 0.800000011920929, 0.800000011920929, 0.800000011920929]"
2,464,INSERTION,8,0,0,0,307.80000311136246,307.80000311136246,482.29999101161957,49.125,49.125,36.025,3.6999999999999997,3.6999999999999997,4.800000041723251,1.3440000116825104,1.3440000116825104,0.9600000083446503,0.0,0.0,0.0,0.0,0.0,0.0,0.0007334734970318813,0.0007239721756931645,0.06135929462766764,0.06145937738251119,0.0235746646750049,0.06055562541310171,"[0.0, 0.0, 0.0, 0.0, 0.0, 0.0]","[0.800000011920929, 0.800000011920929, 0.8999999761581421, 0.75, 0.75, 0.75, 0.75, 0.75, 0.800000011920929, 0.800000011920929, 0.800000011920929, 0.800000011920929]"
2,465,INSERTION,8,0,0,0,307.80000311136246,307.80000311136246,482.29999101161957,49.125,49.125,36.025,3.6999999999999997,3.6999999999999997,4.800000041723251,1.3440000116825104,1.3440000116825104,0.9600000083446503,0.0,0.0,0.0,0.0,0.0,0.0,0.0006984182992368637,0.00069136055588864,0.061131963750382816,0.061226474204935204,0.023428181749429962,0.06275260427298165,"[0.0, 0.0, 0.0, 0.0, 0.0, 0.0]","[0.800000011920929, 0.800000011920929, 0.8999999761581421, 0.75, 0.75, 0.75, 0.75, 0.75, 0.800000011920929, 0.800000011920929, 0.800000011920929, 0.800000011920929]"
2,466,INSERTION,8,0,0,0,307.80000311136246,307.80000311136246,482.29999101161957,49.125,49.125,36.025,3.6999999999999997,3.6999999999999997,4.800000041723251,1.3440000116825104,1.3440000116825104,0.9600000083446503,0.0,0.0,0.0,0.0,0.0,0.0,0.0006671862401607079,0.0006628474844943828,0.06082178820851838,0.06091058201735946,0.02319737318214621,0.06569403234351037,"[0.0, 0.0, 0.0, 0.0, 0.0, 0.0]","[0.800000011920929, 0.800000011920929, 0.8999999761581421, 0.75, 0.75, 0.75, 0.75, 0.75, 0.800000011920929, 0.800000011920929, 0.800000011920929, 0.800000011920929]"
2,467,INSERTION,8,0,0,0,307.80000311136246,307.80000311136246,482.29999101161957,49.125,49.125,36.025,3.6999999999999997,3.6999999999999997,4.800000041723251,1.3440000116825104,1.3440000116825104,0.9600000083446503,0.0,0.0,0.0,0.0,0.0,0.0,0.0006404674425758036,0.0006390728917963262,0.060430888879396814,0.06051382566455945,0.022883910229148062,0.06922448265192875,"[0.0, 0.0, 0.0, 0.0, 0.0, 0.0]","[0.800000011920929, 0.800000011920929, 0.8999999761581421, 0.75, 0.75, 0.75, 0.75, 0.75, 0.800000011920929, 0.800000011920929, 0.800000011920929, 0.800000011920929]"
2,468,INSERTION,8,0,0,0,307.80000311136246,307.80000311136246,482.29999101161957,49.125,49.125,36.025,3.6999999999999997,3.6999999999999997,4.800000041723251,1.3440000116825104,1.3440000116825104,0.9600000083446503,0.0,0.0,0.0,0.0,0.0,0.0,0.0006189600047183285,0.0006206552321729948,0.05996182330348248,0.060038767044002066,0.022489915142275642,0.07319436921427501,"[0.0, 0.0, 0.0, 0.0, 0.0, 0.0]","[0.800000011920929, 0.800000011920929, 0.8999999761581421, 0.75, 0.75, 0.75, 0.75, 0.75, 0.800000011920929, 0.800000011920929, 0.800000011920929, 0.800000011920929]"
2,469,INSERTION,8,0,0,0,307.80000311136246,307.80000311136246,482.29999101161957,49.125,49.125,36.025,3.6999999999999997,3.6999999999999997,4.800000041723251,1.3440000116825104,1.3440000116825104,0.9600000083446503,0.0,0.0,0.0,0.0,0.0,0.0,0.0006033140799943568,0.0006081351389668646,0.059417573820143336,0.05948839323871127,0.022017952036215333,0.07746948820914039,"[0.0, 0.0, 0.0, 0.0, 0.0, 0.0]","[0.800000011920929, 0.800000011920929, 0.8999999761581421, 0.75, 0.75, 0.75, 0.75, 0.75, 0.800000011920929, 0.800000011920929, 0.800000011920929, 0.800000011920929]"
2,470,INSERTION,8,0,0,0,307.80000311136246,307.80000311136246,482.29999101161957,49.125,49.125,36.025,3.6999999999999997,3.6999999999999997,4.800000041723251,1.3440000116825104,1.3440000116825104,0.9600000083446503,0.0,0.0,0.0,0.0,0.0,0.0,0.0005940613034375878,0.0006019121926177996,0.05880153310204266,0.05886610204850228,0.02147101546024613,0.08193441263512163,"[0.0, 0.0, 0.0, 0.0, 0.0, 0.0]","[0.800000011920929, 0.800000011920929, 0.8999999761581421, 0.75, 0.75, 0.75, 0.75, 0.75, 0.800000011920929, 0.800000011920929, 0.800000011920929, 0.800000011920929]"
2,471,INSERTION,8,0,0,0,307.80000311136246,307.80000311136246,482.29999101161957,49.125,49.125,36.025,3.6999999999999997,3.6999999999999997,4.800000041723251,1.3440000116825104,1.3440000116825104,0.9600000083446503,0.0,0.0,0.0,0.0,0.0,0.0,0.0005915428701441176,0.0006021889568051154,0.05811748700984739,0.05817568484126386,0.020852516615729406,0.0864921747246443,"[0.0, 0.0, 0.0, 0.0, 0.0, 0.0]","[0.800000011920929, 0.800000011920929, 0.8999999761581421, 0.75, 0.75, 0.75, 0.75, 0.75, 0.800000011920929, 0.800000011920929, 0.800000011920929, 0.800000011920929]"
2,472,INSERTION,8,0,0,0,307.80000311136246,307.80000311136246,482.29999101161957,49.125,49.125,36.025,3.6999999999999997,3.6999999999999997,4.800000041723251,1.3440000116825104,1.3440000116825104,0.9600000083446503,0.0,0.0,0.0,0.0,0.0,0.0,0.0005958559017334844,0.0006089385121421511,0.05736959471713748,0.05742130667412001,0.020166267200380446,0.09106222536338117,"[0.0, 0.0, 0.0, 0.0, 0.0, 0.0]","[0.800000011920929, 0.800000011920929, 0.8999999761581421, 0.75, 0.75, 0.75, 0.75, 0.75, 0.800000011920929, 0.800000011920929, 0.800000011920929, 0.800000011920929]"
2,473,INSERTION,8,0,0,0,307.80000311136246,307.80000311136246,482.29999101161957,49.125,49.125,36.025,3.6999999999999997,3.6999999999999997,4.800000041723251,1.3440000116825104,1.3440000116825104,0.9600000083446503,0.0,0.0,0.0,0.0,0.0,0.0,0.000606835882277289,0.0006219062067428584,0.05656236609271186,0.05660748367157694,0.01941646091882924,0.09557789160750121,"[0.0, 0.0, 0.0, 0.0, 0.0, 0.0]","[0.800000011920929, 0.800000011920929, 0.8999999761581421, 0.75, 0.75, 0.75, 0.75, 0.75, 0.800000011920929, 0.800000011920929, 0.800000011920929, 0.800000011920929]"
2,474,INSERTION,8,0,0,0,307.80000311136246,307.80000311136246,482.29999101161957,49.125,49.125,36.025,3.6999999999999997,3.6999999999999997,4.800000041723251,1.3440000116825104,1.3440000116825104,0.9600000083446503,0.0,0.0,0.0,0.0,0.0,0.0,0.0006240813454278695,0.0006406448930748714,0.05570063637213248,0.05573905769238124,0.018607652779908782,0.09998394218198127,"[0.0, 0.0, 0.0, 0.0, 0.0, 0.0]","[0.800000011920929, 0.800000011920929, 0.8999999761581421, 0.75, 0.75, 0.75, 0.75, 0.75, 0.800000011920929, 0.800000011920929, 0.800000011920929, 0.800000011920929]"
2,475,INSERTION,8,0,0,0,307.80000311136246,307.80000311136246,482.29999101161957,49.125,49.125,36.025,3.6999999999999997,3.6999999999999997,4.800000041723251,1.3440000116825104,1.3440000116825104,0.9600000083446503,0.0,0.0,0.0,0.0,0.0,0.0,0.0006470116716692481,0.0006645719151995198,0.054789538199839886,0.05482116836629002,0.017744736410677597,0.1042344999325365,"[0.0, 0.0, 0.0, 0.0, 0.0, 0.0]","[0.800000011920929, 0.800000011920929, 0.8999999761581421, 0.75, 0.75, 0.75, 0.75, 0.75, 0.800000011920929, 0.800000011920929, 0.800000011920929, 0.800000011920929]"
2,476,INSERTION,8,0,0,0,307.80000311136246,307.80000311136246,482.29999101161957,49.125,49.125,36.025,3.6999999999999997,3.6999999999999997,4.800000041723251,1.3440000116825104,1.3440000116825104,0.9600000083446503,0.0,0.0,0.0,0.0,0.0,0.0,0.0006749390741615463,0.0006930315556454515,0.053834471174662106,0.05385922263343675,0.016832919766052924,0.10829135063298898,"[0.0, 0.0, 0.0, 0.0, 0.0, 0.0]","[0.800000011920929, 0.800000011920929, 0.8999999761581421, 0.75, 0.75, 0.75, 0.75, 0.75, 0.800000011920929, 0.800000011920929, 0.800000011920929, 0.800000011920929]"
2,477,INSERTION,8,0,0,0,307.80000311136246,307.80000311136246,482.29999101161957,49.125,49.125,36.025,3.6999999999999997,3.6999999999999997,4.800000041723251,1.3440000116825104,1.3440000116825104,0.9600000083446503,0.0,0.0,0.0,0.0,0.0,0.0,0.0007071360780931351,0.0007253494773063662,0.052841069082090096,0.052858861969532676,0.015877699820537446,0.11212261545550953,"[0.0, 0.0, 0.0, 0.0, 0.0, 0.0]","[0.800000011920929, 0.800000011920929, 0.8999999761581421, 0.75, 0.75, 0.75, 0.75, 0.75, 0.800000011920929, 0.800000011920929, 0.800000011920929, 0.800000011920929]"
2,478,INSERTION,8,0,0,0,307.80000311136246,307.80000311136246,482.29999101161957,49.125,49.125,36.025,3.6999999999999997,3.6999999999999997,4.800000041723251,1.3440000116825104,1.3440000116825104,0.9600000083446503,0.0,0.0,0.0,0.0,0.0,0.0,0.0007428870830322662,0.0007608722863382614,0.05181516504359967,0.05182592752706593,0.014884837130881083,0.11570172747858012,"[0.0, 0.0, 0.0, 0.0, 0.0, 0.0]","[0.800000011920929, 0.800000011920929, 0.8999999761581421, 0.75, 0.75, 0.75, 0.75, 0.75, 0.800000011920929, 0.800000011920929, 0.800000011920929, 0.800000011920929]"
2,479,INSERTION,8,0,0,0,307.80000311136246,307.80000311136246,482.29999101161957,49.125,49.125,36.025,3.6999999999999997,3.6999999999999997,4.800000041723251,1.3440000116825104,1.3440000116825104,0.9600000083446503,0.0,0.0,0.0,0.0,0.0,0.0,0.0007815209912942277,0.0007989914730259361,0.05076275485444944,0.05076642346382853,0.013860331623138787,0.11900665068055695,"[0.0, 0.0, 0.0, 0.0, 0.0, 0.0]","[0.800000011920929, 0.800000011920929, 0.8999999761581421, 0.75, 0.75, 0.75, 0.75, 0.75, 0.800000011920929, 0.800000011920929, 0.800000011920929, 0.800000011920929]"
2,480,INSERTION,8,0,0,0,307.80000311136246,307.80000311136246,482.29999101161957,49.125,49.125,36.025,3.6999999999999997,3.6999999999999997,4.800000041723251,1.3440000116825104,1.3440000116825104,0.9600000083446503,0.0,0.0,0.0,0.0,0.0,0.0,0.0008224274776533075,0.0008391545732001159,0.04968995881524132,0.04968647876398929,0.01281040171307273,0.1220192875272148,"[0.0, 0.0, 0.0, 0.0, 0.0, 0.0]","[0.800000011920929, 0.800000011920929, 0.8999999761581421, 0.75, 0.75, 0.75, 0.75, 0.75, 0.800000011920929, 0.800000011920929, 0.800000011920929, 0.800000011920929]"
2,481,INSERTION,8,0,0,0,307.80000311136246,307.80000311136246,482.29999101161957,49.125,49.125,36.025,3.6999999999999997,3.6999999999999997,4.800000041723251,1.3440000116825104,1.3440000116825104,0.9600000083446503,0.0,0.0,0.0,0.0,0.0,0.0,0.0008650616261820658,0.000880867503986075,0.04860298238838206,0.04859230788281101,0.011741470166582021,0.12472503135715132,"[0.0, 0.0, 0.0, 0.0, 0.0, 0.0]","[0.800000011920929, 0.800000011920929, 0.8999999761581421, 0.75, 0.75, 0.75, 0.75, 0.75, 0.800000011920929, 0.800000011920929, 0.800000011920929, 0.800000011920929]"
2,482,SUCCESS,9,1,0,0,307.80000311136246,307.80000311136246,482.29999101161957,49.125,49.125,36.025,3.6999999999999997,3.6999999999999997,4.800000041723251,1.3440000116825104,1.3440000116825104,0.9600000083446503,0.0,0.0,0.0,0.0,0.0,0.0,0.0009089415163359635,0.0009236916526882928,0.04750807602830819,0.04749017056386969,0.010660162455736095,0.12711242934473355,"[0.0, 0.0, 0.0, 0.0, 0.0, 0.0]","[0.800000011920929, 0.800000011920929, 0.8999999761581421, 0.75, 0.75, 0.75, 0.75, 0.75, 0.800000011920929, 0.800000011920929, 0.800000011920929, 0.800000011920929]"
0,0,LIFT,2,0,0,0,304.11106288433075,307.3552805185318,485.63447791337967,49.301699459552765,49.16402426362038,36.17351172566414,3.6942134857177735,3.6945764780044557,4.8454141318798065,1.3411024570465087,1.3399214136600492,0.9603675067424774,0.0,0.0,0.0,0.0,0.0,0.0,0.0055297923125888476,0.0062661468064018205,0.0,0.0,0.015371069884295699,1.4860834955050464,"[-0.1983998715877533, 0.10356371849775314, -1.0, 0.06786936521530151, 0.1264955997467041, 0.11789636313915253]","[0.7858661413192749, 0.7982960939407349, 0.9088447690010071, 0.7540620565414429, 0.7508971095085144, 0.7546555399894714, 0.7479333877563477, 0.7480630278587341, 0.8129754662513733, 0.7970433235168457, 0.7958381772041321, 0.8005250096321106]"
0,1,TRANSPORT,3,0,0,0,307.7869665026665,302.8142003417015,479.65617126226425,48.99056839942932,48.46308097243309,36.010688251256944,3.687276911735535,3.716063952445984,4.819892644882202,1.3462645494937895,1.3492237877845763,0.9681045830249786,0.0,0.0,0.0,0.0,0.0,0.0,0.003141244648653651,0.0035594567611222858,0.0,0.0,0.029994164980570923,1.2186893373180558,"[0.007707803975790739, 0.010568910278379917, -1.0, 0.012943954207003117, 0.012302668765187263, 0.004006868228316307]","[0.7999500632286072, 0.780897319316864, 0.8929871916770935, 0.7469096183776855, 0.7347834706306458, 0.7495513558387756, 0.7454560399055481, 0.7557371258735657, 0.8056836128234863, 0.8023107647895813, 0.8053303956985474, 0.8115779757499695]"
0,2,COARSE_ALIGNMENT,4,0,0,0,307.93806982040405,305.9557274580002,483.2451192140579,49.191946148872375,49.2574118077755,36.058578515052794,3.699321746826172,3.701542592048645,4.7675343453884125,1.341452932357788,1.3433584666252136,0.9583235263824462,0.0,0.0,0.0,0.0,0.0,0.0,0.0017435948364390907,0.0019651245759644766,0.0,0.0,0.04460800243327238,0.7449945563774347,"[-0.007347019389271736, -0.015019536949694157, -1.0, 0.014506572857499123, -0.004738213028758764, 0.007775014266371727]","[0.8005290031433105, 0.7929338216781616, 0.902506947517395, 0.7515389919281006, 0.7530439496040344, 0.7510526180267334, 0.7497577667236328, 0.7505509257316589, 0.7907240986824036, 0.797400951385498, 0.7993453741073608, 0.797605037689209]"
0,3,APPROACH,5,0,0,0,306.9397113919258,309.1083154678345,478.93939286470413,48.945720702409744,49.31024792790413,36.04048300385475,3.727555537223816,3.691145491600037,4.817237377166748,1.3394645690917968,1.3337458050251008,0.9622037887573242,0.0,0.0,0.0,0.0,0.0,0.0,0.001000806851052213,0.0011154807336948957,0.0,0.0,0.05907713795654516,0.41681788642122974,"[-0.019792161881923676, 0.012492258101701736, -1.0, -0.027142971754074097, 0.013676980510354042, 0.0030193531420081854]","[0.7967038750648499, 0.8050127029418945, 0.8910859227180481, 0.7458786368370056, 0.7542585730552673, 0.750485360622406, 0.75984126329422, 0.7468376755714417, 0.8049249649047852, 0.7953720092773438, 0.7895365357398987, 0.8031482696533203]"
0,4,APPROACH,5,0,0,0,309.8976836800575,308.36449760198593,480.465170443058,49.25382336974144,48.900966346263885,36.28661960363388,3.719384288787842,3.716320466995239,4.789338082075119,1.3477367794513702,1.3516376280784606,0.9510988116264343,0.0,0.0,0.0,0.0,0.0,0.0,0.0006038659434937115,0.0006636502146257028,0.0,0.0,0.07324613921578615,0.29176455569749443,"[0.026246441528201103, -0.016432326287031174, -1.0, 0.0011713802814483643, 0.003296859562397003, 0.004306120332330465]","[0.8080371022224426, 0.8021628260612488, 0.8951330780982971, 0.7529614567756653, 0.7448498010635376, 0.7582012414932251, 0.7569229602813721, 0.7558287382125854, 0.7969537377357483, 0.8038130402565002, 0.8077934980392456, 0.7872840166091919]"
0,5,APPROACH,5,0,0,0,306.99573147296906,307.5706334710121,478.05583506822586,49.147241055965424,48.934436827898026,36.28761973381042,3.7006316900253293,3.7057793378829955,4.788422465324402,1.3477506232261656,1.3460803163051605,0.960354071855545,0.0,0.0,0.0,0.0,0.0,0.0,0.00038783747178430924,0.0004207145219055644,0.0,0.0,0.08704794783504771,0.0678132359802344,"[-0.004944607615470886, 0.022383056581020355, -1.0, 0.0032883412204682827, -0.012624521739780903, -0.017469407990574837]","[0.796918511390686, 0.7991212010383606, 0.8887422680854797, 0.7505112886428833, 0.7456192374229431, 0.758232593536377, 0.7502256035804749, 0.752064049243927, 0.7966921329498291, 0.803827166557312, 0.8021227717399597, 0.8005058169364929]"
0,6,APPROACH,5,0,0,0,309.02679777145386,309.7034568786621,483.9683692455292,48.613287180662155,48.833750545978546,36.30899513959885,3.6944224357604982,3.6995276927948,4.813101351261139,1.33192058801651,1.347753894329071,0.9546913921833038,0.0,0.0,0.0,0.0,0.0,0.0,0.0002670283569876221,0.00028772959011785006,0.0,0.0,0.10039752037068991,0.1938449580177114,"[-0.0038636960089206696, -0.011496474035084248, -1.0, 0.022024603560566902, -0.000666490406729281, -0.0020154155790805817]","[0.8047003746032715, 0.8072929382324219, 0.9044253826141357, 0.7382364869117737, 0.7433046102523804, 0.7589026689529419, 0.7480080127716064, 0.7498313188552856, 0.8037432432174683, 0.787674069404602, 0.8038305044174194, 0.7924162745475769]"
0,7,APPROACH,5,0,0,0,308.96889531612396,308.4246869087219,485.054907143116,48.404561430215836,48.65631991624832,35.922266095876694,3.6794681549072266,3.698951077461243,4.82176747918129,1.353638024330139,1.3414819633960724,0.9591057538986206,0.0,0.0,0.0,0.0,0.0,0.0,0.000197000134558181,0.0002129465462812518,0.0,0.0,0.1132284562685424,0.05986268843249445,"[-0.0030028638429939747, 0.009487360715866089, -1.0, -0.020183909684419632, -0.006943671498447657, 0.012365800328552723]","[0.8044785261154175, 0.8023934364318848, 0.9073074460029602, 0.7334381937980652, 0.7392257452011108, 0.7467795014381409, 0.7426671981811523, 0.7496253848075867, 0.8062192797660828, 0.8098347187042236, 0.7974305748939514, 0.798722505569458]"
0,8,APPROACH,5,0,0,0,308.23816072940826,307.970443546772,479.1375866532326,48.75994125008583,49.32807084918022,36.07230843901634,3.7040509939193726,3.707642030715942,4.797882378101349,1.3509292590618132,1.343987511396408,0.9668616890907288,0.0,0.0,0.0,0.0,0.0,0.0,0.00015595658065675007,0.00017011880707041262,0.0,0.0,0.12076937466470178,0.15700908101710223,"[0.00706139113754034, -0.01324174739420414, -0.6865524053573608, 0.011145266704261303, 0.00782624538987875, 0.011303441599011421]","[0.8016787767410278, 0.8006530404090881, 0.891611635684967, 0.7416078448295593, 0.7546682953834534, 0.7514830231666565, 0.7514467835426331, 0.7527292966842651, 0.799394965171814, 0.8070706725120544, 0.799987256526947, 0.8098024129867554]"
0,9,APPROACH,5,0,0,0,306.84822177886963,311.00890678167343,479.7783233523369,48.99742117524147,49.21616291999817,35.85426104664803,3.7050630331039427,3.6827254056930543,4.811150997877121,1.34768829703331,1.3221335065364836,0.9484727501869201,0.0,0.0,0.0,0.0,0.0,0.0,0.0001324607568111973,0.00014508670952951522,0.0,0.0,0.11717391086010327,0.1285621447141228,"[-0.0006263689137995243, 0.003357501234859228, 0.01354776881635189, -0.0017902394756674767, -0.009772690013051033, -0.02356496825814247]","[0.7963533401489258, 0.8122946619987488, 0.8933112025260925, 0.7470671534538269, 0.7520956993103027, 0.7446476817131042, 0.751808226108551, 0.7438305020332336, 0.8031859993934631, 0.8037635684013367, 0.7776872515678406, 0.7835325002670288]"
0,10,APPROACH,5,0,0,0,305.98989021778107,306.635513484478,484.9305304288864,48.92301294207573,49.55176484584808,36.16733221411705,3.7077643632888795,3.675870108604431,4.823887228965759,1.3447858357429503,1.3353796625137329,0.955135703086853,0.0,0.0,0.0,0.0,0.0,0.0,0.0001203277961722048,0.0001303477476740069,0.0,0.0,0.11329051790522247,0.11341452361234207,"[0.0044292788952589035, -0.008240366354584694, -0.00980901438742876, -0.013036105781793594, 0.022452259436249733, 0.0046190316788852215]","[0.7930647134780884, 0.7955383658409119, 0.9069775342941284, 0.7453566193580627, 0.7598106861114502, 0.7544618248939514, 0.7527729868888855, 0.7413821816444397, 0.8068249225616455, 0.8008018732070923, 0.7912037372589111, 0.79305100440979]"
0,11,APPROACH,5,0,0,0,308.82662826776505,307.5064460635185,482.5384976863861,48.9829948246479,48.47464746236801,36.15721873044968,3.6929514408111572,3.668917012214661,4.766794592142105,1.3396968173980712,1.3571096575260162,0.9652636051177979,0.0,0.0,0.0,0.0,0.0,0.0,0.00011356246459973773,0.00011899751098293348,0.0,0.0,0.1082450747179722,0.14879828631356778,"[-0.01863238960504532, 0.011427883058786392, 0.027368081733584404, 0.018862538039684296, -0.0036446014419198036, 0.001904315548017621]","[0.8039334416389465, 0.7988752722740173, 0.9006326198577881, 0.7467355132102966, 0.7350493669509888, 0.7541447877883911, 0.7474826574325562, 0.7388989329338074, 0.79051274061203, 0.7956089973449707, 0.8133772015571594, 0.8075194358825684]"
0,12,APPROACH,5,0,0,0,308.6334437727928,309.59410804510117,485.2315512895584,49.39492365717888,49.09782484173775,36.628608983755115,3.679983687400818,3.6966272592544556,4.772050261497498,1.3511786806583403,1.3510530352592467,0.9542089462280273,0.0,0.0,0.0,0.0,0.0,0.0,0.0001111748248920986,0.00010838652906662166,0.0,0.0,0.10322972958584231,0.2041426928989602,"[-0.0015688510611653328, -1.1597294360399246e-05, -0.012033119797706604, -0.0032807607203722, -0.010864615440368652, 0.023303283378481865]","[0.8031932711601257, 0.8068739771842957, 0.9077759981155396, 0.756205141544342, 0.7493752837181091, 0.7689219117164612, 0.7428513169288635, 0.7487954497337341, 0.7920143604278564, 0.8073251843452454, 0.8071969747543335, 0.7917270660400391]"
0,13,APPROACH,5,0,0,0,306.2380213737488,309.0520153641701,480.6968908905983,48.614132434129715,48.93663293123245,36.15866948962211,3.6834715843200683,3.7158363103866576,4.803407788276672,1.3509456729888916,1.3350779032707214,0.9605422019958496,0.0,0.0,0.0,0.0,0.0,0.0,0.00011371302991317925,9.936244594662998e-05,0.0,0.0,0.09758161495712978,0.12786073961739686,"[0.031515609472990036, -0.006564493291079998, -0.003435513935983181, -0.022602297365665436, 0.012723488733172417, -0.024705931544303894]","[0.7940154075622559, 0.8047969937324524, 0.895747721195221, 0.7382559180259705, 0.7456697225570679, 0.7541902661323547, 0.7440969944000244, 0.755655825138092, 0.800973653793335, 0.8070874214172363, 0.7908958196640015, 0.8007745742797852]"
0,14,APPROACH,5,0,0,0,305.2999922633171,308.29015159606934,485.4903492331505,48.96830400824547,49.55652004480362,36.082140517234805,3.7084197521209714,3.6700807571411134,4.78912279009819,1.339569536447525,1.3332622659206388,0.964544129371643,0.0,0.0,0.0,0.0,0.0,0.0,0.00012036762551513793,9.265071595640166e-05,0.0,0.0,0.0916929761027518,0.12011745774844973,"[-0.01523674838244915, 0.00472278892993927, -0.017159225419163704, 0.009180992841720581, -0.02679184079170227, -0.00042901793494820595]","[0.7904214262962341, 0.8018779754638672, 0.9084624648094177, 0.7463977932929993, 0.7599200010299683, 0.75179123878479, 0.7530070543289185, 0.7393145561218262, 0.7968922257423401, 0.7954791188240051, 0.789043128490448, 0.8064916133880615]"
0,15,APPROACH,5,0,0,0,308.95405411720276,306.55119556188583,480.7981674671173,48.89090886712074,49.00090590119362,36.15506065487862,3.697722244262695,3.67434504032135,4.805581986904144,1.3447269558906554,1.3567233753204344,0.9604115664958953,0.0,0.0,0.0,0.0,0.0,0.0,0.00013130676466497547,8.920671649644362e-05,0.0,0.0,0.08523359348906218,0.0758935126815519,"[0.006435500457882881, 0.001092075603082776, -0.005330068990588188, 0.006153484806418419, 0.010898090898990631, 0.008702890016138554]","[0.8044216632843018, 0.7952153086662292, 0.8960163593292236, 0.7446185946464539, 0.747147262096405, 0.754077136516571, 0.7491865158081055, 0.7408375144004822, 0.8015948534011841, 0.8007417917251587, 0.8129830360412598, 0.8005879521369934]"
0,16,APPROACH,5,0,0,0,308.74221700429916,306.13697987794876,479.51527839899063,49.45487183332443,48.96874737739563,35.78891413807869,3.6947238445281982,3.7244683504104614,4.828573167324066,1.3559471893310546,1.334830117225647,0.9605693221092224,0.0,0.0,0.0,0.0,0.0,0.0,0.00014420384361872872,8.733908585367455e-05,0.0,0.0,0.07800199458489188,0.18030197145852547,"[-0.0006584888324141502, 0.010171247646212578, 0.022607551887631416, -0.008011898025870323, 0.018287939950823784, 0.00885532982647419]","[0.8036100268363953, 0.7936282753944397, 0.8926134705543518, 0.7575832605361938, 0.7464079856872559, 0.7425991892814636, 0.7481156587600708, 0.7587386965751648, 0.8081637620925903, 0.8121910095214844, 0.7906429767608643, 0.8008133172988892]"
0,17,APPROACH,5,0,0,0,306.14968979358673,304.5150577425957,480.2193382382393,49.314271956682205,49.34459736943245,35.88906215429306,3.713639497756958,3.6506926298141478,4.762447029352188,1.3529798901081085,1.346454507112503,0.9611462712287903,0.0,0.0,0.0,0.0,0.0,0.0,0.00015779278755022837,8.588527162631964e-05,0.0,0.0,0.07103364634945891,0.12463014166229705,"[-0.004033382050693035, -0.0008826730772852898, -0.0157700777053833, 0.012557373382151127, -0.0017126426100730896, -0.01651868037879467]","[0.7936769723892212, 0.787414014339447, 0.8944810032844543, 0.7543510794639587, 0.7550482153892517, 0.7457386255264282, 0.7548712491989136, 0.7323902249336243, 0.7892705798149109, 0.8091631531715393, 0.8025045990943909, 0.8016375303268433]"
0,18,APPROACH,5,0,0,0,307.7569885253906,305.12958294153214,483.7932531237602,48.570451498031616,48.66053840517998,35.88605986237526,3.6578211307525637,3.6897220611572266,4.783961206674576,1.349263333082199,1.3367396819591522,0.9647765696048737,0.0,0.0,0.0,0.0,0.0,0.0,0.00017287546420950155,8.590019552240075e-05,0.0,0.0,0.06324892084500523,0.0875267502082772,"[-0.02613474801182747, -0.003401530906558037, 0.020361389964818954, -0.002060074359178543, -0.011402958072721958, 0.007334994617849588]","[0.799835205078125, 0.7897685170173645, 0.9039608836174011, 0.7372517585754395, 0.7393227219581604, 0.7456445097923279, 0.7349361181259155, 0.7463293075561523, 0.7954174876213074, 0.8053707480430603, 0.7925915122032166, 0.8068236708641052]"
0,19,APPROACH,5,0,0,0,309.3543620109558,308.02963721752167,480.005235016346,48.947810500860214,48.97510492801666,35.95681241750717,3.719952392578125,3.6903969764709474,4.776261806488037,1.3514539790153501,1.3353103852272032,0.962242841720581,0.0,0.0,0.0,0.0,0.0,0.0,0.000188406642401829,8.757905665464203e-05,0.0,0.0,0.055631576471164054,0.055124062260587005,"[0.016522493213415146, -0.020721368491649628, -0.0070267245173454285, -0.007707689423114061, 0.002327391877770424, -0.014693252742290497]","[0.8059554100036621, 0.8008798360824585, 0.8939130902290344, 0.7459266781806946, 0.7465541362762451, 0.7478624582290649, 0.7571258544921875, 0.746570348739624, 0.793217658996582, 0.8076061010360718, 0.7911330461502075, 0.8032040596008301]"
0,20,FIRST_CONTACT,6,0,1,0,306.1055084466934,307.7712696790695,478.2082555294037,49.283129811286926,49.46408146619797,35.7622528731823,3.689411473274231,3.7154709815979,4.834762394428253,1.3361850547790526,1.3440011799335478,0.962911331653595,0.0,0.0,0.0,0.0,0.0,0.0,0.00020364709043036496,9.071135483789989e-05,0.0,0.0,0.04780228430991672,0.12700423961994572,"[0.011152520775794983, 0.0059521314688026905, -0.00668531097471714, 0.007165026850998402, -0.018629254773259163, 0.0030640531331300735]","[0.7935076951980591, 0.7998899221420288, 0.8891465663909912, 0.7536351680755615, 0.757794976234436, 0.7417634129524231, 0.7462183833122253, 0.7555253505706787, 0.8099321126937866, 0.7920255661010742, 0.8000012040138245, 0.8041590452194214]"
0,21,COMPLIANT_ALIGNMENT,7,0,0,0,147.23321199417114,145.03241698443892,388.05000000000007,22.72978122532368,23.017112307250503,17.017405731976034,4.112883281707763,4.1080632448196415,5.333338558673859,1.4873518323898314,1.5050103557109829,1.0622152984142303,0.0,0.0,0.0,0.0,0.0,0.0,0.00021911170431237263,9.582792430245315e-05,0.00648958764587431,0.006454846008076741,0.039650842824343696,0.15485314265479802,"[-0.0008215173147618771, 0.007119679823517799, 0.0033775942865759134, -0.000998285599052906, 0.017921341583132744, -0.017083387821912766]","[0.18480157852172852, 0.17636941373348236, 0.8466312289237976, 0.14321336150169373, 0.14981867372989655, 0.15415064990520477, 0.8974583148956299, 0.8957368731498718, 0.9523824453353882, 0.946277379989624, 0.964296281337738, 0.9460218548774719]"
0,22,INSERTION,8,0,0,0,308.59445840120316,308.1501713991165,482.85520327091217,48.98569652438164,49.519593358039856,35.905047124624254,3.6893815994262695,3.665442132949829,4.801424264907837,1.3472477495670319,1.3483540832996368,0.953213346004486,0.0,0.0,0.0,0.0,0.0,0.0,0.00023322465296528335,0.00010131625912974628,0.014793373829541927,0.014757802182089434,0.03131309805426142,0.17036032343109347,"[0.009898273274302483, -0.01710072159767151, 0.007864901795983315, -0.01424882747232914, -0.013223838061094284, 0.03403592109680176]","[0.8030439019203186, 0.8013416528701782, 0.9014726877212524, 0.7467976212501526, 0.7590711116790771, 0.7462397217750549, 0.7462077140808105, 0.737657904624939, 0.8004069328308105, 0.8033140301704407, 0.8044429421424866, 0.7903047800064087]"
0,23,INSERTION,8,0,0,0,308.4605920314789,306.16313087940216,484.42412507534027,48.880822867155075,49.09258219599724,35.920185977220534,3.696248412132263,3.6610376596450807,4.797758877277374,1.3435243582725525,1.353215059041977,0.9684985756874084,0.0,0.0,0.0,0.0,0.0,0.0,0.0002448734192017499,0.00010641502189557761,0.023179651387449894,0.023143105475920904,0.023259520471901773,0.07211159085912079,"[-0.046489957720041275, 0.021326158195734024, -0.016531309112906456, 0.01358338724821806, 0.018274175003170967, -0.016857095062732697]","[0.8025310039520264, 0.7937284708023071, 0.9056342840194702, 0.7443867325782776, 0.7492547631263733, 0.7467142939567566, 0.748660147190094, 0.7360848784446716, 0.7993596792221069, 0.799514651298523, 0.809403121471405, 0.8121408224105835]"
0,24,INSERTION,8,0,0,0,305.2658295035362,306.9361799955368,484.08569008111954,48.87745741009712,49.15455016493797,36.38630177974701,3.721196413040161,3.703221035003662,4.777783453464508,1.3429796612262725,1.337089923620224,0.9611991345882416,0.0,0.0,0.0,0.0,0.0,0.0,0.0002559347876309578,0.00011213248216252001,0.03161431552960655,0.03157734962145133,0.014976021858893119,0.10327171573498924,"[0.0499105267226696, -0.006647743284702301, -0.006871577352285385, 0.0059283641166985035, 0.000652083195745945, -0.0008757282048463821]","[0.7902905344963074, 0.7966903448104858, 0.9047365784645081, 0.7443093657493591, 0.7506793141365051, 0.7613260746002197, 0.7575701475143433, 0.751150369644165, 0.7936524152755737, 0.7989588379859924, 0.7929489016532898, 0.8017130494117737]"
0,25,INSERTION,8,0,0,0,307.82352501153946,308.50491338968277,479.8561627268791,48.867449194192886,49.18958929181099,36.294757544994354,3.6865479230880736,3.689683675765991,4.783899039030075,1.3327532589435576,1.3480643570423125,0.9617244720458984,0.0,0.0,0.0,0.0,0.0,0.0,0.00026548194518321986,0.0001183684682895986,0.04005596823719606,0.040019068716919313,0.00677209935572306,0.27364876977749697,"[-0.02928955852985382, -0.001031894120387733, -0.015450787730515003, -0.022721191868185997, -0.00045094313099980354, 0.030988724902272224]","[0.8000901341438293, 0.8027008175849915, 0.8935176730155945, 0.7440792918205261, 0.7514848113059998, 0.7584563493728638, 0.7451956868171692, 0.746315598487854, 0.7953997254371643, 0.7885237336158752, 0.8041473031044006, 0.8024635314941406]"
0,26,INSERTION,8,0,0,0,308.20264452695847,308.63269704580307,482.4748824238777,48.55707263946533,49.33331349492073,36.257315409183505,3.7232093095779417,3.730416417121887,4.812314033508301,1.3397403347492216,1.3497119998931884,0.9620337665081024,0.0,0.0,0.0,0.0,0.0,0.0,0.00027155170516273927,0.0001239692113616878,0.048455550066121865,0.04841925471478733,0.0019485242820972283,0.12441886879295135,"[0.007497869431972504, 0.0028696502558887005, 0.018307996913790703, 0.005718208849430084, 0.0007719099521636963, -0.020943358540534973]","[0.8015426993370056, 0.8031904101371765, 0.900463879108429, 0.7369441986083984, 0.7547888159751892, 0.7572826147079468, 0.7582890391349792, 0.7608630061149597, 0.8035182952880859, 0.7956534028053284, 0.8058285713195801, 0.8029053807258606]"
0,27,INSERTION,8,0,0,0,307.7502524256706,309.0195327401161,485.1139158606529,49.24348846077919,49.20291370153427,36.042304533720014,3.6868481636047363,3.7228593349456784,4.781156152486801,1.3469292843341827,1.3409538555145262,0.9542036473751068,0.0,0.0,0.0,0.0,0.0,0.0,0.0002751528085390717,0.00012929658712358848,0.056759922585146914,0.056724936520511575,0.010315147009484505,0.16598176193213549,"[0.008479811251163483, 0.0038417743053287268, -0.0021441979333758354, -0.0008555091917514801, 0.008958042599260807, -0.005897328723222017]","[0.7998093962669373, 0.8046725392341614, 0.9074639678001404, 0.7527238726615906, 0.7517911195755005, 0.7505424618721008, 0.7453029155731201, 0.7581640481948853, 0.7946160435676575, 0.8029890656471252, 0.7968916893005371, 0.7917194962501526]"
0,28,INSERTION,8,0,0,0,306.99503141641617,305.86815816164017,483.1815488934517,49.06650638580322,49.14833262562752,36.24293711185455,3.7062204360961912,3.674528789520264,4.8054046630859375,1.3443509542942047,1.3303109717369077,0.95477175116539,0.0,0.0,0.0,0.0,0.0,0.0,0.0002776810910023548,0.00013548352688423304,0.06491669287959823,0.06488361294280723,0.01881201046247381,0.1298427911043705,"[-0.011467929929494858, -0.004189235623925924, 0.012830069288611412, 0.02508072555065155, -0.020768968388438225, -0.005743818357586861]","[0.7969158291816711, 0.792598307132721, 0.9023383259773254, 0.7486553192138672, 0.7505363821983337, 0.7568318843841553, 0.7522215843200684, 0.7409031391143799, 0.801544189453125, 0.8003581166267395, 0.7860316038131714, 0.7925310730934143]"
0,29,INSERTION,8,0,0,0,307.79135352373123,306.9757876396179,486.3290774822235,48.885666221380234,49.03394079208374,36.05731979608536,3.7136203050613403,3.721273350715637,4.81595104932785,1.3435764038562774,1.3451767325401305,0.965277749300003,0.0,0.0,0.0,0.0,0.0,0.0,0.0002803050093117526,0.0001438568271306698,0.0728752168164126,0.07284425487572965,0.02669417312607616,0.2274796752416866,"[0.021075664088129997, -0.008057495579123497, -0.018520265817642212, -0.012462110258638859, 0.02004230208694935, 0.02491292729973793]","[0.7999668717384338, 0.796842098236084, 0.9106872081756592, 0.744498074054718, 0.7479066848754883, 0.7510131597518921, 0.7548643946647644, 0.7575976252555847, 0.8045574426651001, 0.7995677590370178, 0.8012007474899292, 0.8075396418571472]"
0,30,INSERTION,8,0,0,0,308.7953590750694,308.45489823818207,484.7630094885826,48.90388843417168,49.24348846077919,35.78598029613495,3.7008745193481443,3.690826392173767,4.811356693506241,1.3406955552101134,1.3317249059677123,0.9621025681495666,0.0,0.0,0.0,0.0,0.0,0.0,0.0002813914917583676,0.00015336036324959897,0.08058856671964593,0.08056015462250948,0.034978549895574515,0.10231901646542593,"[-0.007777835242450237, 0.01258813962340355, 0.02178841456770897, -0.009248610585927963, -0.022636156529188156, -0.012079563923180103]","[0.803813636302948, 0.8025091886520386, 0.9065331816673279, 0.7449169754981995, 0.7527238726615906, 0.7425072193145752, 0.750312328338623, 0.7467237114906311, 0.8032447695732117, 0.7966281175613403, 0.7874743938446045, 0.8030036687850952]"
0,31,INSERTION,8,0,0,0,311.2382297515869,306.8813577890396,477.39307683706284,49.418634831905365,48.78811204433441,36.15567100048065,3.6589526653289797,3.7278397560119627,4.785669773817062,1.3516285157203674,1.3478684413433073,0.9569995641708374,0.0,0.0,0.0,0.0,0.0,0.0,0.00028088352776440255,0.00016330012417680532,0.08801728598065708,0.08799092670072703,0.04238659151004249,0.14190899580517552,"[-0.015485350042581558, 0.0002524754963815212, -0.02040766552090645, 0.008665090426802635, -0.007511541713029146, 0.0022349131759256124]","[0.8131732940673828, 0.7964802980422974, 0.8869842886924744, 0.756750226020813, 0.742255449295044, 0.754096269607544, 0.7353402376174927, 0.7599427700042725, 0.7959056496620178, 0.8077841997146606, 0.803947389125824, 0.7957136631011963]"
0,32,INSERTION,8,0,0,0,309.23796594142914,306.7471958398819,484.9204859137535,49.540273547172546,49.48038500547409,36.241746842861176,3.7183370351791383,3.7015544414520263,4.835861802101135,1.3348462975025177,1.338729155063629,0.9587934970855713,0.0,0.0,0.0,0.0,0.0,0.0,0.0002806687448991488,0.00017523859184638354,0.09513004839231262,0.09510534240034543,0.049709932678939264,0.2196933842892784,"[0.017953820526599884, 0.006420686841011047, -0.007131035439670086, 0.023824401199817657, 0.02090766839683056, -0.009791526943445206]","[0.8055094480514526, 0.7959662675857544, 0.9069508910179138, 0.7595465183258057, 0.7581697702407837, 0.7567945718765259, 0.7565489411354065, 0.750555157661438, 0.8102462291717529, 0.790659487247467, 0.7946215867996216, 0.798276424407959]"
0,33,INSERTION,8,0,0,0,310.663825571537,308.5997632741928,476.7434416413307,49.146312832832336,49.415907204151154,35.863408625125885,3.6888498783111574,3.712926697731018,4.801974385976791,1.3425841498374937,1.3441881585121154,0.9588995158672332,0.0,0.0,0.0,0.0,0.0,0.0,0.0002819776598566779,0.00019044244616211038,0.10190237390269419,0.10187989947502274,0.05710056281323392,0.23596865941427375,"[-0.013006108812987804, -0.025382187217473984, 0.018448377028107643, -0.0184682197868824, 0.010905792936682701, 0.020924588665366173]","[0.8109725117683411, 0.803064227104187, 0.8852611184120178, 0.7504899501800537, 0.7566875219345093, 0.7449344396591187, 0.7460178136825562, 0.7546166777610779, 0.8005641102790833, 0.7985552549362183, 0.8001919984817505, 0.7984278798103333]"
0,34,INSERTION,8,0,0,0,308.7568870782852,310.5316082239151,481.1840161681175,48.89604780077934,48.80583903193474,36.06487971544266,3.737526559829712,3.6992890357971193,4.85600683093071,1.3399265539646148,1.3480916941165924,0.9702544152736664,0.0,0.0,0.0,0.0,0.0,0.0,0.0002820487599653731,0.00020624270790439478,0.10832437565525113,0.10830477717957238,0.06373444924423484,0.13601995385288526,"[0.00311905425041914, 0.022852526977658272, -0.009248575195670128, -0.02410128340125084, -0.018207484856247902, -0.02481401525437832]","[0.8036662340164185, 0.810465931892395, 0.8970398306846619, 0.7447367310523987, 0.7426629662513733, 0.751250147819519, 0.7634023427963257, 0.7497460842132568, 0.8160019516944885, 0.7958434224128723, 0.8041751980781555, 0.8146491646766663]"
0,35,INSERTION,8,0,0,0,308.0953958630562,308.55290615558624,482.8530910015106,49.24178498983383,49.09021237492561,35.54273190498352,3.699049210548401,3.7026268959045407,4.773228943347931,1.3394553399085998,1.344800146818161,0.9648173332214355,0.0,0.0,0.0,0.0,0.0,0.0,0.00028105041528788674,0.0002215295967911373,0.11438822248729977,0.11437157189504454,0.07066221472422622,0.09310660118244556,"[0.005158417392522097, 0.004068869166076183, 0.03360810875892639, 0.020237915217876434, 0.007638117298483849, -0.0031775329262018204]","[0.8011317849159241, 0.8028846979141235, 0.9014670848846436, 0.7526847124099731, 0.7492002844810486, 0.7348818778991699, 0.7496604323387146, 0.7509381771087646, 0.7923511266708374, 0.7953625917434692, 0.8008164763450623, 0.8068819046020508]"
0,36,INSERTION,8,0,0,0,306.89868807792664,311.1821474432945,483.11809092760086,49.4076309800148,48.94744232296944,36.169598668813705,3.7068763256072996,3.6935270547866823,4.851285636425018,1.3472061598300933,1.3334875631332397,0.9611400127410888,0.0,0.0,0.0,0.0,0.0,0.0,0.00028008734308100863,0.0002370132533026168,0.12008548550158157,0.12007158894405165,0.07638455957862655,0.14843655668501293,"[-0.0018000334966927767, -0.013855128549039364, -0.022864267230033875, -0.008573682978749275, -0.025202693417668343, 0.008009310811758041]","[0.7965466976165771, 0.8129584193229675, 0.9021700024604797, 0.7564972639083862, 0.7459182143211365, 0.7545328736305237, 0.7524558305740356, 0.7476882338523865, 0.8146530389785767, 0.8032715916633606, 0.7892730236053467, 0.801628589630127]"
0,37,INSERTION,8,0,0,0,306.42042499780655,307.33315873146057,484.2305378317833,48.74465408921242,48.65502351522446,36.018516266345976,3.713566732406616,3.708280563354492,4.829574108123779,1.3401286029815673,1.3427996921539305,0.960185968875885,0.0,0.0,0.0,0.0,0.0,0.0,0.0002775490874900983,0.00025066814612807146,0.12540591565947617,0.12539374570069398,0.08192580746758495,0.23297380957370087,"[-0.011095420457422733, -0.0027612808626145124, -0.010486326180398464, -0.006086414214223623, 0.001204509288072586, -0.018855351954698563]","[0.7947142720222473, 0.7982113361358643, 0.9051207900047302, 0.7412564158439636, 0.7391959428787231, 0.7497967481613159, 0.7548452615737915, 0.7529573440551758, 0.8084497451782227, 0.7960495948791504, 0.7987751960754395, 0.8002656698226929]"
0,38,INSERTION,8,0,0,0,310.8236873745918,309.07511723041534,484.8876333832741,49.10694891214371,49.2552986741066,36.021453911066054,3.6892515897750853,3.730499196052551,4.80174657702446,1.3464944612979888,1.356228036880493,0.9661727964878082,0.0,0.0,0.0,0.0,0.0,0.0,0.00027484665682489594,0.0002636419777812137,0.13033396537630076,0.1303231587134658,0.08724361290101998,0.21272071489485758,"[0.009345348924398422, -0.004424510523676872, -0.00024999119341373444, 0.033852145075798035, 0.029499681666493416, 0.028669323772192]","[0.811585009098053, 0.8048855066299438, 0.9068637490272522, 0.7495850324630737, 0.7529953718185425, 0.7498888373374939, 0.7461612820625305, 0.7608925700187683, 0.8004990220069885, 0.8025453686714172, 0.8124775886535645, 0.8088182806968689]"
0,39,INSERTION,8,0,0,0,307.32942509651184,306.8579759001732,483.2961732149124,49.161846309900284,48.77411350607872,35.973926812410355,3.7234638214111326,3.6845882654190065,4.820814937353134,1.3472964656352995,1.3466166019439696,0.9602965354919434,0.0,0.0,0.0,0.0,0.0,0.0,0.0002737014274178759,0.0002781277621605899,0.13485198769651285,0.13484281458277905,0.09228885197412925,0.06286430635970174,"[0.005697356071323156, 0.011414719745516777, 0.007774988189339638, -0.021419521421194077, -0.018713967874646187, -0.010466564446687698]","[0.7981970310211182, 0.7963907122612, 0.9026423692703247, 0.7508470416069031, 0.7419336438179016, 0.7483989596366882, 0.7583799362182617, 0.7444958090782166, 0.8059471249580383, 0.8033637404441833, 0.8026700019836426, 0.8004236221313477]"
0,40,INSERTION,8,0,0,0,309.8772731423378,306.8247621059418,486.9752296805382,48.641139060258865,48.94437503814697,35.67510464787483,3.7210931062698362,3.7209293842315674,4.784212380647659,1.330873601436615,1.3414678859710691,0.9551457166671753,0.0,0.0,0.0,0.0,0.0,0.0,0.0002728545531333584,0.000292551530850555,0.13894120255964867,0.13893328574881608,0.0967533245800947,0.09302608264493403,"[-0.01121445745229721, -0.0019294586963951588, -0.00360825564712286, 0.009247461333870888, 0.0009921672753989697, 0.008361414074897766]","[0.8079589009284973, 0.7962634563446045, 0.9124011397361755, 0.7388767600059509, 0.7458477020263672, 0.7390314936637878, 0.7575332522392273, 0.7574747800827026, 0.7954892516136169, 0.786605715751648, 0.7974162101745605, 0.7930653095245361]"
0,41,INSERTION,8,0,0,0,309.68995356559753,304.8236115574837,478.16603261232376,49.30272880196571,49.40845289826393,36.19142280220986,3.7128350734710693,3.6840867519378664,4.7998344004154205,1.352758798599243,1.3536738312244414,0.9586836397647858,0.0,0.0,0.0,0.0,0.0,0.0,0.0002720344965205249,0.00030713485001051865,0.14258430883194884,0.14257727634013015,0.10098743331953357,0.1696049887902677,"[0.01031224150210619, 0.007666831836104393, 0.00960527267307043, -0.015870612114667892, -0.0011662538163363934, 0.017698775976896286]","[0.8072412014007568, 0.7885962128639221, 0.8890345692634583, 0.7540857195854187, 0.75651615858078, 0.7552170157432556, 0.7545839548110962, 0.7443166971206665, 0.7999526858329773, 0.8089375495910645, 0.809871256351471, 0.7981194853782654]"
0,42,INSERTION,8,0,0,0,305.9969374537468,308.41816860437393,478.7290647625923,48.806321293115616,49.712788224220276,35.773009026050566,3.690821385383606,3.681273603439331,4.768943130970001,1.3391014182567595,1.3484173440933227,0.9562549293041229,0.0,0.0,0.0,0.0,0.0,0.0,0.0002711507440706369,0.00032192266616799293,0.1457693403198233,0.14576311788775975,0.10436598354483012,0.13222186707359918,"[-0.0015490581281483173, 0.0011026635766029358, -0.017663665115833282, 0.018863845616579056, 0.016476737335324287, -0.021939851343631744]","[0.7930917143821716, 0.8023684620857239, 0.8905280232429504, 0.7426740527153015, 0.763512372970581, 0.7421005964279175, 0.7467219233512878, 0.7433120012283325, 0.7911266088485718, 0.7950014472007751, 0.8045074939727783, 0.7946498990058899]"
0,43,INSERTION,8,0,0,0,306.7010854482651,309.0977835059166,482.70298504829407,49.038880079984665,49.35210093855858,35.88923327922821,3.698270153999329,3.6727967739105223,4.777995824813843,1.3366035223007202,1.3565693998336792,0.964166909456253,0.0,0.0,0.0,0.0,0.0,0.0,0.0002718225734227399,0.0003374901386061483,0.14847966313806946,0.1484747883656294,0.10772157949872915,0.20590116980884954,"[-0.013097982853651047, -0.006851761136204004, 0.011356102302670479, -0.014290522783994675, 0.0006301915273070335, -0.018693720921874046]","[0.7957895994186401, 0.8049723505973816, 0.901068925857544, 0.7480202317237854, 0.7552207112312317, 0.745743989944458, 0.7493821978569031, 0.7402845621109009, 0.7937130928039551, 0.7924525737762451, 0.8128259181976318, 0.8059527277946472]"
0,44,INSERTION,8,0,0,0,304.2017590999603,305.6019499897957,483.84644186496735,48.958726197481155,48.94319012761116,36.26417561769485,3.696179819107056,3.689796495437622,4.7967314422130585,1.3349868381023406,1.348320904970169,0.9637290656566619,0.0,0.0,0.0,0.0,0.0,0.0,0.0002725000916434982,0.00035198312254635104,0.15069965613544578,0.15069680997979806,0.11052589351563603,0.19088784650795812,"[-0.0014088349416851997, -0.006139093544334173, 0.006214471999555826, -0.01565326564013958, 0.005395863205194473, 0.02765602245926857]","[0.7862136363983154, 0.7915783524513245, 0.9041019678115845, 0.746177613735199, 0.7458204627037048, 0.7574976682662964, 0.7486356496810913, 0.7463558912277222, 0.7990661263465881, 0.7908028960227966, 0.8044090867042542, 0.8053272366523743]"
0,45,INSERTION,8,0,0,0,307.4472368359566,308.6387330889702,480.6880822777748,49.15559247136116,48.66030505299568,35.747562748193744,3.6615610361099242,3.682128596305847,4.7831083834171295,1.3601640498638152,1.3389201056957243,0.9589094877243042,0.0,0.0,0.0,0.0,0.0,0.0,0.0002713394311283999,0.00036439094437153136,0.15242198889461947,0.15242149051134263,0.11253619401045728,0.1365785045560385,"[0.0033950861543416977, -0.008194769732654095, -0.01406426727771759, 0.0069991848431527615, -0.026974912732839584, 0.004815238062292337]","[0.7986484169960022, 0.8032135367393494, 0.895724356174469, 0.7507032752037048, 0.7393173575401306, 0.7413029074668884, 0.7362717986106873, 0.7436173558235168, 0.7951738238334656, 0.8164939284324646, 0.7948164343833923, 0.7984421253204346]"
0,46,INSERTION,8,0,0,0,309.1374222636223,306.3214681148529,480.14068990945816,49.40807953476906,49.17471179366112,36.20995753407478,3.704477739334106,3.693783903121948,4.797335177659988,1.3376347374916076,1.335847371816635,0.9578356981277466,0.0,0.0,0.0,0.0,0.0,0.0,0.0002687812780439475,0.0003750681897673988,0.1536445227578656,0.15364638878233203,0.11462826384454672,0.246460672434926,"[0.013071304187178612, 0.031309790909290314, 0.024568576365709305, -0.0034243357367813587, 0.034416936337947845, -0.020897703245282173]","[0.8051242232322693, 0.794335126876831, 0.8942723870277405, 0.7565075755119324, 0.7511427998542786, 0.7557980418205261, 0.7515991926193237, 0.7477799654006958, 0.7992386221885681, 0.7935048341751099, 0.7916809916496277, 0.7969081401824951]"
0,47,INSERTION,8,0,0,0,308.74898421764374,308.9337991476059,484.25512105226517,49.22139000892639,48.59415489435196,35.91129698753357,3.7078231096267698,3.688438320159912,4.781013041734695,1.3372087931632994,1.3529394686222076,0.9657589018344879,0.0,0.0,0.0,0.0,0.0,0.0,0.0002670703236304182,0.00038536405949103435,0.15436238532243896,0.15436779153997782,0.11556038638489473,0.20573776231554897,"[-0.02120966836810112, -0.0028231851756572723, -0.019419731572270393, 0.0012068543583154678, -0.002579841762781143, 0.006793573033064604]","[0.8036359548568726, 0.8043440580368042, 0.9051859974861145, 0.7522158622741699, 0.7377966642379761, 0.7464356422424316, 0.7527939677238464, 0.74587082862854, 0.7945751547813416, 0.7930701971054077, 0.8091219067573547, 0.808227002620697]"
0,48,INSERTION,8,0,0,0,305.458282828331,306.74623131752014,480.27248203754425,49.169461369514465,49.38293454051018,35.98153997063637,3.7061580181121827,3.7017794132232664,4.777593612670898,1.3449402785301208,1.342923468351364,0.9658708870410919,0.0,0.0,0.0,0.0,0.0,0.0,0.00026583833555392835,0.0003947972055078799,0.1545747921326097,0.154584632463011,0.11614674448066249,0.22301573006277983,"[0.021921901032328606, -0.012429171241819859, -0.008897688239812851, -0.0047268797643482685, -0.01045228075236082, -0.00936389621347189]","[0.7910279035568237, 0.7959625720977783, 0.8946219682693481, 0.7510221004486084, 0.7559295296669006, 0.7486376166343689, 0.7521992921829224, 0.7506355047225952, 0.7935981750488281, 0.8009594678878784, 0.7989014983177185, 0.8083869814872742]"
0,49,SUCCESS,9,1,0,0,309.16347992420197,307.4728122353554,483.0080506801605,49.13543343544006,48.91205835342407,36.05171640515327,3.731510233879089,3.7088965654373167,4.786698043346405,1.3411335909366606,1.3435422325134276,0.9637548923492432,0.0,0.0,0.0,0.0,0.0,0.0,0.00026371604029313183,0.00040199099996137886,0.15428348491738683,0.1542979405074128,0.11672385143456951,0.12635227832900287,"[0.008473578840494156, -0.010524531826376915, 0.024130521342158318, 0.004295995458960533, -0.013990392908453941, 0.013163459487259388]","[0.8052240610122681, 0.7987464070320129, 0.9018781185150146, 0.7502398490905762, 0.7451047897338867, 0.750837504863739, 0.7612536549568176, 0.7531773447990417, 0.7961994409561157, 0.797075092792511, 0.7995328903198242, 0.8053641319274902]"
