episode,reward_agent1,reward_agent2,reward_total,success,peak_force_N,peak_torque_Nm,jamming,steps,action1_min,action1_max,action2_min,action2_max,kp_min,kp_max,kd_min,kd_max,curriculum,mean_depth_m,min_depth_m,mean_lateral_error_m,max_lateral_error_m,orientation_error_deg,mean_force_all_steps_N,failure_reason
0,2507.178971680888,499.21249486898427,3006.3914665498723,True,0.0,0.0,False,187,-1.0,0.8298424482345581,0.48003432154655457,0.9184002876281738,1.0,233.75115871429443,1.0,45.27807533740997,easy,0.07412953958911267,0.074070078146138,0.000857379978535477,0.0009930164449977296,1.1007999136177755,0.0,success
1,-204.4218011086628,-2.3749641390819365,-206.79676524774473,False,0.0,0.0,False,1600,-1.0,0.3756621181964874,0.4743972718715668,0.9190831780433655,1.0,215.3413450717926,1.0,45.4484960436821,easy,0.0,0.0,0.00611741391326105,0.006240332399860057,0.6376207288469693,0.0,contact_alignment
2,2609.6160638967,497.6435382181302,3107.25960211483,True,27.995561498852616,0.0,False,190,-1.0,0.15829409658908844,0.47953736782073975,0.9212340712547302,1.0,234.31654334068298,1.0,45.34693330526352,easy,0.07459831381710322,0.07453263182143961,0.0005003234563295963,0.0005076862122544752,1.1682992508469838,0.14734506052027693,success
3,3101.2089517154263,499.20695376965074,3600.415905485077,True,0.0,0.0,False,204,-1.0,1.0,0.48664817214012146,0.9180283546447754,1.0,233.2645308971405,1.0,45.22101670503616,easy,0.06468619321885932,0.06468253342308164,0.000816759140177778,0.0008276914665913209,0.4967763118797361,0.0,success
4,-259.2621480403137,-2.376542396442802,-261.6386904367565,False,0.0,0.0,False,1600,-1.0,0.21373167634010315,0.48000308871269226,0.924913763999939,1.0,217.02031254768372,1.0,45.53470462560654,easy,0.0,0.0,0.0076858864002209365,0.007777884079564704,0.8212305098601566,0.0,contact_alignment
5,2968.4020026414128,499.1945955148317,3467.5965981562445,True,0.0,0.0,False,200,-1.0,0.886477530002594,0.48323747515678406,0.9192924499511719,1.0,233.54183793067932,1.0,45.21423041820526,easy,0.0715054853330795,0.07149944924010923,0.0006308600536009109,0.0008329592911747759,0.894763678372527,0.0,success
6,-271.1854383958208,-2.3407984820629357,-273.5262368778838,False,0.0,0.0,False,1600,-1.0,0.7093169689178467,0.4783235192298889,0.9217366576194763,1.0,215.24276733398438,1.0,45.475693345069885,easy,0.0,0.0,0.007986211617324481,0.008001179911243033,0.8316346835957723,0.0,contact_alignment
7,-281.02641057166306,-2.3458958778608863,-283.37230644952393,False,0.0,0.0,False,1600,-1.0,0.34849363565444946,0.4773796498775482,0.9229080677032471,1.0,215.74546575546265,1.0,45.46482652425766,easy,0.0,0.0,0.00829469324202739,0.008435077944052856,0.8835873336582709,0.0,contact_alignment
8,3384.0157254372275,499.1873901614486,3883.203115598676,True,0.0,0.0,False,212,-1.0,0.9819103479385376,0.48206549882888794,0.9196121096611023,1.0,233.99328708648682,1.0,45.24795323610306,easy,0.063404369103049,0.06320445444268272,0.0007564326095584619,0.0008376076747651079,0.3014423198814028,0.0,success
9,-249.30232163420249,-2.354538545571091,-251.6568601797736,False,0.0,0.0,False,1600,-1.0,0.37588831782341003,0.48030179738998413,0.9271426796913147,1.0,215.96434831619263,1.0,45.42452812194824,easy,0.0,0.0,0.0074134104079821754,0.007458951501725118,0.7995572301257019,0.0,contact_alignment
10,3123.968008765315,499.1987143406347,3623.1667231059496,True,0.0,0.0,False,204,-1.0,1.0,0.4848010838031769,0.9172362089157104,1.0,234.2698037624359,1.0,45.18054097890854,easy,0.06594314553051903,0.06594180473645203,0.0007934411010515757,0.0007940902126814274,0.549040120169713,0.0,success
11,3439.753856116557,499.1813564963974,3938.9352126129543,True,0.0,0.0,False,214,-1.0,0.9812742471694946,0.4839344918727875,0.9203593134880066,1.0,233.36098551750183,1.0,45.09721964597702,easy,0.05876066312535143,0.05872372307496271,0.0006331055154160418,0.0008128036392315682,0.1640237493628015,0.0,success
12,3189.2990601140987,499.19770163790776,3688.4967617520065,True,0.0,0.0,False,206,-1.0,1.0,0.4806557297706604,0.9218052625656128,1.0,231.5320360660553,1.0,45.13521492481232,easy,0.06455066003569795,0.06452747015220427,0.0008731071566360612,0.0008974831093895834,0.44997326122097336,0.0,success
13,3189.975219678363,499.2093045284196,3689.1845242067825,True,0.0,0.0,False,205,-1.0,0.977225124835968,0.48014166951179504,0.9188581705093384,1.0,232.61473298072815,1.0,45.216975808143616,easy,0.06717831689127124,0.0671563103682418,0.0006143461765142353,0.0007118689775502426,0.567703045219061,0.0,success
14,1703.598414142632,499.239714337728,2202.83812848036,True,0.0,0.0,False,166,-1.0,0.35453665256500244,0.4863983392715454,0.9222418665885925,1.0,231.41517162322998,1.0,45.234459936618805,easy,0.07380050304369602,0.07371318809320929,0.0006231891370170013,0.0007192169727652836,1.3790885643771362,0.0,success
15,3958.582495575455,499.1580085874899,4457.740504162945,True,0.0,0.0,False,238,-1.0,1.0,0.48469606041908264,0.9195553064346313,1.0,232.3443841934204,1.0,45.176854729652405,easy,0.04823097392588929,0.04814278132778933,0.0006417862348451994,0.0007256324468645025,0.47266035426349623,0.0,success
16,-216.98920314308634,-2.3364137213450347,-219.32561686443137,False,0.0,0.0,False,1600,-1.0,0.6637412309646606,0.4811541438102722,0.9239909648895264,1.0,215.63441276550293,1.0,45.28910279273987,easy,0.0,0.0,0.00645336000179841,0.006505881253234174,0.6991469833721639,0.0,contact_alignment
17,2656.6603938787207,499.21892313700397,3155.8793170157246,True,0.0,0.0,False,191,-1.0,0.9929092526435852,0.48316776752471924,0.9197394251823425,1.0,232.74901628494263,1.0,45.492338836193085,easy,0.07072636799718054,0.07069225415981638,0.0005960754028406768,0.0007368425035043909,0.9074888098435122,0.0,success
18,3112.9187714213167,499.1948615989941,3612.1136330203108,True,0.0,0.0,False,211,-1.0,1.0,0.4839151203632355,0.923753023147583,1.0,233.66437435150146,1.0,45.440005362033844,easy,0.06293407183210725,0.06291729969322762,0.0007822063839158051,0.0009292241270926193,0.4009434392317047,0.0,success
19,3290.1560894542977,499.1830100640435,3789.3390995183413,True,0.0,0.0,False,209,-1.0,1.0,0.4863610863685608,0.9243805408477783,1.0,232.29611039161682,1.0,45.14362633228302,easy,0.06229824154906721,0.062152528748759345,0.0007140494698302784,0.0007976045152779263,0.393073186924722,0.0,success
20,3450.2595149883196,499.18846801292784,3949.4479830012474,True,0.0,0.0,False,215,-1.0,0.9844769835472107,0.4851081371307373,0.9218518137931824,1.0,233.8904321193695,1.0,45.16486972570419,easy,0.0572902251585351,0.05721957047792084,0.0007306352386908495,0.0008601006635672023,0.12674048860562748,0.0,success
21,3595.361067461537,499.16761240267357,4094.5286798642105,True,0.0,0.0,False,218,-1.0,0.7043672800064087,0.48700323700904846,0.9225414991378784,1.0,233.55135321617126,1.0,45.253729820251465,easy,0.05909609915280938,0.058782318012957385,0.00045118368183712763,0.000604771535525961,0.3092545483544724,0.0,success
22,1602.8721118216129,499.24934896640553,2102.1214607880183,True,0.0,0.0,False,163,-1.0,0.45524686574935913,0.48636960983276367,0.9222083687782288,1.0,231.72536373138428,1.0,45.31761646270752,easy,0.07239887379310121,0.0722352444332117,0.0007175413902618748,0.0007977784057807291,1.3132658651198383,0.0,success
23,-253.81449934341018,-2.325467161939169,-256.1399665053493,False,0.0,0.0,False,1600,-1.0,0.40783122181892395,0.48234322667121887,0.9276262521743774,1.0,216.33987665176392,1.0,45.28630942106247,easy,0.0,0.0,0.007544758463135508,0.0076534576747809245,0.8103547453998591,0.0,contact_alignment
24,-285.09830607526374,-2.321931153731426,-287.4202372289952,False,0.0,0.0,False,1600,-1.0,0.5439061522483826,0.4818437099456787,0.9269191026687622,1.0,216.92495822906494,1.0,45.41250765323639,easy,0.0,0.0,0.0083500700204648,0.008460440448895242,0.8949229161728759,0.0,contact_alignment
25,-261.15279917037424,-2.360637677175859,-263.5134368475501,False,0.0,0.0,False,1600,-1.0,0.4743817448616028,0.48276397585868835,0.9273192286491394,1.0,216.67894005775452,1.0,45.51651120185852,easy,0.0,0.0,0.0077087496234006635,0.007792172234195652,0.8040396479662916,0.0,contact_alignment
26,-262.8137122273882,-2.3523079952430717,-265.16602022263123,False,0.0,0.0,False,1600,-1.0,0.7318598628044128,0.4821808934211731,0.9263001084327698,1.0,216.07073664665222,1.0,45.39235323667526,easy,0.0,0.0,0.007771937885414413,0.00796655337034266,0.8101202068726788,0.0,contact_alignment
27,4174.423128213064,499.15898421707396,4673.582112430138,True,0.0,0.0,False,241,-1.0,1.0,0.4843454360961914,0.925736665725708,1.0,232.88759231567383,1.0,45.29907673597336,easy,0.04419408477141126,0.04398948793506664,0.0005046423648176776,0.0005608082227589954,0.6165940851935392,0.0,success
28,3421.071264342711,499.1940843486329,3920.2653486913437,True,0.0,0.0,False,213,-1.0,0.5831985473632812,0.4839155673980713,0.9248429536819458,1.0,232.53732442855835,1.0,45.21431386470795,easy,0.059789292880355185,0.05972513771540905,0.0005659983007070984,0.0008084174722903356,0.24530132470633534,0.0,success
29,-241.23504736856694,-2.337866049084071,-243.57291341765102,False,0.0,0.0,False,1600,-1.0,0.2850814163684845,0.4841448664665222,0.9258690476417542,1.0,216.27424597740173,1.0,45.385410487651825,easy,0.0,0.0,0.007104777722591816,0.0072171465072502945,0.7486908993232037,0.0,contact_alignment
30,-243.08422446577566,-2.3472551375967026,-245.43147960337237,False,0.0,0.0,False,1600,-1.0,0.5702365040779114,0.48237472772598267,0.926234781742096,1.0,216.2531077861786,1.0,45.433669686317444,easy,0.0,0.0,0.007210573032540186,0.007333670361780105,0.7560374672019273,0.0,contact_alignment
31,3236.118709584885,499.19925504722175,3735.317964632107,True,0.0,0.0,False,207,-1.0,0.9938856959342957,0.49005061388015747,0.9240924119949341,1.0,231.74924492835999,1.0,45.308003425598145,easy,0.06426497399767818,0.06418119164955727,0.0005817105034789734,0.0006884470104671359,0.44474080351389167,0.0,success
32,-239.60802715365514,-2.3133216875473366,-241.92134884120247,False,0.0,0.0,False,1600,-1.0,0.42057523131370544,0.47765108942985535,0.9278673529624939,1.0,216.0930836200714,1.0,45.482788383960724,easy,0.0,0.0,0.007080123712250347,0.007253613482799905,0.7505910941912385,0.0,contact_alignment
33,2932.992904383522,499.2058452239861,3432.198749607508,True,0.0,0.0,False,199,-1.0,1.0,0.48802798986434937,0.929324209690094,1.0,232.4768078327179,1.0,45.3856086730957,easy,0.06716176093536835,0.06710389986609061,0.0005717656062778169,0.0007644418963803106,0.6717512081084663,0.0,success
34,3463.909222055445,499.1849471873995,3963.094169242844,True,0.0,0.0,False,215,-1.0,1.0,0.4856759011745453,0.9248794913291931,1.0,231.80629014968872,1.0,45.24881273508072,easy,0.057898419884883645,0.05789831937251,0.0008254943649611461,0.0009224149614742705,0.1531624110486442,0.0,success
35,2508.487337050714,499.2212744023281,3007.708611453042,True,0.0,0.0,False,187,-1.0,0.22165988385677338,0.4888993501663208,0.9266200065612793,1.0,232.8557300567627,1.0,45.31260967254639,easy,0.07715439983938129,0.07707176318373238,0.0005063181050391408,0.0005163909487060882,1.3518449012223774,0.0,success
36,4158.26278868312,492.8747002754091,4651.137488958529,True,56.05801586177258,0.0,False,240,-1.0,0.9910315871238708,0.4891209006309509,0.9271879196166992,1.0,232.46778845787048,1.0,45.35577863454819,easy,0.043900532125022984,0.04367934930446103,0.00046481247326509594,0.0005759674228970274,0.6490462864428156,0.2335750660907191,success
37,-251.31271164549526,-2.32610017600907,-253.63881182150433,False,0.0,0.0,False,1600,-1.0,0.4592897295951843,0.4868858754634857,0.9286379814147949,1.0,217.3983359336853,1.0,45.55655926465988,easy,0.0,0.0,0.007406578487677756,0.007491991576055046,0.7791316676652037,0.0,contact_alignment
38,3270.7326935360434,499.1981463532034,3769.9308398892467,True,0.0,0.0,False,208,-1.0,1.0,0.48617878556251526,0.9268088340759277,1.0,233.14560532569885,1.0,45.31325429677963,easy,0.06360439328925367,0.063416117904744,0.0005877527043663512,0.0006817461519746232,0.47382814222626685,0.0,success
39,3585.9252951579915,499.17597770638076,4085.1012728643723,True,0.0,0.0,False,218,-1.0,0.3311906158924103,0.49194711446762085,0.9258255958557129,1.0,232.87469863891602,1.0,45.374138951301575,easy,0.059038878109498566,0.05880386327299997,0.0005113731948945741,0.0006905576074634122,0.22237041904844174,0.0,success
40,-222.03329375288752,-2.3279957936738453,-224.36128954656135,False,0.0,0.0,False,1600,-1.0,0.3955642580986023,0.4866068959236145,0.9291225075721741,1.0,216.79998874664307,1.0,45.55615246295929,easy,0.0,0.0,0.00660007733796545,0.006701806818912665,0.7253244664039263,0.0,contact_alignment
41,2856.9319737940777,499.19133495876616,3356.123308752844,True,1.969813737259063,0.0,False,200,-1.0,0.17293332517147064,0.48423686623573303,0.9275658130645752,1.0,232.81841278076172,1.0,45.529558062553406,easy,0.07488869004365094,0.07477127470982292,0.0007553758467521986,0.0008906918766314985,1.0303728457991597,0.009849068686295315,success
42,-273.9987604907902,-2.2999017989607173,-276.2986622897509,False,0.0,0.0,False,1600,-1.0,0.5575152039527893,0.48550403118133545,0.9300166368484497,1.0,217.19953775405884,1.0,45.56865483522415,easy,0.0,0.0,0.008037336268082673,0.00817955697166382,0.8661627006633799,0.0,contact_alignment
43,-243.76129254183942,-2.329588439788343,-246.09088098162778,False,0.0,0.0,False,1600,-1.0,0.2934550642967224,0.48447903990745544,0.9344420433044434,1.0,216.76496505737305,1.0,45.74970245361328,easy,0.0,0.0,0.007191512764359725,0.007256412205103186,0.7857084437317162,0.0,contact_alignment
44,3188.7776281488946,499.1950555317375,3687.972683680632,True,0.0,0.0,False,210,-1.0,0.996543824672699,0.4819473922252655,0.9250510334968567,1.0,234.3500018119812,1.0,45.70337504148483,easy,0.0637738580944168,0.06376291271353578,0.000810355574538996,0.0009406059308722554,0.3988251260165445,0.0,success
45,-239.11614516319503,-2.3151977353635,-241.43134289855854,False,0.0,0.0,False,1600,-1.0,0.5111837983131409,0.4785851240158081,0.9290338158607483,1.0,216.02283477783203,1.0,45.724729001522064,easy,0.0,0.0,0.007141252022804778,0.007259437612838852,0.7624508756492973,0.0,contact_alignment
46,-261.53604691432224,-2.3006381479499804,-263.83668506227224,False,0.0,0.0,False,1600,-1.0,0.620897114276886,0.4812174141407013,0.9294551014900208,1.0,216.9995927810669,1.0,45.66918283700943,easy,0.0,0.0,0.007684924599417246,0.007777017150981783,0.8183333454738334,0.0,contact_alignment
47,-289.42556187920434,-2.3541189473272834,-291.7796808265316,False,0.0,0.0,False,1600,-1.0,0.4522223472595215,0.48453831672668457,0.92937833070755,1.0,215.8407735824585,1.0,45.7394614815712,easy,0.0,0.0,0.008441909933241776,0.008556814240291392,0.8879365247285697,0.0,contact_alignment
48,3129.0528825070182,499.1990078604998,3628.251890367518,True,0.0,0.0,False,204,-1.0,0.9843125939369202,0.485288143157959,0.9251207113265991,1.0,233.26290369033813,1.0,45.61732083559036,easy,0.06748096883652943,0.06743320106413977,0.0007890677065861083,0.0008465137254330842,0.5433473700563782,0.0,success
49,3551.3215429689335,499.18121559330586,4050.5027585622393,True,0.0,0.0,False,217,-1.0,0.3821692168712616,0.4848874509334564,0.924648642539978,1.0,233.4528684616089,1.0,45.641495287418365,easy,0.06022607085490445,0.05994088873014558,0.0003982499919066703,0.0005765299251409739,0.2880357366073087,0.0,success
50,2920.041610391006,499.1968693983582,3419.238479789364,True,0.0,0.0,False,199,-1.0,0.6988004446029663,0.48721688985824585,0.9271268248558044,1.0,233.9485466480255,1.0,45.591318905353546,easy,0.0671013994151482,0.06706204649523248,0.0005303816714914404,0.0007749725440647698,0.6137058615538243,0.0,success
51,3079.7200435948444,499.0940112849638,3578.8140548798083,True,6.869569303219147,0.0,False,203,-1.0,0.15931518375873566,0.484650194644928,0.9239866733551025,1.0,233.14600825309753,1.0,45.549149215221405,easy,0.07082970855753977,0.07075124342349955,0.00046631641775827707,0.0007987635041253825,0.7604470345832836,0.03384024287300073,success
52,3131.9129771691405,499.2006631657424,3631.113640334883,True,0.0,0.0,False,205,-1.0,0.9189567565917969,0.4858483374118805,0.9253138303756714,1.0,233.23060750961304,1.0,45.570263266563416,easy,0.06465163203533884,0.06465057913834447,0.0007574096822798063,0.0009470849926346283,0.45427135520172557,0.0,success
53,3869.299320782388,498.2315649301075,4367.530885712496,True,0.0,0.0,False,1085,-1.0,1.0,0.48710858821868896,0.9283345937728882,1.0,233.53573203086853,1.0,45.668012499809265,easy,0.043207350733555944,0.04311420997481813,0.000251690401316507,0.0003062302620710991,0.46825174902947275,0.0,success
54,4137.411979658608,499.1479729203964,4636.559952579005,True,0.0,0.0,False,240,-1.0,1.0,0.482084721326828,0.9260621070861816,1.0,234.73183751106262,1.0,45.602358877658844,easy,0.044782917887179564,0.04455762183878505,0.0004884971148103048,0.0005056527872117395,0.6445307182038329,0.0,success
55,-272.7516093899005,-2.3351424118913213,-275.0867518017918,False,0.0,0.0,False,1600,-1.0,0.5625881552696228,0.4842222332954407,0.931294322013855,1.0,216.79019451141357,1.0,45.81720232963562,easy,0.0,0.0,0.008053401995963255,0.008162778768919474,0.8325746243756644,0.0,contact_alignment
56,-250.26003238369321,-2.3081255903253997,-252.56815797401862,False,0.0,0.0,False,1600,-1.0,0.6289981007575989,0.48026570677757263,0.931089460849762,1.0,216.66655778884888,1.0,45.73252081871033,easy,0.0,0.0,0.007349541394509428,0.007451701149696466,0.7671909504607887,0.0,contact_alignment
57,3175.538302813951,499.1848141950851,3674.723117009036,True,0.0,0.0,False,206,-1.0,1.0,0.4889971911907196,0.9266223311424255,1.0,233.37310433387756,1.0,45.56410491466522,easy,0.06755558799832881,0.06752195803009339,0.000694626880023684,0.0008367015159020876,0.5335001380057035,0.0,success
58,4099.090311906843,499.1583545230007,4598.248666429844,True,0.0,0.0,False,239,-1.0,0.9887417554855347,0.4833371937274933,0.9302515387535095,1.0,233.12164664268494,1.0,45.68505644798279,easy,0.04485978870180157,0.044800723984563084,0.0006732267753841491,0.0006910203120999029,0.49221468851573164,0.0,success
59,2795.8141035940916,499.213124728997,3295.027228323089,True,0.0,0.0,False,195,-1.0,0.13001102209091187,0.4865545928478241,0.9280024766921997,1.0,232.72198915481567,1.0,45.57361572980881,easy,0.07140579925536308,0.07138943876440755,0.0005377641897623334,0.0007566260962759163,0.8712567248973055,0.0,success
60,-230.91434380281657,-2.305411068237889,-233.21975487105448,False,0.0,0.0,False,1600,-1.0,0.731796383857727,0.48178836703300476,0.929773211479187,1.0,216.43425464630127,1.0,45.82044631242752,easy,0.0,0.0,0.006785982559602213,0.0069275945396633926,0.7379844962541539,0.0,contact_alignment
61,-229.43538284458202,-2.348405743653541,-231.78378858823555,False,0.0,0.0,False,1600,-1.0,0.522734522819519,0.4781091511249542,0.9303044080734253,1.0,216.1154305934906,1.0,45.731486082077026,easy,0.0,0.0,0.006782528934604534,0.006888428869141893,0.7340041249264744,0.0,contact_alignment
62,3717.1299750236635,499.17447205093424,4216.304447074598,True,0.0,0.0,False,223,-1.0,0.4022025465965271,0.4832569658756256,0.9289396405220032,1.0,232.01423168182373,1.0,45.66947489976883,easy,0.05578747838410411,0.05552477415786074,0.0006462898768214908,0.0007350928184447636,0.31912098285124973,0.0,success
63,-237.40457715796344,-2.328005299628773,-239.73258245759223,False,0.0,0.0,False,1600,-1.0,0.49860280752182007,0.48230040073394775,0.9345099925994873,1.0,216.37680649757385,1.0,45.764215886592865,easy,0.0,0.0,0.006993167106111006,0.007164927871149602,0.7439836248872007,0.0,contact_alignment
64,-213.6753991444961,-2.334295022563566,-216.00969416705968,False,0.0,0.0,False,1600,-1.0,0.5827414989471436,0.4788914918899536,0.9314008355140686,1.0,215.20025849342346,1.0,45.83292365074158,easy,0.0,0.0,0.006328699584105878,0.006443103265188857,0.6871226647436377,0.0,contact_alignment
65,2188.5282921905073,499.22593900794806,2687.7542311984553,True,0.0,0.0,False,179,-1.0,1.0,0.4847114384174347,0.9273644685745239,1.0,233.83986473083496,1.0,45.66512316465378,easy,0.07512232619852632,0.07506888132727323,0.0006130372233996964,0.0007038976708711737,1.5132235453854848,0.0,success
66,3283.3736783269715,499.1984704280397,3782.5721487550113,True,0.0,0.0,False,209,-1.0,1.0,0.4843319058418274,0.9336197972297668,1.0,232.5355887413025,1.0,45.69957196712494,easy,0.06338249711874605,0.06325162624983888,0.0007531352779298888,0.000945893906819683,0.39709744942361813,0.0,success
67,3057.1930075384707,499.2030166685425,3556.3960242070134,True,0.0,0.0,False,203,-1.0,0.9958973526954651,0.4841839671134949,0.9294493198394775,1.0,233.57411861419678,1.0,45.6717175245285,easy,0.06566587774314771,0.06563785593862431,0.000747615779829027,0.0009299795381918293,0.5412088849582203,0.0,success
68,-233.06133510651597,-2.30177280313253,-235.3631079096485,False,0.0,0.0,False,1600,-1.0,0.33301621675491333,0.4790588319301605,0.9310327768325806,1.0,215.55314540863037,1.0,45.8314049243927,easy,0.0,0.0,0.006816312960295724,0.006952145244067531,0.7350194262454279,0.0,contact_alignment
69,4271.052736676447,499.12925886044934,4770.1819955368965,True,0.0,0.0,False,252,-1.0,1.0,0.48220330476760864,0.9344834089279175,1.0,232.74038434028625,1.0,45.70446193218231,easy,0.04209365221695295,0.041875178256572415,0.0005603788025542138,0.0005771666964484882,0.6480692185215764,0.0,success
70,-244.52456496480175,-2.312136401160397,-246.83670136596214,False,0.0,0.0,False,1600,-1.0,0.598865270614624,0.47889816761016846,0.9340568780899048,1.0,215.37322282791138,1.0,45.835076570510864,easy,0.0,0.0,0.007221298411562511,0.007330265271744631,0.7654781976345846,0.0,contact_alignment
71,2526.1462991671438,499.2219988427617,3025.3682980099056,True,0.0,0.0,False,188,-1.0,0.541588544845581,0.48317259550094604,0.928615927696228,1.0,231.79651141166687,1.0,45.55740624666214,easy,0.07285250693051613,0.07284858948847048,0.0006786243513349921,0.0008677302321120253,1.003316278621943,0.0,success
72,4203.159871590817,499.1622472966448,4702.322118887461,True,0.0,0.0,False,243,-1.0,0.9729232788085938,0.48389261960983276,0.9288395047187805,1.0,231.73972964286804,1.0,45.7815957069397,easy,0.04334433757585607,0.043240529432738234,0.0005676967426194745,0.0006153613941413166,0.5943040131601989,0.0,success
73,3959.08750987723,499.1605377722054,4458.248047649436,True,0.0,0.0,False,236,-1.0,0.9959388971328735,0.4760270416736603,0.9271109700202942,1.0,232.3285150527954,1.0,45.69009870290756,easy,0.04646970158579691,0.04637600166808917,0.0008554647525060378,0.0008817718296418605,0.34251261809806244,0.0,success
74,-254.690833859882,-2.293906176742057,-256.98474003662403,False,0.0,0.0,False,1600,-1.0,0.5331538319587708,0.4759482443332672,0.9322185516357422,1.0,215.0143539905548,1.0,45.75505346059799,easy,0.0,0.0,0.007496780030469615,0.0075988578703882715,0.786740830549929,0.0,contact_alignment
75,3980.5000947267918,498.49130633242135,4478.991401059213,True,16.199895103656672,0.0,False,234,-1.0,0.9935120940208435,0.48142531514167786,0.9298455119132996,1.0,233.0694830417633,1.0,45.67927986383438,easy,0.04821578418106914,0.04798252762810064,0.00025924505318595587,0.00028398555130954543,0.5708769106252177,0.1057765417777233,success
76,-251.46761980335253,-2.3116075054486545,-253.77922730880118,False,0.0,0.0,False,1600,-1.0,0.27129077911376953,0.4747549593448639,0.9327053427696228,1.0,215.3063678741455,1.0,45.797141790390015,easy,0.0,0.0,0.007416367226251159,0.007490055893489191,0.7991479707923602,0.0,contact_alignment
77,4031.61214242914,499.172863303141,4530.785005732281,True,0.0,0.0,False,237,-1.0,0.9944727420806885,0.48293134570121765,0.9302904009819031,1.0,233.59225034713745,1.0,45.71589410305023,easy,0.04600137277860083,0.045905329348865404,0.0005134414377731331,0.0005503582928017351,0.426696761421514,0.0,success
78,-222.4631841076573,-2.319048128391806,-224.7822322360491,False,0.0,0.0,False,1600,-1.0,0.39273393154144287,0.47678402066230774,0.931698739528656,1.0,215.44991850852966,1.0,45.77268570661545,easy,0.0,0.0,0.006658293482462427,0.006752022562953129,0.721603839713853,0.0,contact_alignment
79,-226.34697178799115,-2.3064562809741793,-228.65342806896533,False,0.0,0.0,False,1600,-1.0,0.42276638746261597,0.47953274846076965,0.9309185743331909,1.0,215.40947079658508,1.0,45.80440789461136,easy,0.0,0.0,0.00671690422608775,0.00677876828377589,0.7120965169819784,0.0,contact_alignment
80,-227.56832138894657,-2.3143669695752016,-229.88268835852176,False,0.0,0.0,False,1600,-1.0,0.6444848775863647,0.4783022701740265,0.9286330938339233,1.0,216.04806423187256,1.0,45.846114456653595,easy,0.0,0.0,0.0066811137706307335,0.0068198739429990414,0.6871161936985546,0.0,contact_alignment
81,-289.8886649870315,-2.3177777410197593,-292.2064427280513,False,0.0,0.0,False,1600,-1.0,0.49372097849845886,0.4780433177947998,0.9294393062591553,1.0,215.38901448249817,1.0,45.8320015668869,easy,0.0,0.0,0.008572062475657971,0.008747036079331093,0.9118181379852703,0.0,contact_alignment
82,-237.4410686287232,-2.329308922969849,-239.77037755169306,False,0.0,0.0,False,1600,-1.0,0.36024439334869385,0.4742617607116699,0.9359036087989807,1.0,214.58139300346375,1.0,45.85572749376297,easy,0.0,0.0,0.007088651880449522,0.007304681127649979,0.7628790155876265,0.0,contact_alignment
83,3423.9767790810242,499.1832937998717,3923.1600728808958,True,0.0,0.0,False,214,-1.0,1.0,0.48113152384757996,0.9287906885147095,1.0,232.66553282737732,1.0,45.69581687450409,easy,0.059499250553767355,0.05942833546151019,0.0007647115093289381,0.0008810308416703273,0.21812382500439279,0.0,success
84,-253.76559321870246,-2.2851321885765925,-256.05072540727906,False,0.0,0.0,False,1600,-1.0,0.4926384687423706,0.47862404584884644,0.932392954826355,1.0,215.40342688560486,1.0,45.72037935256958,easy,0.0,0.0,0.007491558567828843,0.0076295847255124765,0.790935662757753,0.0,contact_alignment
85,3190.6652633718004,499.1917275384504,3689.8569909102507,True,0.0,0.0,False,211,-1.0,0.747314453125,0.4823992848396301,0.9342319965362549,1.0,232.35172986984253,1.0,45.91805577278137,easy,0.06318299425462864,0.06316090282871054,0.0006625004198127261,0.0008824468584442873,0.3349550982586339,0.0,success
86,-196.4371003861021,-2.3048649760495925,-198.7419653621517,False,0.0,0.0,False,1600,-1.0,0.22773024439811707,0.48047375679016113,0.9323098063468933,1.0,215.95515847206116,1.0,45.800408720970154,easy,0.0,0.0,0.005837385315728439,0.005940577471652407,0.6404080505994405,0.0,contact_alignment
87,4312.903962992156,499.1248607772719,4812.0288237694285,True,0.0,0.0,False,261,-1.0,1.0,0.4854287803173065,0.930629551410675,1.0,233.30609440803528,1.0,45.8455428481102,easy,0.04058087114994455,0.0403791392285793,0.0006374645258683892,0.0006442820471095641,0.7071599634366759,0.0,success
88,2998.410995491114,499.2060015831181,3497.616997074232,True,0.0,0.0,False,201,-1.0,0.9790946245193481,0.484620064496994,0.9286902546882629,1.0,233.25541853904724,1.0,45.8523353934288,easy,0.06789438673384104,0.06785404250104721,0.000642745279772807,0.0007485033648668856,0.5882654591657845,0.0,success
89,-296.5066931109827,-2.283999011101784,-298.7906921220845,False,0.0,0.0,False,1600,-1.0,0.6587216854095459,0.48019126057624817,0.9311942458152771,1.0,215.2926218509674,1.0,45.80064654350281,easy,0.0,0.0,0.0086948982860926,0.008888195138297333,0.9251075310031117,0.0,contact_alignment
90,-293.51813140888123,-2.3029861819779436,-295.82111759085916,False,0.0,0.0,False,1600,-1.0,0.3990679383277893,0.48000043630599976,0.9308242797851562,1.0,215.04584431648254,1.0,45.84209233522415,easy,0.0,0.0,0.008631762493899523,0.00875075038244466,0.9155191591816445,0.0,contact_alignment
91,2705.7257110925193,499.2062015680327,3204.931912660552,True,0.0,0.0,False,193,-1.0,0.2578625977039337,0.48099541664123535,0.9265963435173035,1.0,233.19552183151245,1.0,45.64437836408615,easy,0.07211713396296113,0.07207414240135046,0.0005123806049865229,0.0007328583954397645,0.8944806153310344,0.0,success
92,3043.8670099325195,499.20362874507646,3543.070638677596,True,0.0,0.0,False,203,-1.0,0.9787399768829346,0.4830208420753479,0.9258342981338501,1.0,234.5161008834839,1.0,45.739171504974365,easy,0.0657141260249937,0.06568987637009907,0.0007566058327754095,0.0008541140145025285,0.4918803175236163,0.0,success
93,-261.52888076255994,-2.300996724583695,-263.8298774871436,False,0.0,0.0,False,1600,-1.0,0.6122406125068665,0.47937294840812683,0.9312381148338318,1.0,214.7234869003296,1.0,45.82396984100342,easy,0.0,0.0,0.007695813337984596,0.00786441713827322,0.8136810439745276,0.0,contact_alignment
94,3472.968784884099,499.1915223445245,3972.1603072286234,True,0.0,0.0,False,215,-1.0,0.9983649253845215,0.47841259837150574,0.9303327202796936,1.0,233.52646470069885,1.0,45.76255947351456,easy,0.05973516020157976,0.05968602182579083,0.0008034146808337155,0.0009283135318246246,0.10230976768238897,0.0,success
95,4081.7368998816232,499.1741851385626,4580.911085020186,True,0.0,0.0,False,238,-1.0,0.9943100214004517,0.4817141890525818,0.929848313331604,1.0,233.16060662269592,1.0,45.7167911529541,easy,0.04570484512286441,0.04560532302117111,0.0007292601113087823,0.0007467633123085876,0.5082611507398967,0.0,success
96,1806.2692122677515,499.23831203263205,2305.5075243003835,True,0.0,0.0,False,170,-1.0,0.1263778954744339,0.48258790373802185,0.9282640814781189,1.0,233.19862127304077,1.0,45.69349706172943,easy,0.07707311181586673,0.07697813835370275,0.0007978538504245414,0.0009692312442518561,1.4576077996113699,0.0,success
97,-269.22360002184735,-2.267492607977183,-271.49109262982455,False,0.0,0.0,False,1600,-1.0,0.6711099743843079,0.47760623693466187,0.9331167340278625,1.0,215.7730507850647,1.0,45.8194637298584,easy,0.0,0.0,0.008022394985171138,0.008213308177620018,0.843834980784389,0.0,contact_alignment
98,-224.78064786073804,-2.2539777767489197,-227.03462563748695,False,0.0,0.0,False,1600,-1.0,0.5425935387611389,0.47528931498527527,0.9336899518966675,1.0,214.66769695281982,1.0,45.80937087535858,easy,0.0,0.0,0.0067300655887063965,0.006837451433798897,0.7210378265901046,0.0,contact_alignment
99,1821.6606509192864,499.23483420857065,2320.895485127857,True,0.0,0.0,False,170,-1.0,0.1407485455274582,0.47945451736450195,0.9286134839057922,1.0,234.81685519218445,1.0,45.72364419698715,easy,0.07430964162536263,0.07420421853929386,0.0007211533382808516,0.0009234251469082238,1.3271072957776828,0.0,success
100,-285.7771376182133,-2.2576164190741883,-288.0347540372875,False,0.0,0.0,False,1600,-1.0,0.4825674891471863,0.47748157382011414,0.9323621392250061,1.0,215.5742371082306,1.0,45.83270251750946,easy,0.0,0.0,0.008343393952264614,0.008412722381582832,0.8882560658165691,0.0,contact_alignment
101,-292.2944768066562,-2.2710735282365575,-294.56555033489275,False,0.0,0.0,False,1600,-1.0,0.49608114361763,0.4778836965560913,0.9332133531570435,1.0,214.9161171913147,1.0,45.864312052726746,easy,0.0,0.0,0.00857385608379152,0.008648956266643212,0.9210780337347751,0.0,contact_alignment
102,4066.1865424159027,499.15806604101675,4565.34460845692,True,0.0,0.0,False,245,-1.0,1.0,0.4778452515602112,0.9316174983978271,1.0,234.9897575378418,1.0,45.81410437822342,easy,0.04545514504945467,0.04535085498183902,0.0007992681232501643,0.0008557040274237715,0.4795845530862666,0.0,success
103,-245.9540068360276,-2.2889548142406335,-248.24296165026823,False,0.0,0.0,False,1600,-1.0,0.3789260983467102,0.4762387275695801,0.9325317740440369,1.0,214.55334305763245,1.0,45.79952418804169,easy,0.0,0.0,0.007283003906179103,0.007470540770519678,0.7946512445827889,0.0,contact_alignment
104,-281.50819731870064,-2.291123450335345,-283.799320769036,False,0.0,0.0,False,1600,-1.0,0.4114425778388977,0.47659745812416077,0.9312426447868347,1.0,214.0571689605713,1.0,45.86693853139877,easy,0.0,0.0,0.008195703982376928,0.008258271431864774,0.8837930718075383,0.0,contact_alignment
105,2666.8131939044392,499.22102249479417,3166.0342163992336,True,0.0,0.0,False,192,-1.0,0.19571200013160706,0.48239031434059143,0.929231584072113,1.0,234.59398984909058,1.0,45.83262115716934,easy,0.07419836069375471,0.07413235799483825,0.0003858358509696249,0.0004864978774948446,1.0583133123713178,0.0,success
106,-210.31653048657546,-2.274194862926368,-212.59072534950184,False,0.0,0.0,False,1600,-1.0,0.6375769376754761,0.47736692428588867,0.9318997859954834,1.0,214.67665433883667,1.0,45.935625433921814,easy,0.0,0.0,0.006124600327927075,0.00627125616395367,0.6713120271200754,0.0,contact_alignment
107,-249.79148089941458,-2.273446454942969,-252.06492735435754,False,0.0,0.0,False,1600,-1.0,0.29836148023605347,0.4746604561805725,0.9341080188751221,1.0,214.4553542137146,1.0,45.86344212293625,easy,0.0,0.0,0.007340073509450343,0.007472165779872676,0.8340477678415501,0.0,contact_alignment
108,2467.3476995491887,499.2120090789912,2966.55970862818,True,0.0,0.0,False,188,-1.0,0.9814288020133972,0.4753710925579071,0.9301620721817017,1.0,234.10102367401123,1.0,45.91430902481079,easy,0.07875585514005619,0.07865488953339747,0.0006501669857884987,0.0007346688357523899,1.4546181934585547,0.0,success
109,-238.3255362002715,-2.258744665134566,-240.58428086540607,False,0.0,0.0,False,1600,-1.0,0.4811822175979614,0.47518032789230347,0.9330706596374512,1.0,214.8434042930603,1.0,45.82078844308853,easy,0.0,0.0,0.006983154951762403,0.007183957788426246,0.7556448256657919,0.0,contact_alignment
110,-249.01426965031644,-2.261992440316961,-251.2762620906334,False,0.0,0.0,False,1600,-1.0,0.5875920653343201,0.4707959294319153,0.9333546161651611,1.0,214.2103898525238,1.0,45.84672152996063,easy,0.0,0.0,0.0073584070870272005,0.007538695671424521,0.8031059490953202,0.0,contact_alignment
111,2763.266963934676,499.20798441566194,3262.474948350338,True,0.0,0.0,False,195,-1.0,0.1686609536409378,0.4736362397670746,0.9289497137069702,1.0,234.79371786117554,1.0,45.832349956035614,easy,0.07262374634630571,0.07257062153575239,0.0003994873451508583,0.0006375598110233776,0.9727722174956146,0.0,success
112,-268.3896882328491,-2.2550849390492935,-270.6447731718984,False,0.0,0.0,False,1600,-1.0,0.41648730635643005,0.4733920097351074,0.9348869323730469,1.0,213.7583363056183,1.0,45.919103026390076,easy,0.0,0.0,0.007772859332299934,0.007846633842844083,0.8493986787494628,0.0,contact_alignment
113,2713.336115802442,499.2233165206284,3212.5594323230703,True,0.0,0.0,False,194,-1.0,0.7296848893165588,0.4749225378036499,0.9307401180267334,1.0,234.7392451763153,1.0,45.76508790254593,easy,0.06978135230506344,0.06978073143578857,0.0005041120625773529,0.0007390309686115184,0.8561250904918161,0.0,success
114,4102.823832163796,499.16609791236283,4601.989930076159,True,0.0,0.0,False,241,-1.0,0.9886157512664795,0.47463059425354004,0.9288625717163086,1.0,234.61252450942993,1.0,45.79091250896454,easy,0.0447595809962182,0.044667776127004316,0.0005962809599139083,0.0007457825760864953,0.4336647756075681,0.0,success
115,-230.1866890156633,-2.2578924413562453,-232.44458145701952,False,0.0,0.0,False,1600,-1.0,0.5289725661277771,0.4694432318210602,0.932624101638794,1.0,214.03641819953918,1.0,45.835783779621124,easy,0.0,0.0,0.006777574785384131,0.006967804746451575,0.7431381992266006,0.0,contact_alignment
116,3426.0418069131597,499.1910546644601,3925.2328615776196,True,0.0,0.0,False,215,-1.0,0.8177630305290222,0.47661906480789185,0.934673547744751,1.0,235.26164054870605,1.0,45.77400416135788,easy,0.059120628033156486,0.05909677311846595,0.0006696343223204649,0.0009049484261688878,0.23271850151885592,0.0,success
117,3465.8026233679057,499.18491767797735,3964.987541045883,True,0.0,0.0,False,216,-1.0,0.9958136677742004,0.47775134444236755,0.9346486330032349,1.0,235.56851625442505,1.0,45.677936375141144,easy,0.058687757420597925,0.05865725408910569,0.0006710993238919357,0.0008969011820622622,0.20573632585841872,0.0,success
118,2348.653974047775,499.2208402586275,2847.8748143064026,True,0.0,0.0,False,184,-1.0,0.33578768372535706,0.47414901852607727,0.9330763816833496,1.0,234.01163578033447,1.0,45.82437664270401,easy,0.0729336132447658,0.0728449698234393,0.0007539951995772356,0.000992045828740177,1.1235024047424198,0.0,success
119,3836.5447261673344,499.18256369800724,4335.727289865342,True,0.0,0.0,False,229,-1.0,0.9795215725898743,0.4745509624481201,0.9346410632133484,1.0,235.0739073753357,1.0,45.83425462245941,easy,0.05126527985770456,0.051176474966876745,0.0006194722995420537,0.0007720389927692958,0.25779634171316174,0.0,success
120,-294.39883762002927,-2.208924802017231,-296.6077624220465,False,0.0,0.0,False,1600,-1.0,0.40417298674583435,0.4725492000579834,0.9372055530548096,1.0,214.0697681903839,1.0,45.792948603630066,easy,0.0,0.0,0.00860563311707973,0.008773748346737099,0.9442200395523236,0.0,contact_alignment
121,3998.338358821924,499.17361250061265,4497.511971322537,True,0.0,0.0,False,238,-1.0,1.0,0.47389137744903564,0.9325768351554871,1.0,234.38796997070312,1.0,45.79451322555542,easy,0.04600903358369046,0.045916831896860424,0.0006796516302937412,0.0007418519209443767,0.38479527143571185,0.0,success
122,-219.96966940181125,-2.2592503101356773,-222.22891971194693,False,0.0,0.0,False,1600,-1.0,0.5833774209022522,0.46954959630966187,0.9359956979751587,1.0,212.8977918624878,1.0,45.82798361778259,easy,0.0,0.0,0.006415232559368498,0.006483708937869751,0.7096012406137244,0.0,contact_alignment
123,-238.70584336695788,-2.2145692664208676,-240.92041263337876,False,0.0,0.0,False,1600,-1.0,0.7033520340919495,0.4692307710647583,0.9361256957054138,1.0,212.71348357200623,1.0,45.89601546525955,easy,0.0,0.0,0.00699325805664742,0.007096220550304304,0.7641207947938379,0.0,contact_alignment
124,3962.730320031897,499.1623618013618,4461.892681833258,True,1.9294229369328801,0.0,False,234,-1.0,0.30976805090904236,0.47361505031585693,0.9357459545135498,1.0,234.65752840042114,1.0,45.81544786691666,easy,0.049357683882169795,0.0490707769727802,0.000606965493431459,0.0006986340593300698,0.5511157771770914,0.00824539716637983,success
125,2484.9839173323057,499.21577761825915,2984.1996949505647,True,0.0,0.0,False,189,-1.0,0.6356832385063171,0.47508496046066284,0.9317335486412048,1.0,233.69574069976807,1.0,45.79017400741577,easy,0.07726381023738058,0.0772045418373734,0.0004906236739335308,0.0005216112003206389,1.367453575744437,0.0,success
126,-210.43688413050387,-2.2215809039251253,-212.65846503442899,False,0.0,0.0,False,1600,-1.0,0.5658876895904541,0.4680730402469635,0.9371252059936523,1.0,212.2264838218689,1.0,45.88698238134384,easy,0.0,0.0,0.006179985371259418,0.006303194980651706,0.6779673619307064,0.0,contact_alignment
127,-257.6609719011408,-2.2479829187046474,-259.9089548198454,False,0.0,0.0,False,1600,-1.0,0.5100676417350769,0.4668794870376587,0.9367983937263489,1.0,211.8646240234375,1.0,45.878616869449615,easy,0.0,0.0,0.0075088424710962,0.00761538260265379,0.8146154228388695,0.0,contact_alignment
128,4003.9993708252255,499.1761673412229,4503.175538166448,True,0.0,0.0,False,238,-1.0,0.9926248788833618,0.47130441665649414,0.9362255334854126,1.0,233.73470067977905,1.0,45.794997215270996,easy,0.04617209721603488,0.04608183912371454,0.0007136373309623574,0.0007436328619310174,0.37593101316092725,0.0,success
129,3366.050534442764,499.2001714533133,3865.2507058960773,True,0.0,0.0,False,214,-1.0,1.0,0.46974560618400574,0.9363017082214355,1.0,232.52811908721924,1.0,45.737377405166626,easy,0.05900129489773702,0.05897935066793486,0.0006510104109099915,0.000876530632340233,0.1755019183647121,0.0,success
130,1494.096667153332,499.25039357527396,1993.3470607286058,True,0.0,0.0,False,162,-1.0,0.07808773219585419,0.4708837866783142,0.9338997602462769,1.0,233.16582918167114,1.0,45.801247358322144,easy,0.07150451787066989,0.07137490262407567,0.0006599285901240559,0.000825767657377154,1.4751427916832953,0.0,success
131,-217.2265390945964,-2.2388482647827663,-219.46538735937918,False,0.0,0.0,False,1600,-1.0,0.3443186283111572,0.468947172164917,0.9375256299972534,1.0,212.34596729278564,1.0,45.97141772508621,easy,0.0,0.0,0.006471978817089318,0.006655406091369812,0.7193548304115904,0.0,contact_alignment
132,-238.39449896928733,-2.2242099487225335,-240.61870891800987,False,0.0,0.0,False,1600,-1.0,0.28318580985069275,0.4689522981643677,0.9353420734405518,1.0,211.53685808181763,1.0,45.8035734295845,easy,0.0,0.0,0.006932770237316468,0.007024025763929714,0.7694317505343649,0.0,contact_alignment
133,2371.1262059089613,499.22875839737566,2870.354964306337,True,0.0,0.0,False,185,-1.0,0.8274192810058594,0.47371459007263184,0.933221697807312,1.0,233.20184469223022,1.0,45.88472306728363,easy,0.07233706512191174,0.07231388901450975,0.0008146906988614974,0.0009713232327370361,1.1004135216432798,0.0,success
134,-261.97067657938874,-2.241921023879942,-264.2125976032687,False,0.0,0.0,False,1600,-1.0,0.5568093061447144,0.46845564246177673,0.9350065588951111,1.0,212.05658793449402,1.0,45.83098143339157,easy,0.0,0.0,0.007652366800280177,0.007768532742904772,0.8262073867750946,0.0,contact_alignment
135,-272.9880026195377,-2.2014416340092637,-275.189444253547,False,0.0,0.0,False,1600,-1.0,0.496595174074173,0.46764305233955383,0.9361334443092346,1.0,212.84015774726868,1.0,45.867184698581696,easy,0.0,0.0,0.007920529812592593,0.008053194869647352,0.8442156512049734,0.0,contact_alignment
136,1545.4464939826923,499.25188275615034,2044.6983767388426,True,0.0,0.0,False,164,-1.0,0.499369740486145,0.47013378143310547,0.936022937297821,1.0,233.50228905677795,1.0,45.71690380573273,easy,0.07413465588806169,0.0740247826894172,0.0008801751476180861,0.0009812560149230916,1.6533427510804453,0.0,success
137,4143.443513617037,499.16323355267843,4642.606747169715,True,0.0,0.0,False,241,-1.0,0.9858694076538086,0.4735467731952667,0.9372439980506897,1.0,234.3729841709137,1.0,45.78092187643051,easy,0.04559347086721296,0.04532608744360386,0.0006071696557113074,0.0006429493742153686,0.6584358351259377,0.0,success
138,-240.6958626906918,-2.2017675904914182,-242.8976302811832,False,0.0,0.0,False,1600,-1.0,0.6634712815284729,0.47010090947151184,0.9375751614570618,1.0,213.34981441497803,1.0,45.79339921474457,easy,0.0,0.0,0.007073312462191642,0.007243012736992368,0.7620076539996586,0.0,contact_alignment
139,1492.8009344953273,499.24847345782194,1992.0494079531493,True,0.0,0.0,False,162,-1.0,0.20512814819812775,0.472024142742157,0.9322935938835144,1.0,233.92351865768433,1.0,45.76294958591461,easy,0.0719389953515823,0.07178066550631179,0.0007056483761485598,0.0009027192270700491,1.5735727551916427,0.0,success
140,2291.8161096550257,499.2299576018002,2791.046067256826,True,0.0,0.0,False,183,-1.0,0.684842586517334,0.46834421157836914,0.935014545917511,1.0,234.1534972190857,1.0,45.67673474550247,easy,0.07714282605465649,0.0770330093508027,0.0007693770326022179,0.0007964189182509522,1.5535852232200478,0.0,success
141,-283.6511009753107,-2.2576877848163592,-285.9087887601271,False,0.0,0.0,False,1600,-1.0,0.18513576686382294,0.46978479623794556,0.937197208404541,1.0,212.9153347015381,1.0,45.84386765956879,easy,0.0,0.0,0.008246060073238772,0.008418859073965721,0.898727412562366,0.0,contact_alignment
142,3184.824037747654,499.20305040288736,3684.027088150541,True,0.0,0.0,False,207,-1.0,0.9673460125923157,0.46854498982429504,0.9358338117599487,1.0,234.67511773109436,1.0,45.75676202774048,easy,0.06569727307325397,0.06556282077785941,0.0007553930482571791,0.000885570696343078,0.5374652246433187,0.0,success
143,2998.9651086422614,499.20830916439814,3498.1734178066595,True,0.0,0.0,False,203,-1.0,0.9710845947265625,0.4699251651763916,0.9357252717018127,1.0,235.1691997051239,1.0,45.671972036361694,easy,0.06577644463297073,0.06574916723375177,0.0007677750210742093,0.0008674061354272621,0.6150820467320759,0.0,success
144,-232.34193989344314,-2.2152574377390977,-234.55719733118224,False,0.0,0.0,False,1600,-1.0,0.6707475185394287,0.46838194131851196,0.9371072053909302,1.0,211.86411261558533,1.0,45.978575348854065,easy,0.0,0.0,0.006834471939656492,0.006979455266073604,0.7520959140257735,0.0,contact_alignment
145,-311.51087144382655,-2.1977742620924645,-313.708645705919,False,0.0,0.0,False,1600,-1.0,0.7178032994270325,0.4693632125854492,0.9371813535690308,1.0,211.90900802612305,1.0,45.81206411123276,easy,0.0,0.0,0.009012971709280724,0.00919134979597712,0.96960741617797,0.0,contact_alignment
146,2411.2802924221505,495.97224673242084,2907.2525391545714,True,40.28345568192621,0.0,False,187,-1.0,0.569920539855957,0.47045499086380005,0.940497636795044,1.0,234.62188482284546,1.0,45.683965384960175,easy,0.07807981748328696,0.07800228257943212,0.0005066924850968658,0.0005322264834010676,1.4845072704693887,0.2154195491012097,success
147,2617.5117778087824,499.2121686833315,3116.723946492114,True,0.0,0.0,False,193,-1.0,0.6413937211036682,0.4698374271392822,0.9374284744262695,1.0,234.55746293067932,1.0,45.74183136224747,easy,0.07552359656743321,0.07543660522345563,0.000524693451172308,0.0006010742853164437,1.230615772101718,0.0,success
148,3061.1975634732066,499.20409306287684,3560.4016565360835,True,0.0,0.0,False,204,-1.0,0.978278398513794,0.4725833833217621,0.9386674165725708,1.0,234.5501172542572,1.0,45.66584914922714,easy,0.06646980459216523,0.06643216252022532,0.0008549095687708681,0.0008762346470574294,0.5806863477150628,0.0,success
149,-283.75860380723486,-2.2062997484372744,-285.96490355567215,False,0.0,0.0,False,1600,-1.0,0.4126596748828888,0.4686427414417267,0.9392154812812805,1.0,211.31752610206604,1.0,45.74025213718414,easy,0.0,0.0,0.008303480888901291,0.008470699509533426,0.8949175116897898,0.0,contact_alignment
150,-222.70776866631414,-2.220940413333207,-224.92870907964735,False,0.0,0.0,False,1600,-1.0,0.30346035957336426,0.467416912317276,0.9370136260986328,1.0,210.85921168327332,1.0,45.749831795692444,easy,0.0,0.0,0.006583602907249804,0.0066699642222922285,0.7262235846800384,0.0,contact_alignment
151,-268.9083945876306,-2.2055105009407887,-271.11390508857136,False,0.0,0.0,False,1600,-1.0,0.472429484128952,0.4681439697742462,0.9381226897239685,1.0,211.7048478126526,1.0,45.731050074100494,easy,0.0,0.0,0.007910752027856665,0.00800189646301091,0.8592450086891618,0.0,contact_alignment
152,2968.110068804565,499.2171839086515,3467.3272527132162,True,0.0,0.0,False,201,-1.0,0.9882671236991882,0.4704206585884094,0.9343392252922058,1.0,234.9547803401947,1.0,45.7254633307457,easy,0.06901153007280929,0.06890949952654649,0.00040515087060980035,0.0006049201639842473,0.7795008091175499,0.0,success
153,2794.761549066844,499.21887623049497,3293.980425297339,True,0.0,0.0,False,197,-1.0,0.9657779932022095,0.4694218933582306,0.9358486533164978,1.0,234.31085586547852,1.0,45.80967128276825,easy,0.06746515460717326,0.06741518764599294,0.0005289585339343179,0.0007163121889454883,0.8086706316280583,0.0,success
154,-265.4446237908596,-2.233047502951301,-267.67767129381093,False,0.0,0.0,False,1600,-1.0,0.44191935658454895,0.4680154323577881,0.9382510781288147,1.0,212.36970901489258,1.0,45.764610171318054,easy,0.0,0.0,0.007774528006299823,0.00790696621245276,0.824395304922256,0.0,contact_alignment
155,3185.6854495323155,495.87645338076703,3681.5619029130826,True,40.80550447979071,0.0,False,208,-1.0,1.0,0.46872904896736145,0.9350283145904541,1.0,236.28496766090393,1.0,45.59530347585678,easy,0.06336391267800852,0.06320065436647242,0.0006458381402595513,0.0008147453229677691,0.43997853954562083,0.1961803099989938,success
156,2597.1783942114103,497.36325298176473,3094.541647193175,True,30.491166860238526,0.0,False,191,-1.0,0.9554585218429565,0.4689364433288574,0.9356992244720459,1.0,235.87773203849792,1.0,45.53200721740723,easy,0.07511283208581175,0.07508724647602685,0.0003304799237241953,0.00043444714493366085,1.1577882806675113,0.15963961706931165,success
157,2750.621813080735,499.2213115215761,3249.843124602311,True,0.0,0.0,False,195,-1.0,0.5804628729820251,0.466551810503006,0.9348918199539185,1.0,235.26444554328918,1.0,45.68898260593414,easy,0.07248959554492201,0.0724561154945985,0.00046475925249816726,0.000724620849755521,0.8913844350749228,0.0,success
158,2891.4523889852503,499.2131462886472,3390.6655352738976,True,0.0,0.0,False,200,-1.0,0.6394466757774353,0.4695448577404022,0.9356659650802612,1.0,235.640686750412,1.0,45.607701539993286,easy,0.0665571302047456,0.06648475180806254,0.0005428719660576897,0.0008070525012697555,0.6360778464454226,0.0,success
159,3144.106299224927,499.20774814170693,3643.314047366634,True,0.0,0.0,False,211,-1.0,0.9895018935203552,0.46524786949157715,0.9346852898597717,1.0,235.98918795585632,1.0,45.819787085056305,easy,0.06471877623068556,0.06467945249777066,0.0008152961646787325,0.0009083461093173773,0.37595401969186565,0.0,success
160,-238.54173559835039,-2.206975459816776,-240.74871105816717,False,0.0,0.0,False,1600,-1.0,0.3705504834651947,0.4659213423728943,0.936286985874176,1.0,210.91476917266846,1.0,45.75343668460846,easy,0.0,0.0,0.006992202695485559,0.007126335648668552,0.7792950210110265,0.0,contact_alignment
161,3401.4050263302715,492.68440053891163,3894.089426869183,True,57.05127019768358,0.0,False,215,-1.0,0.9892572164535522,0.4630294144153595,0.9385379552841187,1.0,235.32339692115784,1.0,45.77691435813904,easy,0.06199897492542416,0.06175028721950504,0.0007092114566323162,0.0008389005693366384,0.2643744018032999,0.265354745105505,success
162,3677.7454227451703,484.2349519633317,4161.9803747085025,True,76.20132802119737,0.0,False,224,-1.0,0.9765605330467224,0.46594783663749695,0.9356202483177185,1.0,236.8645167350769,1.0,45.759242475032806,easy,0.055771549873935955,0.055475658746594186,0.0006607984572407331,0.0007579372066444792,0.31753441750058997,0.5447791906266105,success
163,2835.6491040357023,499.22317514825545,3334.8722791839577,True,0.0,0.0,False,198,-1.0,0.9727314710617065,0.46630507707595825,0.9361346960067749,1.0,235.77744960784912,1.0,45.64055234193802,easy,0.06895208870576541,0.06888765935978887,0.0005406277091008258,0.0006918199802138621,0.7088416995490655,0.0,success
164,-288.85255744056417,-2.17662216027309,-291.02917960083727,False,0.0,0.0,False,1600,-1.0,0.5139987468719482,0.46591639518737793,0.9379048347473145,1.0,210.0927197933197,1.0,45.843081176280975,easy,0.0,0.0,0.008430484251929788,0.00847668562268242,0.9211968511569327,0.0,contact_alignment
165,2969.7206056791215,499.2166722940579,3468.9372779731793,True,0.0,0.0,False,201,-1.0,0.9563984870910645,0.4630487561225891,0.9365754723548889,1.0,236.29456043243408,1.0,45.82818388938904,easy,0.07015773549168733,0.07008682080849396,0.0006549718611482283,0.0006587823844699899,0.6436251862501139,0.0,success
166,3396.028699956397,499.2109169918686,3895.2396169482654,True,0.0,0.0,False,215,-1.0,0.9949988126754761,0.46730706095695496,0.9354459047317505,1.0,236.9084668159485,1.0,45.80019801855087,easy,0.05902420155043536,0.058959721018867234,0.0007378430912957177,0.0009113632673485166,0.11949619800560905,0.0,success
167,-309.31023873191606,-2.160167419445787,-311.47040615136183,False,0.0,0.0,False,1600,-1.0,0.919762909412384,0.4641002416610718,0.9401681423187256,1.0,210.94181180000305,1.0,45.75592964887619,medium,0.0,0.0,0.008999743627197559,0.00917112235279316,0.9868112421479462,0.0,contact_alignment
168,3832.9897680144763,499.16925888400436,4332.159026898481,True,0.0,0.0,False,252,-1.0,1.0,0.4653233289718628,0.938648521900177,1.0,236.68863892555237,1.0,45.63079744577408,medium,0.04776226745176069,0.04767564775883702,0.0008631694543666381,0.0008969874382278956,0.26228801718252354,0.0,success
169,4560.876467462551,499.12662172792426,5060.003089190475,True,0.0,0.0,False,294,-1.0,0.2791363596916199,0.467726469039917,0.9379834532737732,1.0,235.88430285453796,1.0,45.609474778175354,medium,0.03679396951342566,0.03667448582442165,0.00014443359414324336,0.00014877193703179196,0.6110460438099948,0.0,success
170,4336.36101503601,499.14363863521373,4835.504653671223,True,0.0,0.0,False,288,-1.0,0.6891795992851257,0.46623703837394714,0.9382505416870117,1.0,235.90190768241882,1.0,45.6717112660408,medium,0.03927065046641404,0.039122351910083925,0.00038054465801585103,0.0003973225044025059,0.5247211910010071,0.0,success
171,-331.4748522463668,-2.1735086416706073,-333.6483608880374,False,0.0,0.0,False,1600,-1.0,1.0,0.46890005469322205,0.9393816590309143,1.0,211.0858428478241,1.0,45.76161861419678,medium,0.0,0.0,0.00955477119164077,0.009689286628791106,0.9932069375357936,0.0,contact_alignment
172,-371.3919925761172,-2.1503572702308835,-373.5423498463481,False,0.0,0.0,False,1600,-1.0,1.0,0.46563103795051575,0.9394087195396423,1.0,210.92580318450928,1.0,45.7285675406456,medium,0.0,0.0,0.010538780888969975,0.010551480594625304,1.1000765774614292,0.0,contact_alignment
173,4525.741693698855,499.13098230648205,5024.872676005337,True,0.0,0.0,False,289,-1.0,1.0,0.4695110321044922,0.9380391836166382,1.0,235.85983276367188,1.0,45.6414932012558,medium,0.03690080546406682,0.036787739458708,0.0001340963429369339,0.00013546063507718022,0.638040164918885,0.0,success
174,-209.18049673544624,-2.166824514999398,-211.34732125044565,False,0.0,0.0,False,1600,-1.0,0.4406498968601227,0.4676342308521271,0.9373031258583069,1.0,210.69647550582886,1.0,45.649967193603516,medium,0.0,0.0,0.006124788909201745,0.006354697929327016,0.6768363598590229,0.0,contact_alignment
175,-250.33841964049535,-2.160158083274954,-252.4985777237703,False,0.0,0.0,False,1600,-1.0,0.2920139729976654,0.4681951105594635,0.9402748942375183,1.0,211.27963542938232,1.0,45.599893033504486,medium,0.0,0.0,0.00725219122990715,0.00730501153699069,0.770402714908282,0.0,contact_alignment
176,4357.334005107859,499.1185453871827,4856.4525504950425,True,0.0,0.0,False,291,-1.0,1.0,0.4691205620765686,0.937953770160675,1.0,236.29549026489258,1.0,45.665438175201416,medium,0.03866543039180577,0.03852984373813585,0.00043349106669320086,0.00044220654560654795,0.585527683208474,0.0,success
177,4456.932772860157,499.1319689210536,4956.064741781211,True,0.0,0.0,False,283,-1.0,0.26029831171035767,0.4680154025554657,0.937073826789856,1.0,236.16080403327942,1.0,45.59021532535553,medium,0.03852239286897397,0.038399667092272355,0.0003017524158442038,0.000398524763910117,0.5176238247505536,0.0,success
178,-270.65250609890427,-2.190620461026345,-272.8431265599306,False,0.0,0.0,False,1600,-1.0,0.42852646112442017,0.46496349573135376,0.9365072250366211,1.0,211.30735993385315,1.0,45.62227964401245,medium,0.0,0.0,0.007827167952028221,0.007838063027540665,0.8648190841738066,0.0,contact_alignment
179,-259.80632282334784,-2.151758246774756,-261.9580810701226,False,0.0,0.0,False,1600,-1.0,0.5291998386383057,0.4657113552093506,0.9370251893997192,1.0,211.69939279556274,1.0,45.69916516542435,medium,0.0,0.0,0.007546913782653451,0.0077041430933384985,0.8288226622284032,0.0,contact_alignment
180,-280.7768454788345,-2.1731819546713362,-282.95002743350585,False,0.0,0.0,False,1600,-1.0,0.3645741045475006,0.4650634229183197,0.9372323751449585,1.0,210.17183303833008,1.0,45.58039993047714,medium,0.0,0.0,0.008029727386059546,0.00803887658687445,0.865229230116716,0.0,contact_alignment
181,4415.582513602348,499.14642918208045,4914.728942784428,True,0.0,0.0,False,276,-1.0,0.9822355508804321,0.46816182136535645,0.9381390810012817,1.0,236.308833360672,1.0,45.42003661394119,medium,0.03897590344946916,0.038856622718565714,0.0003115104498424467,0.0003441014735630699,0.5397974967822585,0.0,success
182,-250.27221583232966,-2.1842484478397,-252.45646428016937,False,0.0,0.0,False,1600,-1.0,0.8281375765800476,0.4656767249107361,0.9372040629386902,1.0,210.69305062294006,1.0,45.55794447660446,medium,0.0,0.0,0.00729810034265229,0.007588876224747225,0.785992158545603,0.0,contact_alignment
183,-197.07941756065998,-2.182184933062675,-199.26160249372265,False,0.0,0.0,False,1600,-1.0,0.20009814202785492,0.46609386801719666,0.937926173210144,1.0,211.35523080825806,1.0,45.63745230436325,medium,0.0,0.0,0.005756861356069254,0.0059572926048380125,0.6292757832416424,0.0,contact_alignment
184,4582.404594410495,499.1174831544564,5081.522077564951,True,0.0,0.0,False,293,-1.0,0.6221135854721069,0.46706730127334595,0.936886727809906,1.0,236.8473768234253,1.0,45.4602974653244,medium,0.0364711167111985,0.03634570066420488,0.00011695760117769649,0.00012567518255007277,0.641212984194313,0.0,success
185,-275.00670645994126,-2.1742840506055963,-277.18099051054685,False,0.0,0.0,False,1600,-1.0,0.9785024523735046,0.4664044976234436,0.9358990788459778,1.0,210.8903455734253,1.0,45.71345955133438,medium,0.0,0.0,0.007964435405840999,0.008126969920562594,0.8431679830211024,0.0,contact_alignment
186,-311.39053988391873,-2.1857743747929756,-313.5763142587117,False,0.0,0.0,False,1600,-1.0,0.9976621866226196,0.46494948863983154,0.9363877773284912,1.0,210.38527607917786,1.0,45.50722777843475,medium,0.0,0.0,0.008812833397511025,0.008822332179263927,0.9426987545618752,0.0,contact_alignment
187,-274.6982214207551,-2.1988594903005954,-276.8970809110557,False,0.0,0.0,False,1600,-1.0,0.4869299829006195,0.4675484001636505,0.936087965965271,1.0,211.94790601730347,1.0,45.555368065834045,medium,0.0,0.0,0.007966457684543175,0.007971132335139033,0.8612830681956979,0.0,contact_alignment
188,4516.965235075865,499.11619766631054,5016.081432742176,True,0.0,0.0,False,296,-1.0,0.48795509338378906,0.46526944637298584,0.93696129322052,1.0,237.6061201095581,1.0,45.465114414691925,medium,0.036943687458736565,0.03686161571660289,0.00012489684708342428,0.00017285399903604193,0.5923395399723813,0.0,success
189,2933.518942378354,499.2173156432956,3432.7362580216495,True,0.0,0.0,False,201,-1.0,0.19511161744594574,0.46800073981285095,0.9365907311439514,1.0,236.76992177963257,1.0,45.48368752002716,medium,0.0666350494025783,0.06651802860051037,0.0006875681883626475,0.0008776047242688882,0.5898782232363945,0.0,success
190,3244.7852010855836,499.18247600640905,3743.9676770919928,True,0.0,0.0,False,229,-1.0,0.23624706268310547,0.466470330953598,0.9355731010437012,1.0,237.01358437538147,1.0,45.54080665111542,medium,0.06327253130175367,0.06312470325914835,0.000510114878272539,0.0005155402143760859,0.2869527284142264,0.0,success
191,-327.2699761998251,-2.216913549774861,-329.4868897496,False,0.0,0.0,False,1600,-1.0,0.9056757092475891,0.46697068214416504,0.9358288049697876,1.0,211.23133063316345,1.0,45.6496125459671,medium,0.0,0.0,0.00937728807722895,0.009406284406772695,1.0139551694197808,0.0,contact_alignment
192,-235.12405787479358,-2.2038676485726403,-237.32792552336622,False,0.0,0.0,False,1600,-1.0,0.9751863479614258,0.4669076204299927,0.9364239573478699,1.0,211.32197380065918,1.0,45.584641098976135,medium,0.0,0.0,0.006820154295424923,0.006935836101081573,0.73810799852548,0.0,contact_alignment
193,-267.4722653095674,-2.209777779646472,-269.68204308921383,False,0.0,0.0,False,1600,-1.0,0.5193970203399658,0.4680296778678894,0.9383217692375183,1.0,211.88517332077026,1.0,45.70246547460556,medium,0.0,0.0,0.007798459811111242,0.008028484335363675,0.8424649870139919,0.0,contact_alignment
194,3108.6042700744724,499.1978602291697,3607.802130303642,True,0.0,0.0,False,211,-1.0,0.9769198298454285,0.4671846628189087,0.9349879026412964,1.0,236.67331218719482,1.0,45.62101751565933,medium,0.06468227582024813,0.06463592058799672,0.0007951779020406108,0.0009148205586824194,0.41837232276287406,0.0,success
195,-287.41026441065645,-2.2161653888203867,-289.62642979947685,False,0.0,0.0,False,1600,-1.0,0.9684425592422485,0.4688992500305176,0.9362526535987854,1.0,211.99605584144592,1.0,45.560245513916016,medium,0.0,0.0,0.008249988512496989,0.00831646468525937,0.8884957034056695,0.0,contact_alignment
196,4434.974298431256,499.12993472689277,4934.104233158148,True,0.0,0.0,False,283,-1.0,0.9838576316833496,0.4698253870010376,0.9371523261070251,1.0,237.3065435886383,1.0,45.5558979511261,medium,0.03836180220362756,0.038255284425711494,0.0003882912575031951,0.00042129169166642977,0.6155479077347299,0.0,success
197,3176.764216674457,492.4057443845001,3669.169961058957,True,58.33302331924046,0.0,False,207,-1.0,0.9845602512359619,0.4703196883201599,0.9372931718826294,1.0,236.55900478363037,1.0,45.447571873664856,medium,0.065212226526166,0.06496232477450076,0.000630347439794776,0.0007393790294525272,0.5012023414565581,0.28180204502048534,success
198,-226.9344524000726,-2.2524715537138666,-229.18692395378645,False,0.0,0.0,False,1600,-1.0,0.3534126877784729,0.46887487173080444,0.9385920166969299,1.0,212.34089970588684,1.0,45.664082169532776,medium,0.0,0.0,0.006608231462512864,0.006616042856692604,0.7196866049333535,0.0,contact_alignment
199,4433.252878160599,499.13065112306623,4932.383529283665,True,0.0,0.0,False,283,-1.0,0.2917047441005707,0.46941670775413513,0.9359511137008667,1.0,235.86426496505737,1.0,45.54024130105972,medium,0.03866457537142449,0.03856035611859526,0.00031912892064039233,0.00044461146954049224,0.509166729945657,0.0,success
200,3979.473113097295,499.1573103872311,4478.630423484527,True,0.0,0.0,False,248,-1.0,0.9876689910888672,0.47053539752960205,0.9369774460792542,1.0,236.25924229621887,1.0,45.488168597221375,medium,0.04816030294788394,0.04807789628104803,0.0008092215827969248,0.000887923552353186,0.345735128080353,0.0,success
201,4377.560510756491,499.1242229584012,4876.684733714892,True,0.0,0.0,False,293,-1.0,0.989205002784729,0.473870187997818,0.935445249080658,1.0,235.88902950286865,1.0,45.59486538171768,medium,0.03818263981717143,0.03809355191011826,0.0004235829707597385,0.00044996236537085026,0.559966544427151,0.0,success
202,-340.33606394576503,-2.235475241306502,-342.57153918707155,False,0.0,0.0,False,1600,-1.0,1.0,0.47187355160713196,0.934643566608429,1.0,213.3517360687256,1.0,45.647664070129395,medium,0.0,0.0,0.009823201623000596,0.009972232220719439,1.043722735550187,0.0,contact_alignment
203,-248.57771315244105,-2.2385419321367808,-250.81625508457782,False,0.0,0.0,False,1600,-1.0,0.9978089928627014,0.47028347849845886,0.9364652633666992,1.0,213.24657201766968,1.0,45.54974168539047,medium,0.0,0.0,0.007212270170518276,0.007373811520365502,0.7639836388779712,0.0,contact_alignment
204,-330.26915908818614,-2.259618503098876,-332.528777591285,False,0.0,0.0,False,1600,-1.0,0.9536751508712769,0.4700259864330292,0.9340271949768066,1.0,213.36834907531738,1.0,45.67174881696701,medium,0.0,0.0,0.0094350028583234,0.009446744916337098,1.0053200035110823,0.0,contact_alignment
205,2269.346676798705,499.22844336118294,2768.5751201598882,True,0.0,0.0,False,182,-1.0,0.9723402857780457,0.46939563751220703,0.9316908717155457,1.0,236.55652523040771,1.0,45.47746241092682,medium,0.07326939781944616,0.07315427168245939,0.0008381509630848121,0.0009058024686519287,1.2778864608239295,0.0,success
206,-259.4156556494313,-2.2460287243579407,-261.6616843737892,False,0.0,0.0,False,1600,-1.0,0.22251513600349426,0.4708147346973419,0.9337074756622314,1.0,212.1034049987793,1.0,45.715199410915375,medium,0.0,0.0,0.007605726836587336,0.007836736335562696,0.8246142527417305,0.0,contact_alignment
207,4760.474445150779,496.59457497773224,5257.069020128511,True,35.50030165877302,0.0,False,289,-1.0,0.17693720757961273,0.46859535574913025,0.9345313906669617,1.0,236.80683612823486,1.0,45.63903570175171,medium,0.03581537626762825,0.03577341163424852,0.0007129475564151822,0.0007415442393122037,0.6126979730640847,0.12283841404419729,success
208,-332.36157154776413,-2.2525988096496503,-334.6141703574138,False,0.0,0.0,False,1600,-1.0,0.9802904725074768,0.46878236532211304,0.9329423904418945,1.0,212.421795129776,1.0,45.6817165017128,medium,0.0,0.0,0.009584326094897013,0.00975115799658735,1.003389283966326,0.0,contact_alignment
209,1706.0869137724792,499.2410270132014,2205.3279407856808,True,0.0,0.0,False,168,-1.0,0.354276180267334,0.4743725061416626,0.9372903108596802,1.0,236.16209030151367,1.0,45.76370686292648,medium,0.07521834065272676,0.07495752572216705,0.0008252646719164609,0.0008430418905181785,1.7911191281601466,0.0,success
210,-209.91977779806066,-2.2487620197209317,-212.1685398177816,False,0.0,0.0,False,1600,-1.0,0.45600640773773193,0.46911340951919556,0.9338254928588867,1.0,213.36886048316956,1.0,45.848090052604675,medium,0.0,0.0,0.006146019295564617,0.006305460640166728,0.6811757770226794,0.0,contact_alignment
211,-227.58759309376873,-2.28777869001946,-229.87537178378818,False,0.0,0.0,False,1600,-1.0,0.5732987523078918,0.4693353772163391,0.9329680800437927,1.0,212.42349982261658,1.0,45.748263001441956,medium,0.0,0.0,0.006633986288283299,0.006644848749065594,0.697757308017502,0.0,contact_alignment
212,3167.9397816006617,499.1818376537292,3667.1216192543907,True,0.0,0.0,False,228,-1.0,0.7891235947608948,0.4727810025215149,0.9344377517700195,1.0,234.97249364852905,1.0,45.78435152769089,medium,0.06343529467843621,0.06335121395694907,0.0005984989446067327,0.0006950045849271927,0.37117412434968644,0.0,success
213,-229.99905506870223,-2.304937903694065,-232.3039929723963,False,0.0,0.0,False,1600,-1.0,0.9620857834815979,0.46995121240615845,0.9363888502120972,1.0,212.633455991745,1.0,45.69513887166977,medium,0.0,0.0,0.0067361223759510435,0.0069105828367169424,0.7149458538578056,0.0,contact_alignment
214,-287.568380954575,-2.300803888940399,-289.86918484351537,False,0.0,0.0,False,1600,-1.0,0.3481590151786804,0.4680815637111664,0.9336196780204773,1.0,213.43289494514465,1.0,45.66788733005524,medium,0.0,0.0,0.008387278796724768,0.008394364985981187,0.8923512400003335,0.0,contact_alignment
215,3809.880327634409,499.16030120295375,4309.040628837362,True,0.0,0.0,False,250,-1.0,1.0,0.47260233759880066,0.933534562587738,1.0,236.4196538925171,1.0,45.80704689025879,medium,0.0487203059872047,0.04856327804417987,0.000805396594627274,0.0008055794215336841,0.23508118002324138,0.0,success
216,-300.54338072738153,-2.2708094702455366,-302.81419019762706,False,0.0,0.0,False,1600,-1.0,0.9953046441078186,0.47463294863700867,0.9316003918647766,1.0,213.33282947540283,1.0,45.849270820617676,medium,0.0,0.0,0.0088176133232666,0.00895555967306146,0.9154446556698116,0.0,contact_alignment
217,3197.1578127329913,499.16264359291455,3696.320456325906,True,0.0,0.0,False,242,-1.0,1.0,0.47025519609451294,0.9342086911201477,1.0,235.7912266254425,1.0,45.72923928499222,medium,0.059729102210721814,0.05951326618451269,0.0008126870939371468,0.0008129316575402682,0.2817901910605143,0.0,success
218,-328.59211321694283,-2.271799545901609,-330.86391276284445,False,0.0,0.0,False,1600,-1.0,1.0,0.4675678610801697,0.9318815469741821,1.0,213.6495304107666,1.0,45.7360714673996,medium,0.0,0.0,0.009408735443945937,0.009505017705372595,0.9607259529652249,0.0,contact_alignment
219,-363.6809487453695,-2.303901143149189,-365.9848498885187,False,0.0,0.0,False,1600,-1.0,0.9982225298881531,0.47224298119544983,0.9324834942817688,1.0,213.52494835853577,1.0,45.74790835380554,medium,0.0,0.0,0.01045334632070477,0.01050925599458442,1.058624919237542,0.0,contact_alignment
220,3154.8265005744543,499.1741508696524,3654.0006514441066,True,0.600774190789332,0.0,False,227,-1.0,0.6871028542518616,0.4706037938594818,0.9325640797615051,1.0,235.10006666183472,1.0,45.738449692726135,medium,0.06409899063721712,0.0640743722005045,0.0004957609322012691,0.0006397691161813947,0.5435894018512482,0.0026465823382789957,success
221,-298.28530322223264,-2.2851109467769586,-300.5704141690096,False,0.0,0.0,False,1600,-1.0,0.9620183110237122,0.47181034088134766,0.9337753653526306,1.0,213.6926281452179,1.0,45.7575860619545,medium,0.0,0.0,0.008740752171993061,0.008822135447244804,0.8857586953544164,0.0,contact_alignment
222,-223.11294524267078,-2.2510616726328414,-225.3640069153036,False,0.0,0.0,False,1600,-1.0,0.6224672794342041,0.4745176434516907,0.9322383403778076,1.0,213.84609699249268,1.0,45.81174284219742,medium,0.0,0.0,0.006677633280109236,0.006768007364475535,0.6947156730122245,0.0,contact_alignment
223,4452.292469394129,499.1112973771647,4951.403766771294,True,0.0,0.0,False,283,-1.0,0.2707214057445526,0.47137898206710815,0.9345256090164185,1.0,236.06895208358765,1.0,45.805759727954865,medium,0.03842512901591275,0.03834843968472115,0.0002963212593218455,0.0003517413040947152,0.620450523340959,0.0,success
224,-271.1804615862041,-2.2747439513896324,-273.4552055375937,False,0.0,0.0,False,1600,-1.0,0.9543796181678772,0.46922776103019714,0.9315522909164429,1.0,213.33383679389954,1.0,45.775253772735596,medium,0.0,0.0,0.007882055393680441,0.007986876167315091,0.8103011512588756,0.0,contact_alignment
225,4506.675890327296,499.1273965767682,5005.8032869040635,True,0.0,0.0,False,296,-1.0,0.9801144599914551,0.4705464839935303,0.933891236782074,1.0,236.1843752861023,1.0,45.79825580120087,medium,0.037951450700888706,0.037873318756889734,0.0004123270447282087,0.0004481053420658271,0.5852726012877505,0.0,success
226,-248.38093749803625,-2.2805570728342994,-250.66149457087056,False,0.0,0.0,False,1600,-1.0,0.7062433958053589,0.47117847204208374,0.9310833811759949,1.0,213.3165729045868,1.0,45.741024017333984,medium,0.0,0.0,0.007375130274329046,0.007632554571481289,0.7868594921299753,0.0,contact_alignment
227,4462.278309412492,499.1076875037444,4961.385996916236,True,0.0,0.0,False,293,-1.0,0.9947770833969116,0.4683905839920044,0.9342843890190125,1.0,235.09165167808533,1.0,45.880171060562134,medium,0.03783564169953421,0.03770606197253257,0.0001588683791885433,0.00018511344383232282,0.6522548231325396,0.0,success
228,3209.7497430028443,498.61017244059946,3708.3599154434437,True,16.476654155327285,0.0,False,242,-1.0,1.0,0.4684436023235321,0.9340186715126038,1.0,236.39564871788025,1.0,45.808311104774475,medium,0.0600586197531131,0.05989332335360606,0.00043029935416353447,0.0004519358111414632,0.25318332275998545,0.0680853477492863,success
229,3915.2106107222344,499.1628293769942,4414.373440099229,True,0.0,0.0,False,254,-1.0,0.9801665544509888,0.4675717353820801,0.936225175857544,1.0,235.68108797073364,1.0,45.81530809402466,medium,0.046866930423403126,0.04680478670472091,0.0008596053800359613,0.0009185379074934607,0.2886459911870955,0.0,success
230,-345.84586502774107,-2.276480793146742,-348.1223458208878,False,0.0,0.0,False,1600,-1.0,0.9860867857933044,0.47187504172325134,0.9329084157943726,1.0,213.21911096572876,1.0,45.69751292467117,medium,0.0,0.0,0.010013805473193475,0.010174421651791115,0.9969225416023376,0.0,contact_alignment
231,4308.381707927827,499.1290528606932,4807.51076078852,True,0.0,0.0,False,284,-1.0,1.0,0.46859169006347656,0.9350382685661316,1.0,235.2999496459961,1.0,45.85897982120514,medium,0.040054810510601016,0.0399593558320937,0.0003838107407067953,0.00038882763776639743,0.5289808821933827,0.0,success
232,2881.5723710687057,499.22269283311005,3380.795063901816,True,0.0,0.0,False,199,-1.0,0.5134460926055908,0.4685715436935425,0.9345544576644897,1.0,235.22159576416016,1.0,45.9012433886528,medium,0.07087493497092213,0.07084524017552471,0.0003233940426112523,0.0005310974904364796,1.0203089931750071,0.0,success
233,-227.56968859818255,-2.267174376471215,-229.83686297465377,False,0.0,0.0,False,1600,-1.0,0.5536597967147827,0.47028613090515137,0.9325894713401794,1.0,212.29663968086243,1.0,45.74467897415161,medium,0.0,0.0,0.00682369494945979,0.0068249396811686175,0.6852464003834268,0.0,contact_alignment
234,-276.18252953480595,-2.273212183769263,-278.4557417185752,False,0.0,0.0,False,1600,-1.0,0.9564974308013916,0.4669603407382965,0.9321197867393494,1.0,212.03052163124084,1.0,45.75315922498703,medium,0.0,0.0,0.008111572825608093,0.008367735316324575,0.8095704503380572,0.0,contact_alignment
235,2709.5449229998903,499.14855754008283,3208.6934805399733,True,4.048986679934667,0.0,False,219,-1.0,0.26220524311065674,0.4667748212814331,0.9373847246170044,1.0,235.4425859451294,1.0,45.86742043495178,medium,0.07053377424284415,0.07052400699108784,0.0004895931650950004,0.000490746664087814,0.9757025949258157,0.018488523652669713,success
236,4436.471503757152,499.1360763524373,4935.607580109589,True,0.0,0.0,False,287,-1.0,1.0,0.46595290303230286,0.9392906427383423,1.0,236.12325429916382,1.0,45.91910928487778,medium,0.03873206339409001,0.03865495998619978,0.0002061059916821968,0.00029505950152195333,0.6030470903370432,0.0,success
237,-262.284091329533,-2.279757697367079,-264.5638490269001,False,0.0,0.0,False,1600,-1.0,0.4803239703178406,0.469182550907135,0.9326915740966797,1.0,214.10821676254272,1.0,45.9443935751915,medium,0.0,0.0,0.007750462592763254,0.007883801085612265,0.8095810191499246,0.0,contact_alignment
238,-265.1535034357975,-2.2567600713951417,-267.41026350719267,False,0.0,0.0,False,1600,-1.0,0.3707936108112335,0.4709937870502472,0.9324994087219238,1.0,212.40679383277893,1.0,45.910332798957825,medium,0.0,0.0,0.007939309952081655,0.00805751442610175,0.8081337504771751,0.0,contact_alignment
239,-258.97053130117297,-2.2720678635854323,-261.2425991647584,False,0.0,0.0,False,1600,-1.0,0.981697678565979,0.47112318873405457,0.932200014591217,1.0,213.5421657562256,1.0,45.79445272684097,medium,0.0,0.0,0.0077023212046517155,0.007716659664359022,0.7762826381382261,0.0,contact_alignment
240,-183.38119104289595,-2.2783880319092793,-185.65957907480524,False,0.0,0.0,False,1600,-1.0,0.23165059089660645,0.468889981508255,0.9333803057670593,1.0,212.9468870162964,1.0,45.7948637008667,medium,0.0,0.0,0.005572037741264338,0.005812889705156695,0.5761325233664064,0.0,contact_alignment
241,3633.451558988515,499.03269368089184,4132.4842526694065,True,0.0,0.0,False,370,-1.0,0.9926937818527222,0.46380293369293213,0.9372721314430237,1.0,236.03386640548706,1.0,46.00756257772446,medium,0.045385249311432355,0.04529258720360599,0.0004101729548257164,0.00042967495592750654,0.2246649865082372,0.0,success
242,-227.4452166513305,-2.287268611386507,-229.732485262717,False,0.0,0.0,False,1600,-1.0,0.7760164141654968,0.4695685803890228,0.9307708144187927,1.0,213.5036551952362,1.0,45.65632164478302,medium,0.0,0.0,0.0068852353838499926,0.006994742786696279,0.7200161515127053,0.0,contact_alignment
243,1516.4232379817247,499.24584956690165,2015.6690875486263,True,0.0,0.0,False,163,-1.0,0.23979178071022034,0.4631551504135132,0.9341046810150146,1.0,235.93079447746277,1.0,45.88212579488754,medium,0.07130875760616444,0.07105185619405747,0.000588026800507725,0.0007728970756678715,1.751715553956166,0.0,success
244,5347.058176421298,489.9441558774579,5837.002332298756,True,60.27557877631978,0.0,False,305,-1.0,0.9751258492469788,0.46182945370674133,0.9379882216453552,1.0,236.6876471042633,1.0,45.94745606184006,medium,0.03601452483333257,0.035957073427646924,0.00035093651681422644,0.0003638006106853742,0.3979979692891873,0.3868430587312671,success
245,-210.90744297118528,-2.2988289593856304,-213.2062719305709,False,0.0,0.0,False,1600,-1.0,0.3905784487724304,0.4685728847980499,0.9300786256790161,1.0,212.6833724975586,1.0,45.89557737112045,medium,0.0,0.0,0.006379272024798689,0.006482740258027338,0.644644707853362,0.0,contact_alignment
246,2683.5763555685676,499.203704527679,3182.7800600962464,True,0.0,0.0,False,215,-1.0,0.259238064289093,0.46438997983932495,0.9376709461212158,1.0,236.49056911468506,1.0,45.90197145938873,medium,0.07142992064297446,0.07138477300050675,0.0004559079373146178,0.0005047415018231842,1.0603018697021134,0.0,success
247,-348.7760039179845,-2.3091472022450614,-351.08515112022957,False,0.0,0.0,False,1600,-1.0,0.9929787516593933,0.47236669063568115,0.9317667484283447,1.0,212.97995805740356,1.0,45.73658049106598,medium,0.0,0.0,0.010307161093371648,0.010541246849987905,1.0152040678583807,0.0,contact_alignment
248,4428.386316785119,499.14286001198445,4927.529176797103,True,0.0,0.0,False,287,-1.0,0.9877142906188965,0.4623934030532837,0.9374867081642151,1.0,237.251296043396,1.0,45.94377815723419,medium,0.03884152348707008,0.038747442278865785,0.0002201123051794189,0.00029611316805598225,0.6428563187330448,0.0,success
249,3784.6797774670035,499.1941580600006,4283.8739355270045,True,0.0,0.0,False,233,-1.0,0.17541974782943726,0.46071475744247437,0.9378987550735474,1.0,237.07574367523193,1.0,45.94660699367523,medium,0.051188403030593466,0.051069862591297394,0.0006807077604169935,0.0006943759309666527,0.1609571621116265,0.0,success
250,2123.4584776158995,499.21962089299757,2622.678098508897,True,0.0,0.0,False,193,-1.0,0.22534377872943878,0.45921558141708374,0.9360317587852478,1.0,237.52220273017883,1.0,45.87519347667694,medium,0.07543763258945432,0.07542348644424442,0.0003729253218489789,0.00044492013023569047,1.709616474943364,0.0,success
251,-259.4475865094423,-2.2651871234091887,-261.7127736328515,False,0.0,0.0,False,1600,-1.0,0.38411688804626465,0.464992493391037,0.9350950121879578,1.0,211.50236129760742,1.0,45.86186498403549,medium,0.0,0.0,0.007832395368302651,0.00785543083332598,0.7627509703823634,0.0,contact_alignment
252,4414.99876925914,499.14614943870475,4914.144918697845,True,0.0,0.0,False,286,-1.0,0.9903045296669006,0.46056342124938965,0.940316379070282,1.0,238.43024611473083,1.0,45.961435437202454,medium,0.03906407951426636,0.0389814590165381,0.0002550616107303064,0.00031224136560389475,0.5769406782526082,0.0,success
253,-199.1300902654488,-2.2067258067530715,-201.33681607220188,False,0.0,0.0,False,1600,-1.0,0.06152379512786865,0.4662812650203705,0.9366380572319031,1.0,211.17916703224182,1.0,45.80699265003204,medium,0.0,0.0,0.006139345134952618,0.006407384929545103,0.6031383788947775,0.0,contact_alignment
254,3073.966519599842,486.97804309855564,3560.9445626983975,True,77.87434955590213,0.0,False,205,-1.0,0.9686500430107117,0.4602934420108795,0.9386811852455139,1.0,238.04947972297668,1.0,45.80855518579483,medium,0.06741957414916352,0.0671183134950144,0.0007660673137679464,0.0007813830063522171,0.9120793574365366,0.41832095047475376,success
255,2993.1387989053,499.06343264167634,3492.2022315469762,True,7.8302514308754825,0.0,False,226,-1.0,0.6780648827552795,0.46188652515411377,0.9394592642784119,1.0,237.17219829559326,1.0,45.837861597537994,medium,0.06612672219816583,0.06607918729198106,0.00024942606245286533,0.00046890213687712,0.7258707264026063,0.03464713022511275,success
256,-263.2234676388946,-2.2413235303862313,-265.46479116928083,False,0.0,0.0,False,1600,-1.0,0.9922100305557251,0.4667888879776001,0.9342754483222961,1.0,212.01406359672546,1.0,45.66731572151184,medium,0.0,0.0,0.007703367698674293,0.007745688292279841,0.7700781965682435,0.0,contact_alignment
257,4370.119111872001,499.1525493734527,4869.271661245453,True,0.0,0.0,False,281,-1.0,0.2583237290382385,0.4595562219619751,0.9396417737007141,1.0,238.44101667404175,1.0,45.88419735431671,medium,0.03986813553729038,0.03980812822624162,0.0002852388193679407,0.00042093348154232247,0.5761306284362564,0.0,success
258,4406.079641785907,499.1575633308644,4905.237205116771,True,0.0,0.0,False,278,-1.0,0.24923820793628693,0.45852968096733093,0.9415315985679626,1.0,238.2075047492981,1.0,45.895802676677704,medium,0.03947680085987049,0.039374983860021334,0.0003129384364426372,0.0004306484014980922,0.5812467181817219,0.0,success
259,4388.0901195687975,499.15061315874163,4887.24073272754,True,0.0,0.0,False,286,-1.0,0.3068358898162842,0.4583955407142639,0.9406612515449524,1.0,237.93410301208496,1.0,45.986682176589966,medium,0.03905170682841888,0.03891671865739349,0.00014443733310641894,0.00015622060473488494,0.6103439356781646,0.0,success
260,3023.78759708359,498.6648889739138,3522.452486057504,True,16.382132149238355,0.0,False,228,-1.0,0.5520257353782654,0.45762866735458374,0.9414960741996765,1.0,238.46929907798767,1.0,45.778541564941406,medium,0.06394941081113978,0.06372136207500179,0.00043181487408395277,0.000757040546739595,0.5606319625357068,0.07185145679490507,success
261,4603.098579960911,499.1563355469261,5102.254915507837,True,0.0,0.0,False,277,-1.0,0.16476449370384216,0.45834892988204956,0.9424179792404175,1.0,238.64654064178467,1.0,45.90738087892532,medium,0.03802814927474346,0.03798668926604154,0.0006196065782064434,0.0006319014922655257,0.5325194137597247,0.0,success
262,-310.8784467763375,-2.1948124780486395,-313.07325925438613,False,0.0,0.0,False,1600,-1.0,0.9909156560897827,0.46713322401046753,0.9351000189781189,1.0,211.67465925216675,1.0,45.757471323013306,medium,0.0,0.0,0.00910646148582121,0.009243492113970955,0.8886662695552446,0.0,contact_alignment
263,3162.836729645541,497.19198547387657,3660.0287151194175,True,31.737873741839554,0.0,False,218,-1.0,0.9831200242042542,0.45975735783576965,0.9399980306625366,1.0,238.25608849525452,1.0,45.83210378885269,medium,0.06599131201515207,0.06588100561177361,0.0008887541393387806,0.0009126122224380695,0.662431327666022,0.14558657679742915,success
264,4159.454095022708,497.97163589771606,4657.425730920424,True,20.318182220569128,0.0,False,247,-1.0,0.19042593240737915,0.45844459533691406,0.9425027370452881,1.0,238.68889451026917,1.0,45.99358111619949,medium,0.044903658324951856,0.04457905409458143,0.0008334275653056484,0.0008557749838968795,0.6669388487922107,0.14504516479003274,success
265,2017.9997603063262,499.2456692055582,2517.245429511884,True,0.0,0.0,False,183,-1.0,0.22079841792583466,0.4590270519256592,0.9404381513595581,1.0,238.16510438919067,1.0,45.87334722280502,medium,0.07557613296438742,0.07540751935145287,0.00034797662992845565,0.0003866029617248836,1.8044362574054404,0.0,success
266,4000.307980103814,499.1910696015943,4499.499049705408,True,0.0,0.0,False,238,-1.0,0.7401770353317261,0.45719632506370544,0.9420557022094727,1.0,238.65481615066528,1.0,45.95636397600174,medium,0.0485072624416994,0.04822198381796043,0.0005476123249460603,0.0006330358357959032,0.385172931304084,0.0,success
267,-278.66582401013534,-2.164786566590693,-280.83061057672603,False,0.0,0.0,False,1600,-1.0,0.9580523371696472,0.4623837471008301,0.9362863302230835,1.0,209.3776398897171,1.0,45.83595275878906,medium,0.0,0.0,0.00814667246801215,0.00832064885092155,0.8324875164737966,0.0,contact_alignment
268,-335.4607495012499,-2.1606422624781616,-337.62139176372807,False,0.0,0.0,False,1600,-1.0,0.9712944626808167,0.46324193477630615,0.9369574785232544,1.0,209.3261969089508,1.0,45.8959236741066,medium,0.0,0.0,0.00968423621962387,0.009938712186991997,0.9893751155287472,0.0,contact_alignment
269,-248.4634494861518,-2.150180957946745,-250.61363044409853,False,0.0,0.0,False,1600,-1.0,0.9829694628715515,0.46314772963523865,0.935756504535675,1.0,210.36252617835999,1.0,45.850656032562256,medium,0.0,0.0,0.007151405876953428,0.007201961407180433,0.6976457644358386,0.0,contact_alignment
270,4347.747089925025,499.16205435792983,4846.909144282955,True,0.0,0.0,False,289,-1.0,0.986094057559967,0.4590041935443878,0.9416967630386353,1.0,239.09492135047913,1.0,46.02702856063843,medium,0.03977544533574226,0.03965005031074095,0.0002530789610906542,0.0003807409510198468,0.4891505020137632,0.0,success
271,-314.21175792980534,-2.2161563891699583,-316.4279143189753,False,0.0,0.0,False,1600,-1.0,0.97234046459198,0.4625706374645233,0.9366291165351868,1.0,211.2471842765808,1.0,45.83555430173874,medium,0.0,0.0,0.009190642368007138,0.00930135826542283,0.9273599498032432,0.0,contact_alignment
272,2574.53785022118,498.8610502737486,3073.398900494929,True,13.492750485627452,0.0,False,204,-1.0,0.216528981924057,0.4580285847187042,0.9411827921867371,1.0,238.91619205474854,1.0,45.95147401094437,medium,0.07026740374056378,0.0701690359823342,0.0007490372594282907,0.0007601343347668156,1.224028823120977,0.06614093375307574,success
273,3181.3139245579564,499.2221931903601,3680.5361177483164,True,0.0,0.0,False,210,-1.0,0.9826157689094543,0.45721855759620667,0.9416937828063965,1.0,239.49273467063904,1.0,46.02293133735657,medium,0.06190281958736261,0.06182316508952877,0.0006804301640027715,0.0008775974261386855,0.5747100444986046,0.0,success
274,-311.2574566350172,-2.192847841350175,-313.45030447636736,False,0.0,0.0,False,1600,-1.0,0.9821736812591553,0.46552199125289917,0.9358254671096802,1.0,212.2097933292389,1.0,45.93284249305725,medium,0.0,0.0,0.009086333753981813,0.009282908267298122,0.9520186202827933,0.0,contact_alignment
275,2645.733066346659,497.9307248848325,3143.663791231492,True,25.22054985862422,0.0,False,219,-1.0,0.2697213292121887,0.45862409472465515,0.9410914778709412,1.0,239.63146567344666,1.0,45.98223239183426,medium,0.0700755747603248,0.07000124969868826,0.0007136856052630187,0.0007261642791902288,1.0006959020550144,0.11516232812157179,success
276,-266.52374257320616,-2.193009368187661,-268.71675194139385,False,0.0,0.0,False,1600,-1.0,0.9556138515472412,0.46199849247932434,0.9353789687156677,1.0,211.42306208610535,1.0,45.895481407642365,medium,0.0,0.0,0.007868384569418038,0.007944746689570235,0.8105387041202586,0.0,contact_alignment
277,-230.0200914727517,-2.1569054724369328,-232.17699694518862,False,0.0,0.0,False,1600,-1.0,0.9140694737434387,0.46509769558906555,0.937540590763092,1.0,212.27702021598816,1.0,45.83368092775345,medium,0.0,0.0,0.006817883094435401,0.006863122471134761,0.7244342555878237,0.0,contact_alignment
278,4404.831930042025,499.1692209813468,4904.001151023373,True,0.0,0.0,False,287,-1.0,0.9887470006942749,0.4577457308769226,0.9444838166236877,1.0,239.4040286540985,1.0,46.02421224117279,medium,0.039169031579437644,0.03905541492274786,0.000164037769006994,0.0002572020322715414,0.5031236264367049,0.0,success
279,3036.188755430905,499.03488258753816,3535.223638018443,True,9.476834420189588,0.0,False,230,-1.0,0.359106183052063,0.4577184021472931,0.9430599808692932,1.0,239.03301000595093,1.0,46.0537126660347,medium,0.0623923969630677,0.062239033188582205,0.0005933749642518027,0.0007886175314501808,0.6393467787216077,0.04120362791386777,success
280,-281.8117645034264,-2.205303538494124,-284.01706804192054,False,0.0,0.0,False,1600,-1.0,0.5517787337303162,0.4637608528137207,0.93853759765625,1.0,211.66266441345215,1.0,45.840427577495575,medium,0.0,0.0,0.00828585616249767,0.008449079967606276,0.8504736845001046,0.0,contact_alignment
281,-362.9817464631943,-2.2337081560429413,-365.2154546192373,False,0.0,0.0,False,1600,-1.0,0.9928175806999207,0.46797630190849304,0.9336358904838562,1.0,211.91460251808167,1.0,45.78403860330582,medium,0.0,0.0,0.010522826860848652,0.010565823602394962,1.0414367715732,0.0,contact_alignment
282,-269.6412240021828,-2.189405526277813,-271.83062952846063,False,0.0,0.0,False,1600,-1.0,0.9718301296234131,0.46362176537513733,0.9344082474708557,1.0,211.10374212265015,1.0,45.79352021217346,medium,0.0,0.0,0.007857733948503507,0.008009800594985867,0.8002192302667595,0.0,contact_alignment
283,-228.64079414659847,-2.196211123729842,-230.83700527032832,False,0.0,0.0,False,1600,-1.0,0.9559869766235352,0.4643470346927643,0.9355237483978271,1.0,213.93765449523926,1.0,45.89748412370682,medium,0.0,0.0,0.006815757795776005,0.006850665753030917,0.6848388495137738,0.0,contact_alignment
284,-231.96399561774885,-2.171570341755257,-234.1355659595041,False,0.0,0.0,False,1600,-1.0,0.3194621801376343,0.46237704157829285,0.9418021440505981,1.0,210.87342262268066,1.0,45.85238128900528,medium,0.0,0.0,0.006960799482386697,0.007209583897983797,0.7107750048705046,0.0,contact_alignment
285,2874.235121398066,499.2161718321145,3373.4512932301805,True,0.0,0.0,False,228,-1.0,0.2929108142852783,0.4550785422325134,0.9442148208618164,1.0,239.82463836669922,1.0,46.09465569257736,medium,0.06369591420333481,0.06356481792851965,0.0008969312339343796,0.0009550926272745926,0.604701646955137,0.0,success
286,-229.9558544439392,-2.1936559867107266,-232.1495104306499,False,0.0,0.0,False,1600,-1.0,0.6744371652603149,0.4617547392845154,0.9430348873138428,1.0,213.5630714893341,1.0,45.859034061431885,medium,0.0,0.0,0.006955937757827695,0.007056425405212394,0.7006002599240064,0.0,contact_alignment
287,-276.66328968304003,-2.2448220213609402,-278.908111704401,False,0.0,0.0,False,1600,-1.0,0.9804669618606567,0.464376300573349,0.9346396327018738,1.0,213.00724864006042,1.0,45.846099853515625,medium,0.0,0.0,0.008202115631199072,0.00821208911202839,0.8102280837354144,0.0,contact_alignment
288,-256.1897800940893,-2.257142318555733,-258.44692241264505,False,0.0,0.0,False,1600,-1.0,0.6849345564842224,0.4645346999168396,0.9370700716972351,1.0,212.4571132659912,1.0,45.87706685066223,medium,0.0,0.0,0.007689701905672974,0.007754356243446573,0.7786240116399641,0.0,contact_alignment
289,-200.75454900370278,-2.225054029487686,-202.97960303319047,False,0.0,0.0,False,1600,-1.0,0.5382879972457886,0.4618839621543884,0.9332175254821777,1.0,212.15482473373413,1.0,45.83306550979614,medium,0.0,0.0,0.005916840018171672,0.005929870817878059,0.5993858765521141,0.0,contact_alignment
290,4211.785040968572,499.1853106779285,4710.9703516465,True,0.0,0.0,False,276,-1.0,0.9763191938400269,0.45414218306541443,0.9445125460624695,1.0,240.31557440757751,1.0,46.16978466510773,medium,0.0420033623413521,0.04186702989069746,0.0005745635020729684,0.0006038547172105248,0.5040939230256366,0.0,success
291,-232.51172922902282,-2.234797784297509,-234.74652701332033,False,0.0,0.0,False,1600,-1.0,0.46609118580818176,0.459644079208374,0.9390047192573547,1.0,213.67812275886536,1.0,45.778316259384155,medium,0.0,0.0,0.007155456939765402,0.00730547411072583,0.6774431733693975,0.0,contact_alignment
292,-328.09093022403977,-2.3036624239258785,-330.3945926479656,False,0.0,0.0,False,1600,-1.0,0.9666587114334106,0.46439218521118164,0.9350054264068604,1.0,214.02530670166016,1.0,45.80446004867554,medium,0.0,0.0,0.00972225679587347,0.009838309847831055,0.9379335641181326,0.0,contact_alignment
293,3922.4854726911212,499.187053630226,4421.6725263213475,True,3.4651469807533735,0.0,False,234,-1.0,0.8221403956413269,0.4521050751209259,0.9460083246231079,1.0,240.3617250919342,1.0,46.13357096910477,medium,0.05107639358332211,0.05084289202282083,0.0004545854990590833,0.0005403208704073987,0.48308285940014767,0.016086552362358484,success
294,3726.6345186727503,499.19901772576515,4225.833536398515,True,0.0,0.0,False,253,-1.0,0.9881746768951416,0.45333731174468994,0.9451063871383667,1.0,239.9900245666504,1.0,46.097417771816254,medium,0.04983928607061333,0.04970907196477961,0.0008696764298990476,0.0008774409847441924,0.258355138105332,0.0,success
295,4301.543545254542,499.1870897486867,4800.730635003229,True,0.0,0.0,False,289,-1.0,0.6375327110290527,0.4529004991054535,0.9458116888999939,1.0,240.4922890663147,1.0,46.12863302230835,medium,0.04043451970085213,0.04030975736786427,0.0003936877299513049,0.00041417967805586035,0.5327735960506622,0.0,success
296,4407.445401684352,499.1732188579774,4906.618620542329,True,0.0,0.0,False,298,-1.0,1.0,0.4533122181892395,0.9466589689254761,1.0,240.66660165786743,1.0,46.08168184757233,medium,0.03892277578056415,0.038817506740103175,0.00031496481014384425,0.0003363756716112183,0.5746695167816168,0.0,success
297,4313.149915678784,499.1853667526472,4812.335282431432,True,0.0,0.0,False,284,-1.0,0.35860222578048706,0.45291459560394287,0.9461344480514526,1.0,240.32013058662415,1.0,46.167992651462555,medium,0.04037101001580219,0.04025832508519006,0.00033303454800346835,0.00034225282655452716,0.5425277666620325,0.0,success
298,-269.872459097709,-2.214951535161328,-272.08741063287033,False,0.0,0.0,False,1600,-1.0,0.9887546896934509,0.45857587456703186,0.9369297027587891,1.0,213.34888458251953,1.0,45.99287807941437,medium,0.0,0.0,0.008030094813602904,0.008093216797073356,0.7425110093753408,0.0,contact_alignment
299,4329.123961977935,499.1833507332262,4828.307312711161,True,0.0,0.0,False,295,-1.0,0.974541962146759,0.4524405598640442,0.9458340406417847,1.0,240.2642321586609,1.0,46.172571778297424,medium,0.03957897194948187,0.03945379601964111,0.00020335591129318876,0.0002731597352415977,0.550686685120297,0.0,success
300,4334.20775726217,499.1983877835212,4833.406145045691,True,0.0,0.0,False,282,-1.0,0.2716904580593109,0.4519629180431366,0.9457207322120667,1.0,240.09554505348206,1.0,46.12927347421646,medium,0.0403177878602577,0.04019869485594514,0.0003773958611430465,0.000423965454241685,0.5447465802122821,0.0,success
301,-323.66363919433655,-2.204805081377023,-325.86844427571356,False,0.0,0.0,False,1600,-1.0,0.9909175038337708,0.4627543091773987,0.9378419518470764,1.0,214.31370973587036,1.0,45.85751116275787,medium,0.0,0.0,0.009483954517971974,0.00961629298580446,0.8953075634752959,0.0,contact_alignment
302,2908.58575018265,499.0871758888822,3407.672926071532,True,7.812982833681125,0.0,False,230,-1.0,0.28437575697898865,0.45249027013778687,0.9464384913444519,1.0,240.09718775749207,1.0,46.19273662567139,medium,0.06510617089646686,0.06502297441478352,0.0004602879534064537,0.0005876097473535372,0.6800115375585546,0.033969490581222284,success
303,3060.1570286624233,494.55127643089855,3554.708305093322,True,48.41768538242321,0.0,False,206,-1.0,0.16582608222961426,0.4520688056945801,0.9471186399459839,1.0,240.50597310066223,1.0,46.09163284301758,medium,0.06730865845554727,0.0671503822152125,0.0004485939618366912,0.0005037999540603032,0.7320828675358751,0.23503730768166606,success
304,2612.2467698231776,499.21889367215636,3111.465663495334,True,0.0,0.0,False,214,-1.0,0.2367418259382248,0.4525843560695648,0.9448926448822021,1.0,240.64070582389832,1.0,46.085933446884155,medium,0.07226449206660572,0.07221865357237467,0.0005457133997531995,0.0005664690290652852,1.1574717229485385,0.0,success
305,-272.39634739527287,-2.1967260437837393,-274.5930734390566,False,0.0,0.0,False,1600,-1.0,0.9834378361701965,0.45944905281066895,0.9386880397796631,1.0,213.8690173625946,1.0,45.82542598247528,medium,0.0,0.0,0.008049270604686447,0.008111712580741049,0.7651560998024204,0.0,contact_alignment
306,2855.297590403927,498.7479027444955,3354.045493148423,True,15.315845757244544,0.0,False,235,-1.0,0.348896861076355,0.4528244733810425,0.9456343054771423,1.0,240.13822436332703,1.0,46.10370755195618,medium,0.062099537467069366,0.062017258694662736,0.0006949802080460608,0.0007409482035995906,0.5552137104550149,0.0651738117329555,success
307,2896.718094446124,499.2227506206253,3395.9408450667493,True,0.0,0.0,False,222,-1.0,0.2774890065193176,0.45267122983932495,0.9456678032875061,1.0,240.20207285881042,1.0,46.09022259712219,medium,0.06684024417195022,0.06669639069226863,0.0005855299363088917,0.0006456060227637443,0.8527030225453567,0.0,success
308,2972.5702460947914,498.2309343243811,3470.8011804191724,True,22.098789288748712,0.0,False,231,-1.0,0.6207777857780457,0.4525283873081207,0.9458288550376892,1.0,240.2387237548828,1.0,46.06138974428177,medium,0.0648464931263416,0.06463838239411668,0.00033095980624002285,0.00034984068018544526,0.6562678816005705,0.09566575449674768,success
309,-248.81291768274167,-2.0853949905480054,-250.89831267328967,False,0.0,0.0,False,1600,-1.0,0.979698896408081,0.4568233788013458,0.9414693713188171,1.0,210.95253586769104,1.0,45.84566593170166,medium,0.0,0.0,0.007383034025716025,0.007610631913560236,0.7297447244827554,0.0,contact_alignment
310,3005.077721667241,499.24266330260235,3504.3203849698434,True,0.0,0.0,False,219,-1.0,0.6323893070220947,0.4520067870616913,0.945641040802002,1.0,240.13610124588013,1.0,46.10522419214249,medium,0.06382802149219484,0.06377626295374658,0.0007092705935496639,0.0008075785384916207,0.5167995634953355,0.0,success
311,-360.7983399347383,-2.2180040030147072,-363.016343937753,False,0.0,0.0,False,1600,-1.0,0.9938122034072876,0.4559653401374817,0.9341439008712769,1.0,212.5157392024994,1.0,45.80099701881409,medium,0.0,0.0,0.010642105968056717,0.010783748436909261,1.0296365198379194,0.0,contact_alignment
312,-272.4873082952325,-2.122386751883093,-274.60969504711557,False,0.0,0.0,False,1600,-1.0,0.46796321868896484,0.4558088183403015,0.938198447227478,1.0,209.0757155418396,1.0,45.94554513692856,medium,0.0,0.0,0.008131091868656546,0.00840314586890845,0.7928906585666684,0.0,contact_alignment
313,3067.5521126208573,498.5001254306683,3566.052238051526,True,18.736079073301052,0.0,False,238,-1.0,0.9669531583786011,0.45235294103622437,0.9474182724952698,1.0,240.29301047325134,1.0,46.12056791782379,medium,0.06241358500933217,0.06228209719922072,0.00015808053407410637,0.0002275883867999997,0.42313099886282957,0.07872302131639097,success
314,3703.7810246303275,498.5697917597886,4202.350816390116,True,0.0,0.0,False,981,-1.0,1.0,0.45232969522476196,0.9465086460113525,1.0,240.4481065273285,1.0,46.09252989292145,medium,0.046643260266370626,0.04654903241478184,0.0002584256800304455,0.0002783489365494849,0.23612389169874104,0.0,success
315,-271.34279997547753,-2.11461524133112,-273.45741521680867,False,0.0,0.0,False,1600,-1.0,0.27546268701553345,0.4564030170440674,0.9401190876960754,1.0,210.46744227409363,1.0,45.85694998502731,medium,0.0,0.0,0.008179163770177833,0.008422578166874879,0.8335205324221054,0.0,contact_alignment
316,3010.1985968827485,499.24020280009813,3509.4387996828464,True,0.0,0.0,False,219,-1.0,0.9755982160568237,0.4523528516292572,0.9463978409767151,1.0,240.36308884620667,1.0,46.14400804042816,medium,0.06524772891345824,0.06509180510507162,0.000674529974624596,0.0008027188351350691,0.7124142439957677,0.0,success
317,2748.9064232727815,497.9008089612305,3246.807232234012,True,25.785434999562295,0.0,False,223,-1.0,0.2607460618019104,0.45297855138778687,0.9469244480133057,1.0,240.3478240966797,1.0,46.069252490997314,medium,0.06716923989806892,0.06710519933648926,0.0008413880813068589,0.0008496998370869193,0.7839704120371921,0.1156297533612659,success
318,-223.1607969241188,-2.0623240238422254,-225.22312094796104,False,0.0,0.0,False,1600,-1.0,0.9770026803016663,0.45632216334342957,0.9425309300422668,1.0,214.02636051177979,1.0,45.86653172969818,medium,0.0,0.0,0.006656213998711254,0.006924326736031555,0.6531876785929925,0.0,contact_alignment
319,-309.9638008801003,-2.2090198630711346,-312.1728207431714,False,0.0,0.0,False,1600,-1.0,0.989892840385437,0.45979365706443787,0.9380750060081482,1.0,213.12944412231445,1.0,45.74609339237213,medium,0.0,0.0,0.009112704712184004,0.009200197198499927,0.886449422184635,0.0,contact_alignment
320,1424.7506840263713,499.26885297307365,1924.0195369994449,True,0.0,0.0,False,163,-1.0,0.9666787385940552,0.4516473710536957,0.9479698538780212,1.0,240.61070322990417,1.0,46.07137829065323,medium,0.07236157640668646,0.07227749186016498,0.0008548339468754237,0.0009065179543120615,1.6720187561835753,0.0,success
321,2712.4860672600653,499.2256046714987,3211.711671931564,True,0.0,0.0,False,218,-1.0,0.27692219614982605,0.45236608386039734,0.9470170736312866,1.0,240.69945573806763,1.0,46.02787137031555,medium,0.07055663274757915,0.07055129467607138,0.0006456864072062052,0.000664761393255024,1.0208423859130427,0.0,success
322,4260.781953710558,499.2022212729857,4759.984174983543,True,0.0,0.0,False,288,-1.0,1.0,0.4523232877254486,0.9484450817108154,1.0,240.59836745262146,1.0,46.171587109565735,medium,0.04096941811672014,0.040825768475233254,0.0003641046674228921,0.00040084254535596866,0.44957887609145686,0.0,success
323,2730.4961767268996,499.2572382553701,3229.7534149822695,True,0.0,0.0,False,197,-1.0,0.9573358297348022,0.45225322246551514,0.9477869868278503,1.0,240.4548943042755,1.0,46.09432399272919,medium,0.07103303933254038,0.0709736491056327,0.0005712501503394892,0.000576934008450862,1.0683512781183286,0.0,success
324,2835.9992018074918,499.232960834628,3335.23216264212,True,0.0,0.0,False,221,-1.0,0.2598492205142975,0.45254939794540405,0.9477433562278748,1.0,240.5951750278473,1.0,46.08151912689209,medium,0.06776781122869668,0.06773326738130966,0.0007983729683417983,0.0008129610041509008,0.8864241946810129,0.0,success
325,-268.6652563658508,-2.0436434218149766,-270.70889978766576,False,0.0,0.0,False,1600,-1.0,0.9983571171760559,0.4581141471862793,0.9401333332061768,1.0,211.81577682495117,1.0,45.87458848953247,medium,0.0,0.0,0.007842464604257958,0.007877371701773443,0.7371651605331669,0.0,contact_alignment
326,-353.1671121401233,-2.117842477159388,-355.2849546172827,False,0.0,0.0,False,1600,-1.0,1.0,0.4593369960784912,0.9395266175270081,1.0,210.91156125068665,1.0,45.84321051836014,medium,0.0,0.0,0.010383701850937833,0.010615603402881629,1.0164321807025662,0.0,contact_alignment
327,-329.6460693134508,-2.1063173760393497,-331.75238668949015,False,0.0,0.0,False,1600,-1.0,0.970857560634613,0.45573797821998596,0.9432618618011475,1.0,209.42292273044586,1.0,45.91913014650345,medium,0.0,0.0,0.00968006186680976,0.0097992463285334,0.9527038314224043,0.0,contact_alignment
328,3717.439605464329,499.2429593634542,4216.682564827783,True,0.0,0.0,False,240,-1.0,0.9828345775604248,0.4521142244338989,0.9475832581520081,1.0,240.73573470115662,1.0,46.12686187028885,medium,0.05178268968914145,0.051718051188026665,0.0006520679184743002,0.0007231345729239902,0.0627411826834565,0.0,success
329,-219.56746266401373,-2.0080288724919684,-221.5754915365057,False,0.0,0.0,False,1600,-1.0,0.3201179504394531,0.4545218050479889,0.9460964202880859,1.0,210.66166877746582,1.0,45.89928448200226,medium,0.0,0.0,0.006621298890442843,0.006681523500588138,0.6422365596122444,0.0,contact_alignment
330,3779.032993058063,497.5929099092691,4276.625902967332,True,28.612480636481372,0.0,False,229,-1.0,0.969691276550293,0.45114439725875854,0.9479954838752747,1.0,240.96176147460938,1.0,46.20079964399338,medium,0.05492707007304687,0.05489273009159254,0.0008786070388022136,0.0009577184211418516,0.12553454793908006,0.12494533029031167,success
331,-272.51126955900736,-2.0624998465250384,-274.5737694055324,False,0.0,0.0,False,1600,-1.0,0.9930685758590698,0.4575797915458679,0.9405924677848816,1.0,213.075932264328,1.0,45.92247426509857,medium,0.0,0.0,0.008088533358204182,0.008226144450142716,0.7796597995517606,0.0,contact_alignment
332,3006.8012981964184,499.2504475709717,3506.05174576739,True,0.0,0.0,False,205,-1.0,0.17619602382183075,0.4515548348426819,0.9479100108146667,1.0,240.65242171287537,1.0,46.190170645713806,medium,0.06790674389497013,0.06790620827120425,0.0003144980110039365,0.0003710054015381412,0.8094580722333146,0.0,success
333,-295.42141984644934,-2.0579061357577237,-297.47932598220706,False,0.0,0.0,False,1600,-1.0,0.9475448727607727,0.4554315209388733,0.9437599778175354,1.0,208.12172293663025,1.0,45.85999995470047,hard,0.0,0.0,0.008882279456683564,0.009335564457147469,0.8485600709498868,0.0,contact_alignment
334,-454.41200959616305,-2.3354129862827957,-456.74742258244584,False,0.0,0.0,False,1600,-1.0,0.9966581463813782,0.46763890981674194,0.9252443909645081,1.0,220.82207202911377,1.0,45.56138664484024,hard,0.0,0.0,0.01300201058020723,0.013134487139319126,1.1769417494294117,0.0,coarse_alignment
335,-256.79124429300833,-2.125763370750296,-258.9170076637586,False,0.0,0.0,False,1600,-1.0,0.6474394798278809,0.45497727394104004,0.9428389668464661,1.0,213.87857913970947,1.0,45.88070511817932,hard,0.0,0.0,0.007461342581922276,0.00755451770719482,0.728037532601717,0.0,contact_alignment
336,2655.1639108688014,499.2161361143796,3154.380046983181,True,0.0,0.0,False,238,-1.0,0.40259450674057007,0.4517032504081726,0.947999894618988,1.0,240.55323958396912,1.0,46.18469446897507,hard,0.0621756989308751,0.06201345348669837,0.0007518442051893943,0.000790902463370174,0.8784635270053138,0.0,success
337,-246.09010170838593,-2.0883063907731962,-248.17840809915913,False,0.0,0.0,False,1600,-1.0,0.9733462929725647,0.4577830731868744,0.9437382221221924,1.0,212.38181233406067,1.0,45.92691779136658,hard,0.0,0.0,0.007413624190199093,0.007618754297472813,0.6698153114181841,0.0,contact_alignment
338,-201.7531795950537,-2.0780308663273908,-203.8312104613811,False,0.0,0.0,False,1600,-1.0,0.5400348901748657,0.4558956027030945,0.9433752298355103,1.0,210.153546333313,1.0,45.947516560554504,hard,0.0,0.0,0.006080905367693742,0.006097422942316969,0.599839001929534,0.0,contact_alignment
339,-242.63779316326773,-2.1568562426646434,-244.79464940593238,False,0.0,0.0,False,1600,-1.0,1.0,0.4540836215019226,0.944697916507721,1.0,214.56674814224243,1.0,45.80938756465912,hard,0.0,0.0,0.007285313774976527,0.007290340253129842,0.6592180304666507,0.0,contact_alignment
340,2937.7976984099655,499.21835531137145,3437.016053721337,True,0.0,0.0,False,238,-1.0,0.36446598172187805,0.45178496837615967,0.9476649761199951,1.0,240.5705189704895,1.0,46.181721687316895,hard,0.06145514583127237,0.0613401679492378,0.0004916948566373358,0.0005408119629271484,0.6462651800216493,0.0,success
341,-320.7847132762769,-2.1903820676679038,-322.97509534394476,False,0.0,0.0,False,1600,-1.0,0.7881850600242615,0.457851767539978,0.9411209225654602,1.0,211.94373726844788,1.0,45.93731939792633,hard,0.0,0.0,0.009600723696475376,0.010021148891367153,0.9247798329242268,0.0,contact_alignment
342,3689.8644386489577,499.227531641891,4189.091970290849,True,0.0,0.0,False,245,-1.0,0.9725562930107117,0.4515426456928253,0.9476974606513977,1.0,240.45841217041016,1.0,46.16253316402435,hard,0.05168309327679297,0.05159411220639451,0.0006745609492801799,0.0007409952807545102,0.08944564655992698,0.0,success
343,4037.319718563572,499.22186126929523,4536.541579832868,True,0.0,0.0,False,258,-1.0,0.9816821813583374,0.4516400694847107,0.9481779336929321,1.0,240.7640790939331,1.0,46.153082847595215,hard,0.04545140669399156,0.04533257819855094,0.0007450143665176793,0.0007979502303937558,0.41928933665697465,0.0,success
344,-270.35634637619785,-2.161903371716756,-272.5182497479146,False,0.0,0.0,False,1600,-1.0,0.9937831163406372,0.45573151111602783,0.9415799975395203,1.0,215.17536997795105,1.0,45.92262238264084,hard,0.0,0.0,0.008088122691062571,0.008361638023597783,0.7491988856177035,0.0,contact_alignment
345,-258.87910185187474,-2.1934218664573497,-261.0725237183321,False,0.0,0.0,False,1600,-1.0,0.3950071334838867,0.4537765681743622,0.9451104402542114,1.0,212.76560068130493,1.0,45.85300713777542,hard,0.0,0.0,0.00788160440059213,0.00802224382448816,0.7414239645612491,0.0,contact_alignment
346,-189.60431522619245,-2.1380296842084423,-191.7423449104009,False,0.0,0.0,False,1600,-1.0,0.2923939526081085,0.45401206612586975,0.946361780166626,1.0,214.41219449043274,1.0,45.868534445762634,hard,0.0,0.0,0.005769847251043812,0.005860972898843288,0.5125712146168057,0.0,contact_alignment
347,-207.0900245305802,-2.1292925034356167,-209.2193170340158,False,0.0,0.0,False,1600,-1.0,0.4290599822998047,0.4567640423774719,0.9430880546569824,1.0,214.31646823883057,1.0,45.84941893815994,hard,0.0,0.0,0.006248049047463025,0.006423288727185343,0.6103952141755906,0.0,contact_alignment
348,-371.56593594950107,-2.2973412166670384,-373.86327716616813,False,0.0,0.0,False,1600,-1.0,0.9987044930458069,0.46003392338752747,0.9303699135780334,1.0,218.58673930168152,1.0,45.71446716785431,hard,0.0,0.0,0.010868134827695844,0.011169329505301369,1.0040855957878239,0.0,contact_alignment
349,-304.74372955525905,-2.263021133812839,-307.0067506890719,False,0.0,0.0,False,1600,-1.0,1.0,0.45532384514808655,0.9397879242897034,1.0,216.09846115112305,1.0,45.678372383117676,hard,0.0,0.0,0.009209006513243058,0.009421114198847854,0.8383334504073487,0.0,contact_alignment
350,4391.6435654421475,498.92790646076264,4890.57147190291,True,11.465661857554254,0.0,False,292,-1.0,0.3329351842403412,0.45146262645721436,0.9489063620567322,1.0,240.89458107948303,1.0,46.18120014667511,hard,0.039032021133451944,0.038887378245015564,0.00016844734168158093,0.00017615621693063512,0.650588036380755,0.03926596526559676,success
351,-232.54669691090447,-2.1542242381356775,-234.70092114904014,False,0.0,0.0,False,1600,-1.0,0.9994023442268372,0.45403122901916504,0.9445329904556274,1.0,216.4629864692688,1.0,45.77979534864426,hard,0.0,0.0,0.006994213171573654,0.007294165786017533,0.6110847645824494,0.0,contact_alignment
352,-329.74396610867825,-2.29681695003489,-332.04078305871315,False,0.0,0.0,False,1600,-1.0,0.9995703101158142,0.462210476398468,0.940680980682373,1.0,215.38193225860596,1.0,45.658249258995056,hard,0.0,0.0,0.009784402906144555,0.010114683944009233,0.9280610958179466,0.0,contact_alignment
353,-454.17580647360046,-2.3464381324342787,-456.52224460603475,False,0.0,0.0,False,1600,-1.0,1.0,0.4726189076900482,0.9244389533996582,1.0,219.61339831352234,1.0,45.517500042915344,hard,0.0,0.0,0.013271423234223676,0.013746971282575233,1.2074891260847063,0.0,coarse_alignment
354,4336.612631536444,499.1700861580823,4835.782717694526,True,0.0,0.0,False,308,-1.0,0.9393875598907471,0.4514794945716858,0.948675274848938,1.0,240.70951342582703,1.0,46.24587953090668,hard,0.03843077085163624,0.03834562473567307,0.00044825208178289453,0.0005470743929156652,0.6480709110843695,0.0,success
355,-353.11248743991877,-2.263102258710328,-355.3755896986291,False,0.0,0.0,False,1600,-1.0,1.0,0.4659256935119629,0.9333807826042175,1.0,218.4002149105072,1.0,45.68417817354202,hard,0.0,0.0,0.010375867053740903,0.010841723651685276,0.9177178936824664,0.0,contact_alignment
356,5418.752286724108,497.9812137243382,5916.733500448446,True,24.239609871866,0.0,False,346,-1.0,0.9773581624031067,0.4512287676334381,0.9488494396209717,1.0,240.9667980670929,1.0,46.19703829288483,hard,0.03774405599289983,0.03772528877771508,0.0007915788936486519,0.0007981267379620668,0.31395493277007414,0.07005667593024856,success
357,-415.180357308482,-2.3294201137986192,-417.5097774222806,False,0.0,0.0,False,1600,-1.0,1.0,0.4671780467033386,0.9306448101997375,1.0,218.58373284339905,1.0,45.569956600666046,hard,0.0,0.0,0.012058227273815707,0.012253231808200309,1.1197991461338836,0.0,coarse_alignment
358,4285.797951035153,499.20519781247646,4785.00314884763,True,0.0,0.0,False,298,-1.0,0.9833859801292419,0.45140549540519714,0.9485980272293091,1.0,240.89287638664246,1.0,46.19867593050003,hard,0.04011121079497425,0.04003797675837584,0.00019961047201510384,0.0002756495539648181,0.5324886962828003,0.0,success
359,-300.68677329176177,-2.308321141090473,-302.9950944328522,False,0.0,0.0,False,1600,-1.0,0.6833642721176147,0.4536677300930023,0.9445501565933228,1.0,214.4741988182068,1.0,45.83144873380661,hard,0.0,0.0,0.008930386199634334,0.00897058910551097,0.8354276861665187,0.0,contact_alignment
360,-373.36996737782636,-2.34269142689335,-375.7126588047197,False,0.0,0.0,False,1600,-1.0,1.0,0.46843165159225464,0.942342221736908,1.0,218.61998081207275,1.0,45.67330092191696,hard,0.0,0.0,0.010994124908449629,0.011245119203697078,0.993000470445905,0.0,contact_alignment
361,4387.206086760332,499.17773056754515,4886.383817327877,True,0.0,0.0,False,306,-1.0,0.37454426288604736,0.45152583718299866,0.9488243460655212,1.0,241.18582010269165,1.0,46.18583768606186,hard,0.038140235409251766,0.037995562402179814,0.00045580687201193066,0.000490268435909408,0.6424528003385676,0.0,success
362,-359.0616356309615,-2.2986573028545387,-361.3602929338161,False,0.0,0.0,False,1600,-1.0,0.9989110827445984,0.4625993072986603,0.9385060667991638,1.0,216.52139544487,1.0,45.74425548315048,hard,0.0,0.0,0.010573926119347628,0.010837277778243738,0.9938183851777412,0.0,contact_alignment
363,4197.8823575754,499.20583516062015,4697.088192736021,True,0.0,0.0,False,285,-1.0,0.9769747257232666,0.45155853033065796,0.94881272315979,1.0,241.1220645904541,1.0,46.17781847715378,hard,0.041776446294787356,0.041654527553356246,0.0004993470404891172,0.0005428875849192678,0.48054149272113794,0.0,success
364,4370.893302564271,499.1956591966639,4870.088961760935,True,0.0,0.0,False,296,-1.0,0.9632161259651184,0.45125430822372437,0.9489681124687195,1.0,241.22385025024414,1.0,46.164368987083435,hard,0.039413955530414685,0.039247008857236865,0.000245958689606855,0.000250787947898252,0.5736984293563256,0.0,success
365,-239.1167745105243,-2.1483173234945747,-241.26509183401888,False,0.0,0.0,False,1600,-1.0,1.0,0.45509350299835205,0.9451298117637634,1.0,214.24229860305786,1.0,45.7150262594223,hard,0.0,0.0,0.00733347969653605,0.007600027644673764,0.6447103780457304,0.0,contact_alignment
366,4272.269216099611,499.186999919155,4771.456216018766,True,0.0,0.0,False,303,-1.0,0.9724510908126831,0.45120474696159363,0.9488295316696167,1.0,241.17800951004028,1.0,46.220203042030334,hard,0.0399050612038288,0.03979330305622829,0.00042571663462229235,0.00044046073169160297,0.5372951728024236,0.0,success
367,4299.476533988695,499.16193570157947,4798.638469690275,True,0.0,0.0,False,306,-1.0,0.9942119121551514,0.45143789052963257,0.9488947987556458,1.0,241.38551712036133,1.0,46.20732098817825,hard,0.03870399860553049,0.0386051989864028,0.0005978389688154017,0.0006302205912062043,0.6555558524690975,0.0,success
368,3028.143801048767,499.2360301781744,3527.3798312269414,True,0.0,0.0,False,225,-1.0,0.9785559177398682,0.4510359764099121,0.949187159538269,1.0,241.28467679023743,1.0,46.20380997657776,hard,0.06465652319754242,0.06463061293539546,0.0008755465951650887,0.0009028805622733312,0.4335454720569602,0.0,success
369,-430.29486094469405,-2.3248569125048175,-432.61971785719885,False,0.0,0.0,False,1600,-1.0,1.0,0.47260093688964844,0.9324272274971008,1.0,220.50340294837952,1.0,45.64934968948364,hard,0.0,0.0,0.012550635576057442,0.012877209821879718,1.1110521161331564,0.0,coarse_alignment
370,-388.0780756427487,-2.326288367181464,-390.40436400993013,False,0.0,0.0,False,1600,-1.0,1.0,0.46022263169288635,0.9374058842658997,1.0,218.6712610721588,1.0,45.5747589468956,hard,0.0,0.0,0.011381599384610353,0.011505419191725633,0.9765448448617278,0.0,contact_alignment
371,2979.6343126488305,498.5726851977488,3478.2069978465793,True,17.832182499677387,0.0,False,255,-1.0,0.3887251019477844,0.4510408937931061,0.9488890171051025,1.0,241.27403020858765,1.0,46.20063900947571,hard,0.05842795942112519,0.05829252385333461,0.00037463084551595666,0.0004824649443458703,0.21168518140550124,0.06993012744971525,success
372,-288.2811417592131,-2.252727421866899,-290.53386918108,False,0.0,0.0,False,1600,-1.0,0.9389921426773071,0.45338010787963867,0.9475811123847961,1.0,215.5997610092163,1.0,45.93477010726929,hard,0.0,0.0,0.008796711166881901,0.00888850365165138,0.7913010654682592,0.0,contact_alignment
373,2825.9022753243025,495.4735841364619,3321.3758594607643,True,43.46699090353659,0.0,False,199,-1.0,0.765440821647644,0.45103541016578674,0.949352502822876,1.0,241.39760494232178,1.0,46.23431384563446,hard,0.07109204169346822,0.07104255220035964,0.0006207485262277749,0.0007048016076780309,1.023797621243698,0.21842708996752055,success
374,4260.649549515738,499.214026918849,4759.863576434587,True,0.0,0.0,False,298,-1.0,0.3546193242073059,0.4511014223098755,0.9493301510810852,1.0,241.55759811401367,1.0,46.270590126514435,hard,0.04028232061791297,0.04018219441095028,0.00034287266735596143,0.00038729543650442604,0.49598276539962544,0.0,success
375,-322.5328159412052,-2.21901661691067,-324.75183255811584,False,0.0,0.0,False,1600,-1.0,1.0,0.45464155077934265,0.9458478093147278,1.0,217.91250228881836,1.0,45.72166234254837,hard,0.0,0.0,0.009526767038767602,0.009721297207111984,0.8602798534327135,0.0,contact_alignment
376,2828.462636015314,499.2522146544664,3327.7148506697804,True,0.0,0.0,False,210,-1.0,0.22352556884288788,0.45141834020614624,0.9491592049598694,1.0,241.32185459136963,1.0,46.19826078414917,hard,0.06737566147571772,0.0673202670998311,0.0006851345600063054,0.0008110110751752505,0.7022144020133335,0.0,success
377,-364.03333485950577,-2.2925348472903897,-366.32586970679614,False,0.0,0.0,False,1600,-1.0,1.0,0.4638027548789978,0.9399493336677551,1.0,219.6472442150116,1.0,45.60108006000519,hard,0.0,0.0,0.010580267122635469,0.010697852026864425,0.9663203965707146,0.0,contact_alignment
378,2468.5783540796515,499.2125372995272,2967.790891379179,True,0.0,0.0,False,241,-1.0,0.6437774896621704,0.45135945081710815,0.9492249488830566,1.0,241.2067723274231,1.0,46.19749307632446,hard,0.06368439005053939,0.06339093847405829,0.0006344289650309068,0.000699355823343015,0.49133522750033465,0.0,success
379,4315.321705953677,499.2260949715518,4814.547800925229,True,0.0,0.0,False,283,-1.0,0.293759286403656,0.4510805606842041,0.9491505026817322,1.0,241.29966259002686,1.0,46.209396719932556,hard,0.04072400219588968,0.040580731975730616,0.0003782842546934444,0.0004166424710085783,0.47932314879682386,0.0,success
380,-259.24244391229865,-2.1210688231074277,-261.36351273540606,False,0.0,0.0,False,1600,-1.0,1.0,0.45588070154190063,0.9471880197525024,1.0,214.40410494804382,1.0,45.89313447475433,hard,0.0,0.0,0.007862796230391364,0.008009116375803772,0.7369268203886762,0.0,contact_alignment
381,3597.95921028345,499.10578466409794,4097.064994947548,True,0.0,0.0,False,391,-1.0,0.9920295476913452,0.4510608911514282,0.9492271542549133,1.0,241.29574179649353,1.0,46.18091642856598,hard,0.046953770964603334,0.046845885952002536,0.0004028812352937749,0.0005123348693164039,0.14777820941626021,0.0,success
382,3135.302823384706,499.24952869819367,3634.5523520828992,True,0.0,0.0,False,209,-1.0,0.9974977374076843,0.4512121379375458,0.9492033123970032,1.0,241.36287569999695,1.0,46.21521711349487,hard,0.06379942170265476,0.06374107771284367,0.0008110367855515962,0.0008185613234786618,0.5792574109239059,0.0,success
383,-371.53536046278384,-2.2901036745954753,-373.8254641373793,False,0.0,0.0,False,1600,-1.0,1.0,0.4633842706680298,0.942481517791748,1.0,216.70331716537476,1.0,45.85701256990433,hard,0.0,0.0,0.010975692413088345,0.011215945489552908,1.0026072914206268,0.0,contact_alignment
384,-288.76542521975597,-2.102721190331456,-290.86814641008743,False,0.0,0.0,False,1600,-1.0,1.0,0.4560072124004364,0.9464392066001892,1.0,213.97318959236145,1.0,45.826137363910675,hard,0.0,0.0,0.008656745010799275,0.00899266168619617,0.7955546142298757,0.0,contact_alignment
385,-194.70526632155054,-1.913862376516342,-196.61912869806687,False,0.0,0.0,False,1600,-1.0,0.2981373071670532,0.4532092809677124,0.9486205577850342,1.0,209.72249925136566,1.0,45.92769801616669,hard,0.0,0.0,0.0059168666220699,0.0062423495174166845,0.5812691344159147,0.0,contact_alignment
386,4257.152789669881,499.2213399986151,4756.374129668496,True,0.0,0.0,False,288,-1.0,0.9825306534767151,0.45081570744514465,0.9492726922035217,1.0,241.41042113304138,1.0,46.17326021194458,hard,0.04087182301403469,0.04074809114023456,0.00035130280276392744,0.00038307563299187113,0.4833556006197499,0.0,success
387,2797.760700302864,499.2137032691114,3296.974403571975,True,0.0,0.0,False,248,-1.0,0.40356725454330444,0.4509523808956146,0.9492887854576111,1.0,241.32619380950928,1.0,46.200065314769745,hard,0.060467610496009294,0.06041539790926159,0.0002499715956540803,0.0003985808748521129,0.4387733039872215,0.0,success
388,2940.5853366858014,499.2214747712293,3439.8068114570306,True,0.0,0.0,False,244,-1.0,0.34085965156555176,0.4507511854171753,0.9491814970970154,1.0,241.39466047286987,1.0,46.174132227897644,hard,0.06122233497058201,0.06115334900879832,0.0007537451626100679,0.0008609239195911386,0.3517939501569215,0.0,success
389,-298.9205172589879,-2.160777841881087,-301.081295100869,False,0.0,0.0,False,1600,-1.0,1.0,0.45373058319091797,0.9479895830154419,1.0,214.62413430213928,1.0,45.8590966463089,hard,0.0,0.0,0.008939418763422177,0.009112769750778155,0.8167703656595973,0.0,contact_alignment
390,-341.12208356818087,-2.2323422579127947,-343.3544258260937,False,0.0,0.0,False,1600,-1.0,1.0,0.4532466530799866,0.945293128490448,1.0,215.2164375782013,1.0,45.78282654285431,hard,0.0,0.0,0.010114232733082843,0.010321413458659329,0.9459724791930876,0.0,contact_alignment
391,4377.825260122466,499.2013404121128,4877.026600534578,True,0.0,0.0,False,296,-1.0,0.9917205572128296,0.4505690634250641,0.949216365814209,1.0,241.35889291763306,1.0,46.23769551515579,hard,0.03920753021515892,0.039092385018224055,0.0001529210763844609,0.0002108808187695072,0.5609365315782456,0.0,success
392,2884.048704016359,498.6328918441199,3382.681595860479,True,17.294420023231407,0.0,False,243,-1.0,0.6782417297363281,0.45065706968307495,0.9492834210395813,1.0,241.48707032203674,1.0,46.244613230228424,hard,0.060170461426069306,0.06000888949864441,0.0006638105858477314,0.0006674763527261651,0.39091265230662997,0.07117045277049962,success
393,4326.792396605583,499.22051475834456,4826.012911363928,True,0.0,0.0,False,288,-1.0,1.0,0.4506164491176605,0.9493473172187805,1.0,241.44494891166687,1.0,46.22440665960312,hard,0.04016683866189369,0.04003996283832714,0.00027052857074393087,0.000345265022289996,0.5124336316456558,0.0,success
394,2678.707430000477,499.24461920626885,3177.952049206746,True,0.0,0.0,False,216,-1.0,0.31179356575012207,0.4506520628929138,0.9489139318466187,1.0,241.4144504070282,1.0,46.254199147224426,hard,0.07104229719235891,0.07093968242873795,0.0002619660143133596,0.0003800535235178753,0.958528239531868,0.0,success
395,4248.045243009376,499.2116002293392,4747.256843238714,True,0.0,0.0,False,305,-1.0,0.3542569577693939,0.4505918323993683,0.9492291212081909,1.0,241.52294635772705,1.0,46.31049007177353,hard,0.03923821660496225,0.039143802586635815,0.00037092721157667107,0.0004390905080425797,0.4802716645731482,0.0,success
396,4390.397099906879,498.7829300408882,4889.180029947767,True,14.47087811853234,0.0,False,302,-1.0,0.9888471961021423,0.4507189393043518,0.949191689491272,1.0,241.5208387374878,1.0,46.265908777713776,hard,0.03855288143188122,0.038410123196900944,0.00041557361298523107,0.000527853827736162,0.573417772117073,0.04791681496202762,success
397,-378.27536772585455,-2.2141290784324945,-380.48949680428706,False,0.0,0.0,False,1600,-1.0,1.0,0.45798665285110474,0.9409029483795166,1.0,220.58868408203125,1.0,45.78378617763519,hard,0.0,0.0,0.011003542756284946,0.01105020125721663,0.992390640064412,0.0,contact_alignment
398,-190.29675786776107,-1.8307069016282114,-192.1274647693893,False,0.0,0.0,False,1600,-1.0,0.45833703875541687,0.45174381136894226,0.9474764466285706,1.0,209.50055599212646,1.0,46.150917410850525,hard,0.0,0.0,0.005804883830216018,0.005868096126508466,0.521587887608631,0.0,contact_alignment
399,3487.323810629579,499.15013740643604,3986.473948036015,True,0.0,0.0,False,377,-1.0,0.9846301674842834,0.45082029700279236,0.9491351246833801,1.0,241.49113059043884,1.0,46.320328414440155,hard,0.047477116282540865,0.04738547356482778,0.00048009589730770485,0.0005807493816067824,0.08799267653772541,0.0,success
400,-221.14768228380916,-1.8776153423434028,-223.02529762615256,False,0.0,0.0,False,1600,-1.0,1.0,0.45257073640823364,0.9467328190803528,1.0,214.42908644676208,1.0,46.040014922618866,hard,0.0,0.0,0.006476989178948751,0.006502092397508243,0.6248009216859498,0.0,contact_alignment
401,-410.53265111904136,-2.313102082093671,-412.84575320113504,False,0.0,0.0,False,1600,-1.0,1.0,0.4582432806491852,0.9453741908073425,1.0,217.50687837600708,1.0,45.658213794231415,hard,0.0,0.0,0.012079688206855371,0.012232835861183138,1.0747550290292363,0.0,coarse_alignment
402,4138.7534952748,499.2203575742812,4637.973852849082,True,0.0,0.0,False,296,-1.0,0.9836071729660034,0.4505283236503601,0.949292778968811,1.0,241.48260712623596,1.0,46.32012188434601,hard,0.04112510243897009,0.04101350909355722,0.00029958454044861564,0.00031051623072609914,0.4194254635452972,0.0,success
403,-378.7637824273028,-2.288531045348499,-381.0523134726513,False,0.0,0.0,False,1600,-1.0,1.0,0.45936185121536255,0.9403311610221863,1.0,220.8557939529419,1.0,45.82202345132828,hard,0.0,0.0,0.011069490096452009,0.011256860653780076,0.9683666674022172,0.0,contact_alignment
404,-350.2271762422672,-2.1078342202274625,-352.33501046249467,False,0.0,0.0,False,1600,-1.0,0.9987330436706543,0.45346978306770325,0.9433865547180176,1.0,218.27479600906372,1.0,45.98904997110367,hard,0.0,0.0,0.010372042628342678,0.010752391956063466,0.91187259424342,0.0,contact_alignment
405,2999.290158134722,499.2564240674938,3498.5465822022156,True,0.0,0.0,False,232,-1.0,0.9869582653045654,0.4507441818714142,0.9490962028503418,1.0,241.56619906425476,1.0,46.3536736369133,hard,0.06303403684925982,0.06293993999801337,0.0007099946415362992,0.0007878696604240873,0.37290799702161376,0.0,success
406,4339.146227159564,499.208558260187,4838.35478541975,True,0.0,0.0,False,303,-1.0,1.0,0.4506801962852478,0.9491810202598572,1.0,241.60390377044678,1.0,46.35643571615219,hard,0.03863246724635943,0.03850105033786588,0.00037190211135659573,0.00038538543057356104,0.5685628175637575,0.0,success
407,-320.51795811877685,-2.025674813198523,-322.54363293197537,False,0.0,0.0,False,1600,-1.0,1.0,0.4560525715351105,0.9444164037704468,1.0,218.2497525215149,1.0,45.99072515964508,hard,0.0,0.0,0.009355710707188545,0.009650065621010008,0.8586059341153582,0.0,contact_alignment
408,2892.3817746309555,498.6144763768555,3390.996251007811,True,17.88448394044545,0.0,False,241,-1.0,0.5015353560447693,0.45067912340164185,0.9491345286369324,1.0,241.59714698791504,1.0,46.355426013469696,hard,0.06087905333856866,0.060722469401183865,0.00037938023722959644,0.000462991496511778,0.5603311979805945,0.07420947693130892,success
409,-247.01649012548285,-1.996493103003101,-249.01298322848595,False,0.0,0.0,False,1600,-1.0,0.27713948488235474,0.4520115256309509,0.9473602771759033,1.0,211.12133145332336,1.0,46.018383502960205,hard,0.0,0.0,0.00756877124752625,0.007605723507387054,0.6690209470562849,0.0,contact_alignment
410,2866.8050703008926,498.28000555922637,3365.085075860119,True,21.885724029720166,0.0,False,244,-1.0,0.7975502610206604,0.45067888498306274,0.9492469429969788,1.0,241.5283703804016,1.0,46.333101987838745,hard,0.060324064573777814,0.06025614947825764,0.0009572098974116165,0.0009599581019399216,0.6513513656770906,0.08969559028573838,success
411,-262.9787486809391,-1.9919458756306692,-264.97069455656975,False,0.0,0.0,False,1600,-1.0,0.876850962638855,0.4536399841308594,0.9473885893821716,1.0,211.49327993392944,1.0,46.25906199216843,hard,0.0,0.0,0.0077658940277842495,0.007779760328037066,0.7264455945498404,0.0,contact_alignment
412,-227.636523642376,-1.8148345654265585,-229.45135820780257,False,0.0,0.0,False,1600,-1.0,1.0,0.45219871401786804,0.947293758392334,1.0,213.19288969039917,1.0,46.17832541465759,hard,0.0,0.0,0.006883485820558807,0.007289008787720366,0.6332599879467834,0.0,contact_alignment
413,-204.89109670169438,-1.8945227450084372,-206.7856194467028,False,0.0,0.0,False,1600,-1.0,0.5682216882705688,0.4516645669937134,0.9472209215164185,1.0,210.28324246406555,1.0,46.13864451646805,hard,0.0,0.0,0.006146868791093682,0.0061822095339042205,0.5715668103918575,0.0,contact_alignment
414,-307.254475212256,-2.0322615522308345,-309.2867367644868,False,0.0,0.0,False,1600,-1.0,1.0,0.4546657204627991,0.9458892345428467,1.0,216.61837697029114,1.0,45.95327019691467,hard,0.0,0.0,0.00914425075981599,0.009562896344705292,0.8327626873801979,0.0,contact_alignment
415,4249.5165090091605,499.2166289811192,4748.73313799028,True,0.0,0.0,False,310,-1.0,0.7120448350906372,0.45049911737442017,0.9493375420570374,1.0,241.5250849723816,1.0,46.39132469892502,hard,0.039053768104702374,0.038944431626316806,0.0006747243712678667,0.0007646102495059276,0.5035112979098888,0.0,success
416,-319.1700237982084,-2.209374625573042,-321.3793984237814,False,0.0,0.0,False,1600,-1.0,1.0,0.4572361409664154,0.9432567954063416,1.0,220.56742191314697,1.0,45.82435369491577,hard,0.0,0.0,0.0094298274558001,0.009476827250370414,0.824759116460647,0.0,contact_alignment
417,3054.6874877400546,499.18912698383195,3553.8766147238866,True,0.0,0.0,False,300,-1.0,1.0,0.45052146911621094,0.9492636919021606,1.0,241.55380129814148,1.0,46.362331211566925,hard,0.05369066368654752,0.05352138034039891,0.0007144522533000925,0.0007274205280005933,0.5328448608428816,0.0,success
418,3555.583543683226,499.17180547485816,4054.755349158084,True,0.0,0.0,False,371,-1.0,1.0,0.4504068195819855,0.9495500326156616,1.0,241.6186261177063,1.0,46.379026770591736,hard,0.04674099135433184,0.04661485642179544,0.0004005723382928388,0.0005578171702998535,0.12477444784316524,0.0,success
419,-302.2657756463593,-2.079231526031825,-304.34500717239115,False,0.0,0.0,False,1600,-1.0,1.0,0.452797532081604,0.9460066556930542,1.0,214.51323628425598,1.0,46.03961229324341,hard,0.0,0.0,0.009016273931760268,0.009238947377016514,0.8244303401597248,0.0,contact_alignment
420,4236.951460506696,499.23541774506293,4736.1868782517595,True,0.0,0.0,False,298,-1.0,0.3501538038253784,0.4503867030143738,0.9495083093643188,1.0,241.62603378295898,1.0,46.387784481048584,hard,0.039962301623572366,0.03983819666238128,0.000146529697372481,0.00020212445860761852,0.48651815651956687,0.0,success
421,4258.731442195734,499.25920865984364,4757.990650855578,True,0.0,0.0,False,282,-1.0,0.29573172330856323,0.4504108726978302,0.9494920969009399,1.0,241.62966012954712,1.0,46.38328045606613,hard,0.04137471194593096,0.041256180520500604,0.00043716015326012954,0.0005445667344678156,0.41289946845795145,0.0,success
422,-283.57407656905264,-2.010557010262877,-285.5846335793155,False,0.0,0.0,False,1600,-1.0,1.0,0.45278722047805786,0.9473134875297546,1.0,213.8791525363922,1.0,46.11245274543762,hard,0.0,0.0,0.008738502722248898,0.009112505849331175,0.7838215477337598,0.0,contact_alignment
423,-294.0779122885201,-2.0825445722642186,-296.16045686078434,False,0.0,0.0,False,1600,-1.0,1.0,0.45231306552886963,0.9477553367614746,1.0,215.08618354797363,1.0,46.19692772626877,hard,0.0,0.0,0.00896911041788886,0.009162099292834113,0.8032793801904137,0.0,contact_alignment
424,-334.265340191448,-2.1288148497535984,-336.3941550412016,False,0.0,0.0,False,1600,-1.0,1.0,0.45320749282836914,0.9479314088821411,1.0,214.40940499305725,1.0,46.169903576374054,hard,0.0,0.0,0.009919200634785345,0.010297902039040095,0.9240419050417688,0.0,contact_alignment
425,4197.6640947842425,499.22864688548117,4696.892741669723,True,0.0,0.0,False,300,-1.0,0.9833799004554749,0.4504040777683258,0.9496285915374756,1.0,241.66871309280396,1.0,46.37419521808624,hard,0.04061745587910282,0.04045954593564996,0.00020906683458215403,0.0002219780180067124,0.4776384098578006,0.0,success
426,-354.3095528491182,-2.24197993124044,-356.5515327803586,False,0.0,0.0,False,1600,-1.0,1.0,0.4534898102283478,0.9468685984611511,1.0,218.80560636520386,1.0,46.22931331396103,hard,0.0,0.0,0.010380760961564647,0.010552611323604865,0.9218866563524643,0.0,contact_alignment
427,4272.9689875112235,499.25534569575825,4772.224333206982,True,0.0,0.0,False,283,-1.0,0.2734105885028839,0.4503740072250366,0.9496935606002808,1.0,241.65908932685852,1.0,46.40376031398773,hard,0.04120025281830942,0.04107804795274134,0.00036964826630285215,0.0005639848114574172,0.3998872461596502,0.0,success
428,-281.85054089356083,-2.0783039495881104,-283.92884484314897,False,0.0,0.0,False,1600,-1.0,0.28487730026245117,0.45168182253837585,0.9485874772071838,1.0,211.91619873046875,1.0,46.206065118312836,hard,0.0,0.0,0.008673014421935452,0.008926066730410447,0.8031173231463523,0.0,contact_alignment
429,-200.57398309088188,-1.9442453235484238,-202.5182284144303,False,0.0,0.0,False,1600,-1.0,0.5357282757759094,0.4519297480583191,0.9472905993461609,1.0,212.94304370880127,1.0,46.20132952928543,hard,0.0,0.0,0.005897274247632355,0.006000236572683725,0.5765834115110751,0.0,contact_alignment
430,4654.256213175751,499.2265818653951,5153.482795041146,True,0.0,0.0,False,299,-1.0,0.2330542802810669,0.45031675696372986,0.9495531320571899,1.0,241.76332354545593,1.0,46.40146762132645,hard,0.03712787622530869,0.037042439785044845,0.0009281838775486559,0.0009745867200550621,0.5471953806312289,0.0,success
431,-203.2631896402365,-1.811994495982152,-205.07518413621867,False,0.0,0.0,False,1600,-1.0,0.9653609991073608,0.4509424865245819,0.9490277171134949,1.0,212.02852249145508,1.0,46.261753141880035,hard,0.0,0.0,0.00642023107015459,0.006872378292426519,0.555746513580005,0.0,contact_alignment
432,-365.00260287717083,-2.2986450254502206,-367.30124790262107,False,0.0,0.0,False,1600,-1.0,1.0,0.45272600650787354,0.9455745816230774,1.0,220.65211415290833,1.0,45.975118577480316,hard,0.0,0.0,0.01075916985030952,0.01099609494015438,0.9850290421124737,0.0,contact_alignment
433,3077.0504943192145,499.1841601972732,3576.234654516488,True,0.0,0.0,False,297,-1.0,1.0,0.4503415524959564,0.9495702385902405,1.0,241.68596148490906,1.0,46.34006977081299,hard,0.05394508913041986,0.053844319492372505,0.0005103247521414669,0.0005463541253048518,0.48602968482670217,0.0,success
434,-253.89093280898967,-1.978507115116869,-255.86943992410653,False,0.0,0.0,False,1600,-1.0,0.21311575174331665,0.4510081112384796,0.9492855668067932,1.0,212.8882920742035,1.0,46.2695387005806,hard,0.0,0.0,0.007876902350866239,0.008165107040001543,0.7546863916542013,0.0,contact_alignment
435,-209.12521035569472,-1.843710294505649,-210.96892065020037,False,0.0,0.0,False,1600,-1.0,0.05533214658498764,0.45077815651893616,0.9487135410308838,1.0,210.30228853225708,1.0,46.21187925338745,hard,0.0,0.0,0.006363927345471958,0.006743548728112162,0.5715128437320618,0.0,contact_alignment
436,4424.352363736434,499.2191762335791,4923.571539970013,True,0.0,0.0,False,294,-1.0,0.29608094692230225,0.4503636956214905,0.9496384263038635,1.0,241.78613543510437,1.0,46.371750235557556,hard,0.03887863900293488,0.03878389817485761,0.00019325471799693455,0.00022028233662453698,0.5060146618928707,0.0,success
437,-323.20334026290857,-2.2194976361090646,-325.4228378990176,False,0.0,0.0,False,1600,-1.0,0.9970704317092896,0.452155739068985,0.9485296010971069,1.0,214.04300451278687,1.0,46.09862565994263,hard,0.0,0.0,0.009729778093752438,0.009967926350757488,0.8779385172201503,0.0,contact_alignment
438,4312.914411368189,499.2206281739803,4812.135039542169,True,0.0,0.0,False,300,-1.0,0.364327073097229,0.450310617685318,0.949655294418335,1.0,241.76284313201904,1.0,46.38527274131775,hard,0.03924570111781596,0.03912004900446503,9.759580582609696e-05,9.819781140562559e-05,0.5190645988244348,0.0,success
439,2607.307128828767,499.2492447732858,3106.5563736020526,True,0.0,0.0,False,212,-1.0,0.24351364374160767,0.4503823220729828,0.9496983289718628,1.0,241.75253748893738,1.0,46.32658898830414,hard,0.07188843777186625,0.07187104806547501,0.0007899569325004671,0.0007948712920185307,0.9477319608159035,0.0,success
440,-302.300950465125,-2.131737315215285,-304.4326877803403,False,0.0,0.0,False,1600,-1.0,1.0,0.451277494430542,0.9484051465988159,1.0,213.67245078086853,1.0,46.15542143583298,hard,0.0,0.0,0.009025551257599119,0.009247198869109127,0.8655427460343611,0.0,contact_alignment
441,4308.4933413141025,499.20674590607814,4807.700087220181,True,0.0,0.0,False,307,-1.0,0.38471198081970215,0.4502508044242859,0.949711799621582,1.0,241.72537088394165,1.0,46.33952736854553,hard,0.038889125732455634,0.0388309127380647,0.00047926730058587825,0.0005185501688189768,0.5043732087095747,0.0,success
442,4242.647729578504,499.19760268246904,4741.845332260973,True,0.0,0.0,False,309,-1.0,0.4009888172149658,0.45029595494270325,0.9497143626213074,1.0,241.78415179252625,1.0,46.36669337749481,hard,0.03917751887074144,0.03910177163909412,0.0007176164803881761,0.0007942091787287349,0.5349020746508588,0.0,success
443,3125.8178031645302,489.11079843086117,3614.9286015953912,True,69.77936441738147,0.0,False,209,-1.0,1.0,0.45029690861701965,0.9497382044792175,1.0,241.7754578590393,1.0,46.34395629167557,hard,0.0675594493492201,0.06744024963968887,0.00023967823121210524,0.0003848777247875241,0.623037655614092,0.4014395605800492,success
444,-223.58072886205565,-1.8430131148845652,-225.42374197694022,False,0.0,0.0,False,1600,-1.0,0.6383810639381409,0.45071467757225037,0.9492505192756653,1.0,210.8799159526825,1.0,46.109110713005066,hard,0.0,0.0,0.006759912136682393,0.006986513629796608,0.6434921821594786,0.0,contact_alignment
445,4277.137491841804,499.22987334352825,4776.367365185332,True,0.0,0.0,False,298,-1.0,0.9699325561523438,0.4502646028995514,0.9496437907218933,1.0,241.77551984786987,1.0,46.35984033346176,hard,0.040211284678550965,0.0400928835310666,0.00027128860674072055,0.0002731858908545163,0.42905469267057167,0.0,success
446,-368.197711239402,-2.2827542607166578,-370.48046550011867,False,0.0,0.0,False,1600,-1.0,1.0,0.45207589864730835,0.9464589953422546,1.0,218.39612364768982,1.0,45.981237292289734,hard,0.0,0.0,0.010844640150596175,0.01108056135409155,0.9786226779794917,0.0,contact_alignment
447,-462.4554565584425,-2.3242601268308314,-464.77971668527334,False,0.0,0.0,False,1600,-1.0,1.0,0.45889610052108765,0.9363040328025818,1.0,222.0037806034088,1.0,45.64481437206268,hard,0.0,0.0,0.013509951479587976,0.013645983898676217,1.1954612959768838,0.0,coarse_alignment
448,4254.720985650661,499.2501119643144,4753.971097614975,True,0.0,0.0,False,287,-1.0,0.2955764830112457,0.4502865672111511,0.9497721791267395,1.0,241.77074670791626,1.0,46.34403973817825,hard,0.0409048725545403,0.040776253788312705,0.0004233530490092678,0.0004356983324176389,0.4063111644773968,0.0,success
449,-251.4242767379643,-1.9491644014858365,-253.37344113945014,False,0.0,0.0,False,1600,-1.0,0.9762659668922424,0.451231449842453,0.9491297006607056,1.0,212.28971242904663,1.0,46.19582414627075,hard,0.0,0.0,0.007699533835059547,0.007973414841833065,0.7052224265955734,0.0,contact_alignment
450,2854.9216011013336,499.237507906594,3354.159109007928,True,0.0,0.0,False,248,-1.0,0.9789853096008301,0.45021116733551025,0.9496001601219177,1.0,241.76075100898743,1.0,46.313256323337555,hard,0.0591650158169585,0.05896617391020073,0.0006705442873069,0.0006843570552816929,0.4931742240058851,0.0,success
451,-391.22525543267557,-2.289199333342316,-393.5144547660179,False,0.0,0.0,False,1600,-1.0,1.0,0.45943599939346313,0.9383206367492676,1.0,221.4481282234192,1.0,45.65370559692383,hard,0.0,0.0,0.011398844308491283,0.011434381481802806,1.0173365461226536,0.0,contact_alignment
452,-315.94059035005273,-2.1499095064522376,-318.09049985650495,False,0.0,0.0,False,1600,-1.0,1.0,0.4532214403152466,0.9468998312950134,1.0,219.41624283790588,1.0,45.889567136764526,hard,0.0,0.0,0.009337191038207113,0.009416875093781607,0.8449641839637685,0.0,contact_alignment
453,-337.72028100438195,-2.173247030494176,-339.8935280348761,False,0.0,0.0,False,1600,-1.0,1.0,0.4525638818740845,0.9467431306838989,1.0,214.67950582504272,1.0,45.91172844171524,hard,0.0,0.0,0.010114291338271816,0.010559614878799608,0.8993150807498956,0.0,contact_alignment
454,2883.4805925450532,499.2188297606015,3382.699422305655,True,0.0,0.0,False,254,-1.0,0.555963397026062,0.4502538740634918,0.9496921300888062,1.0,241.81102395057678,1.0,46.323019564151764,hard,0.058536255151151115,0.05847627184644391,0.0005450546169500279,0.0005532109315914736,0.24101146335322823,0.0,success
455,-259.4124899593743,-2.054180545025187,-261.4666705043995,False,0.0,0.0,False,1600,-1.0,0.772023618221283,0.4509942829608917,0.9482866525650024,1.0,213.74587655067444,1.0,46.089907586574554,hard,0.0,0.0,0.008029453543993216,0.008105145721235074,0.7293226411276416,0.0,contact_alignment
456,5256.555323038134,499.23543020222985,5755.790753240363,True,0.0,0.0,False,338,-1.0,0.9875760674476624,0.4502633810043335,0.9497512578964233,1.0,241.82814836502075,1.0,46.36815786361694,hard,0.037981042780522646,0.03794873476665965,0.0007229974271240687,0.0007236277182117632,0.2067308154473911,0.0,success
457,-338.5896094659709,-2.305019169017964,-340.89462863498886,False,0.0,0.0,False,1600,-1.0,1.0,0.45176374912261963,0.946689248085022,1.0,219.25448298454285,1.0,46.190477311611176,hard,0.0,0.0,0.010206451220765736,0.010284955828912073,0.9082450519552949,0.0,contact_alignment
458,4146.15055910226,499.22331875815036,4645.37387786041,True,0.0,0.0,False,306,-1.0,0.4021480083465576,0.45022648572921753,0.9497663378715515,1.0,241.789870262146,1.0,46.358037889003754,hard,0.040119785777933514,0.04001438568198029,0.0003083823864176614,0.0003545314251811922,0.4523258889531485,0.0,success
459,-259.14367637993473,-2.0196795076523086,-261.16335588758704,False,0.0,0.0,False,1600,-1.0,0.15092986822128296,0.4508247673511505,0.9493155479431152,1.0,212.57132768630981,1.0,46.1347433924675,hard,0.0,0.0,0.008018400938565921,0.008169355979873144,0.7540684733329337,0.0,contact_alignment
460,-234.2135917896032,-1.9282629259167092,-236.1418547155199,False,0.0,0.0,False,1600,-1.0,0.7402743101119995,0.4510570168495178,0.9492325782775879,1.0,213.15056681632996,1.0,45.987718999385834,hard,0.0,0.0,0.007039926806240273,0.0071737545647305116,0.667681316553816,0.0,contact_alignment
461,-379.7997390735866,-2.3131081032275445,-382.1128471768141,False,0.0,0.0,False,1600,-1.0,1.0,0.45445966720581055,0.9434980154037476,1.0,221.50461554527283,1.0,45.69238930940628,hard,0.0,0.0,0.011287263590275399,0.011488537937009978,1.0046121432886383,0.0,contact_alignment
462,4320.433617496567,499.2391588491555,4819.672776345723,True,0.0,0.0,False,296,-1.0,0.3331860303878784,0.4502374231815338,0.9497787952423096,1.0,241.7906141281128,1.0,46.339387595653534,hard,0.03934441573969316,0.03920430632438576,0.0004140716338126413,0.0004164628168106711,0.4872709623498021,0.0,success
463,-217.8012787634816,-1.904038570688749,-219.70531733417036,False,0.0,0.0,False,1600,-1.0,0.5903940796852112,0.4508015215396881,0.9494633674621582,1.0,214.51140761375427,1.0,46.08816981315613,hard,0.0,0.0,0.006748984250084697,0.006792201166111576,0.6507182788266115,0.0,contact_alignment
464,4241.108961457184,499.22598535016397,4740.3349468073475,True,0.0,0.0,False,299,-1.0,0.6144908666610718,0.4502487778663635,0.9497731328010559,1.0,241.79253578186035,1.0,46.36703968048096,hard,0.04035391983986303,0.04023175351910102,0.00018520490397857178,0.0002633646219752779,0.44425909701114036,0.0,success
465,-217.41919862224398,-1.7929094733190796,-219.21210809556305,False,0.0,0.0,False,1600,-1.0,0.04909773916006088,0.4510752260684967,0.9493457078933716,1.0,210.77362060546875,1.0,46.180745363235474,hard,0.0,0.0,0.006594122810214189,0.006974495785288955,0.632885902154522,0.0,contact_alignment
466,4469.01111678482,499.2535218191643,4968.264638603984,True,0.0,0.0,False,287,-1.0,0.2294783741235733,0.45018643140792847,0.9497499465942383,1.0,241.85892581939697,1.0,46.418588757514954,hard,0.03899630933061017,0.038844293489691775,0.0005974261888289998,0.0006575221444064717,0.49355645161713235,0.0,success
467,-314.24029862612844,-2.0442725804127218,-316.28457120654116,False,0.0,0.0,False,1600,-1.0,1.0,0.4513377845287323,0.9473356604576111,1.0,219.93685603141785,1.0,46.10033631324768,hard,0.0,0.0,0.009083243973013501,0.009544305965236526,0.866199667066363,0.0,contact_alignment
468,-189.64723494634768,-1.9472097150032703,-191.59444466135096,False,0.0,0.0,False,1600,-1.0,0.3325376510620117,0.4508059620857239,0.9494714736938477,1.0,217.3514723777771,1.0,46.23146206140518,hard,0.0,0.0,0.005903712889063775,0.006032154149014892,0.5380624965126994,0.0,contact_alignment
469,-256.447814431712,-2.0066010413206024,-258.4544154730326,False,0.0,0.0,False,1600,-1.0,0.4319666624069214,0.45079612731933594,0.9492846727371216,1.0,214.6968162059784,1.0,46.1253222823143,hard,0.0,0.0,0.007671753072291861,0.007934037756064471,0.7460884762840545,0.0,contact_alignment
470,-349.5321117391173,-2.2075419386693054,-351.7396536777866,False,0.0,0.0,False,1600,-1.0,1.0,0.45400720834732056,0.9454561471939087,1.0,219.78115558624268,1.0,46.03299289941788,hard,0.0,0.0,0.010203431056714682,0.010675435882845447,0.9616324011916477,0.0,contact_alignment
471,3524.171357562309,499.13835090437846,4023.3097084666874,True,0.0,0.0,False,375,-1.0,1.0,0.4501948952674866,0.9498021006584167,1.0,241.83436274528503,1.0,46.403977274894714,hard,0.047080443734814376,0.046931939982346405,0.000286656860570952,0.0004058632170304715,0.1571210013444937,0.0,success
472,-207.50377701482168,-1.8110234134507937,-209.31480042827246,False,0.0,0.0,False,1600,-1.0,1.0,0.4510559141635895,0.9487830996513367,1.0,215.1509153842926,1.0,46.2493571639061,hard,0.0,0.0,0.006240616603311059,0.00656064154667291,0.6348689869654397,0.0,contact_alignment
473,3039.554175220707,499.190146321512,3538.744321542219,True,0.0,0.0,False,304,-1.0,1.0,0.4502682089805603,0.9497590661048889,1.0,241.7762792110443,1.0,46.322099566459656,hard,0.053869092214290884,0.053707861256638095,0.0005298573175135651,0.0006283932559667298,0.5373844736810789,0.0,success
474,-416.9728014908236,-2.2844299792351412,-419.25723147005874,False,0.0,0.0,False,1600,-1.0,1.0,0.46430516242980957,0.9298233389854431,1.0,222.15986847877502,1.0,45.730924904346466,hard,0.0,0.0,0.012141170111115708,0.012419764660041245,1.0852142148030766,0.0,coarse_alignment
475,-268.28153252238667,-2.170312112838835,-270.4518446352255,False,0.0,0.0,False,1600,-1.0,0.2760394513607025,0.4505278468132019,0.9490694999694824,1.0,215.40559649467468,1.0,46.205664575099945,hard,0.0,0.0,0.00804608796216302,0.008070402925699023,0.7233550828643466,0.0,contact_alignment
476,4368.292948627154,499.23260739493253,4867.525556022087,True,0.0,0.0,False,291,-1.0,0.9785197973251343,0.45019790530204773,0.9498250484466553,1.0,241.8374466896057,1.0,46.3633868098259,hard,0.03968388776424829,0.03952799548949433,0.00018920457963893963,0.00019002169553349098,0.4894711677820309,0.0,success
477,4203.472446969508,495.66171574813836,4699.134162717647,True,42.13415389562207,0.0,False,314,-1.0,0.9799070954322815,0.4501931667327881,0.9498426914215088,1.0,241.82286381721497,1.0,46.35485231876373,hard,0.039527816519397754,0.039364619586570004,0.0007563440184849309,0.0008412914188467398,0.480556978072705,0.13418520348924226,success
478,-253.19814172969046,-1.9800096167182293,-255.1781513464087,False,0.0,0.0,False,1600,-1.0,0.5293644666671753,0.45065757632255554,0.9494255781173706,1.0,210.97031116485596,1.0,46.173694133758545,hard,0.0,0.0,0.007633160803997173,0.007905469382614803,0.6929236627677712,0.0,contact_alignment
479,-244.83178704352352,-1.9464248495448335,-246.77821189306835,False,0.0,0.0,False,1600,-1.0,0.9767024517059326,0.45100337266921997,0.9490100145339966,1.0,212.98449873924255,1.0,46.029181480407715,hard,0.0,0.0,0.007527694731581273,0.00775187644725154,0.7175691620571385,0.0,contact_alignment
480,-396.6553481588102,-2.3017666795747513,-398.957114838385,False,0.0,0.0,False,1600,-1.0,1.0,0.4663221538066864,0.9424791932106018,1.0,220.5827796459198,1.0,45.80916225910187,hard,0.0,0.0,0.011704850821476966,0.012201624787813621,1.063385113400642,0.0,coarse_alignment
481,-238.15516737457472,-1.8969695411709027,-240.05213691574562,False,0.0,0.0,False,1600,-1.0,0.8914571404457092,0.45084327459335327,0.9492877721786499,1.0,211.13794445991516,1.0,46.11392766237259,hard,0.0,0.0,0.007295474104866867,0.0076123337886767,0.6749559686884499,0.0,contact_alignment
482,4445.255191649694,499.2411767223448,4944.496368372039,True,0.0,0.0,False,303,-1.0,1.0,0.4502367377281189,0.9498299360275269,1.0,241.86658143997192,1.0,46.37560337781906,hard,0.03944465748503783,0.03934346260623396,0.0009322081190504333,0.0009336641327116102,0.3874413475938348,0.0,success
483,3177.05678001521,499.2888702848867,3676.3456503000966,True,0.0,0.0,False,212,-1.0,0.9742535352706909,0.4502409100532532,0.9498265385627747,1.0,241.87930464744568,1.0,46.363132297992706,hard,0.06092059394890244,0.060737633123556345,0.0006331685243898679,0.000670483827665702,0.5609801241282554,0.0,success
484,-257.3889148314522,-2.1074662221532012,-259.49638105360543,False,0.0,0.0,False,1600,-1.0,1.0,0.4509829580783844,0.949149489402771,1.0,218.89857411384583,1.0,46.17535054683685,hard,0.0,0.0,0.007755455244201781,0.007902694794733052,0.7056382995268757,0.0,contact_alignment
485,4410.435681688775,499.2422474208012,4909.677929109576,True,0.0,0.0,False,297,-1.0,0.9728438258171082,0.4502381384372711,0.9498897194862366,1.0,241.85302138328552,1.0,46.38840824365616,hard,0.03884213615288852,0.03868878137489534,8.48641720455099e-05,0.00010414681584567703,0.49835807304885216,0.0,success
486,-252.09485360282244,-2.0910139925255953,-254.18586759534804,False,0.0,0.0,False,1600,-1.0,0.9815165400505066,0.45102983713150024,0.9491773843765259,1.0,218.1092083454132,1.0,46.26081645488739,hard,0.0,0.0,0.007491815934760998,0.0075987042598161525,0.6648292309120516,0.0,contact_alignment
487,-185.5826773186779,-1.7360935629379735,-187.31877088161588,False,0.0,0.0,False,1600,-1.0,0.5938620567321777,0.45136359333992004,0.9493301510810852,1.0,210.49505829811096,1.0,46.1200150847435,hard,0.0,0.0,0.005450481812261292,0.005698441891448985,0.5480017328189489,0.0,contact_alignment
488,4188.3482218057725,499.2507906643942,4687.599012470167,True,0.0,0.0,False,302,-1.0,0.39092040061950684,0.45025360584259033,0.9498687982559204,1.0,241.8795680999756,1.0,46.40080213546753,hard,0.040198117595456925,0.04009524971036468,0.00016462055235828414,0.00017970778276987518,0.41031791466747725,0.0,success
489,4381.295412179062,499.24969229614254,4880.545104475204,True,0.0,0.0,False,294,-1.0,0.3059113025665283,0.4502297639846802,0.9498608112335205,1.0,241.8437695503235,1.0,46.37808799743652,hard,0.039541091059002074,0.03940530244529607,0.0006287993216593779,0.0006636051280580212,0.4192633235239426,0.0,success
490,2942.3860907865496,499.28009621556254,3441.666187002112,True,0.0,0.0,False,223,-1.0,0.9902886748313904,0.45028483867645264,0.9498424530029297,1.0,241.86070799827576,1.0,46.368207931518555,hard,0.0639375163429643,0.06376095849744319,0.0007082155037285876,0.0008307422204006571,0.5480298152781118,0.0,success
491,-345.39790816802997,-2.146009876447149,-347.5439180444771,False,0.0,0.0,False,1600,-1.0,1.0,0.4542262852191925,0.946782112121582,1.0,219.35674905776978,1.0,46.10161513090134,hard,0.0,0.0,0.010160989793270049,0.010568274126169713,0.9276607060102655,0.0,contact_alignment
492,-250.08424321166459,-1.9482169576130768,-252.03246016927767,False,0.0,0.0,False,1600,-1.0,1.0,0.45254337787628174,0.9487425684928894,1.0,215.83730220794678,1.0,46.14015281200409,hard,0.0,0.0,0.007297513344022701,0.007415946728019347,0.6489991915549644,0.0,contact_alignment
493,-363.7877599595431,-2.2647960292490024,-366.0525559887921,False,0.0,0.0,False,1600,-1.0,1.0,0.45898398756980896,0.936870813369751,1.0,221.76561951637268,1.0,45.90413272380829,hard,0.0,0.0,0.010544764140513198,0.010749429934347745,0.981295890117411,0.0,contact_alignment
494,1649.3409140288484,499.28743014746743,2148.6283441763157,True,0.0,0.0,False,171,-1.0,0.26120179891586304,0.4502406120300293,0.9498854279518127,1.0,241.91178679466248,1.0,46.35837584733963,hard,0.07557033521878657,0.0755114257449818,0.0008668732270747566,0.0008891821572379485,1.6160880456626505,0.0,success
495,4328.132383629144,499.2746530869054,4827.407036716049,True,0.0,0.0,False,285,-1.0,0.29909858107566833,0.4502500593662262,0.9498618841171265,1.0,241.90938472747803,1.0,46.37985497713089,hard,0.0406897956681781,0.040560031444218436,0.00024009208191054968,0.00040647747851444907,0.37392014950658453,0.0,success
496,-287.91798895997323,-1.8261118963485985,-289.74410085632184,False,0.0,0.0,False,1600,-1.0,1.0,0.45218682289123535,0.9492253065109253,1.0,208.3359408378601,1.0,46.038585901260376,hard,0.0,0.0,0.008551932233725105,0.009065479207673286,0.8477849199444811,0.0,contact_alignment
497,4161.675477295087,499.23957591204754,4660.915053207134,True,0.0,0.0,False,306,-1.0,0.6410176157951355,0.4502227008342743,0.9498799443244934,1.0,241.90622329711914,1.0,46.36449247598648,hard,0.040153235570723644,0.04007631883159671,0.0002639480265547669,0.00028202281634546127,0.4097001036328888,0.0,success
498,4364.114141340331,499.25365982182075,4863.367801162152,True,0.0,0.0,False,291,-1.0,0.28090545535087585,0.45019713044166565,0.9498833417892456,1.0,241.87560081481934,1.0,46.37763112783432,hard,0.03977102969567779,0.0396569177593397,0.00031688487279169625,0.00032920598642959773,0.4479946277561778,0.0,success
499,4227.038198587884,499.24161890126163,4726.279817489146,True,0.0,0.0,False,306,-1.0,0.8906168937683105,0.45021313428878784,0.9498735070228577,1.0,241.87705755233765,1.0,46.3844820857048,hard,0.040031058432687464,0.039904725526295814,0.0005648861955457728,0.0006188997786344657,0.4081137116363198,0.0,success
