episode,reward_agent1,reward_agent2,reward_total,success,peak_force_N,peak_torque_Nm,jamming,steps,action1_min,action1_max,action2_min,action2_max,kp_min,kp_max,kd_min,kd_max,curriculum,mean_depth_m,min_depth_m,mean_lateral_error_m,max_lateral_error_m,orientation_error_deg,mean_force_all_steps_N,failure_reason
0,-562.0491745931598,-14968.176251404759,-15530.22542599792,False,251.4079845797169,0.0,True,1600,-1.0,1.0,0.4784597158432007,0.9208502769470215,1.0,280.38349509239197,1.0,40.050806641578674,easy,0.0,0.0,0.007777052972997789,0.008820128300431952,1.0757217921003492,7.170384874246722,jam
1,-555.4440430606946,-14432.107420654414,-14987.55146371511,False,143.64755906252853,0.0,True,1600,-1.0,1.0,0.47832977771759033,0.9212797284126282,1.0,279.65675592422485,1.0,40.09991252422333,easy,0.0,0.0,0.007017139215555366,0.008179062183365629,1.128593294005233,7.065694647799683,jam
2,28909.003646343015,-5129.986065355738,23779.017580987278,True,322.84407442978835,0.0,True,1445,-1.0,1.0,0.47899797558784485,0.9195000529289246,0.0,279.98963952064514,0.0,40.015331745147705,easy,0.04298946113415854,0.04298913701183796,0.0008500241882530641,0.0008501221330148726,0.0008111617999345241,2.7162100392211124,success
3,-597.5789402143998,-15475.924015965746,-16073.502956180146,False,381.7562514474851,0.0,True,1600,-1.0,1.0,0.4805391728878021,0.9210608005523682,1.0,279.414541721344,1.0,40.195295453071594,easy,0.0,0.0,0.01127584395413337,0.011685158705665012,1.2678208890244063,6.913086867318673,jam
4,-630.9588480530332,-14631.703591557209,-15262.662439610243,False,264.6288964834141,0.0,True,1600,-1.0,1.0,0.4818941354751587,0.9226914644241333,1.0,280.1474928855896,1.0,40.2191116809845,easy,0.0,0.0,0.012177139695526348,0.012645505258235889,1.075596831873946,6.570108577379999,jam
5,12710.40727657031,-8174.28930622722,4536.117970343086,True,106.54482888148614,0.0,True,1395,-1.0,1.0,0.47592225670814514,0.9221218228340149,0.0,280.0089728832245,0.0,40.096506118774414,easy,0.04298861411864072,0.04298830313059207,0.0008933978248357247,0.0008934773982361553,0.0008027620045601431,4.841016603121685,success
6,1976.621451985447,-10500.770112154596,-8524.14866016915,True,168.6837388331996,0.0,True,1308,-1.0,1.0,0.47483590245246887,0.9224956035614014,0.0,280.78890562057495,0.0,40.3250195980072,easy,0.04298038263769395,0.042979634997379695,0.001171847034086145,0.0011719367214583695,0.0010675298346600644,6.3551044052553936,success
7,-681.4944704607537,-17063.11256307457,-17744.607033535325,False,516.8109925064824,0.0,True,1600,-1.0,1.0,0.4804961085319519,0.9250561594963074,1.0,279.88467931747437,1.0,40.116631627082825,easy,0.0,0.0,0.01191143620421972,0.012706438490303706,1.476384843862981,7.426736627903787,jam
8,7707.429846364861,-13381.4371914821,-5674.007345117239,True,461.12875697583667,0.0,True,1565,-1.0,1.0,0.4803164601325989,0.9216861724853516,0.0,279.47027802467346,0.0,40.10161304473877,easy,0.042994662354188015,0.04299437502294812,0.0005538456119417652,0.0005539541365180832,0.0008318686905465571,5.917681983107458,success
9,-554.0626712242132,-14200.509398619546,-14754.572069843758,False,141.8702087765927,0.0,True,1600,-1.0,1.0,0.4804382920265198,0.9247735738754272,1.0,280.1280200481415,1.0,40.1272531747818,easy,0.0,0.0,0.009578467908020943,0.010351696306863379,0.8430237840171918,6.4649570890390855,jam
10,-513.2944163692573,-14389.004996995438,-14902.299413364695,False,57.65246911476515,0.0,True,1600,-1.0,1.0,0.4792225956916809,0.9229869842529297,1.0,280.04523634910583,1.0,40.05874955654144,easy,0.0,0.0,0.006895746091431971,0.0072936272551266485,1.4671713317637072,7.131514048538616,jam
11,-687.2683723963468,-14167.52052062962,-14854.788893025965,False,127.75340895506599,0.0,True,1600,-1.0,1.0,0.4812880754470825,0.9221513271331787,1.0,279.4479727745056,1.0,40.13049864768982,easy,0.0,0.0,0.013625371516533511,0.014345207179559517,1.1743590635151313,6.70107390315796,jam
12,29192.717186226237,-4405.684973012248,24787.03221321399,True,209.5286524584659,0.0,True,1448,-1.0,1.0,0.47722816467285156,0.9258660674095154,0.0,280.20859360694885,0.0,40.075164675712585,easy,0.042989285201795915,0.04298892563218623,0.0008587741044940373,0.0008588668252349727,0.0008214992987854434,2.636855339169914,success
13,13663.975363511257,-9510.09136743889,4153.883996072369,True,286.20412133884525,0.0,True,1480,-1.0,1.0,0.47772371768951416,0.9220969676971436,0.0,280.5045700073242,0.0,40.13633871078491,easy,0.04299095423263156,0.042990666320513654,0.000778632388415787,0.0007787441839077662,0.0008050438111259512,4.984509479221757,success
14,-605.2026381110235,-17027.026654126526,-17632.22929223755,False,517.0293496940269,0.0,True,1600,-1.0,1.0,0.4774791896343231,0.9218605160713196,1.0,279.79307651519775,1.0,40.18787109851837,easy,0.0,0.0,0.009204472714287705,0.01002965394661035,1.446453497843085,7.390660044827666,jam
15,7361.757680855386,-2966.011592053908,4395.746088801478,True,99.35637982917942,0.0,True,688,-1.0,1.0,0.48145025968551636,0.9199038147926331,0.0,280.57209730148315,0.0,40.10233187675476,easy,0.0429946601611473,0.04299439108154661,0.0005290913654878939,0.0005291688805889462,0.0008172790315352445,4.340091227216644,success
16,5117.00972379293,-347.1347082411449,4769.8750155517855,True,119.77932863780823,0.0,False,321,-1.0,1.0,0.48152053356170654,0.9235308170318604,0.0,280.5809164047241,0.0,39.96154808998108,easy,0.04299058981526188,0.04299019977804261,0.0007851163162670345,0.0007852272913688545,0.0008036282487970293,2.5522352522105027,success
17,-1618.1773553254616,-13743.67715936399,-15361.85451468945,False,131.7928855694751,0.0,True,1600,-1.0,1.0,0.4795560836791992,0.9234609007835388,1.0,280.616557598114,1.0,40.11317336559296,easy,0.0,0.0,0.025608242979047076,0.02579658493585755,9.491557054364462,7.639895562269687,jam
18,-544.5174552773319,-19153.79894331984,-19698.31639859717,False,689.5373274681959,0.0,True,1600,-1.0,1.0,0.4772229492664337,0.9206979274749756,1.0,281.14134788513184,1.0,40.04272961616516,easy,0.0,0.0,0.009126585602812702,0.009712550011686527,1.0437697126477998,7.068166552769389,jam
19,-1607.0084073378844,-13716.66209852097,-15323.670505858856,False,153.88459332723542,0.0,True,1600,-1.0,1.0,0.4776994585990906,0.92451411485672,1.0,280.390704870224,1.0,40.022595167160034,easy,0.0,0.0,0.02492635365012954,0.02519287110918239,9.535601676251996,7.567812306480476,jam
20,5228.568829790682,-605.9166468916997,4622.652182898983,True,167.3700783612654,0.0,False,328,-1.0,1.0,0.47631001472473145,0.9223480820655823,0.0,279.9669587612152,0.0,39.95502853393555,easy,0.042992077647725,0.042991826036032466,0.0007053623410242938,0.0007054852884517155,0.000761085932704389,3.040813701009801,success
21,-639.1815312219511,-15268.909605343684,-15908.091136565637,False,351.52345691679807,0.0,True,1600,-1.0,1.0,0.47760772705078125,0.9269359111785889,1.0,280.8222186565399,1.0,40.04229152202606,easy,0.0,0.0,0.012073791305217376,0.012387098639453503,1.433048497659869,7.044557237807582,jam
22,-575.790188793191,-14831.465754532648,-15407.25594332584,False,225.1197901202744,0.0,True,1600,-1.0,1.0,0.477890282869339,0.922773540019989,1.0,280.24590849876404,1.0,39.97723722457886,easy,0.0,0.0,0.00706170711213046,0.008656003470762513,1.4124945632972274,7.349148353009095,jam
23,4936.31972745149,-366.8708378786955,4569.448889572794,True,127.35865859663613,0.0,False,318,-1.0,1.0,0.47971686720848083,0.9198545813560486,0.0,279.87606406211853,0.0,39.9354305267334,easy,0.04299010222122591,0.04298970297500353,0.0008051738341161028,0.0008053138365542892,0.0008111546109108867,2.537543933676503,success
24,4354.71006480728,-97.84641327607595,4256.8636515312055,True,82.33708462133977,0.0,False,302,-1.0,1.0,0.47876816987991333,0.9165351986885071,0.0,279.36182022094727,0.0,39.95937728881836,easy,0.0429899354732527,0.04298948121476355,0.0007916921718922296,0.0007918195517683797,0.0008564958326661672,1.6473136885106265,success
25,-596.9912426798151,-14167.32414781463,-14764.315390494447,False,118.60126082069928,0.0,True,1600,-1.0,1.0,0.4781646728515625,0.9218664169311523,1.0,280.63252210617065,1.0,40.196184158325195,easy,0.0,0.0,0.011306470897390966,0.011616638085985271,1.2587043999016991,6.879716501061885,jam
26,26686.34241883508,-4713.8590938059,21972.48332502918,True,105.91605244468552,0.0,True,1443,-1.0,1.0,0.4780067801475525,0.922443687915802,0.0,279.71705198287964,0.0,39.972312688827515,easy,0.04298926595930508,0.04298893117895222,0.0008621280632309122,0.0008622238130559277,0.0008165147636497947,2.8235032869968384,success
27,-1626.9459693486751,-13630.520613753833,-15257.466583102509,False,55.793351504518434,0.0,True,1600,-1.0,1.0,0.4761013090610504,0.9214857816696167,1.0,280.3768002986908,1.0,40.12435281276703,easy,0.0,0.0,0.024631068692997707,0.024849962887012772,9.761619300598019,7.582990572761575,jam
28,-672.0052005567433,-14729.485190580599,-15401.490391137342,False,262.467425748322,0.0,True,1600,-1.0,1.0,0.47693535685539246,0.9260801076889038,1.0,280.14678478240967,1.0,40.10399127006531,easy,0.0,0.0,0.012166992963571616,0.012863276547958083,1.5020363766593265,7.153022846275337,jam
29,25073.561118911486,-6792.737305888933,18280.82381302255,True,434.04811173054543,0.0,True,1421,-1.0,1.0,0.47644877433776855,0.9229328632354736,0.0,281.37781143188477,0.0,40.166048645973206,easy,0.04298865489557527,0.042988324561518215,0.0008896107538253861,0.0008897004436407991,0.0008140439584250992,3.282785155639391,success
30,25530.630252502957,-5861.24665666068,19669.38359584228,True,311.0312254425275,0.0,True,1444,-1.0,1.0,0.47986453771591187,0.9204717874526978,0.0,280.1229131221771,0.0,40.10901415348053,easy,0.042989087164043385,0.042988745669741965,0.0008702729952985242,0.0008703692146246153,0.0008201810205073084,3.269242625065343,success
31,4227.037032866674,-120.24237584509157,4106.794657021584,True,117.72253614619717,0.0,False,301,-1.0,1.0,0.4805980324745178,0.9173626899719238,0.0,281.1812376976013,0.0,39.94055712223053,easy,0.0429896152403313,0.04298914429828039,0.0008090733123609474,0.00080920009146159,0.0008644065001944495,1.7188756667968743,success
32,21247.357225938573,-8251.897264518446,12995.459961420127,True,432.5984086934489,0.0,True,1463,-1.0,1.0,0.48084941506385803,0.9214549660682678,0.0,280.46135425567627,0.0,40.06540501117706,easy,0.04298982384984472,0.04298947739097017,0.0008329728533174669,0.0008330739827671753,0.000819611138808848,4.015685424286262,success
33,-674.2319983117641,-14331.858151510878,-15006.090149822641,False,146.9609589178879,0.0,True,1600,-1.0,1.0,0.48102593421936035,0.9208030104637146,1.0,280.5299115180969,1.0,39.9334921836853,easy,0.0,0.0,0.012543182775965802,0.013292682696221008,1.4873120736053176,7.091550482270468,jam
34,-1618.6220596641049,-13753.87403710803,-15372.496096772136,False,133.80782819652296,0.0,True,1600,-1.0,1.0,0.4764367640018463,0.9226930737495422,1.0,279.980788230896,1.0,40.091774702072144,easy,0.0,0.0,0.02556166492214219,0.025783691930242714,9.510761727059744,7.6865119805397475,jam
35,-582.6270780225327,-16594.81138899329,-17177.438467015825,False,477.680922947264,0.0,True,1600,-1.0,1.0,0.4768339991569519,0.9245947003364563,1.0,280.4834234714508,1.0,40.016646027565,easy,0.0,0.0,0.007294595397497742,0.00830797757441664,1.1928936484008281,7.289528989850905,jam
36,-688.6165291662987,-14142.216232328916,-14830.832761495218,False,61.62691275036199,0.0,True,1600,-1.0,1.0,0.4797552227973938,0.9190037846565247,1.0,279.26284670829773,1.0,40.106390953063965,easy,0.0,0.0,0.013563591981500343,0.014117487119277922,1.3925518805994261,6.881803144901851,jam
37,-1667.2100373521293,-13741.82997735588,-15409.040014708009,False,126.7553856956529,0.0,True,1600,-1.0,1.0,0.4814583361148834,0.9223905205726624,1.0,280.9015154838562,1.0,40.16620600223541,easy,0.0,0.0,0.026816921740277087,0.02708443991940253,9.625186755475964,7.638779298911236,jam
38,-1644.0866791684393,-13627.866622934003,-15271.953302102444,False,57.911211689109386,0.0,True,1600,-1.0,1.0,0.48312249779701233,0.9198762774467468,1.0,280.5070912837982,1.0,40.131280064582825,easy,0.0,0.0,0.025711182744715073,0.025918771980155422,9.685187463888685,7.600133973691814,jam
39,5183.749377896903,-10077.463232235785,-4893.713854338881,True,282.69371205890246,0.0,True,1286,-1.0,1.0,0.48116612434387207,0.9191151261329651,0.0,280.23685336112976,0.0,40.036805510520935,easy,0.042990405299582604,0.04299011908221742,0.0007782149595534306,0.0007782351700611623,0.0007326323144371706,5.932439780511125,success
40,-1688.9952668189317,-13654.828615674052,-15343.823882492983,False,59.64489121005772,0.0,True,1600,-1.0,1.0,0.4829676151275635,0.920247495174408,1.0,280.18282294273376,1.0,40.01654410362244,easy,0.0,0.0,0.027267413681628914,0.027459254976769355,9.72021410467244,7.556274827676474,jam
41,-618.8524323324525,-16951.116543688076,-17569.96897602053,False,527.2987714297701,0.0,True,1600,-1.0,1.0,0.4797563850879669,0.9180744886398315,1.0,279.79050159454346,1.0,40.157671213150024,easy,0.0,0.0,0.010870033274595466,0.011558139060834303,1.2397005248789459,7.036848697568198,jam
42,-1637.970165102547,-13630.725453348787,-15268.695618451333,False,72.74304834003144,0.0,True,1600,-1.0,1.0,0.4835669696331024,0.9192206263542175,1.0,281.32046580314636,1.0,39.98499774932861,easy,0.0,0.0,0.025459837220727047,0.025677375894120367,9.70763046335488,7.602710360646909,jam
43,22611.693768366622,-7743.347828260852,14868.345940105768,True,439.0240837104958,0.0,True,1444,-1.0,1.0,0.48044881224632263,0.9187103509902954,0.0,279.3101501464844,0.0,40.09632909297943,easy,0.04298975487089181,0.042989446939054626,0.0008377084308094237,0.0008378051035554671,0.0008044002294251881,3.6406774962051838,success
44,4527.442815337817,-137.0126317005675,4390.430183637249,True,114.57592994958523,0.0,False,304,-1.0,1.0,0.48048481345176697,0.9173601865768433,0.0,281.0553026199341,0.0,39.97002565860748,easy,0.04299014097660141,0.04298970097825058,0.0007829839768030849,0.0007831004774169239,0.000842567319687854,1.585865451088311,success
45,26085.834551714943,-4756.735888552854,21329.09866316209,True,104.93546169850754,0.0,True,1431,-1.0,1.0,0.4771362841129303,0.9232933521270752,0.0,279.76141571998596,0.0,39.956634283065796,easy,0.0429890632668695,0.04298872532006219,0.0008710480324380747,0.0008711364221252783,0.0008127943048784676,3.105997987434225,success
46,-500.4820354148554,-14213.847476739054,-14714.32951215391,False,43.001225146910265,0.0,True,1600,-1.0,1.0,0.47943079471588135,0.9201986789703369,1.0,280.04014015197754,1.0,40.01163029670715,easy,0.0,0.0,0.006746404760990336,0.0068515533714772646,1.5308650585187082,7.00792204498828,jam
47,-698.01172688455,-14308.237848303881,-15006.24957518843,False,149.21112838887757,0.0,True,1600,-1.0,1.0,0.4798737168312073,0.9193881750106812,1.0,279.7846758365631,1.0,40.08021438121796,easy,0.0,0.0,0.013273248135405948,0.013946422511501449,1.4222747715270687,7.083790003894808,jam
48,7032.4716431467095,-5961.216508588022,1071.255134558688,True,528.1552562668151,0.0,True,692,-1.0,1.0,0.48422354459762573,0.9178826808929443,0.0,279.91939783096313,0.0,39.959413051605225,easy,0.04299469118284749,0.04299451841173635,0.0005254895365319559,0.0005255845398711381,0.000775091999193072,4.848883823022659,success
49,5624.180650023559,-11904.294292803916,-6280.113642780356,True,226.28690229259863,0.0,True,1528,-1.0,1.0,0.4810052812099457,0.9225841760635376,0.0,279.5284390449524,0.0,40.0023695230484,easy,0.04299271324739162,0.0429923807993602,0.0006837121108820668,0.0006837944881203979,0.0007871496692352774,6.088499020153309,success
50,-634.3312763363127,-15219.05118472982,-15853.382461066132,False,313.4883709759766,0.0,True,1600,-1.0,1.0,0.4731406271457672,0.9183085560798645,1.0,280.46531319618225,1.0,40.00108563899994,easy,0.0,0.0,0.010775149545042363,0.011268797580478265,1.4869358755416142,7.288612826922833,jam
51,13218.764730367198,-9202.625261444295,4016.139468922902,True,108.7815601927738,0.0,True,1512,-1.0,1.0,0.47510460019111633,0.923733115196228,0.0,280.0786888599396,0.0,39.985679030418396,easy,0.04299187354126208,0.042991533216292344,0.0007266969443507906,0.0007268032599114763,0.0008234574895501139,4.974300662239375,success
52,-507.11894733997775,-14887.147152812915,-15394.266100152894,False,256.2063013764603,0.0,True,1600,-1.0,1.0,0.4802788496017456,0.9201164841651917,1.0,280.11574625968933,1.0,39.99669396877289,easy,0.0,0.0,0.006978615289143954,0.007306778799746424,1.2819115632436549,7.1948041059696894,jam
53,4525.451094859067,-405.37924405968954,4120.071850799377,True,162.65997589785445,0.0,False,303,-1.0,1.0,0.47940921783447266,0.9161950945854187,0.0,280.17725467681885,0.0,39.880064368247986,easy,0.04299033885871195,0.04298990959480185,0.0007760479929168379,0.0007761552120949582,0.0008372586012986168,2.060781055250136,success
54,4252.843820691302,-516.1984089169509,3736.645411774352,True,163.9229977807446,0.0,False,300,-1.0,1.0,0.4786638617515564,0.9203735589981079,0.0,280.263375043869,0.0,39.91183423995972,easy,0.04298869032384235,0.04298816922035564,0.0008536220164744473,0.0008537434077386765,0.0008805151024701867,2.975824132335957,success
55,-605.5919279275162,-14303.89919065265,-14909.491118580163,False,147.21305164453062,0.0,True,1600,-1.0,1.0,0.4807557463645935,0.9190844893455505,1.0,282.0767629146576,1.0,39.998122692108154,easy,0.0,0.0,0.01034980673187707,0.010642262984857116,1.464800488145926,7.119708602833895,jam
56,-656.6338509615814,-16867.189550428782,-17523.823401390364,False,510.46068473743543,0.0,True,1600,-1.0,1.0,0.4785158038139343,0.922284722328186,1.0,280.0597310066223,1.0,39.98234236240387,easy,0.0,0.0,0.011599206823941197,0.012342722290574067,1.410322397275817,7.297774440546729,jam
57,32265.680207630576,-5531.529497853129,26734.150709777445,True,433.05974876425034,0.0,True,1499,-1.0,1.0,0.48124465346336365,0.9202473163604736,0.0,280.08392453193665,0.0,39.948246121406555,easy,0.04299108721960078,0.04299067138563609,0.0007633020771970155,0.0007633970874698007,0.0008407615907289618,2.4171938985970525,success
58,-536.3673445268921,-14643.291184736678,-15179.658529263568,False,232.38603754862206,0.0,True,1600,-1.0,1.0,0.48092228174209595,0.9210048317909241,1.0,280.6431972980499,1.0,40.03411257266998,easy,0.0,0.0,0.005714001813742679,0.007292511552517261,1.0901287276940586,7.089790917331627,jam
59,-634.8022463723241,-18772.070794181032,-19406.873040553357,False,663.9197995268713,0.0,True,1600,-1.0,1.0,0.478517085313797,0.9194027185440063,1.0,280.73716044425964,1.0,39.99282622337341,easy,0.0,0.0,0.012409750491244705,0.012813266825533472,1.2346541416164662,7.117996824022316,jam
60,-677.5596651537101,-14244.006953349959,-14921.566618503668,False,129.6873431315799,0.0,True,1600,-1.0,1.0,0.47941088676452637,0.9213665723800659,1.0,280.11998414993286,1.0,39.97602844238281,easy,0.0,0.0,0.012493305819002886,0.01306585188708742,1.5686787746804873,7.080999424962211,jam
61,-628.782643500309,-14046.539182855351,-14675.321826355657,False,103.45081807308355,0.0,True,1600,-1.0,1.0,0.47879743576049805,0.9198344945907593,1.0,279.83256936073303,1.0,39.91896176338196,easy,0.0,0.0,0.012382158997065216,0.012598416352359443,1.2134235005022642,6.374249815083187,jam
62,17968.720872219288,-7742.820247734986,10225.9006244843,True,214.01484230406456,0.0,True,1458,-1.0,1.0,0.48309507966041565,0.9218077659606934,0.0,280.7425892353058,0.0,39.95976531505585,easy,0.04298935037140935,0.042988989191002414,0.0008565201744162633,0.0008566165120545031,0.000828295533331298,4.113851512685562,success
63,12551.799194002717,-9543.201499985882,3008.5976940168357,True,226.78730180179465,0.0,True,1494,-1.0,1.0,0.4760987162590027,0.9212609529495239,0.0,279.8737573623657,0.0,39.855706334114075,easy,0.042990771418450174,0.04299041585636845,0.0007900393354421621,0.0007901420233926294,0.0008277263948744634,5.074245823906687,success
64,28084.556406097232,-4758.133658924129,23326.422747173103,True,218.86578231338032,0.0,True,1456,-1.0,1.0,0.47974759340286255,0.918705940246582,0.0,280.1139008998871,0.0,39.94655990600586,easy,0.042989690307363645,0.04298933755012896,0.0008387948519281191,0.0008388888153446444,0.00081875334680295,2.7193981243024985,success
65,-518.426439011696,-15084.851350544059,-15603.277789555756,False,309.1678716724604,0.0,True,1600,-1.0,1.0,0.4814954102039337,0.9219387769699097,1.0,280.06529927253723,1.0,39.91152310371399,easy,0.0,0.0,0.0032170853850424118,0.004223901057973612,2.232359752078496,6.999675233620621,jam
66,15108.531537027347,-8613.376896398291,6495.154640629056,True,106.63549725263002,0.0,True,1507,-1.0,1.0,0.48253628611564636,0.920457661151886,0.0,280.4473638534546,0.0,39.90157747268677,easy,0.04299160867122377,0.04299126138710968,0.0007405160117712289,0.0007406248504873207,0.0008288009594963428,4.574267170050326,success
67,-1644.5827347835796,-13706.586897843197,-15351.169632626777,False,120.0290698638389,0.0,True,1600,-1.0,1.0,0.4791487455368042,0.92349773645401,1.0,281.065194606781,1.0,39.88975965976715,easy,0.0,0.0,0.024630211465472153,0.024836881581756703,9.92098527645167,7.499508009316615,jam
68,-644.0956771636585,-14564.617153316638,-15208.712830480297,False,192.9255204450363,0.0,True,1600,-1.0,1.0,0.47684186697006226,0.9206780791282654,1.0,281.08561158180237,1.0,39.86489915847778,easy,0.0,0.0,0.010907625762860359,0.011589000553331386,1.3143316648023284,7.111366614207807,jam
69,-563.9547171658356,-17258.766071035912,-17822.720788201746,False,558.1191990535351,0.0,True,1600,-1.0,1.0,0.47837820649147034,0.9242950677871704,1.0,281.1430752277374,1.0,39.88653743267059,easy,0.0,0.0,0.009898571743748807,0.010589491264762016,0.8892955727199102,6.745354089369299,jam
70,-1619.0122212719125,-13606.169777087212,-15225.181998359125,False,55.63797344289385,0.0,True,1600,-1.0,1.0,0.47912177443504333,0.9227586388587952,1.0,280.9306228160858,1.0,39.932780504226685,easy,0.0,0.0,0.025239010488437862,0.025459994254775183,9.600897840024913,7.483575728419196,jam
71,-565.6962077314371,-17040.455278326932,-17606.15148605837,False,549.8670659658774,0.0,True,1600,-1.0,1.0,0.47648531198501587,0.9251634478569031,1.0,280.14280438423157,1.0,40.02501451969147,easy,0.0,0.0,0.010916064296814552,0.011216289597137502,0.8273827582502346,6.693729641216741,jam
72,6043.800768780949,-3969.55697522112,2074.243793559829,True,423.4284738145669,0.0,True,561,-1.0,1.0,0.47764208912849426,0.9200955033302307,0.0,280.21023511886597,0.0,39.84928870201111,easy,0.04299194002419852,0.042991742700551575,0.0007195937062269746,0.0007196057498806975,0.0007557145973316856,4.836484296330069,success
73,-537.7737887557902,-13902.367733558436,-14440.141522314227,False,48.132762561525254,0.0,True,1600,-1.0,1.0,0.4816719889640808,0.9208651781082153,1.0,280.9268891811371,1.0,39.87613224983215,easy,0.0,0.0,0.009815124249379229,0.010238785947859964,0.7557993578063779,6.37834426847993,jam
74,-690.0814828206165,-15070.104321609553,-15760.18580443017,False,322.4473478006032,0.0,True,1600,-1.0,1.0,0.4792679250240326,0.9263505339622498,1.0,281.37542963027954,1.0,39.820631980895996,easy,0.0,0.0,0.013137397954118155,0.013633088313432051,1.4827946593073045,7.146851426458832,jam
75,4567.709248182709,-387.2271744604518,4180.482073722259,True,180.79616309035524,0.0,False,305,-1.0,1.0,0.48352086544036865,0.9195001721382141,0.0,280.81849575042725,0.0,39.75719952583313,easy,0.04298965509624235,0.042989192643667615,0.0008165025480881165,0.0008166265083470561,0.0008509511007220042,2.2380576088654776,success
76,14673.351214753553,-11174.774313828642,3498.5769009249143,True,485.1434890063938,0.0,True,1520,-1.0,1.0,0.47492438554763794,0.9251619577407837,0.0,280.29918789863586,0.0,39.93954145908356,easy,0.042992502085389406,0.04299217742468031,0.0006875966953437966,0.0006877063294926384,0.0008209987000584818,4.961046269715833,success
77,-561.5265049880807,-14068.718578327744,-14630.245083315824,False,46.1140708070929,0.0,True,1600,-1.0,1.0,0.48144006729125977,0.9253048896789551,1.0,281.1315846443176,1.0,39.844512581825256,easy,0.0,0.0,0.009993517239679374,0.01041853779240183,1.0420576282892415,6.707476283906569,jam
78,12194.629906398108,-9783.727354818415,2410.902551579694,True,262.78047517094353,0.0,True,1488,-1.0,1.0,0.4743805527687073,0.9240230321884155,0.0,281.0685420036316,0.0,39.87272047996521,easy,0.0429908128133188,0.042990465466045624,0.0007833386354122797,0.0007834418470267817,0.0008203831844298015,5.258455149935647,success
79,-518.5404233446503,-14788.824586623985,-15307.365009968638,False,228.5644557754054,0.0,True,1600,-1.0,1.0,0.4778887629508972,0.9262455701828003,1.0,281.24138355255127,1.0,39.90185463428497,easy,0.0,0.0,0.006280965068465743,0.007233357141025894,1.3133403643919928,7.209734775761623,jam
80,-647.1432157021767,-18471.18565572792,-19118.328871430098,False,646.628158974786,0.0,True,1600,-1.0,1.0,0.476469486951828,0.9223599433898926,1.0,280.26150822639465,1.0,39.82600176334381,easy,0.0,0.0,0.012449626389863966,0.012999812636216414,1.2902826004511572,7.113921861769658,jam
81,-552.6313312011814,-15076.667697737714,-15629.299028938894,False,314.7782193985111,0.0,True,1600,-1.0,1.0,0.47841691970825195,0.9213107228279114,1.0,280.47635316848755,1.0,39.95691680908203,easy,0.0,0.0,0.006284197909267066,0.007455676843001972,1.0734416251527665,7.119247140613543,jam
82,-609.9955295278675,-16976.514092893463,-17586.50962242133,False,537.7821362097661,0.0,True,1600,-1.0,1.0,0.4776868522167206,0.920089602470398,1.0,281.09381914138794,1.0,39.86713254451752,easy,0.0,0.0,0.012310185962914725,0.012690752195440802,1.1513728383664603,6.80110214471129,jam
83,-677.6527769206918,-16572.07317472103,-17249.72595164172,False,472.0144710612378,0.0,True,1600,-1.0,1.0,0.47801917791366577,0.9253271818161011,1.0,280.57969331741333,1.0,39.786433815956116,easy,0.0,0.0,0.012257433338569556,0.012828930201696453,1.5665580965404091,7.444708688687487,jam
84,-717.9582584487405,-14319.130667403195,-15037.088925851936,False,183.84202578036977,0.0,True,1600,-1.0,1.0,0.47775083780288696,0.9201489090919495,1.0,280.9547197818756,1.0,39.95975995063782,easy,0.0,0.0,0.014983563721518382,0.01547974292732976,1.4173297461268224,6.817123221207091,jam
85,4219.68915841608,-337.9632432856378,3881.7259151304424,True,161.84871459433694,0.0,False,300,-1.0,1.0,0.4775408208370209,0.9208155870437622,0.0,280.39770007133484,0.0,39.85966885089874,easy,0.04299018780290838,0.04298969827404642,0.0007760460223587605,0.0007761471260602957,0.0008726218248513653,2.685363954026029,success
86,-606.1304690737841,-18250.05896352994,-18856.189432603725,False,609.1696602469957,0.0,True,1600,-1.0,1.0,0.47934675216674805,0.9197726845741272,1.0,280.93353033065796,1.0,39.86599886417389,easy,0.0,0.0,0.008634576843205097,0.0094220035627512,1.1668985857525154,7.422339691188372,jam
87,4324.520513978302,-237.62522602282473,4086.895287955477,True,117.14376215173185,0.0,False,302,-1.0,1.0,0.48536694049835205,0.9192706346511841,0.0,281.1314129829407,0.0,39.78212797641754,easy,0.04298940235623115,0.04298896447254866,0.0008227914889354087,0.0008229557229335348,0.000840870824005529,2.016701089458107,success
88,-570.4607701663638,-14201.616491911665,-14772.077262078028,False,43.30203198069909,0.0,True,1600,-1.0,1.0,0.4784407317638397,0.9203082919120789,1.0,280.65826058387756,1.0,39.809831619262695,easy,0.0,0.0,0.007643781985497394,0.00794460103378873,1.1583294852199033,6.953859567225837,jam
89,-583.0842468673145,-14341.409707998808,-14924.493954866122,False,201.64871487729167,0.0,True,1600,-1.0,1.0,0.48044121265411377,0.9217113852500916,1.0,280.42641043663025,1.0,39.88775157928467,easy,0.0,0.0,0.010241008792779324,0.01085313022728646,0.9756196615457664,6.604206396337906,jam
90,15567.72957506383,-8404.787708500702,7162.9418665631265,True,77.35280617009315,0.0,True,1504,-1.0,1.0,0.482388436794281,0.9194937944412231,0.0,281.07659935951233,0.0,39.75125217437744,easy,0.04299162475091056,0.042991279516915254,0.0007393908886717468,0.0007394966317486941,0.0008253505394401981,4.5884834599523465,success
91,4343.054066051186,-188.50352837492966,4154.550537676258,True,125.80361732268261,0.0,False,302,-0.9966356754302979,1.0,0.48123666644096375,0.9235011339187622,0.0,281.0808801651001,0.0,39.54874360561371,easy,0.042989496220895804,0.04298898048911945,0.0008152935892940471,0.0008154291373537753,0.0008876207937457118,1.9554669526146449,success
92,6410.97211746397,-12115.431670269554,-5704.4595528055825,False,183.64859768220649,0.0,True,1600,-1.0,1.0,0.48080092668533325,0.9201329946517944,1.0,280.206823348999,1.0,39.8083975315094,easy,0.05917844534798948,0.05914953952292529,0.0011059634048342722,0.0011266761338999864,1.5827755149498248,5.930319545655614,jam
93,-1641.9961355813919,-13781.020433773221,-15423.016569354611,False,159.31742574406746,0.0,True,1600,-1.0,1.0,0.48162320256233215,0.9196423292160034,1.0,281.4723324775696,1.0,39.74628293514252,easy,0.0,0.0,0.02494130229151778,0.025182985678191452,9.810810053794194,7.744199412485978,jam
94,9524.478893313271,-10776.626097640452,-1252.1472043271824,True,110.25477527091134,0.0,True,1563,-1.0,1.0,0.4787746071815491,0.919921338558197,0.0,281.33986353874207,0.0,39.839412808418274,easy,0.04299392402908724,0.042993589465116305,0.0005864406769267741,0.0005865614050269314,0.0008323259701859733,5.517180890086737,success
95,-718.3322914468624,-14680.241992110823,-15398.574283557686,False,275.94410454975394,0.0,True,1600,-1.0,1.0,0.47941938042640686,0.9248558878898621,1.0,281.0717284679413,1.0,39.74703931808472,easy,0.0,0.0,0.01508738894857206,0.015748641544298007,1.2696037854422482,6.688381521068051,jam
96,5406.710944876636,-1926.5121727356955,3480.1987721409414,True,220.03226795224958,0.0,True,478,-1.0,1.0,0.4820765256881714,0.9219892024993896,0.0,279.8380732536316,0.0,39.76635658740997,easy,0.042988424752921556,0.04298805663473232,0.0008931151594620606,0.0008931591456355072,0.000778744067647494,3.824495766831476,success
97,5865.865349027344,-1455.6063966202366,4410.258952407106,True,156.34610484811714,0.0,True,464,-1.0,1.0,0.48293593525886536,0.9192842841148376,0.0,280.9834837913513,0.0,39.710169672966,easy,0.04299089895900956,0.042990699178067554,0.0007791550826180219,0.000779206298594625,0.0007275108391235939,3.8560528883075222,success
98,-598.5533400364307,-16236.228798439462,-16834.782138475894,False,439.2661028463316,0.0,True,1600,-1.0,1.0,0.48051339387893677,0.9201244711875916,1.0,280.71313858032227,1.0,39.97526490688324,easy,0.0,0.0,0.008651546613964323,0.009768683846548786,1.1360930872922668,7.29106467018263,jam
99,1002.1176196756921,-13510.7508770136,-12508.633257337908,False,115.58302925192164,0.0,True,1600,-1.0,1.0,0.48112913966178894,0.9208829998970032,1.0,281.35090351104736,1.0,39.748019218444824,easy,0.07933909545627818,0.0791324590303466,0.001336021254027347,0.0014507208071265348,2.1400494888899795,6.500417365687797,jam
100,-682.9054363726787,-14722.21916669511,-15405.124603067788,False,257.153024207793,0.0,True,1600,-1.0,1.0,0.4804430305957794,0.9193037748336792,1.0,280.9485721588135,1.0,39.689189434051514,easy,0.0,0.0,0.012441882638025394,0.013099716409622894,1.5035936113607078,7.17401317557076,jam
101,-1613.521384981295,-13635.6413760693,-15249.162761050593,False,69.9786925140464,0.0,True,1600,-1.0,1.0,0.48062407970428467,0.9197379946708679,1.0,280.7741856575012,1.0,39.743311047554016,easy,0.0,0.0,0.024713218289214044,0.02495128813964948,9.633795338441875,7.595528540189233,jam
102,-526.583952557509,-14342.143310115069,-14868.727262672579,False,106.1513678273712,0.0,True,1600,-1.0,1.0,0.4796707034111023,0.9242647290229797,1.0,281.38866901397705,1.0,39.74781358242035,easy,0.0,0.0,0.007411355745736356,0.007499147407231746,1.3970939926758446,7.02776176111046,jam
103,25072.46947182272,-6254.457721445472,18818.01175037724,True,316.441588845503,0.0,True,1467,-1.0,1.0,0.479326456785202,0.9194232225418091,0.0,281.689076423645,0.0,39.805702805519104,easy,0.04299026267739989,0.042989915188140354,0.0008115504409869673,0.0008116457942732905,0.0008173963076927003,3.2845707944266676,success
104,15386.249805952879,-8941.840494147566,6444.40931180531,True,284.73573225662193,0.0,True,1482,-1.0,1.0,0.48046451807022095,0.9210525155067444,0.0,281.17836236953735,0.0,39.84567487239838,easy,0.04299097470610115,0.0429906387524714,0.0007740626702414735,0.0007741624962202217,0.0008166852577975193,4.705936754465855,success
105,30679.434450535766,-3713.352060290661,26966.0823902451,True,98.22568108453642,0.0,True,1457,-1.0,1.0,0.48204249143600464,0.9219105839729309,0.0,280.9825932979584,0.0,39.826536417007446,easy,0.04298951626181492,0.04298914922120589,0.0008481372756073819,0.0008482281011757716,0.0008269118418785982,2.245067860089823,success
106,-587.7377866102247,-15385.05120691655,-15972.788993526774,False,381.3402423778634,0.0,True,1600,-1.0,1.0,0.4823279082775116,0.9239137172698975,1.0,280.5304479598999,1.0,39.88303625583649,easy,0.0,0.0,0.010588332377801084,0.011277767327624698,0.8550014578879778,6.580146975878551,jam
107,-587.7104657858027,-14743.295675930418,-15331.006141716221,False,296.2424733104307,0.0,True,1600,-1.0,1.0,0.4806866943836212,0.9224823713302612,1.0,280.08345246315,1.0,39.79567492008209,easy,0.0,0.0,0.011474734502306773,0.01196887704922301,0.8967057859118941,6.548008564586276,jam
108,-483.98113666705626,-14991.11887129071,-15475.100007957764,False,317.1649045110182,0.0,True,1600,-1.0,1.0,0.47792789340019226,0.9228617548942566,1.0,281.0077953338623,1.0,39.81019461154938,easy,0.0,0.0,0.0032325241375867186,0.004180816711355441,3.1537905870561125,7.067532275102683,jam
109,-1647.505813630598,-13652.538293632471,-15300.04410726307,False,69.7821036051139,0.0,True,1600,-1.0,1.0,0.4804137349128723,0.9171815514564514,1.0,281.26704692840576,1.0,39.81880807876587,easy,0.0,0.0,0.024840112693200446,0.02502234488950334,9.895842566243797,7.5736800262527915,jam
110,-1642.9823330283862,-13866.692871326153,-15509.67520435454,False,144.7537354106895,0.0,True,1600,-1.0,1.0,0.47659847140312195,0.9205305576324463,1.0,280.8848214149475,1.0,39.795419216156006,easy,0.0,0.0,0.024789230784049834,0.025033162177343592,9.872176037825925,7.8261959959925935,jam
111,5237.137213714522,-12665.130728915941,-7427.993515201417,True,458.5889229834302,0.0,True,1410,-1.0,1.0,0.4813150465488434,0.9211705327033997,0.0,280.56166887283325,0.0,39.94654560089111,easy,0.04298947114331625,0.04298919077420105,0.0008510495650588456,0.0008511259986388658,0.0007192073858677486,6.439748331664122,success
112,4319.81145187555,-278.68910543900995,4041.1223464365403,True,165.08959555740412,0.0,False,301,-1.0,1.0,0.48294922709465027,0.9174938201904297,0.0,280.7899570465088,0.0,39.5715012550354,easy,0.04299021879510446,0.04298974590615444,0.0007738524094148043,0.0007739409288515815,0.0008555016429758062,2.019805126481721,success
113,-564.5369261904362,-15896.716120939907,-16461.253047130343,False,399.5536201365103,0.0,True,1600,-1.0,1.0,0.4811441898345947,0.9246054291725159,1.0,280.7172906398773,1.0,39.9107381105423,easy,0.0,0.0,0.007752356047475715,0.00841763300904142,1.4983631831869881,7.419486583667333,jam
114,5797.686133158073,-11723.578755960974,-5925.892622802905,True,236.96562974737736,0.0,True,1498,-1.0,1.0,0.47921958565711975,0.9229710102081299,0.0,280.8304476737976,0.0,39.761297941207886,easy,0.04299250669079487,0.04299225494171641,0.000707213058767542,0.0007072892752185751,0.000766020065384729,6.1213287130036145,success
115,-577.9746249642525,-14457.259806473256,-15035.23443143751,False,138.4478600064604,0.0,True,1600,-1.0,1.0,0.4801759719848633,0.9253917932510376,1.0,281.10788464546204,1.0,39.88892996311188,easy,0.0,0.0,0.00767038304880086,0.008029902651837591,1.3062877130019257,7.084356012990758,jam
116,-551.4450172888075,-15180.721756651437,-15732.166773940244,False,299.81931689773813,0.0,True,1600,-1.0,1.0,0.4803459346294403,0.9202077388763428,1.0,281.1412298679352,1.0,39.75017035007477,easy,0.0,0.0,0.007043121128340093,0.007647405334618969,1.472663351316813,7.26468761826986,jam
117,30126.32780202488,-3823.6493121950707,26302.678489829803,True,99.65404665731474,0.0,True,1461,-1.0,1.0,0.48005086183547974,0.924139678478241,0.0,280.59277176856995,0.0,39.812692642211914,easy,0.0429900386437778,0.0429896863997144,0.0008222940423839914,0.0008223846541498132,0.0008168525930934218,2.4623056388307094,success
118,-610.3122163227309,-16977.856856165286,-17588.169072488017,False,524.3323236770823,0.0,True,1600,-1.0,1.0,0.48016196489334106,0.9239405393600464,1.0,281.416038274765,1.0,39.74421942234039,easy,0.0,0.0,0.009089934887969331,0.009981247825458077,1.3059927574714596,7.26067359725984,jam
119,4899.609042829461,-304.5319586517008,4595.07708417776,True,128.42672004545227,0.0,False,315,-1.0,1.0,0.481228768825531,0.9185143709182739,0.0,279.6627640724182,0.0,39.701355934143066,easy,0.04299192399450304,0.04299159770623706,0.0006980704162814981,0.0006981635732514457,0.0007803201548308382,2.2704890506790325,success
120,-1648.0898631482291,-13664.13328516161,-15312.223148309839,False,86.46238707019398,0.0,True,1600,-1.0,1.0,0.47770828008651733,0.9203549027442932,1.0,280.9308695793152,1.0,39.70976376533508,easy,0.0,0.0,0.02523768546817966,0.025491652918766754,9.780057419257014,7.6703420374312286,jam
121,-1775.1454740886443,-13767.51158835676,-15542.657062445405,False,84.64594051716304,0.0,True,1600,-1.0,1.0,0.47777414321899414,0.9199123382568359,1.0,281.1522054672241,1.0,39.81342041492462,easy,0.0,0.0,0.028656023671406662,0.02888718469018639,10.119285276260081,7.554660153775619,jam
122,-587.8552345866623,-14294.74162073169,-14882.596855318352,False,46.00090972802969,0.0,True,1600,-1.0,1.0,0.4821733832359314,0.9194306135177612,1.0,280.1605820655823,1.0,39.76027512550354,easy,0.0,0.0,0.007580290840335777,0.008800476597047175,1.1393663887149443,6.982661047035392,jam
123,-596.5789741490742,-14458.709173820205,-15055.28814796928,False,132.11289491018178,0.0,True,1600,-1.0,1.0,0.48022446036338806,0.9234130382537842,1.0,279.91862535476685,1.0,39.70141136646271,easy,0.0,0.0,0.009666555047728167,0.010074419954453996,1.456563440495489,7.231527276390039,jam
124,4356.133874966075,-494.86928274120487,3861.2645922248707,True,176.93816081676488,0.0,False,300,-1.0,1.0,0.47916391491889954,0.9182047247886658,0.0,279.6807885169983,0.0,39.80121099948883,easy,0.042989421697135446,0.042988902794559,0.0008172931552122274,0.0008173966739163017,0.0008778885742235084,2.576965229902289,success
125,-582.5593832880411,-14340.181247629349,-14922.740630917388,False,115.12943286531822,0.0,True,1600,-1.0,1.0,0.4819828271865845,0.9214261770248413,1.0,280.4794645309448,1.0,39.74513852596283,easy,0.0,0.0,0.008011407572608148,0.00899025502598346,1.2400060750466806,7.057969542794817,jam
126,-666.0983980773627,-17133.160836590716,-17799.259234668076,False,549.9316693721771,0.0,True,1600,-1.0,1.0,0.47760236263275146,0.9242574572563171,1.0,280.2292466163635,1.0,39.82591772079468,easy,0.0,0.0,0.013786831155330782,0.014144701066237256,1.2498937738779405,6.854862174227078,jam
127,4203.890183752844,-374.3448940929876,3829.5452896598567,True,124.95511191761308,0.0,False,299,-1.0,1.0,0.483921080827713,0.9195343255996704,0.0,279.92862462997437,0.0,39.6082421541214,easy,0.042989923990601364,0.04298942141906004,0.0007859114638187416,0.0007860144907757738,0.0008760932447950022,3.3203614512112045,success
128,-558.2647793131582,-16828.48580638074,-17386.750585693895,False,534.5741563836478,0.0,True,1600,-1.0,1.0,0.4785958528518677,0.9274384379386902,1.0,279.9238395690918,1.0,39.73549687862396,easy,0.0,0.0,0.010095061843287866,0.010486205084693275,0.8406654541701428,6.688125237907584,jam
129,-569.5245299541964,-14380.792060212527,-14950.316590166723,False,109.98197824918397,0.0,True,1600,-1.0,1.0,0.48136213421821594,0.9247397780418396,1.0,280.12192606925964,1.0,39.843180418014526,easy,0.0,0.0,0.007488359658229872,0.008543082732293966,1.0894402540067911,7.042279881189695,jam
130,-533.8101489245879,-14769.460052489077,-15303.270201413665,False,255.00089787745966,0.0,True,1600,-1.0,1.0,0.48405423760414124,0.9240788221359253,1.0,280.4808270931244,1.0,39.86696267127991,easy,0.0,0.0,0.006761249831394225,0.00721190979036344,1.3645903485751338,7.084392096185561,jam
131,-637.1431182771462,-14425.505255300483,-15062.648373577631,False,110.30785065678322,0.0,True,1600,-1.0,1.0,0.4818614423274994,0.92299884557724,1.0,279.69632387161255,1.0,39.76495110988617,easy,0.0,0.0,0.010647251724566322,0.011226346840574221,1.4753628488734627,7.12619012316793,jam
132,27668.60967582042,-5296.099448624795,22372.510227195624,True,271.43906352528927,0.0,True,1475,-1.0,1.0,0.48310670256614685,0.9260161519050598,0.0,279.2218518257141,0.0,39.818180441856384,easy,0.0429901759572584,0.042989794834780964,0.0008147062510457955,0.000814797264791673,0.000830166136522814,2.9461088684227703,success
133,4592.14190835879,-609.8483012369098,3982.2936071218796,True,189.88443523852294,0.0,False,302,-1.0,1.0,0.4805281162261963,0.9202854633331299,0.0,280.3793752193451,0.0,39.56695580482483,easy,0.04299096584582038,0.04299050183978427,0.0007373268960851852,0.0007374315077135793,0.00085507423356509,2.7402101100785474,success
134,5243.137600200019,-998.5510656764716,4244.586534523547,True,233.3209310530597,0.0,False,329,-0.9997603893280029,1.0,0.48428866267204285,0.9240139722824097,0.0,279.2417109012604,0.0,39.70093214511871,easy,0.042992793776732936,0.04299257989621355,0.0006609957453443218,0.0006611224797908783,0.0007471514594603172,3.038067033342629,success
135,-572.5687520125348,-14369.009344496608,-14941.578096509142,False,109.43986857421112,0.0,True,1600,-1.0,1.0,0.4824800193309784,0.9253115057945251,1.0,280.6184244155884,1.0,39.77284395694733,easy,0.0,0.0,0.007318617493137262,0.00849216998956544,1.1377196483180936,7.031090636526688,jam
136,22670.628956024964,-6137.646877534729,16532.982078490233,True,104.80466185339701,0.0,True,1472,-1.0,1.0,0.485393762588501,0.9267140030860901,0.0,279.81279611587524,0.0,39.788538455963135,easy,0.04299034608632843,0.042989992514734676,0.0008067991697563573,0.000806892182701943,0.0008205630906383739,3.561259210867969,success
137,3220.046951506714,-12932.754114042942,-9712.70716253623,False,97.65783043691859,0.0,True,1600,-1.0,1.0,0.4838164150714874,0.9302395582199097,1.0,279.8397362232208,1.0,39.83266794681549,easy,0.07762161170381024,0.07723314955603584,0.001416628134960527,0.0015183691057915928,2.4523109594736736,6.49933757500422,jam
138,-1619.795549692407,-13775.400625548325,-15395.196175240733,False,148.9366656576503,0.0,True,1600,-0.9897976517677307,1.0,0.4836888611316681,0.925858736038208,1.0,280.05428075790405,1.0,39.743852853775024,easy,0.0,0.0,0.02498312185687278,0.025204984503166977,9.639880644088374,7.540317433364895,jam
139,-604.113393747033,-14423.646592760702,-15027.759986507734,False,159.8052497436501,0.0,True,1600,-1.0,1.0,0.4847920536994934,0.9278386235237122,1.0,279.32368993759155,1.0,39.69774568080902,easy,0.0,0.0,0.008432368946806296,0.009311146136824548,1.113781682765048,7.0726566008065905,jam
140,-1643.971309092421,-13660.358709147391,-15304.330018239816,False,74.21281345095365,0.0,True,1600,-1.0,1.0,0.48475274443626404,0.9258942604064941,1.0,280.37808775901794,1.0,39.69744884967804,easy,0.0,0.0,0.025580425432797087,0.02581930577866623,9.708428149105753,7.627591294046401,jam
141,-1684.3290845672832,-13966.251137162231,-15650.580221729513,False,199.63451554672335,0.0,True,1600,-1.0,1.0,0.48537659645080566,0.9263051152229309,1.0,280.2697157859802,1.0,39.90377330780029,easy,0.0,0.0,0.026434300147582315,0.02662913928389684,9.848244442112541,7.618671469165975,jam
142,-696.1276522881315,-14852.928111264286,-15549.055763552418,False,273.22571619951714,0.0,True,1600,-1.0,1.0,0.4825723469257355,0.9254521131515503,1.0,279.9115550518036,1.0,39.762481689453125,easy,0.0,0.0,0.013006198561321939,0.013769528924037525,1.4482124846680078,7.16821458065345,jam
143,-683.613959444865,-14677.040596031931,-15360.654555476798,False,252.531956063143,0.0,True,1600,-1.0,1.0,0.4850156903266907,0.9275360107421875,1.0,279.97069239616394,1.0,39.6753796339035,easy,0.0,0.0,0.012780125014222864,0.013231872764985596,1.5588422418874988,7.114997997569482,jam
144,-680.5681410979048,-16373.315015375207,-17053.88315647311,False,484.1896452511963,0.0,True,1600,-1.0,1.0,0.478965699672699,0.9274561405181885,1.0,280.01222372055054,1.0,39.86557328701019,easy,0.0,0.0,0.014304786365339918,0.014799640329574341,1.1929101873523402,6.694996738073413,jam
145,-574.0941717181058,-14077.953201576373,-14652.047373294477,False,71.8167081022305,0.0,True,1600,-1.0,1.0,0.4842420816421509,0.9277626872062683,1.0,280.4437589645386,1.0,39.67033529281616,easy,0.0,0.0,0.01045919643504899,0.010855291877663072,1.2097459275700684,6.666435763050973,jam
146,-640.1188316199863,-15259.691426048008,-15899.810257667992,False,362.0170908924516,0.0,True,1600,-1.0,1.0,0.4836770296096802,0.9253742694854736,1.0,280.0736999511719,1.0,39.780693888664246,easy,0.0,0.0,0.012526326879970365,0.013109540158774483,1.1636470600055964,6.743727073358323,jam
147,14931.273426701675,-8786.037216686716,6145.236210014962,True,108.86351045291869,0.0,True,1521,-1.0,1.0,0.48275530338287354,0.9256119728088379,0.0,280.3795790672302,0.0,39.85291504859924,easy,0.0429928379261071,0.04299251887543484,0.0006686999946760304,0.0006688085367461893,0.0008176259062008583,4.62417769106202,success
148,4475.720666393869,-470.2982301642564,4005.4224362296113,True,139.64834991334155,0.0,False,302,-1.0,1.0,0.4802035093307495,0.9204972386360168,0.0,280.5243968963623,0.0,39.66231727600098,easy,0.04299043235054749,0.04298996965148347,0.0007687408139758381,0.0007689001169624563,0.0008494927650476528,2.862694410637303,success
149,4394.272270687723,-1041.0312594913419,3353.2410111963814,True,252.18540443467774,0.0,False,302,-1.0,1.0,0.4799562692642212,0.9232593774795532,0.0,279.8544776439667,0.0,39.64908146858215,easy,0.04299112092920075,0.04299070072870492,0.0007283807149982351,0.0007284857130183816,0.0008356621135266344,3.068802160035388,success
150,4481.8549327977635,-329.1768420300039,4152.678090767759,True,136.6879283661455,0.0,False,302,-0.9948067665100098,1.0,0.48471593856811523,0.9222865700721741,0.0,279.7696125507355,0.0,39.6802898645401,easy,0.042990781178921036,0.042990328655669374,0.0007486856878381688,0.0007487996513075797,0.0008466636967361789,2.2496197460691136,success
151,-575.2157575084232,-17629.133577003355,-18204.34933451178,False,582.5719564945573,0.0,True,1600,-1.0,1.0,0.48195797204971313,0.9249871373176575,1.0,280.0076639652252,1.0,39.8133739233017,easy,0.0,0.0,0.00999000868829458,0.010346441029855432,1.3011205349711477,7.106993939671768,jam
152,32504.800873824148,-3541.5956564664048,28963.205217357747,True,74.62749541472462,0.0,True,1502,-0.9973947405815125,1.0,0.4811748266220093,0.9282346963882446,0.0,280.0986659526825,0.0,39.792561769485474,easy,0.042991502563163114,0.04299112683488804,0.0007418296638254261,0.0007419290425455874,0.00082935661646425,2.077488689708407,success
153,-1639.0411868372194,-13629.30834146326,-15268.34952830048,False,70.10634543728024,0.0,True,1600,-1.0,1.0,0.4822910726070404,0.926550030708313,1.0,279.7638404369354,1.0,39.81765830516815,easy,0.0,0.0,0.026228946752433032,0.026424923145946123,9.556784094448638,7.626817049667065,jam
154,14562.558964455748,-9092.295599538327,5470.263364917419,True,96.80550889100168,0.0,True,1540,-1.0,1.0,0.48031535744667053,0.9233970046043396,0.0,279.16746735572815,0.0,39.95343351364136,easy,0.042993593628681936,0.04299326462724401,0.00061573421698063,0.0006158458708316429,0.0008196204770366325,4.7117456527245265,success
155,4483.479395450751,-468.55472061028047,4014.9246748404703,True,206.44064186250583,0.0,False,302,-0.9920817017555237,1.0,0.4857451915740967,0.9185270071029663,0.0,279.2501974105835,0.0,39.6972861289978,easy,0.04299002952032016,0.04298957104729732,0.0007926987922940814,0.000792779638598564,0.0008475409739341316,2.2324602703597023,success
156,5467.2981950105295,-11099.466420727915,-5632.168225717385,True,129.15644981723202,0.0,True,1465,-1.0,1.0,0.4843347370624542,0.9261105060577393,0.0,279.87560272216797,0.0,39.85900366306305,easy,0.042990620121463666,0.042990339737903074,0.0008024635188327396,0.0008025398725059166,0.0007459060291850805,6.065795326049973,success
157,-596.6283646562154,-16991.641101310976,-17588.26946596719,False,552.5994700577276,0.0,True,1600,-1.0,1.0,0.48313724994659424,0.9244139194488525,1.0,279.667227268219,1.0,39.875118374824524,easy,0.0,0.0,0.012037950938303997,0.012575104433903335,0.9654372833585779,6.723209946329482,jam
158,-567.498287433324,-14939.407930267711,-15506.906217701035,False,266.320765542869,0.0,True,1600,-1.0,1.0,0.4806899428367615,0.924940824508667,1.0,278.9474940299988,1.0,39.8401620388031,easy,0.0,0.0,0.00751365315807055,0.008554891756449794,1.1123168890180293,7.13100130180052,jam
159,-59.753224056202285,-972.6904903119922,-1032.4437143681946,False,196.49507920591265,0.0,False,161,-0.9926236867904663,1.0,0.48692211508750916,0.9166555404663086,1.0,279.89710330963135,1.0,39.81614375114441,easy,0.0023334684043872927,0.0022450109498856063,0.005556950653603948,0.0055654782731073835,13.212046923975246,6.159861220892994,grasp_slip
160,-634.286197165078,-14835.03212088427,-15469.31831804935,False,249.37409560244728,0.0,True,1600,-1.0,1.0,0.4802735447883606,0.9234136343002319,1.0,278.61944913864136,1.0,39.82027077674866,easy,0.0,0.0,0.010616823837230501,0.011194028787842177,1.580743427256592,7.195633393373019,jam
161,-1650.9872140377186,-13662.914337183793,-15313.901551221512,False,70.52147985188925,0.0,True,1600,-0.989741325378418,1.0,0.48080146312713623,0.9267358779907227,1.0,279.7522532939911,1.0,40.00846707820892,easy,0.0,0.0,0.02490150258168799,0.025158931897169404,9.892174879962328,7.5280993757167165,jam
162,-602.887661876324,-15050.609651905927,-15653.49731378225,False,318.9992374883961,0.0,True,1600,-1.0,1.0,0.4814545810222626,0.9206525087356567,1.0,279.00618076324463,1.0,40.02653443813324,easy,0.0,0.0,0.009236990036828149,0.009961156758061272,1.2265533386504979,7.088016709694898,jam
163,4666.665145067133,-378.92501987270305,4287.74012519443,True,127.40859653263152,0.0,False,310,-1.0,1.0,0.4815811216831207,0.9216148257255554,0.0,279.82446908950806,0.0,39.70878744125366,easy,0.04299057702948088,0.042990149059757024,0.0007681337817063932,0.0007682265406580124,0.0008327654926825663,2.857198632185078,success
164,-705.7971481482623,-14246.894420422339,-14952.6915685706,False,153.35989614504155,0.0,True,1600,-1.0,1.0,0.48240286111831665,0.9234480261802673,1.0,279.9188184738159,1.0,39.999006032943726,easy,0.0,0.0,0.013484030471393318,0.014113343593352475,1.4207491763715727,6.932042377982527,jam
165,-1628.8779139229414,-13724.691334223015,-15353.569248145955,False,117.84918345473093,0.0,True,1600,-1.0,1.0,0.48234906792640686,0.9276620149612427,1.0,280.2071452140808,1.0,39.9346079826355,easy,0.0,0.0,0.024893728469501747,0.025108556125722034,9.690761119341076,7.647896712945953,jam
166,-657.7971724317596,-14205.051258961248,-14862.84843139301,False,151.03357746823005,0.0,True,1600,-1.0,1.0,0.48169827461242676,0.9241445660591125,1.0,279.6683859825134,1.0,39.89208245277405,easy,0.0,0.0,0.012665561394515853,0.01314385011539578,1.3654442843399919,6.8288236591584885,jam
167,-704.3180933787125,-14265.933374443895,-14970.251467822607,False,132.376528806929,0.0,True,1600,-1.0,1.0,0.47919806838035583,0.9271663427352905,1.0,279.66970562934875,1.0,39.916157960891724,medium,0.0,0.0,0.013468256067904607,0.014069216796685675,1.6562006920749293,7.087664932204974,jam
168,16682.11453505021,-11237.428592950067,5444.685942100137,False,472.9559668383509,0.0,True,1600,-1.0,1.0,0.48203256726264954,0.9223442673683167,1.0,279.2959451675415,1.0,39.83675026893616,medium,0.06386075254738885,0.0636832363449046,0.0012368790552501324,0.0013067516825118635,1.6742211591126404,4.8613780506842685,jam
169,-1624.8616347220661,-13626.032429444773,-15250.894064166838,False,68.45117271784103,0.0,True,1600,-0.9983375668525696,1.0,0.4845336079597473,0.9231429696083069,1.0,279.91601824760437,1.0,39.94704806804657,medium,0.0,0.0,0.024951302500517563,0.025141339103105554,9.65930509652058,7.547794519754518,jam
170,-620.99814766909,-14200.519223855914,-14821.517371525004,False,133.27530788603056,0.0,True,1600,-1.0,1.0,0.4848734736442566,0.9226216673851013,1.0,279.7372007369995,1.0,39.93860626220703,medium,0.0,0.0,0.00871058921352877,0.009699773940157886,0.9653142724919368,6.912818015205304,jam
171,5210.11224030227,-566.0502838629433,4644.061956439327,True,212.38755404556932,0.0,False,328,-1.0,1.0,0.48759734630584717,0.9246199131011963,0.0,279.5923936367035,0.0,39.7418429851532,medium,0.042992319951659225,0.042992039690562034,0.0006896575758075106,0.0006897758933729065,0.000766990538114478,2.3055232046932495,success
172,-771.5171893750957,-14868.76678566195,-15640.283975037046,False,97.22418866117478,0.0,True,1600,-1.0,1.0,0.48475855588912964,0.9210087060928345,1.0,280.1890778541565,1.0,40.02675795555115,medium,0.0,0.0,0.010605428243574057,0.011128404501773426,3.108263449807263,8.69638055522416,jam
173,-1641.7338972722164,-13704.0417559135,-15345.775653185716,False,105.84174956010037,0.0,True,1600,-1.0,1.0,0.4836746156215668,0.9221306443214417,1.0,280.66198348999023,1.0,39.971440076828,medium,0.0,0.0,0.025553396425148776,0.025815102183246633,9.679374219198396,7.632466422777474,jam
174,5676.704364486594,-2571.2810521950005,3105.423312291594,True,95.79774593409012,0.0,True,587,-1.0,1.0,0.48446929454803467,0.9245238900184631,0.0,279.69942450523376,0.0,39.9602016210556,medium,0.04298948674365982,0.042989086377049554,0.0008415888723699901,0.0008416073465927279,0.0007929254683475605,4.161855063004545,success
175,30592.652352515597,-4131.56791231714,26461.084440198458,True,218.11340851799895,0.0,True,1462,-1.0,1.0,0.482787549495697,0.9216555953025818,0.0,279.81385827064514,0.0,39.93378722667694,medium,0.04298972339038548,0.04298934486325301,0.0008373868512903496,0.0008374748255431652,0.0008265825330528578,2.5411998325940828,success
176,-551.2495052072279,-14841.852273129145,-15393.101778336375,False,291.21170819092964,0.0,True,1600,-1.0,1.0,0.4820557236671448,0.9236518144607544,1.0,280.02495884895325,1.0,39.96098482608795,medium,0.0,0.0,0.009571467006460159,0.0096795316716008,1.3236326680362436,7.023984334712006,jam
177,-602.6202863710938,-14395.3107259091,-14997.93101228019,False,143.12053552065493,0.0,True,1600,-1.0,1.0,0.4843720495700836,0.9213728904724121,1.0,280.13890981674194,1.0,39.98517119884491,medium,0.0,0.0,0.009481417433455834,0.010066364305742698,1.5140947597742729,7.103755570547597,jam
178,-1636.6974989169184,-13828.07990246862,-15464.777401385538,False,158.7917945947593,0.0,True,1600,-1.0,1.0,0.4840264618396759,0.9236621856689453,1.0,280.0987946987152,1.0,39.92612683773041,medium,0.0,0.0,0.02571539025749975,0.025910521344813833,9.584728322458638,7.688414843018275,jam
179,18150.803800669055,-8121.712849140666,10029.090951528387,True,226.7325536791243,0.0,True,1503,-1.0,1.0,0.47940585017204285,0.921407163143158,0.0,279.87576365470886,0.0,39.98269820213318,medium,0.04299141507640299,0.04299105065992416,0.000749924362490165,0.0007500241771211575,0.0008301389164495263,4.365592039175775,success
180,-503.90528249509134,-14398.884211720047,-14902.78949421514,False,118.24578364456119,0.0,True,1600,-1.0,1.0,0.4868551790714264,0.9233078956604004,1.0,279.38695788383484,1.0,40.043707728385925,medium,0.0,0.0,0.006962418733089441,0.007240646035990022,1.3514555752515114,7.0782087111479655,jam
181,-681.492735905867,-14646.3759068258,-15327.868642731668,False,250.84793874114303,0.0,True,1600,-1.0,1.0,0.47875452041625977,0.920669674873352,1.0,279.8820400238037,1.0,39.94255805015564,medium,0.0,0.0,0.012718979884167012,0.01330523540833608,1.5182528615855013,7.091126022260839,jam
182,-990.657300568563,-15210.129090597973,-16200.786391166535,False,248.15522812358356,0.0,True,1600,-1.0,1.0,0.48393431305885315,0.9222762584686279,1.0,279.95612263679504,1.0,39.93936622142792,medium,0.0,0.0,0.020236620340012966,0.0205632099354469,2.99832668917385,8.211628973476042,jam
183,34320.532609506336,-2723.866126860986,31596.66648264535,True,57.87880288896991,0.0,True,1479,-1.0,1.0,0.47999435663223267,0.9279780387878418,0.0,279.7404193878174,0.0,39.92736065387726,medium,0.04299042206375339,0.042990043627631466,0.0008012866221268379,0.0008013798803248146,0.0008288994575076085,1.8890628649366266,success
184,-1488.9381831617304,-14236.80011132016,-15725.738294481893,False,243.31918585649248,0.0,True,1600,-0.9996833801269531,1.0,0.48407411575317383,0.9220206141471863,1.0,279.74300503730774,1.0,39.94379186630249,medium,0.0,0.0,0.02269110662488366,0.022937960925451854,9.181426740566835,7.901285005794635,jam
185,-560.6869034632698,-14201.135150941533,-14761.822054404802,False,113.10883597984804,0.0,True,1600,-1.0,1.0,0.4791581928730011,0.9224058985710144,1.0,280.16154766082764,1.0,40.04185342788696,medium,0.0,0.0,0.00731338368193764,0.00760376287077202,1.232634560556918,6.899085675945728,jam
186,4228.096242538923,-1164.5377808901203,3063.558461648802,True,247.51836769247643,0.0,False,299,-1.0,1.0,0.4840458929538727,0.9178900718688965,0.0,279.7564911842346,0.0,39.93475639820099,medium,0.04299015195539202,0.042989589639116005,0.0007781642195768329,0.0007782685832504243,0.0009100870655711831,3.9355311884772926,success
187,-1628.3715034432137,-13701.497929520272,-15329.869432963485,False,116.58182417894875,0.0,True,1600,-1.0,1.0,0.4839842915534973,0.9225841164588928,1.0,280.0920784473419,1.0,39.886977314949036,medium,0.0,0.0,0.024745669888460574,0.024997251031011376,9.74462683601004,7.670956006775852,jam
188,4197.671055362815,-509.73650135990977,3687.9345540029058,True,166.3989644257729,0.0,False,300,-0.9976018667221069,1.0,0.4835767149925232,0.9244421124458313,0.0,280.4072594642639,0.0,39.89001178741455,medium,0.042989476923652285,0.04298893624306775,0.0008117187637222275,0.0008118433738327994,0.0008947405244507581,2.7309401859447324,success
189,-508.09743740560384,-14811.71463880043,-15319.812076206033,False,291.11675186571074,0.0,True,1600,-1.0,1.0,0.48411890864372253,0.9253165125846863,1.0,280.7453787326813,1.0,39.94927787780762,medium,0.0,0.0,0.008259864496776488,0.008440726105520222,1.024479592544483,6.689518946611786,jam
190,4755.741859757091,-547.3093878177456,4208.432471939345,True,167.8688064385885,0.0,False,313,-1.0,1.0,0.48556825518608093,0.9191722273826599,0.0,280.1485013961792,0.0,39.95012366771698,medium,0.042991468664597965,0.042991102869086445,0.0007256357009728718,0.0007257365946391679,0.0008090202479191115,2.8816484700337472,success
191,4147.630743225694,-456.3104315614315,3691.3203116642626,True,130.2523952678881,0.0,False,299,-1.0,1.0,0.4809251129627228,0.917351245880127,0.0,280.6363093852997,0.0,39.82125425338745,medium,0.04299004283620132,0.04298950576127464,0.0007836900213089159,0.000783786635984652,0.0008911200828002513,3.28056404858086,success
192,-1628.5917830725698,-13687.783768456762,-15316.37555152933,False,113.84079322974338,0.0,True,1600,-1.0,1.0,0.48332449793815613,0.9208241105079651,1.0,280.9456753730774,1.0,40.05893552303314,medium,0.0,0.0,0.024718151933242463,0.024890958057595444,9.787933550276097,7.591040497536438,jam
193,-646.7202431469491,-17623.69957883707,-18270.41982198402,False,587.6003094980588,0.0,True,1600,-1.0,1.0,0.48366135358810425,0.9203071594238281,1.0,280.83380579948425,1.0,39.96261739730835,medium,0.0,0.0,0.012593236532614856,0.013263895638997058,1.1440261089827362,6.806884511900119,jam
194,749.0026809469448,-14101.512643252667,-13352.509962305721,False,272.21937892272354,0.0,True,1600,-1.0,1.0,0.4856750965118408,0.9238746762275696,1.0,280.3905439376831,1.0,39.95689535140991,medium,0.07484476070591996,0.07478586710722718,0.0012148454058340525,0.0012546623813423682,1.8677221487576912,6.591708135354522,jam
195,-716.1865634900053,-14875.89957065061,-15592.086134140618,False,51.76436309538167,0.0,True,1600,-0.992684006690979,1.0,0.4810773730278015,0.9233983159065247,1.0,280.5598449707031,1.0,39.8831650018692,medium,0.0,0.0,0.009066430532008878,0.009509487642102353,3.1472777122611326,8.782546758188525,jam
196,-462.37309057136076,-14124.139484982818,-14586.512575554178,False,194.54678876964266,0.0,True,1600,-1.0,1.0,0.4840119183063507,0.9227726459503174,1.0,280.795042514801,1.0,39.87257921695709,medium,0.0,0.0,0.007057085957020207,0.007506393051047476,0.5901699330433833,6.3773677551238235,jam
197,-1628.8636415591207,-13705.269012515259,-15334.132654074378,False,114.3481510800245,0.0,True,1600,-0.9932522773742676,1.0,0.4839467704296112,0.9228012561798096,1.0,282.234605550766,1.0,39.76309144496918,medium,0.0,0.0,0.025578899351091092,0.02573223819010504,9.586764228646913,7.590371276993633,jam
198,28194.98851935072,-4627.34477873231,23567.64374061841,True,95.05252549327449,0.0,True,1480,-1.0,1.0,0.48274603486061096,0.9234114289283752,0.0,280.77908873558044,0.0,39.9159916639328,medium,0.04299053394106125,0.0429901724870084,0.0007969507658673023,0.0007970452923147599,0.0008248703938522518,2.7192021333043472,success
199,-553.4341394767346,-16374.630405633627,-16928.064545110363,False,470.64531271148985,0.0,True,1600,-1.0,1.0,0.4823937714099884,0.9210962653160095,1.0,280.6740963459015,1.0,39.86500287055969,medium,0.0,0.0,0.007054859977034892,0.007556924451547328,1.147472725783607,7.196868166387839,jam
200,29408.325176022197,-4549.362842953883,24858.96233306831,True,220.40967925599432,0.0,True,1477,-1.0,1.0,0.484104186296463,0.9210488796234131,0.0,281.330486536026,0.0,39.89713215827942,medium,0.042990162657679715,0.04298978703758216,0.000816528877461941,0.0008166209035579497,0.0008321744474928962,2.630731833307451,success
201,16636.880632144566,-8626.04709485751,8010.833537287057,True,85.18599699699442,0.0,True,1560,-1.0,1.0,0.4859130084514618,0.9259686470031738,0.0,280.69782853126526,0.0,39.96144080162048,medium,0.042994086809398716,0.042993695252309894,0.0005769413511814911,0.000577044385212065,0.0008428103858820952,4.53086468115533,success
202,-530.187249026769,-15133.93153588002,-15664.118784906786,False,351.77533952741436,0.0,True,1600,-1.0,1.0,0.48171466588974,0.9233296513557434,1.0,281.15296721458435,1.0,39.98435938358307,medium,0.0,0.0,0.009423854762886914,0.009673234616670292,0.9987033002593954,6.719644416917434,jam
203,-584.4962580584381,-14834.773491443959,-15419.269749502397,False,309.44050211188824,0.0,True,1600,-1.0,1.0,0.48251086473464966,0.9302883148193359,1.0,280.9984827041626,1.0,39.88469386100769,medium,0.0,0.0,0.011531178491145218,0.011832450433714425,0.9318406560103649,6.55921053111199,jam
204,-627.9587032313157,-14314.031126630538,-14941.989829861854,False,199.4765589480434,0.0,True,1600,-1.0,1.0,0.48687833547592163,0.9248552322387695,1.0,280.7737135887146,1.0,39.915220975875854,medium,0.0,0.0,0.012748132243699048,0.013178898016515207,1.0581287903116423,6.513312230580345,jam
205,-545.3958364636765,-14270.17446887503,-14815.570305338706,False,109.7009603519554,0.0,True,1600,-1.0,1.0,0.4836371839046478,0.9233940839767456,1.0,280.54099440574646,1.0,39.97100377082825,medium,0.0,0.0,0.0063597535240781985,0.00664493613315155,1.2731654757326887,7.013902187949904,jam
206,-621.0604153864233,-14343.524084354262,-14964.584499740684,False,139.5772380694225,0.0,True,1600,-1.0,1.0,0.4803745746612549,0.9238587617874146,1.0,281.070054769516,1.0,39.93506932258606,medium,0.0,0.0,0.010890619736268866,0.011660592832059526,1.2353505293113616,7.015078471526497,jam
207,4720.759247291743,-258.4232022074857,4462.336045084257,True,138.86549932394783,0.0,False,311,-0.9984795451164246,1.0,0.480499267578125,0.9199508428573608,0.0,281.27716422080994,0.0,39.78155040740967,medium,0.042990292554547116,0.04298980853640029,0.0007877876472262864,0.0007879200645382524,0.0008570195000780291,1.6299386516908374,success
208,-546.8343692647898,-14198.512746166045,-14745.347115430832,False,116.34648302812784,0.0,True,1600,-1.0,1.0,0.4836505055427551,0.9233776926994324,1.0,282.0402956008911,1.0,40.06553375720978,medium,0.0,0.0,0.008334242322842751,0.009087106250380143,1.0748569098868912,6.82285326693928,jam
209,4878.4245078757895,-343.5260884291297,4534.898419446659,True,129.36565584110775,0.0,False,315,-1.0,1.0,0.48005473613739014,0.9209275245666504,0.0,280.36083579063416,0.0,39.877541303634644,medium,0.042991114653904594,0.042990820626701856,0.0007502331041618315,0.0007503297613510009,0.0007882444093236658,2.3449602268502,success
210,-986.2806488371494,-14703.559788000723,-15689.840436837872,False,69.62273770125101,0.0,True,1600,-1.0,1.0,0.4812605679035187,0.9245212078094482,1.0,280.7902252674103,1.0,39.85357308387756,medium,0.0,0.0,0.020331625674916573,0.02067749733619511,2.9202895496710104,8.075364608540983,jam
211,-1622.4213891092515,-13638.603141137537,-15261.024530246788,False,88.58400372887527,0.0,True,1600,-1.0,1.0,0.4824222922325134,0.9221788644790649,1.0,281.6314947605133,1.0,39.81694841384888,medium,0.0,0.0,0.02471061092817573,0.02493840956542018,9.76382040357565,7.57329212928679,jam
212,-605.8196692412048,-14149.481668424058,-14755.301337665262,False,66.0970538634085,0.0,True,1600,-1.0,1.0,0.4792378544807434,0.9210649132728577,1.0,280.94372272491455,1.0,39.998764634132385,medium,0.0,0.0,0.009824826612420269,0.010601449024883563,1.0942956792755822,6.784619356068085,jam
213,4600.8361013838,-330.99523413169476,4269.8408672521045,True,138.3558346525891,0.0,False,308,-1.0,1.0,0.4823463261127472,0.9201632142066956,0.0,281.2184453010559,0.0,39.69259583950043,medium,0.0429898494596581,0.042989416286334944,0.0008113721770306454,0.0008114434655375452,0.0008433365008571977,2.1353798897372838,success
214,33417.459665297465,-2900.8172663500095,30516.642398947453,True,66.7646248116238,0.0,True,1464,-1.0,1.0,0.4802609980106354,0.9203762412071228,0.0,280.67995429039,0.0,39.863457918167114,medium,0.04298994700342482,0.04298959299210803,0.0008255003564346585,0.0008255968982404916,0.0008176094129237563,1.7970267033479395,success
215,21004.714106327956,-7603.000888951839,13401.713217376113,True,240.7887738445235,0.0,True,1527,-1.0,1.0,0.4786168932914734,0.9206040501594543,0.0,280.6144869327545,0.0,39.811471343040466,medium,0.04299250781547207,0.04299215203728014,0.0006847460064129258,0.0006848541590110879,0.0008319769010514002,3.885486647760728,success
216,-567.5993697448257,-18391.872370011715,-18959.471739756544,False,634.2033254028544,0.0,True,1600,-1.0,1.0,0.4824586510658264,0.920441210269928,1.0,280.9966480731964,1.0,39.781384110450745,medium,0.0,0.0,0.008336419543811712,0.00906044441133952,0.8207533397465264,7.091995288299361,jam
217,12679.704302692395,-11576.217881339688,1103.4864213527053,True,505.3052012334609,0.0,True,1483,-1.0,1.0,0.4846063256263733,0.9237408638000488,0.0,281.08158826828003,0.0,39.92458367347717,medium,0.042990521691257846,0.042990177286021225,0.0008026472818344775,0.0008027457925903291,0.0008221516606501689,5.29761558014157,success
218,5771.351189281488,-1478.5378350594278,4292.81335422206,True,175.4825849619351,0.0,True,456,-1.0,1.0,0.485562801361084,0.9239619970321655,0.0,281.544988155365,0.0,39.87671160697937,medium,0.0429887875275245,0.04298844761866688,0.0008873916036952895,0.0008874380167190186,0.0007743119798912828,3.7846599202350903,success
219,4601.174091391289,-454.9067083205791,4146.26738307071,True,140.95048659392586,0.0,False,305,-0.9901444911956787,1.0,0.4873937666416168,0.9199580550193787,0.0,280.70122957229614,0.0,39.751808285713196,medium,0.04299057443263337,0.042990135760301085,0.0007649559954282031,0.0007650491850993627,0.00084593890271404,3.209040223816024,success
220,-646.5565967920293,-14902.068404886379,-15548.625001678409,False,302.44335654905973,0.0,True,1600,-1.0,1.0,0.483865350484848,0.9228585958480835,1.0,280.8555746078491,1.0,39.97714066505432,medium,0.0,0.0,0.013475563615713448,0.013926192647153963,1.0749451448108895,6.650847990456671,jam
221,-811.868606063859,-14967.307381849922,-15779.175987913783,False,127.35408845593811,0.0,True,1600,-1.0,1.0,0.4822767376899719,0.9225274920463562,1.0,280.71727991104126,1.0,39.83556115627289,medium,0.0,0.0,0.011989580536497112,0.012506313979169074,3.1278738805118786,8.696042757770492,jam
222,4282.477693903529,-1125.1821336245816,3157.2955602789484,True,313.4518789990256,0.0,False,302,-0.993870735168457,1.0,0.4834110140800476,0.9243131875991821,0.0,280.6669509410858,0.0,39.83984911441803,medium,0.042990146973115415,0.042989742214597795,0.0007792358765407639,0.0007793637814587969,0.0008284130097341593,2.9612690861488353,success
223,-602.1793626309278,-19177.76938525092,-19779.94874788185,False,700.1868289397142,0.0,True,1600,-1.0,1.0,0.4812487065792084,0.9232767224311829,1.0,281.9899559020996,1.0,39.90326726436615,medium,0.0,0.0,0.011736126017760475,0.012079812172102841,1.1237884231040807,6.840205609278423,jam
224,-1649.2399423965517,-13731.354185937664,-15380.594128334214,False,115.08490426087744,0.0,True,1600,-1.0,1.0,0.4819904863834381,0.9258096814155579,1.0,281.4175295829773,1.0,39.9686416387558,medium,0.0,0.0,0.024724250763337646,0.024991216281907123,9.929837000581527,7.699274772899376,jam
225,-1669.0199674050318,-13717.973385701962,-15386.993353106993,False,118.51265665653612,0.0,True,1600,-1.0,1.0,0.48304983973503113,0.924686849117279,1.0,281.3452708721161,1.0,39.862361788749695,medium,0.0,0.0,0.026048739772422398,0.02622389575828728,9.855884316698223,7.58187767989013,jam
226,4242.214174893844,-452.71092606925725,3789.5032488245865,True,166.57817634443748,0.0,False,300,-1.0,1.0,0.486624538898468,0.9177817106246948,0.0,280.84381580352783,0.0,39.92365205287933,medium,0.042989262368618206,0.04298878613936463,0.000825327898479416,0.0008254083573473643,0.0008572903542946676,2.6161499839846805,success
227,-597.0618794159113,-14222.195819888717,-14819.257699304628,False,60.364927373928374,0.0,True,1600,-1.0,1.0,0.48439696431159973,0.9230078458786011,1.0,280.9131991863251,1.0,39.94659745693207,medium,0.0,0.0,0.009185120269886876,0.009931580813214057,1.442794619108871,7.025604225378362,jam
228,12303.14435206659,-278.915542756962,12024.228809309629,True,146.16256581638262,0.0,False,540,-1.0,1.0,0.4854066073894501,0.9191531538963318,0.0,281.1695861816406,0.0,39.885058641433716,medium,0.04298760523758448,0.04298713078410368,0.0009276721848052583,0.0009276828906452196,0.0008693004867415486,1.2313289514646915,success
229,27437.345239710994,-4995.18631287947,22442.158926831526,True,178.22474443960073,0.0,True,1472,-1.0,1.0,0.48221346735954285,0.9228219389915466,0.0,280.471214056015,0.0,39.98018944263458,medium,0.042989884966198044,0.04298949354484702,0.0008287181085683049,0.0008288110749953857,0.0008352433152814241,2.8317179358599764,success
230,-602.0012257130447,-14221.848588465222,-14823.849814178266,False,112.53902779872996,0.0,True,1600,-1.0,1.0,0.4851607382297516,0.9219486117362976,1.0,280.9314167499542,1.0,39.97152590751648,medium,0.0,0.0,0.00802014800050778,0.009258468762898393,0.8630144126321565,6.937592421814016,jam
231,-944.28085774193,-14811.92651697189,-15756.20737471382,False,114.72466300782465,0.0,True,1600,-1.0,1.0,0.4822379946708679,0.923628032207489,1.0,280.4701840877533,1.0,40.006922125816345,medium,0.0,0.0,0.017941248800169514,0.018422606175051568,3.0071554994676295,8.412331259694673,jam
232,-741.3751893234876,-14757.452660216317,-15498.827849539804,False,251.51909276092385,0.0,True,1600,-1.0,1.0,0.4836350977420807,0.9221640229225159,1.0,280.2162539958954,1.0,40.00350499153137,medium,0.0,0.0,0.01491693116052403,0.015489301962990839,1.707576325081266,7.171740783922598,jam
233,-526.2910680753355,-18350.043198733154,-18876.334266808484,False,633.8201018212376,0.0,True,1600,-1.0,1.0,0.48502016067504883,0.9219687581062317,1.0,281.2812089920044,1.0,39.85960268974304,medium,0.0,0.0,0.00780905559077587,0.008060236200009665,1.0732810208657204,7.064266310331276,jam
234,4542.968153137051,-202.2364394264386,4340.731713710613,True,121.57275441651369,0.0,False,303,-0.9999368786811829,1.0,0.4845106601715088,0.9233164191246033,0.0,281.07789754867554,0.0,39.81736862659454,medium,0.04299023339223053,0.042989753134666076,0.0007799516655414317,0.0007801138537666556,0.0008593858378798448,2.1311228883916207,success
235,27692.23575903068,-4644.781326269296,23047.454432761384,True,107.43279450572112,0.0,True,1471,-1.0,1.0,0.4853679835796356,0.9209165573120117,0.0,280.616557598114,0.0,39.98617076873779,medium,0.042990327736153335,0.042989998802182336,0.0008089995851147573,0.0008091026959744404,0.0008158462795697543,2.737667174159855,success
236,-487.16305575727876,-14938.59397794256,-15425.757033699843,False,286.001112733377,0.0,True,1600,-1.0,1.0,0.4795895516872406,0.9271454811096191,1.0,281.01909279823303,1.0,39.88273763656616,medium,0.0,0.0,0.0032328554414546265,0.00428680145977964,1.0822271448156873,7.048020387358176,jam
237,-863.4221221796038,-17058.423893521518,-17921.84601570112,False,472.67363783718963,0.0,True,1600,-1.0,1.0,0.4821352958679199,0.9244204163551331,1.0,280.3277802467346,1.0,39.964428782463074,medium,0.0,0.0,0.01485681468658005,0.015337079904703496,2.901537102970505,8.80890767212476,jam
238,-724.8078761122955,-16856.535023190925,-17581.34289930322,False,499.6186561302951,0.0,True,1600,-1.0,1.0,0.4825323522090912,0.9214908480644226,1.0,281.45037055015564,1.0,39.95902860164642,medium,0.0,0.0,0.014377608242307788,0.014936962516301666,1.690371975673508,7.361180969862301,jam
239,5846.074544967171,-2545.5034929388785,3300.571052028293,True,244.52193819074373,0.0,True,538,-1.0,1.0,0.4761824607849121,0.9231849312782288,0.0,280.17937898635864,0.0,40.013363003730774,medium,0.04299009453533478,0.042989822282768986,0.0008209943927077791,0.000821018219934409,0.0007706332327163422,4.551583669506227,success
240,-662.172515895396,-14150.963792647346,-14813.13630854274,False,117.44062047608078,0.0,True,1600,-1.0,1.0,0.48550331592559814,0.9220460057258606,1.0,280.01118302345276,1.0,40.05641961097717,medium,0.0,0.0,0.013455391070702247,0.0138589203096485,1.25806216086027,6.737944591173911,jam
241,27569.382830732262,-6517.14306163986,21052.239769092397,True,436.7548480031043,0.0,True,1466,-1.0,1.0,0.4767724573612213,0.9255467653274536,0.0,280.61333894729614,0.0,39.919623374938965,medium,0.042990006100606507,0.04298967218605698,0.0008247261022795626,0.0008248310778942419,0.0008168842713834197,3.0867182994214097,success
242,-623.772083149387,-14291.622941471507,-14915.395024620895,False,69.68229764845123,0.0,True,1600,-1.0,1.0,0.4835590124130249,0.9263278245925903,1.0,280.4908585548401,1.0,39.9691047668457,medium,0.0,0.0,0.010282379279983156,0.01084039063029615,1.647784166533965,7.1674017877806,jam
243,4825.65454764967,-579.1562952388477,4246.498252410823,True,186.07811054430516,0.0,False,316,-1.0,1.0,0.4815915524959564,0.9247504472732544,0.0,280.87770819664,0.0,39.84964096546173,medium,0.04298994117679536,0.04298953203333866,0.0008126678894901582,0.0008127850935296845,0.0008260205977109273,2.967839388943025,success
244,-699.5240146908859,-14245.278220187934,-14944.802234878822,False,158.52929365926525,0.0,True,1600,-1.0,1.0,0.48296448588371277,0.9253519773483276,1.0,280.1325261592865,1.0,39.910446643829346,medium,0.0,0.0,0.014594562992788692,0.015139899063390028,1.3538312166760569,6.756493927673709,jam
245,32727.596730527166,-3774.237253177641,28953.359477349528,True,234.31273577188028,0.0,True,1486,-1.0,1.0,0.480823278427124,0.9229731559753418,0.0,280.8841025829315,0.0,39.996583104133606,medium,0.042991112578157104,0.042990796164751655,0.0007643775712954537,0.0007644874061995062,0.00081027302322859,2.0667095959557837,success
246,2064.6216043032787,-13125.763733029475,-11061.142128726195,False,62.87546810771445,0.0,True,1600,-1.0,1.0,0.48469868302345276,0.9258935451507568,1.0,280.3939986228943,1.0,39.95221757888794,medium,0.08174139580985343,0.08105964116314117,0.0016616027699938095,0.0017567996496306926,2.352937904628525,6.313161098621368,jam
247,-551.7816179255045,-14819.20178878363,-15370.983406709136,False,259.0265366848108,0.0,True,1600,-1.0,1.0,0.48127272725105286,0.9293919801712036,1.0,280.8508539199829,1.0,40.022858023643494,medium,0.0,0.0,0.006777326213596977,0.007713971087241307,0.9716946724580062,7.053335507202007,jam
248,-996.9124895227618,-14817.892391829559,-15814.80488135232,False,143.3212596774919,0.0,True,1600,-1.0,1.0,0.4797261953353882,0.9214656352996826,1.0,281.32999300956726,1.0,39.9147846698761,medium,0.0,0.0,0.02071791397254643,0.021114479940759125,2.925977075265066,8.10400135563999,jam
249,32947.462514779145,-3151.1193679289436,29796.3431468502,True,125.08515694722736,0.0,True,1472,-1.0,1.0,0.4779500663280487,0.9250879287719727,0.0,280.48829436302185,0.0,39.90265393257141,medium,0.04299025170973873,0.04298991096265645,0.0008112093551218546,0.0008113100969348654,0.0008205151195063878,1.9112096857286252,success
250,1496.6311850842596,-16708.243920689427,-15211.612735605166,False,568.0819859607066,0.0,True,1600,-1.0,1.0,0.4846518039703369,0.923174262046814,1.0,281.41132831573486,1.0,40.01962149143219,medium,0.08334144168073832,0.08291072189163662,0.0011832501953934244,0.0013712169347355183,2.212165211692374,6.863324779044657,jam
251,5077.091895006125,-40.62506059835296,5036.466834407772,True,73.53042852650555,0.0,False,317,-1.0,1.0,0.48346441984176636,0.9212402105331421,0.0,280.54184198379517,0.0,39.86957514286041,medium,0.04299075912614546,0.042990343986690646,0.0007707228308831224,0.0007708432866558487,0.0008189215946774124,0.87372149197186,success
252,-646.7373091073487,-14486.315179830646,-15133.052488937994,False,162.45613633450554,0.0,True,1600,-1.0,1.0,0.48359137773513794,0.9223732948303223,1.0,280.8987581729889,1.0,39.89724659919739,medium,0.0,0.0,0.01157906789696958,0.012042916115927097,1.4549325627889753,7.1571105411402325,jam
253,13612.26938209743,-8981.581559302584,4630.6878227948455,True,231.07417024048678,0.0,True,1459,-1.0,1.0,0.48306435346603394,0.9231307506561279,0.0,280.13755798339844,0.0,40.00480854511261,medium,0.04298983203700183,0.042989518604386545,0.0008388469523759722,0.0008389452132086857,0.000812688024869208,4.991433944026007,success
254,3675.0936974778783,-12697.746156842511,-9022.652459364634,False,76.3785678168931,0.0,True,1600,-1.0,1.0,0.48371076583862305,0.9232924580574036,1.0,280.7923173904419,1.0,39.932068824768066,medium,0.0722552700581929,0.07211222969126897,0.0007717669092662644,0.0008266121783709453,2.3731948355324044,6.227941415201249,jam
255,-999.6265291122137,-14931.84799211412,-15931.474521226333,False,151.27435810136743,0.0,True,1600,-1.0,1.0,0.4785405993461609,0.9217817187309265,1.0,281.13459944725037,1.0,40.070438623428345,medium,0.0,0.0,0.020144608439870045,0.020329954759845757,3.0865752491714393,8.201111146606332,jam
256,21812.902822866494,-9355.434376589727,12457.468446276771,True,537.062744574826,0.0,True,1479,-1.0,1.0,0.48299506306648254,0.9219503402709961,0.0,280.90898275375366,0.0,39.8364462852478,medium,0.04299056069184245,0.042990222408842094,0.000794897970004446,0.0007950039546754339,0.0008165129781824193,3.822755807446732,success
257,4341.56368765362,-392.8542588637366,3948.7094287898826,True,139.93441886464637,0.0,False,301,-1.0,1.0,0.48610973358154297,0.9195294976234436,0.0,280.79413056373596,0.0,39.87145805358887,medium,0.042990684652390504,0.04299029382983807,0.0007489367622003607,0.0007490794629626388,0.0008215281360480078,3.2641781806774097,success
258,9829.076691899616,-353.9614688276851,9475.115223071929,True,123.54493861667574,0.0,False,464,-1.0,1.0,0.481602281332016,0.9237872362136841,0.0,280.7141578197479,0.0,39.76445400714874,medium,0.04298654995165281,0.04298609573288753,0.0009777624876127274,0.000977811281264874,0.0008657218463728212,1.677756333685001,success
259,2578.023992748481,-13169.41831329325,-10591.394320544769,False,116.29431177309857,0.0,True,1600,-1.0,1.0,0.48589858412742615,0.925371527671814,1.0,280.95343232154846,1.0,39.860634446144104,medium,0.08018302580258052,0.07983622309781083,0.0016076712724880041,0.0016247632072513621,2.567388432482934,6.499678797269629,jam
260,-520.2713931737643,-14120.593517744832,-14640.864910918597,False,153.72458081932558,0.0,True,1600,-1.0,1.0,0.4877385199069977,0.9215121865272522,1.0,280.9522843360901,1.0,39.87944567203522,medium,0.0,0.0,0.009183121309946925,0.009575743819757643,0.7849902505316145,6.429085596721794,jam
261,-621.1610440711434,-14139.067500851277,-14760.22854492242,False,129.3441317938504,0.0,True,1600,-1.0,1.0,0.48696649074554443,0.9253897666931152,1.0,281.5551269054413,1.0,39.91296970844269,medium,0.0,0.0,0.012216339281231137,0.012922054623927107,1.0432582000883701,6.553172817408267,jam
262,-674.5775099910494,-17210.530741101393,-17885.10825109244,False,524.016098040206,0.0,True,1600,-1.0,1.0,0.48481014370918274,0.9268844723701477,1.0,280.55269956588745,1.0,39.89992880821228,medium,0.0,0.0,0.011805768120889317,0.012587743443163036,1.5388830336600288,7.455638575151372,jam
263,4718.0263030228825,-668.692360475837,4049.333942547046,True,244.76952299275516,0.0,False,305,-1.0,1.0,0.4870595633983612,0.9245367646217346,0.0,281.1221969127655,0.0,39.91253161430359,medium,0.042990859488822614,0.04299039083200247,0.0007490499816070861,0.0007491434098125701,0.0008552856212451488,1.7788901768030136,success
264,-947.8151505922809,-17213.326405877877,-18161.14155647016,False,497.2687252367338,0.0,True,1600,-1.0,1.0,0.4871893525123596,0.9235867261886597,1.0,280.68647742271423,1.0,39.87769687175751,medium,0.0,0.0,0.018619343646624285,0.019037791001931037,2.940173868756472,8.485460653502056,jam
265,19299.243109257754,-7415.678646060184,11883.564463197567,True,110.76933205837892,0.0,True,1512,-1.0,1.0,0.48096510767936707,0.923061728477478,0.0,280.5915379524231,0.0,39.92728555202484,medium,0.042991892445769855,0.042991556169034856,0.0007226821282522607,0.0007227985663418442,0.000821567619273417,4.188832512533647,success
266,-566.0458582871506,-14588.385370077292,-15154.431228364443,False,271.4757150398842,0.0,True,1600,-1.0,1.0,0.48654013872146606,0.927314043045044,1.0,281.30682945251465,1.0,40.04938328266144,medium,0.0,0.0,0.00993746657972839,0.009982788433694387,0.9006608861671745,6.54740525677276,jam
267,4359.503838258788,-705.9886965624057,3653.5151416963818,True,174.05332788121183,0.0,False,302,-1.0,1.0,0.4804003834724426,0.9214991927146912,0.0,280.50400137901306,0.0,39.79592704772949,medium,0.042988759502412446,0.04298826714434298,0.0008553229653413223,0.0008554527707537598,0.0008719754557123142,3.284636562415366,success
268,14822.864819913872,-8770.590088069886,6052.274731843985,True,62.090587573211195,0.0,True,1519,-1.0,1.0,0.48602086305618286,0.9255650639533997,0.0,281.6240060329437,0.0,40.00987434387207,medium,0.04299265999098041,0.042992368815317955,0.0006794087539418688,0.0006795298958403758,0.0008109411577410776,4.721192914184127,success
269,4352.493045349928,-579.9288268452564,3772.564218504671,True,158.782498127824,0.0,False,301,-1.0,1.0,0.486410915851593,0.9236679077148438,0.0,281.28222823143005,0.0,39.81128716468811,medium,0.04299018104365662,0.042989651666245576,0.0007819592049424942,0.0007820750225225642,0.0008909433789260973,3.243803047069169,success
270,11021.287091898233,-9732.248550540811,1289.0385413574213,True,122.69740403910109,0.0,True,1507,-1.0,1.0,0.4810407757759094,0.9214609861373901,0.0,280.44161319732666,0.0,39.90189218521118,medium,0.042990558744253955,0.04299015554678873,0.0007996591309684803,0.0007997707403181979,0.0008542422393977708,5.272970197359627,success
271,4701.926782496082,-439.00976445726116,4262.917018038821,True,191.28162940733765,0.0,False,305,-1.0,1.0,0.4854775369167328,0.922572135925293,0.0,280.1774799823761,0.0,39.82028865814209,medium,0.04299147717566648,0.04299101827218621,0.0007144984166467505,0.0007145929151655391,0.0008408686568165935,1.9359075446687906,success
272,-540.2610299684453,-16524.038763998586,-17064.29979396703,False,486.14047859491507,0.0,True,1600,-1.0,1.0,0.48774850368499756,0.922327995300293,1.0,280.76637506484985,1.0,39.88942348957062,medium,0.0,0.0,0.007495248504313405,0.0076673193141898075,1.223059613800834,7.129613233185867,jam
273,16989.050278826555,-7668.540244142862,9320.510034683697,True,54.15749529663647,0.0,True,1484,-1.0,1.0,0.48584190011024475,0.9218242168426514,0.0,280.6293785572052,0.0,39.9692245721817,medium,0.04299056396701491,0.04299024121965697,0.0008016204649236013,0.0008017321862980216,0.0008210524136496055,4.110918510249767,success
274,-542.8095735405394,-14182.222007271303,-14725.031580811841,False,83.22682921565342,0.0,True,1600,-1.0,1.0,0.48567670583724976,0.9223678112030029,1.0,280.3401505947113,1.0,39.93956649303436,medium,0.0,0.0,0.004030374424756788,0.007212890761353459,0.7700721809816509,6.8903878636101545,jam
275,-537.6196098156502,-19548.732065885535,-20086.351675701186,False,730.5701991297602,0.0,True,1600,-1.0,1.0,0.4872373342514038,0.9213167428970337,1.0,279.9980080127716,1.0,40.009125113487244,medium,0.0,0.0,0.009758191022109942,0.010230610478859158,0.766687259136128,6.698519941924092,jam
276,-594.082684206596,-14610.410454578736,-15204.493138785332,False,275.5595386978947,0.0,True,1600,-1.0,1.0,0.4853564202785492,0.9232411980628967,1.0,281.03572249412537,1.0,40.105201840400696,medium,0.0,0.0,0.012032974925015698,0.012687830247385568,0.9269068345409682,6.4927384102461705,jam
277,4964.062447604929,-330.54186849471546,4633.520579110214,True,152.80452639200328,0.0,False,316,-1.0,1.0,0.48779329657554626,0.9196622371673584,0.0,279.67431902885437,0.0,39.78846871852875,medium,0.04299110213002047,0.04299079587628227,0.0007526769591083336,0.000752780434744744,0.0007907170131631183,2.2475719334707374,success
278,29247.709875820663,-7178.48154805005,22069.22832777061,True,515.2414449342741,0.0,True,1508,-1.0,1.0,0.4816526174545288,0.9214260578155518,0.0,279.9878799915314,0.0,39.98693251609802,medium,0.042992024329909874,0.042991683191325805,0.0007132279570343256,0.0007133398056045948,0.0008159383011921035,2.9124423666484023,success
279,30549.70103848764,-3978.108275546008,26571.592762941633,True,119.88568095230625,0.0,True,1475,-1.0,1.0,0.4803992509841919,0.9237889051437378,0.0,280.1435661315918,0.0,39.88499069213867,medium,0.04298976168305145,0.04298935179902687,0.0008362184086594132,0.0008363122051051553,0.0008387390781757313,2.450504446566344,success
280,14674.053926533164,-10317.370999204923,4356.68292732824,False,312.88258280205616,0.0,True,1600,-1.0,1.0,0.47580212354660034,0.9227266907691956,1.0,280.02397179603577,1.0,39.907031297683716,medium,0.0630737591242872,0.06296340423827027,0.0010194776374028154,0.0010304514460244944,1.7728544200712706,4.877118205991159,jam
281,4412.586129517125,-296.3841491925041,4116.201980324621,True,120.05253359725762,0.0,False,302,-1.0,1.0,0.4835006892681122,0.9205808043479919,0.0,280.19832611083984,0.0,40.01818382740021,medium,0.04298904941971561,0.04298856305626689,0.0008442518414893891,0.0008443434109711194,0.0008681257592190896,2.2280509836444717,success
282,-576.0299159877839,-17743.25758203816,-18319.287498025944,False,570.7235941255509,0.0,True,1600,-1.0,1.0,0.48703399300575256,0.9209093451499939,1.0,280.23916006088257,1.0,40.024980545043945,medium,0.0,0.0,0.007300940801945238,0.008002354579795104,1.3761437630453086,7.410588173644905,jam
283,-562.2001828977927,-18796.860203629054,-19359.060386526846,False,671.6505618205797,0.0,True,1600,-1.0,1.0,0.4847615659236908,0.9222724437713623,1.0,280.3270936012268,1.0,40.062713861465454,medium,0.0,0.0,0.010407623452753683,0.010936955136879669,0.966159951913408,6.9596041208999,jam
284,-600.2417560876224,-14667.212882388674,-15267.454638476298,False,257.53828728137813,0.0,True,1600,-1.0,1.0,0.48457977175712585,0.9222827553749084,1.0,280.26305317878723,1.0,39.975547432899475,medium,0.0,0.0,0.010067751196993689,0.010391662896939468,1.1306680658131825,6.851150866189641,jam
285,14253.86390382697,-8745.498495261443,5508.365408565526,True,131.45251782559646,0.0,True,1492,-1.0,1.0,0.48067036271095276,0.9212461113929749,0.0,281.02363109588623,0.0,39.86330771446228,medium,0.04299105311451304,0.04299073272422235,0.0007738026653685969,0.0007739133445028739,0.000820698549527726,4.632667902392528,success
286,-503.9441175244801,-14173.079516702961,-14677.02363422744,False,140.12932002788526,0.0,True,1600,-1.0,1.0,0.4835497736930847,0.9208863377571106,1.0,281.08694195747375,1.0,40.10979199409485,medium,0.0,0.0,0.007409626223829324,0.0074435349724065875,1.0972201283762255,6.696155793542166,jam
287,-556.9733010103763,-18624.099038074946,-19181.072339085327,False,656.0172050836711,0.0,True,1600,-1.0,1.0,0.4820234775543213,0.9232363104820251,1.0,280.48802614212036,1.0,39.9448504447937,medium,0.0,0.0,0.009740430664085024,0.010231924848477522,1.2219637009781636,7.119183909679798,jam
288,-1642.438815005387,-13770.717581430277,-15413.156396435665,False,165.7693440921385,0.0,True,1600,-1.0,1.0,0.48231908679008484,0.9239672422409058,1.0,281.06680393218994,1.0,39.961825251579285,medium,0.0,0.0,0.02494076209780606,0.025149467179506925,9.793846926931382,7.655327318399171,jam
289,-516.2357439456587,-16328.250426958553,-16844.486170904212,False,458.85420510581247,0.0,True,1600,-1.0,1.0,0.4810622036457062,0.9236947298049927,1.0,280.76045274734497,1.0,39.94574809074402,medium,0.0,0.0,0.003806700768997024,0.007134043781116046,0.6428152909902406,7.080379701010734,jam
290,13263.817964770711,-366.78461449788,12897.033350272832,True,177.8328629639199,0.0,False,569,-1.0,1.0,0.48153001070022583,0.9216213822364807,0.0,280.3441846370697,0.0,39.95571160316467,medium,0.04298859116931064,0.04298812597842236,0.00088016442548703,0.0008801681098064306,0.0008682575756442244,1.1146412038911415,success
291,5793.714956102642,-2248.554250715057,3545.1607053875846,True,252.17089389541067,0.0,True,494,-1.0,1.0,0.48611846566200256,0.9203552603721619,0.0,280.29228925704956,0.0,39.802814960479736,medium,0.04299006510941379,0.04298983197528236,0.0008245950446073244,0.0008246469280534557,0.0007499622744014151,4.047629536513657,success
292,5917.95712082056,-3033.195272481191,2884.761848339369,True,151.6811839822018,0.0,True,632,-1.0,1.0,0.48242104053497314,0.9204854369163513,0.0,280.4854726791382,0.0,39.813608169555664,medium,0.042992025011770525,0.042991692860207834,0.0007040965802283361,0.0007041392722445876,0.0007911427972921776,4.483569057242611,success
293,-1644.0052593842202,-13790.036596358881,-15434.0418557431,False,167.96591299717605,0.0,True,1600,-1.0,1.0,0.48309117555618286,0.9218892455101013,1.0,281.2862730026245,1.0,39.87279915809631,medium,0.0,0.0,0.024620767442182393,0.024807880715581314,9.86209719617394,7.552338723515718,jam
294,6322.958388109098,-300.3995817893772,6022.558806319722,True,137.67781463041288,0.0,False,365,-1.0,1.0,0.4814472496509552,0.9199984669685364,0.0,281.155241727829,0.0,39.92765033245087,medium,0.042990438457539554,0.04299010704285097,0.0008145354573741723,0.0008146230798844545,0.0008075254549874101,2.0879926774789386,success
295,-696.9214242631906,-16947.815596450648,-17644.737020713837,False,518.1054423128247,0.0,True,1600,-1.0,1.0,0.4832453727722168,0.9235512018203735,1.0,280.4421818256378,1.0,40.0475754737854,medium,0.0,0.0,0.01345739023255969,0.013921344310375415,1.4834246993716516,7.134754749806121,jam
296,13575.457571558996,-9260.160987934982,4315.296583624016,True,167.85550533860686,0.0,True,1507,-1.0,1.0,0.4783153831958771,0.9227225184440613,0.0,280.70324659347534,0.0,39.939562916755676,medium,0.04299170364217526,0.04299138035012583,0.0007362293149954732,0.0007363429481482518,0.0008161821529695327,5.128706662316625,success
297,-704.5469349419556,-14816.364430516682,-15520.911365458638,False,258.4641924915669,0.0,True,1600,-1.0,1.0,0.4821564555168152,0.9197555780410767,1.0,281.43744230270386,1.0,39.94687819480896,medium,0.0,0.0,0.01360979507027284,0.014300506240491572,1.5338930455620228,7.144239732307027,jam
298,35570.227522545545,-3149.472367642227,32420.755154903316,True,112.5299732285352,0.0,True,1544,-1.0,1.0,0.476065993309021,0.9211199283599854,0.0,281.9763946533203,0.0,39.99302291870117,medium,0.04299347355680645,0.042993088684876085,0.0006129289308147549,0.0006130444329687278,0.0008298859905114048,1.90737359883446,success
299,-589.3018759403521,-14737.22130468419,-15326.523180624541,False,230.86579188667775,0.0,True,1600,-1.0,1.0,0.4809437394142151,0.9205866456031799,1.0,281.1113715171814,1.0,39.92498421669006,medium,0.0,0.0,0.007973523740914677,0.009170545413435201,1.3364423195606532,7.1446222358714495,jam
300,-1642.2464640679677,-13717.660431961767,-15359.906896029734,False,119.22204636872169,0.0,True,1600,-1.0,1.0,0.4811345934867859,0.9193305969238281,1.0,282.01092004776,1.0,40.1061155796051,medium,0.0,0.0,0.02505891290937432,0.02528537311328693,9.804939523671374,7.5095971702765185,jam
301,4440.985201094207,-124.17560456475823,4316.809596529449,True,114.72463242190874,0.0,False,304,-1.0,1.0,0.48475077748298645,0.9193295836448669,0.0,280.20740270614624,0.0,39.85666477680206,medium,0.04298964041516355,0.04298915460483531,0.0008088352845827674,0.0008089462915509276,0.000868680596386359,1.7011050764137974,success
302,-566.9567250867649,-16470.11845774638,-17037.07518283315,False,469.21897086497574,0.0,True,1600,-1.0,1.0,0.4776104688644409,0.9192065000534058,1.0,280.4381585121155,1.0,39.945866107940674,medium,0.0,0.0,0.00963541306466038,0.009799258883269492,1.3641205129788303,7.285658381797677,jam
303,-680.6303827118759,-14346.827883847775,-15027.45826655965,False,182.143633156215,0.0,True,1600,-1.0,1.0,0.48097583651542664,0.9251849055290222,1.0,281.00866436958313,1.0,40.05140566825867,medium,0.0,0.0,0.012519205829645837,0.013342507235223833,1.4421463230897393,7.0123410369351475,jam
304,30614.924678835097,-4703.262023556716,25911.66265527838,True,259.30958206815166,0.0,True,1507,-1.0,1.0,0.4802485406398773,0.9223880171775818,0.0,281.58125162124634,0.0,40.02603018283844,medium,0.04299169665057272,0.04299136511561294,0.0007313001223161544,0.0007314188039947259,0.0008181067395856844,2.622130507371859,success
305,4453.207762900522,-727.9096260182389,3725.298136882282,True,249.4511984609999,0.0,False,303,-1.0,1.0,0.4831981062889099,0.9204351902008057,0.0,280.1477074623108,0.0,39.88937163352966,medium,0.04298936805087696,0.0429888074156219,0.000827233476921329,0.0008273463086602307,0.0009098046887466709,2.8055334717542233,success
306,-543.2018990815235,-14370.000291550055,-14913.202190631579,False,91.11551150798996,0.0,True,1600,-1.0,1.0,0.4799812138080597,0.9186649322509766,1.0,280.83699226379395,1.0,39.973989963531494,medium,0.0,0.0,0.007742156903887809,0.008009914762778401,1.4436651426332108,7.137481165205042,jam
307,6761.446562558149,-11856.97653882454,-5095.52997626639,False,72.1383441809318,0.0,True,1600,-1.0,1.0,0.47716280817985535,0.9259153604507446,0.0,281.02911353111267,0.0,39.996105670928955,medium,0.042992498492101926,0.04299236250129328,0.0008386323353747969,0.0008390504807264579,0.0015004925488739998,5.775542746159929,grasp_timeout
308,4126.551478406563,-420.87061776110033,3705.680860645463,True,150.36863135910653,0.0,False,298,-1.0,1.0,0.4846462607383728,0.9208382368087769,0.0,281.1749505996704,0.0,39.96104383468628,medium,0.04298850175230369,0.04298790950214486,0.0008592367544017292,0.0008593650008938834,0.000922374705470981,3.0671914812289796,success
309,4494.263167070016,-1197.333052353591,3296.930114716426,True,291.04149818955227,0.0,False,305,-1.0,1.0,0.48104968667030334,0.9211871027946472,0.0,281.2138319015503,0.0,39.94111144542694,medium,0.042989220072842685,0.042988711711850786,0.0008332706567987686,0.0008334258324261317,0.0008688425319363905,3.229839763026028,success
310,1420.9153438443268,-3336.3308454731714,-1915.4155016288444,True,59.14112775915756,0.0,True,556,-1.0,1.0,0.48247578740119934,0.9196707606315613,0.0,281.1523985862732,0.0,40.106374859809875,medium,0.04298276123236088,0.04298195096264612,0.0011068064177840108,0.0011068342364203001,0.0011258270574578228,5.7855551701501415,success
311,-580.8271209071663,-14900.066389218544,-15480.893510125712,False,271.1876703053625,0.0,True,1600,-1.0,1.0,0.48054221272468567,0.9271796941757202,1.0,280.67710041999817,1.0,40.01633846759796,medium,0.0,0.0,0.00763406653076212,0.007985321461484472,1.2919767895936112,7.112445264294291,jam
312,-1651.6738607921882,-13748.662073459907,-15400.335934252096,False,152.26738593868293,0.0,True,1600,-1.0,1.0,0.4805411398410797,0.9194364547729492,1.0,280.6596767902374,1.0,39.99241495132446,medium,0.0,0.0,0.025200728748638046,0.025436214126121272,9.840859645710509,7.670057075007103,jam
313,-669.3117016270967,-14089.962541139601,-14759.274242766696,False,69.1996182332225,0.0,True,1600,-1.0,1.0,0.4829089343547821,0.9195181131362915,1.0,281.04605436325073,1.0,39.97330152988434,medium,0.0,0.0,0.01346719454968235,0.01392048447263978,1.3162574220556555,6.712188861274785,jam
314,-1517.4218956859831,-13812.346855274714,-15329.768750960697,False,176.1366974110988,0.0,True,1600,-1.0,1.0,0.479580819606781,0.9222005605697632,1.0,281.31183981895447,1.0,39.97695827484131,medium,0.0,0.0,0.023962689032534214,0.02418376753600692,9.574820111285847,7.526940324978873,jam
315,-1618.405423808767,-13690.05565830896,-15308.461082117727,False,115.53746680700499,0.0,True,1600,-1.0,1.0,0.47520971298217773,0.9208447933197021,1.0,280.4157781600952,1.0,39.98657667636871,medium,0.0,0.0,0.025092137464517675,0.025324010060471264,9.589938458278112,7.575881039359512,jam
316,19139.52130952042,-7467.240602440448,11672.280707079972,True,91.49436198369446,0.0,True,1507,-1.0,1.0,0.47948724031448364,0.9250659346580505,0.0,280.2883732318878,0.0,39.936235189437866,medium,0.04299122762737005,0.04299087299214527,0.0007605110340222119,0.0007606261941065023,0.0008317907001592956,3.971629936926984,success
317,4362.654417494213,-707.8261857803876,3654.828231713825,True,175.81954274397646,0.0,False,304,-1.0,1.0,0.4828178882598877,0.9209197759628296,0.0,280.59406995773315,0.0,39.92215538024902,medium,0.04298865752910946,0.04298809649290139,0.0008623800208556057,0.000862533134471421,0.0009101383245903708,3.3523473773049015,success
318,-572.0651977727165,-14310.92915810956,-14882.994355882278,False,144.14636622981757,0.0,True,1600,-1.0,1.0,0.48403453826904297,0.9283351898193359,1.0,281.71626329421997,1.0,40.00409507751465,medium,0.0,0.0,0.007243876362008756,0.007843910672541666,1.2167949716673667,6.995696484545191,jam
319,5718.641154258817,-1932.6983645441683,3785.942789714648,True,221.42819225360176,0.0,True,487,-1.0,1.0,0.4794022738933563,0.9193249344825745,0.0,281.16069197654724,0.0,39.889772176742554,medium,0.042988422808930365,0.0429880486820908,0.0009024645719242825,0.0009024988555894623,0.0007809859137111998,3.899054478415303,success
320,5053.633830753137,-355.6903738921633,4697.943456860972,True,145.9596214569035,0.0,False,321,-1.0,1.0,0.48296013474464417,0.9194948673248291,0.0,280.71803092956543,0.0,39.81012308597565,medium,0.0429898363342163,0.042989395554953125,0.0008243872934643396,0.0008244952381453993,0.0008321337155903939,2.5672366803839006,success
321,-550.7782504882794,-14477.264280730207,-15028.042531218485,False,165.0167877771876,0.0,True,1600,-1.0,1.0,0.48313987255096436,0.9249195456504822,1.0,280.53816199302673,1.0,40.05083703994751,medium,0.0,0.0,0.007392262268865354,0.007798604915971003,1.2542015246971017,7.068623764242459,jam
322,-610.5567655694356,-14081.285535423316,-14691.84230099275,False,117.81189964106876,0.0,True,1600,-1.0,1.0,0.4806981682777405,0.9223155379295349,1.0,281.18616223335266,1.0,39.96384048461914,medium,0.0,0.0,0.010907149401191717,0.011328212435199677,1.2599900419162184,6.783679641904646,jam
323,-642.8063995796456,-14381.011926309084,-15023.81832588873,False,115.25608454754801,0.0,True,1600,-1.0,1.0,0.4846278131008148,0.9212332367897034,1.0,281.33026123046875,1.0,40.103365421295166,medium,0.0,0.0,0.010950849767194383,0.011566949700909953,1.668028263466411,7.178882845629239,jam
324,-666.1352957640684,-14915.238566010885,-15581.373861774955,False,290.84221028615616,0.0,True,1600,-1.0,1.0,0.47708529233932495,0.9231292605400085,1.0,280.6793534755707,1.0,40.0430371761322,medium,0.0,0.0,0.012876269341429615,0.013391040443861305,1.215835249071732,6.637513629913865,jam
325,-614.5956233429248,-14400.56205255165,-15015.157675894576,False,209.40257616297276,0.0,True,1600,-1.0,1.0,0.48097580671310425,0.9210825562477112,1.0,281.7138171195984,1.0,39.984565019607544,medium,0.0,0.0,0.012307395962639588,0.0129027657403949,1.032804232486653,6.526237742544927,jam
326,9401.043623552523,-902.3895984697353,8498.654025082787,True,246.32730904092,0.0,False,456,-1.0,1.0,0.48203006386756897,0.9259482622146606,0.0,281.07128858566284,0.0,39.95643937587738,medium,0.04298557359926044,0.042985064803739675,0.0010228889864657602,0.0010229357321253406,0.0008939181318702445,2.1850857122066443,success
327,-683.712444132723,-14214.134419584698,-14897.84686371742,False,74.0300255938006,0.0,True,1600,-1.0,1.0,0.48282957077026367,0.9232931137084961,1.0,280.9177267551422,1.0,40.07788622379303,medium,0.0,0.0,0.012670500241959582,0.01352354818916253,1.5693608182373442,7.024356253291364,jam
328,-934.2983366821924,-14820.704688746398,-15755.003025428592,False,123.16273426886684,0.0,True,1600,-1.0,1.0,0.48072850704193115,0.9226000308990479,1.0,280.80490231513977,1.0,40.057066917419434,medium,0.0,0.0,0.01813341532340166,0.018472996725676864,2.8884987561600384,8.30644289879047,jam
329,-532.2454589192087,-14093.611804671184,-14625.857263590393,False,47.22145929313712,0.0,True,1600,-1.0,1.0,0.4801567792892456,0.9250043034553528,1.0,280.60235261917114,1.0,40.02810084819794,medium,0.0,0.0,0.009251632941867777,0.009610656121479138,0.8186130506155619,6.448190816932679,jam
330,8923.765580451665,-508.4420413293178,8415.323539122348,True,165.63620389414723,0.0,False,441,-1.0,1.0,0.4821172058582306,0.9222148656845093,0.0,280.9336805343628,0.0,39.97169041633606,medium,0.04298612270137901,0.042985641633545624,0.0010023669162618981,0.001002423715586627,0.000888500702423537,2.1804645855010985,success
331,-1622.6533953943822,-13632.995960335966,-15255.649355730347,False,88.78219419534761,0.0,True,1600,-1.0,1.0,0.4797705411911011,0.9238253235816956,1.0,280.93515038490295,1.0,39.98869204521179,medium,0.0,0.0,0.025452263994636334,0.025640930332584237,9.57701195140908,7.7574281480498755,jam
332,32235.078032469923,-5732.339534586236,26502.738497883685,True,464.7098354316732,0.0,True,1497,-1.0,1.0,0.48164868354797363,0.9237958788871765,0.0,280.3429079055786,0.0,40.079418659210205,medium,0.0429912556149179,0.042990912531971126,0.0007564558065170633,0.0007565684219001355,0.0008190252858052044,2.3889159450192308,success
333,31407.17205103289,-10462.095834076605,20945.076216956284,False,706.7751322882067,0.0,True,1600,-1.0,1.0,0.48205989599227905,0.9223350882530212,1.0,280.2631711959839,1.0,40.071491837501526,hard,0.060857404751118685,0.06071237252555525,0.0008557652168411979,0.0008621718486523409,2.01959133331699,3.127616084990228,jam
334,-693.9960647467617,-14666.228520718914,-15360.224585465676,False,264.44158576776925,0.0,True,1600,-1.0,1.0,0.48035717010498047,0.9214284420013428,1.0,281.0686492919922,1.0,40.03551626205444,hard,0.0,0.0,0.01223355467576484,0.012241275982272098,1.1432475433024962,6.773411006208072,jam
335,-1811.0513868296757,-13846.561486831863,-15657.612873661536,False,143.30488509682255,0.0,True,1600,-1.0,1.0,0.4818161725997925,0.9223021268844604,1.0,280.8111357688904,1.0,40.08340799808502,hard,0.0,0.0,0.029482464685276932,0.029606589640575803,10.223461535486127,7.4279675959195295,jam
336,5428.444563373805,-11907.96169828442,-6479.517134910613,True,165.11986459867995,0.0,True,1542,-1.0,1.0,0.48228514194488525,0.9223710894584656,0.0,280.22762656211853,0.0,40.114323139190674,hard,0.04299410620634197,0.04299387888062281,0.0005909011468224858,0.0005909992177507924,0.0007362692659729793,6.065670134969526,success
337,7976.043474619832,-15069.168680083,-7093.125205463168,True,610.7715425055027,0.0,True,1577,-1.0,1.0,0.4750543236732483,0.9266948699951172,0.0,281.3210880756378,0.0,40.025227308273315,hard,0.042995041807147166,0.04299472834894183,0.0005241568955817605,0.0005242729938287193,0.0008457251788395921,5.812626012057216,success
338,-935.4054008992183,-14790.1744861177,-15725.579887016916,False,50.05106849900629,0.0,True,1600,-1.0,1.0,0.4803735315799713,0.923279881477356,1.0,281.2697398662567,1.0,40.01487398147583,hard,0.0,0.0,0.016977459156106205,0.017067222340309673,3.0786415740339144,8.57238837475979,jam
339,4866.45351210644,-516.885362267119,4349.568149839321,True,177.37138337210368,0.0,False,316,-1.0,1.0,0.47968921065330505,0.9290836453437805,0.0,280.55370807647705,0.0,39.90008795261383,hard,0.04298976955199989,0.042989300051534646,0.000816998029751123,0.000817106940573009,0.0008566558170254831,2.534828464773192,success
340,21994.40695903883,-7266.39290957061,14728.014049468225,False,89.26633542530507,0.0,True,1600,-1.0,1.0,0.48191526532173157,0.9228448867797852,1.0,280.28286933898926,1.0,39.97501814365387,hard,0.06265676933908607,0.06252096530570986,0.0011486764068814785,0.001214247602409664,1.8051272433674486,3.729145935026663,jam
341,-962.8820580001376,-17540.019393008533,-18502.90145100867,False,526.048912310829,0.0,True,1600,-1.0,1.0,0.47953441739082336,0.9205485582351685,1.0,281.1056637763977,1.0,40.00648581981659,hard,0.0,0.0,0.019140879871873333,0.019387233292622225,2.961953677163871,8.441803808752164,jam
342,-1462.0138653483205,-14420.78378136136,-15882.797646709681,False,234.12674818361225,0.0,True,1600,-1.0,1.0,0.4775737524032593,0.9261561036109924,1.0,280.97368836402893,1.0,40.034255623817444,hard,0.0,0.0,0.021768613579672698,0.022113140246536937,9.13039413834877,7.8402697097409915,jam
343,-713.7251061740802,-16982.29460548999,-17696.01971166407,False,458.35376299573363,0.0,True,1600,-0.9962349534034729,1.0,0.4812915623188019,0.9237521290779114,1.0,280.0487017631531,1.0,40.01307690143585,hard,0.0,0.0,0.007806806144043478,0.00836767836577992,3.335642552063446,9.064039971670937,jam
344,-666.2429420874065,-16779.403733436386,-17445.646675523793,False,507.1555098798524,0.0,True,1600,-1.0,1.0,0.48126164078712463,0.9225066900253296,1.0,281.03613018989563,1.0,40.04034960269928,hard,0.0,0.0,0.011814530276231062,0.012570079466224252,1.4732499565683033,7.214305753024453,jam
345,-794.2980893210087,-15250.608775951412,-16044.90686527242,False,226.17384666508767,0.0,True,1600,-1.0,1.0,0.4794671833515167,0.9242792129516602,1.0,280.0437021255493,1.0,40.171448826789856,hard,0.0,0.0,0.010592667119881858,0.010999466375059958,3.3119560913707025,8.826255318778125,jam
346,8963.48934584648,-536.1159860411548,8427.373359805326,True,184.0131432336073,0.0,False,440,-1.0,1.0,0.4762541353702545,0.9223562479019165,0.0,279.87462639808655,0.0,40.08000695705414,hard,0.0429870171017583,0.042986572231405645,0.0009629122580005713,0.0009629740863020628,0.0008715548705325453,1.6259216166668826,success
347,-1716.2024367990052,-14004.930764452129,-15721.133201251134,False,203.0153807193587,0.0,True,1600,-1.0,1.0,0.4824514091014862,0.922210156917572,1.0,280.80522418022156,1.0,40.083534955978394,hard,0.0,0.0,0.026985145342205998,0.02722691963964501,9.978307745235766,7.719889018369468,jam
348,32486.43288992736,-3259.406809655741,29227.02608027162,True,200.8438634517733,0.0,True,1411,-1.0,1.0,0.479817271232605,0.9239961504936218,0.0,280.22616744041443,0.0,40.09213948249817,hard,0.04298789959399747,0.04298753679988351,0.0009254020344918042,0.0009254849779583411,0.0008299549380352092,1.9946828684460116,success
349,5868.45153368079,-1569.692370628425,4298.759163052365,True,144.59953058271202,0.0,True,478,-1.0,1.0,0.4803738296031952,0.9231265783309937,0.0,280.2767324447632,0.0,40.12149178981781,hard,0.04298900767982328,0.04298867255542985,0.0008790024939540281,0.0008790424230159913,0.000780348178572595,3.369204675417833,success
350,-797.7260552464355,-14945.382075851016,-15743.108131097451,False,352.4738415043311,0.0,True,1600,-1.0,1.0,0.4795772135257721,0.9222201108932495,1.0,279.4020426273346,1.0,40.12559914588928,hard,0.0,0.0,0.006134564431767443,0.006186592467084932,4.639566952446223,6.039551117263257,jam
351,-557.8639972621004,-14774.902305406571,-15332.766302668671,False,237.02576269401902,0.0,True,1600,-1.0,1.0,0.4793393611907959,0.9246955513954163,1.0,279.57115054130554,1.0,40.151596903800964,hard,0.0,0.0,0.009268278520800692,0.009502077893273994,1.2768723549318552,7.150338631604268,jam
352,-834.2992821128458,-14881.946741448586,-15716.24602356143,False,106.84692250615531,0.0,True,1600,-1.0,1.0,0.4798984229564667,0.9235376715660095,1.0,280.1651954650879,1.0,40.186737418174744,hard,0.0,0.0,0.012860310849753583,0.013099807380995305,3.0985429695466395,8.685291577633855,jam
353,-1485.615309257697,-13979.845801376909,-15465.461110634606,False,156.57708837183313,0.0,True,1600,-1.0,1.0,0.48187056183815,0.9222219586372375,1.0,281.25735878944397,1.0,40.22072637081146,hard,0.0,0.0,0.022489875915594468,0.022527443052704644,9.230624994879589,7.740679758060217,jam
354,13673.039177820527,-11161.196498196345,2511.842679624184,True,472.94940384795075,0.0,True,1487,-1.0,1.0,0.47787725925445557,0.9246087670326233,0.0,280.44371604919434,0.0,40.15595102310181,hard,0.04299004428243374,0.04298967113600442,0.0008283737197523674,0.0008284734762861641,0.0008408001707689947,5.214729058457003,success
355,-997.3115615947008,-14782.231438659268,-15779.543000253969,False,108.96921823010194,0.0,True,1600,-1.0,1.0,0.4790392816066742,0.9234853386878967,1.0,280.4406797885895,1.0,40.19988739490509,hard,0.0,0.0,0.01977971951329032,0.020176900489680513,3.120225547080493,8.267247269708948,jam
356,13328.82590160048,-173.1432729219773,13155.682628678504,True,124.89485461825501,0.0,False,571,-1.0,1.0,0.482142835855484,0.9220938086509705,0.0,280.9326183795929,0.0,40.19865357875824,hard,0.042986913040803404,0.042986324269647935,0.0009590855336069606,0.0009590966401950054,0.0009320682518943957,1.0381208339599888,success
357,-567.3019674927427,-14779.489057676561,-15346.791025169305,False,278.94719341232496,0.0,True,1600,-1.0,1.0,0.4803633689880371,0.9299567341804504,1.0,279.8079037666321,1.0,40.19520425796509,hard,0.0,0.0,0.00947870048633221,0.009940798320491717,1.2609789104162008,7.021441003889867,jam
358,-1501.015147262931,-13966.461051737879,-15467.47619900081,False,118.00296683914348,0.0,True,1600,-1.0,1.0,0.4805629551410675,0.922380805015564,1.0,280.730197429657,1.0,40.19497537612915,hard,0.0,0.0,0.022603764563642343,0.02295840406432878,9.364233843265435,7.695269699280548,jam
359,6864.627725607169,-10957.913064183562,-4093.2853385763938,True,121.90334073832224,0.0,True,1504,-1.0,1.0,0.48037296533584595,0.9279305338859558,0.0,280.58043360710144,0.0,40.23751878738403,hard,0.04299293002360848,0.042992709524080824,0.0006898544218231341,0.0006899505787545756,0.0007972705441109817,5.873884526847156,success
360,-664.2601460411938,-14397.797746621769,-15062.057892662964,False,112.01629453659783,0.0,True,1600,-1.0,1.0,0.4780042767524719,0.9229673743247986,1.0,280.54527521133423,1.0,40.205963492393494,hard,0.0,0.0,0.011712456717386913,0.012405290690176252,1.5031241826892372,7.168825057304682,jam
361,7345.987942283322,-1634.5874606247833,5711.400481658538,True,67.84915032355427,0.0,True,548,-1.0,1.0,0.4843374490737915,0.9231833219528198,0.0,280.6746971607208,0.0,39.99750220775604,hard,0.042990312918555096,0.042990015230945505,0.000821014984189388,0.0008210364717718649,0.0008332174685599106,2.8724506453808907,success
362,4357.9310843107805,-510.7602800126334,3847.1708042981472,True,170.61202565980113,0.0,False,302,-1.0,1.0,0.481425404548645,0.9234745502471924,0.0,280.1534152030945,0.0,40.04543685913086,hard,0.04298892678844409,0.042988385636568996,0.0008439297550416429,0.0008440675746841456,0.0009015016913343292,2.639556177947148,success
363,-1429.7877497040708,-14012.860479021183,-15442.648228725255,False,83.77379569114086,0.0,True,1600,-1.0,1.0,0.4792175889015198,0.9243255257606506,1.0,280.7236099243164,1.0,40.13712012767792,hard,0.0,0.0,0.022521373406821206,0.022838482390095425,9.251711181661827,7.681426161925342,jam
364,-633.4409299423313,-14893.745053233955,-15527.185983176285,False,305.94904286232577,0.0,True,1600,-1.0,1.0,0.47848042845726013,0.9240083694458008,1.0,280.1192009449005,1.0,40.140851974487305,hard,0.0,0.0,0.012287528176835111,0.012425534472353374,1.2904889294953734,6.970727614063764,jam
365,-1543.2781238868092,-13693.238905621061,-15236.517029507868,False,129.20546815522184,0.0,True,1600,-1.0,1.0,0.4790647327899933,0.9236654043197632,1.0,281.15055322647095,1.0,40.11233472824097,hard,0.0,0.0,0.024671345796973148,0.024865183967741143,9.691727036755948,7.5375950402904675,jam
366,-529.1295692394714,-14555.593830333797,-15084.72339957327,False,185.7525289070044,0.0,True,1600,-1.0,1.0,0.4797235429286957,0.9254037141799927,1.0,280.4725658893585,1.0,40.13743305206299,hard,0.0,0.0,0.0063937716478580445,0.008156738585659263,1.153103112196567,7.07000935076571,jam
367,-654.5336756094921,-14897.68724708701,-15552.2209226965,False,270.84168074635113,0.0,True,1600,-1.0,1.0,0.4778572618961334,0.9248530864715576,1.0,281.18403792381287,1.0,40.202789545059204,hard,0.0,0.0,0.011549048530761663,0.012127683108804093,1.378881331553747,7.148623234302099,jam
368,6045.600366480615,-1334.6403821818367,4710.959984298778,True,101.49145715677206,0.0,True,473,-1.0,1.0,0.4783271253108978,0.9219193458557129,0.0,280.4625344276428,0.0,40.02563500404358,hard,0.04298906329757189,0.04298869808436201,0.0008761714569541047,0.0008762202821792708,0.0007968251647842073,3.4758472296727545,success
369,-611.943644145457,-14949.193255920767,-15561.136900066223,False,262.9195571940941,0.0,True,1600,-1.0,1.0,0.47505098581314087,0.9262920618057251,1.0,280.8286452293396,1.0,40.096370220184326,hard,0.0,0.0,0.00853668874488504,0.009538842131430603,1.2534226996450757,7.2894488727488325,jam
370,-919.4143679736857,-15199.813114745404,-16119.227482719089,False,230.08743491882382,0.0,True,1600,-1.0,1.0,0.4762309491634369,0.9237966537475586,1.0,280.7124733924866,1.0,40.11360430717468,hard,0.0,0.0,0.017206409685650667,0.017546294287261496,2.939149543295648,8.50114436599647,jam
371,6424.579826730773,-14784.736821966546,-8360.156995235771,True,580.109837509781,0.0,True,1562,-1.0,1.0,0.47682464122772217,0.9233333468437195,0.0,281.930228471756,0.0,40.09810829162598,hard,0.04299578878768601,0.0429957124625322,0.0004659652667224487,0.0004661097404835168,0.0007743232764870857,5.814111603412881,success
372,20161.833617502478,-9714.689505498029,10447.144112004451,True,454.77887038644724,0.0,True,1563,-1.0,1.0,0.4765182435512543,0.9239412546157837,0.0,281.0861265659332,0.0,40.17052435874939,hard,0.04299424553253477,0.04299391960311913,0.0005619815856450322,0.0005621099181688386,0.0008223076895374256,4.3270698188347465,success
373,-1518.937708911959,-14218.033828618843,-15736.971537530804,False,185.44203653185414,0.0,True,1600,-1.0,1.0,0.4768495559692383,0.9246737957000732,1.0,281.0097908973694,1.0,40.0497784614563,hard,0.0,0.0,0.023827773210454706,0.023886622367763743,9.675529016712154,7.677266464866647,jam
374,-571.088016314064,-15088.94338507326,-15660.031401387325,False,318.23508589408084,0.0,True,1600,-1.0,1.0,0.47642868757247925,0.9229110479354858,1.0,280.8272182941437,1.0,40.339170932769775,hard,0.0,0.0,0.007255336412061523,0.007985095414416185,1.0439450573012465,7.067826220848526,jam
375,9098.348654288246,-11265.819299901917,-2167.470645613671,True,239.10240339541284,0.0,True,1563,-1.0,1.0,0.47517144680023193,0.9251894354820251,0.0,280.75130105018616,0.0,40.1187219619751,hard,0.04299341639050763,0.042993107225060556,0.0006320086481239927,0.0006321348284213357,0.0008358404752848339,5.6014188908119,success
376,-545.4793258611529,-15147.114903959296,-15692.59422982045,False,368.99714377958,0.0,True,1600,-1.0,1.0,0.47612980008125305,0.9227274060249329,1.0,280.75326442718506,1.0,40.0292112827301,hard,0.0,0.0,0.010737184620732705,0.01130129730904955,0.7497755358874031,6.615343668639566,jam
377,4381.744406397839,-113.20123377374682,4268.543172624093,True,122.11633018539574,0.0,False,302,-1.0,1.0,0.477283775806427,0.9226709604263306,0.0,280.3363847732544,0.0,39.96728444099426,hard,0.04298943190633868,0.04298895838738831,0.0008138417382548239,0.0008139779464297774,0.0008611965297021291,1.2356476611672556,success
378,-1632.5340394007667,-13616.722357839612,-15249.256397240377,False,45.014365354818686,0.0,True,1600,-1.0,1.0,0.4752994775772095,0.9208948612213135,1.0,281.8294095993042,1.0,40.047895550727844,hard,0.0,0.0,0.02547625448074141,0.02572421629652925,9.62669489934692,7.528478970097856,jam
379,-1623.2143456566605,-13620.724393128903,-15243.938738785562,False,59.71817199920644,0.0,True,1600,-1.0,1.0,0.47612667083740234,0.9244163632392883,1.0,281.6933035850525,1.0,40.09830141067505,hard,0.0,0.0,0.024520751721817696,0.024725132872142817,9.761930866154994,7.619128534472346,jam
380,17407.974269519404,-7835.431261985346,9572.543007534056,True,236.07963941712535,0.0,True,1445,-1.0,1.0,0.4756167531013489,0.92188960313797,0.0,280.95897912979126,0.0,40.16773307323456,hard,0.04298816967023543,0.04298776051948973,0.0009133279451144417,0.0009134176588815818,0.0008490919489503032,4.999725222456466,success
381,-706.5592977707779,-14916.880637241367,-15623.439935012146,False,251.40435713691227,0.0,True,1600,-1.0,1.0,0.475708544254303,0.9241746068000793,1.0,280.4093623161316,1.0,40.11343443393707,hard,0.0,0.0,0.011090707895011312,0.012082478355764014,1.2453248470433376,7.261579323622559,jam
382,33471.732271360466,-2979.481405184702,30492.25086617576,True,53.34293934272031,0.0,True,1464,-1.0,1.0,0.4763357937335968,0.9227835536003113,0.0,281.1876106262207,0.0,40.18026077747345,hard,0.042989142774207637,0.042988749475974225,0.0008654567006897203,0.0008655520349051976,0.0008387664536769078,1.9603193539077748,success
383,-37.51894239197826,-937.4386604117325,-974.9576028037108,False,288.1049508491661,0.0,False,135,-1.0,1.0,0.4832445979118347,0.9207440614700317,1.0,281.14810705184937,1.0,39.93454897403717,hard,0.0,0.0,0.006897556995712024,0.007046801098193286,6.659314483749433,4.579224489443548,grasp_slip
384,10935.288936563622,-9661.787284193177,1273.5016523704462,True,221.25644886222105,0.0,True,1452,-1.0,1.0,0.47392040491104126,0.9295377135276794,0.0,280.85782766342163,0.0,40.143428683280945,hard,0.04298704378614672,0.042986610136458214,0.0009686082328608119,0.0009686970230967301,0.0008712127341056542,5.239482999177153,success
385,-529.5549922798143,-14827.123584604082,-15356.678576883896,False,282.8323940312872,0.0,True,1600,-1.0,1.0,0.4760407507419586,0.9210901260375977,1.0,280.9273934364319,1.0,40.134623885154724,hard,0.0,0.0,0.007786609677453862,0.008159818524803873,1.0322416639351375,6.932625352871623,jam
386,4435.6050813613965,-569.9004661632043,3865.704615198192,True,166.47397657793326,0.0,False,300,-1.0,1.0,0.47594374418258667,0.9175722002983093,0.0,280.4553246498108,0.0,40.02658987045288,hard,0.042990371194424046,0.04298990132924954,0.0007657378222497486,0.0007658942994656851,0.0008551505266773317,3.265026953295928,success
387,-988.7252720147408,-14697.945314784534,-15686.670586799275,False,45.04935093827492,0.0,True,1600,-1.0,1.0,0.4768192172050476,0.920281708240509,1.0,281.06635332107544,1.0,40.24873399734497,hard,0.0,0.0,0.01995295427811676,0.020327779412915466,3.033465887506679,8.068240421093085,jam
388,19960.05388751081,-6615.555087461609,13344.4988000492,True,71.82906941832157,0.0,True,1452,-1.0,1.0,0.4745405316352844,0.9224817752838135,0.0,280.580358505249,0.0,40.11884891986847,hard,0.042988520531037556,0.0429881360015579,0.0009007665507800482,0.0009008570095844252,0.0008469090300328819,3.7880976420146846,success
389,-520.7963181480752,-14834.939077301557,-15355.735395449632,False,254.83159235589733,0.0,True,1600,-1.0,1.0,0.4744080901145935,0.921746551990509,1.0,280.7337486743927,1.0,40.18963956832886,hard,0.0,0.0,0.006629876809865678,0.006723330217277453,1.2193541973611413,7.166255698397507,jam
390,17801.745109279906,-6868.646177812835,10933.098931467066,True,116.15922804453936,0.0,True,1409,-1.0,1.0,0.4749591052532196,0.9206653237342834,0.0,280.89640855789185,0.0,40.14910066127777,hard,0.042987469837448264,0.04298708777443194,0.0009484379568204773,0.0009485161736311302,0.0008442824226226694,4.05513256553698,success
391,-1032.9908774909836,-14730.529466085653,-15763.520343576636,False,97.5672506659195,0.0,True,1600,-1.0,1.0,0.47535330057144165,0.9194541573524475,1.0,280.98034024238586,1.0,40.141499280929565,hard,0.0,0.0,0.021646017269465117,0.02181637467230183,3.038254438207388,8.024684456141381,jam
392,23615.72941509102,-6885.308326243184,16730.421088847837,True,439.35792713337423,0.0,True,1387,-1.0,1.0,0.4746272563934326,0.9179016351699829,0.0,281.37728571891785,0.0,40.137518882751465,hard,0.04298736056465252,0.04298697672433746,0.0009503228636675361,0.0009503927132036574,0.000839906740371041,3.270167169602327,success
393,-779.8195554498941,-15314.481131660883,-16094.300687110777,False,238.24640709079057,0.0,True,1600,-1.0,1.0,0.47476881742477417,0.9240522384643555,1.0,280.6599235534668,1.0,40.11520290374756,hard,0.0,0.0,0.011221348457027323,0.011751968964378906,3.1355967026197993,8.81780215805075,jam
394,10364.283461505966,-937.448887713183,9426.834573792781,True,192.72226670423987,0.0,True,596,-1.0,1.0,0.47573745250701904,0.918642520904541,0.0,280.4263138771057,0.0,40.25224947929382,hard,0.04298897984392826,0.04298846314825111,0.000851620733533422,0.0008516400846057539,0.0008943856598542898,1.9269655960600427,success
395,-487.41409952641527,-14038.820749859502,-14526.234849385917,False,62.68867919669413,0.0,True,1600,-1.0,1.0,0.47811317443847656,0.9199557900428772,1.0,280.37720799446106,1.0,40.15125894546509,hard,0.0,0.0,0.007175406342780969,0.0074390701728456925,0.8404287634245606,6.467205309889011,jam
396,4428.471380518925,-390.23655958006896,4038.234820938856,True,129.11508488276073,0.0,False,306,-1.0,1.0,0.4798111319541931,0.91874098777771,0.0,281.1125838756561,0.0,40.07184052467346,hard,0.04298787504154629,0.04298723264986691,0.0009003551614865608,0.0009004800869386963,0.0009607810391375877,2.8890597358705783,success
397,-916.0479850178284,-17380.47430294347,-18296.5222879613,False,485.15988208398227,0.0,True,1600,-1.0,1.0,0.47668710350990295,0.9201738238334656,1.0,280.8945846557617,1.0,40.273964643478394,hard,0.0,0.0,0.015771489264527025,0.016107322747126267,3.1785702816924917,8.947106979704916,jam
398,-531.1618215588456,-14808.502513802658,-15339.664335361504,False,228.05882612498266,0.0,True,1600,-1.0,1.0,0.47700151801109314,0.9189118146896362,1.0,279.9463379383087,1.0,40.2688684463501,hard,0.0,0.0,0.006365872439490387,0.007813745313468679,1.339442603885215,7.225138038566985,jam
399,4560.746090883024,-239.1294222043902,4321.616668678635,True,137.14136374133736,0.0,False,305,-1.0,1.0,0.47771215438842773,0.9224324822425842,0.0,280.1827585697174,0.0,40.149420738220215,hard,0.042989961392660314,0.04298953802965716,0.0007979540049248871,0.0007980737651241528,0.000835046931300707,1.6187855075865396,success
400,5727.847063016774,-12155.503157917088,-6427.656094900312,True,138.7053908169142,0.0,True,1570,-1.0,1.0,0.47544997930526733,0.9193782210350037,0.0,280.09734630584717,0.0,40.207812428474426,hard,0.04299554762029542,0.042995239946045344,0.00047421142043015054,0.00047430738618075484,0.000780697923624381,6.2517448106393125,success
401,5717.809189853527,-815.4574622452103,4902.351727608317,True,117.78493812690408,0.0,True,469,-1.0,1.0,0.4744427800178528,0.9177030920982361,0.0,280.3292500972748,0.0,40.08922481536865,hard,0.04298712581285379,0.042986624748660024,0.0009503766036019041,0.0009504015325519715,0.0008327221636226397,2.0410067505492346,success
402,4212.635038062047,-138.24155523842694,4074.3934828236193,True,115.2433392256354,0.0,False,302,-1.0,1.0,0.47857844829559326,0.918289840221405,0.0,280.3266108036041,0.0,40.141658425331116,hard,0.042989002379609065,0.0429884748971652,0.0008384442403883615,0.0008385622267033361,0.000894738487742213,1.8301020130960595,success
403,21967.585188824858,-6749.701453834414,15217.88373499045,True,153.83912445645362,0.0,True,1502,-1.0,1.0,0.47268396615982056,0.9169338941574097,0.0,279.913067817688,0.0,40.13249599933624,hard,0.04299125923044461,0.04299089880024136,0.0007551993376762399,0.0007553105430548436,0.0008270925312859923,3.783533877404943,success
404,4397.158534885383,-74.00713370260291,4323.15140118278,True,90.56591782035618,0.0,False,303,-1.0,1.0,0.47791504859924316,0.9203512668609619,0.0,279.71232056617737,0.0,39.951228737831116,hard,0.042989391817981754,0.042988916162252866,0.0008227753897699546,0.0008228791459375184,0.0008720402395691111,1.308195273793328,success
405,31816.572269491953,-3901.4964378075647,27915.075831684393,True,224.02683272349557,0.0,True,1471,-1.0,1.0,0.4749685227870941,0.9198524951934814,0.0,279.8229777812958,0.0,40.20724558830261,hard,0.0429898324616842,0.04298947944521464,0.0008317276854050042,0.0008318298756470309,0.0008251076304111747,2.2305881217518384,success
406,-1633.6426238229394,-13719.088451745793,-15352.731075568732,False,101.08137874185022,0.0,True,1600,-1.0,1.0,0.4714397192001343,0.9179076552391052,1.0,280.0371038913727,1.0,40.27834916114807,hard,0.0,0.0,0.025380261812487544,0.025653526985717816,9.645492156878472,7.712000012386284,jam
407,-528.1503265487593,-14359.606128515681,-14887.75645506444,False,169.29532692357805,0.0,True,1600,-1.0,1.0,0.4725729823112488,0.9228789806365967,1.0,279.44482922554016,1.0,40.27368211746216,hard,0.0,0.0,0.007461658648101365,0.007633728845826214,1.1392039265326226,6.96903551256631,jam
408,-978.9065766666756,-14721.579689893493,-15700.486266560169,False,52.74009501936158,0.0,True,1600,-1.0,1.0,0.4736204743385315,0.9198999404907227,1.0,279.9430549144745,1.0,40.30488157272339,hard,0.0,0.0,0.01944998401505607,0.019538321093859973,3.0147569860277983,8.210996426982705,jam
409,8143.089098094361,-276.548364867653,7866.54073322671,True,119.18722752579762,0.0,False,419,-1.0,1.0,0.46959149837493896,0.9179492592811584,0.0,279.80586528778076,0.0,40.10017001628876,hard,0.04298790640035349,0.042987525823295444,0.0009310991015000934,0.0009311632236421977,0.0008494502892187627,1.7711367095864874,success
410,-1653.5725758738174,-13626.840510620583,-15280.4130864944,False,36.12195135424848,0.0,True,1600,-1.0,1.0,0.47189927101135254,0.9194862842559814,1.0,280.20769238471985,1.0,40.17566704750061,hard,0.0,0.0,0.025244718643763396,0.025391567505919053,9.863843946889318,7.613484991192451,jam
411,-494.15128185732937,-14121.771718075324,-14615.922999932653,False,45.51246399121455,0.0,True,1600,-1.0,1.0,0.47027406096458435,0.9226644039154053,1.0,280.35492420196533,1.0,40.221237778663635,hard,0.0,0.0,0.004067914362256731,0.006777370447301679,0.5890308184483986,6.565559074705266,jam
412,4416.236795713236,-542.0425192429677,3874.1942764702676,True,160.25783432665565,0.0,False,306,-1.0,1.0,0.4756479561328888,0.920671820640564,0.0,279.87775921821594,0.0,40.078656911849976,hard,0.04298998017662292,0.04298956310554855,0.0007947757102689111,0.0007949042544973415,0.0008464428359722436,3.4880599275874657,success
413,-830.4215882535308,-17044.034274420934,-17874.455862674462,False,467.91043213196446,0.0,True,1600,-1.0,1.0,0.4712822139263153,0.9220415353775024,1.0,280.1439845561981,1.0,40.126795411109924,hard,0.0,0.0,0.012098998068230369,0.01265006328624209,3.2510501935373646,8.893351588766134,jam
414,-934.3412680602146,-15488.89044211344,-16423.231710173655,False,248.1569154212276,0.0,True,1600,-1.0,1.0,0.47400200366973877,0.921695351600647,1.0,280.4205524921417,1.0,40.24155282974243,hard,0.0,0.0,0.01709120337247539,0.017372080789171254,3.0854204999973027,8.629809900646405,jam
415,-761.4977905738758,-16386.155351299283,-17147.653141873157,False,397.3954118328408,0.0,True,1600,-1.0,1.0,0.47345641255378723,0.9219751954078674,1.0,280.02543091773987,1.0,40.22922360897064,hard,0.0,0.0,0.010648629772076314,0.011109394331461851,3.0625978282100106,8.96221330679918,jam
416,-616.8841381526194,-17993.91409541265,-18610.798233565267,False,604.3677879548743,0.0,True,1600,-1.0,1.0,0.4722863435745239,0.9199114441871643,1.0,280.67028760910034,1.0,40.20336174964905,hard,0.0,0.0,0.009909773610496341,0.010340372067453788,1.285536021800581,7.330217739379418,jam
417,23847.97232656016,-5825.753784567416,18022.218541992745,True,229.36854350250965,0.0,True,1444,-1.0,1.0,0.4730435907840729,0.9235973358154297,0.0,280.18298387527466,0.0,40.27403438091278,hard,0.042987869909277665,0.042987465876889216,0.0009293030225469095,0.0009293904328256087,0.0008541278888326093,3.333367859333856,success
418,-544.4874891130996,-14208.67107051308,-14753.158559626181,False,123.86547735978344,0.0,True,1600,-1.0,1.0,0.4736799895763397,0.9242830872535706,1.0,280.4494881629944,1.0,40.339659094810486,hard,0.0,0.0,0.00645501301646682,0.008296231330413973,0.5721095692630999,6.72171410363099,jam
419,-551.8138879200112,-16845.320622525735,-17397.134510445743,False,542.9135297238212,0.0,True,1600,-1.0,1.0,0.47396039962768555,0.9243651032447815,1.0,280.0696337223053,1.0,40.2298709154129,hard,0.0,0.0,0.010691537635117172,0.011199892719354386,0.6805802154881274,6.645258490453837,jam
420,-611.2100087359863,-14624.204576909931,-15235.414585645918,False,253.50213944889762,0.0,True,1600,-1.0,1.0,0.47347456216812134,0.9197645783424377,1.0,280.23431062698364,1.0,40.23929977416992,hard,0.0,0.0,0.010005465963681053,0.01088479573649845,0.999077438386762,7.025498803924409,jam
421,4323.3179674681105,-521.2273799357085,3802.090587532402,True,150.1881785202531,0.0,False,304,-1.0,1.0,0.477374404668808,0.9185166358947754,0.0,279.949814081192,0.0,40.140363812446594,hard,0.0429886300464999,0.042988147946982025,0.000861353780442274,0.0008614780509832028,0.0008659306348022001,2.9427167970299295,success
422,6327.9077382485875,-960.1900817032713,5367.717656545317,True,131.8297142635205,0.0,True,490,-1.0,1.0,0.4710870385169983,0.9225257635116577,0.0,280.58770775794983,0.0,40.1937290430069,hard,0.042988399371175705,0.042987972256372436,0.0009055216966705453,0.0009055367487126477,0.00082078203436202,2.4253184269875705,success
423,-887.509388427625,-15116.284770226943,-16003.794158654568,False,177.47812446158667,0.0,True,1600,-1.0,1.0,0.4712446928024292,0.9177765846252441,1.0,279.6052360534668,1.0,40.26815319061279,hard,0.0,0.0,0.014617139777912628,0.015049947116015153,3.1721578525372047,8.730658923134783,jam
424,-960.0986097770251,-17533.907087039574,-18494.0056968166,False,524.3736346361682,0.0,True,1600,-1.0,1.0,0.4706137180328369,0.9181476831436157,1.0,279.9301052093506,1.0,40.34474813938141,hard,0.0,0.0,0.01888711390538693,0.019154614970849818,2.9595226689722294,8.60163603090727,jam
425,-746.580434946615,-14949.676693892248,-15696.257128838864,False,109.54196389081169,0.0,True,1600,-1.0,1.0,0.4720114767551422,0.9185900092124939,1.0,280.68880558013916,1.0,40.28217399120331,hard,0.0,0.0,0.009799154727120278,0.010315587459103388,3.1884244850631314,8.843397628329779,jam
426,-1037.204177383523,-15216.21197144642,-16253.416148829941,False,249.70900305405004,0.0,True,1600,-1.0,1.0,0.4731520712375641,0.9225856065750122,1.0,280.29183864593506,1.0,40.36660814285278,hard,0.0,0.0,0.021796998216608333,0.02220795959880354,3.0529836657199922,8.143381242203995,jam
427,-445.53486748407397,-14486.140589324132,-14931.675456808203,False,270.2613047479019,0.0,True,1600,-1.0,1.0,0.4696544408798218,0.9209900498390198,1.0,279.36381578445435,1.0,40.324313282966614,hard,0.0,0.0,0.0070387523169189465,0.007258394810917052,0.5316053564923736,6.4054259649603535,jam
428,4820.429891575994,-12869.91639481913,-8049.486503243136,False,237.75405559147353,0.0,True,1600,-1.0,1.0,0.4715915322303772,0.9210907816886902,1.0,280.0102496147156,1.0,40.33880615234375,hard,0.0622783440527856,0.06213884309710285,0.0008805211306232115,0.0009337180997980623,1.7440715375621647,6.371745064792259,jam
429,5059.423536721591,-1070.7273286921882,3988.6962080294024,True,289.56330156606464,0.0,False,325,-1.0,1.0,0.47346484661102295,0.9207652807235718,0.0,279.64932084083557,0.0,40.07902705669403,hard,0.04299130578212666,0.04299091976526365,0.0007430196150994513,0.0007431371320311192,0.0008116976521426024,2.917353104389343,success
430,-631.0003173461521,-14315.636007795752,-14946.636325141906,False,114.32628098777903,0.0,True,1600,-1.0,1.0,0.47063472867012024,0.9204719066619873,1.0,279.77214455604553,1.0,40.284655928611755,hard,0.0,0.0,0.01109555943990132,0.011797996417779125,1.4258518865855037,7.084704922923802,jam
431,6670.836436931242,-12527.202591217436,-5856.366154286194,True,405.52815460037834,0.0,True,1477,-1.0,1.0,0.47063180804252625,0.921505868434906,0.0,280.2505648136139,0.0,40.26905798912048,hard,0.04299085384732963,0.04299056144605817,0.0007910312746925803,0.0007911170614975733,0.0007926680250068918,7.164832416766087,success
432,-1050.9453608047918,-14695.453742678706,-15746.3991034835,False,52.310022473602814,0.0,True,1600,-1.0,1.0,0.4686231315135956,0.9250646233558655,1.0,280.10512471199036,1.0,40.25966131687164,hard,0.0,0.0,0.021860388138202572,0.02187798467016261,3.142810373999569,8.088705519766144,jam
433,4446.645648169978,-470.89831592252324,3975.7473322474552,True,173.600232807725,0.0,False,301,-1.0,1.0,0.472740113735199,0.9191478490829468,0.0,279.58386421203613,0.0,40.121758222579956,hard,0.04298894434441734,0.04298843392430901,0.0008414082323499016,0.0008415329208501328,0.0008757828453525995,2.295692536559918,success
434,-591.1565640348591,-14674.143533817532,-15265.30009785239,False,258.5303213773965,0.0,True,1600,-1.0,1.0,0.4684271812438965,0.9207342863082886,1.0,279.05898809432983,1.0,40.216012835502625,hard,0.0,0.0,0.011197210394273205,0.01122634991004662,1.1922553251352959,6.93523629809243,jam
435,-497.86047060192254,-14255.013052508444,-14752.873523110367,False,111.77071473029828,0.0,True,1600,-1.0,1.0,0.470375657081604,0.9222325086593628,1.0,279.9840712547302,1.0,40.2455028295517,hard,0.0,0.0,0.007479548773900507,0.0076584301110836014,1.455453259618644,7.020221370849274,jam
436,-698.0849760126149,-14388.172426053668,-15086.257402066283,False,103.76059504638543,0.0,True,1600,-1.0,1.0,0.4718346893787384,0.9209900498390198,1.0,279.5677065849304,1.0,40.30368530750275,hard,0.0,0.0,0.013356381424462889,0.014053380503746457,1.6227468871695088,7.169150201316734,jam
437,-634.3921693082183,-17450.487393618787,-18084.879562927003,False,556.728893642944,0.0,True,1600,-1.0,1.0,0.4697807729244232,0.9251609444618225,1.0,279.07543540000916,1.0,40.257261633872986,hard,0.0,0.0,0.010413604473843149,0.011155194053464887,1.3580510604930216,7.396425038333446,jam
438,-580.1727705750541,-17004.640087151667,-17584.812857726716,False,518.8196323407664,0.0,True,1600,-1.0,1.0,0.4685027599334717,0.9206938147544861,1.0,278.9787256717682,1.0,40.2817108631134,hard,0.0,0.0,0.007065688753079167,0.007593825779008601,1.0141828537308502,7.232897903294494,jam
439,-599.6859986109732,-14168.337948731685,-14768.02394734266,False,49.21842253534068,0.0,True,1600,-1.0,1.0,0.4689384698867798,0.9247782230377197,1.0,279.10181760787964,1.0,40.31350040435791,hard,0.0,0.0,0.008803773326773583,0.009412497072686451,0.9776191898827878,6.9470780441879585,jam
440,-736.1185102946636,-16860.698411717218,-17596.816922011883,False,445.4352987767874,0.0,True,1600,-1.0,1.0,0.4685244560241699,0.922986626625061,1.0,279.9073386192322,1.0,40.424479484558105,hard,0.0,0.0,0.00953443084833977,0.009753479496617838,3.1735938644105066,9.034230522385796,jam
441,-1665.030985673632,-13640.849670589481,-15305.880656263114,False,81.64880080692065,0.0,True,1600,-1.0,1.0,0.47052961587905884,0.9194674491882324,1.0,280.17507672309875,1.0,40.30523383617401,hard,0.0,0.0,0.026289704655906878,0.026444239846041655,9.72225810503191,7.476305623539329,jam
442,17417.7617158752,-8830.032976937893,8587.728738937309,True,237.19067241682026,0.0,True,1560,-1.0,1.0,0.4683895707130432,0.9210394024848938,0.0,279.81122970581055,0.0,40.23173236846924,hard,0.042994112138895424,0.042993779439790325,0.0005754991262034166,0.0005756195522165045,0.0008240123267359267,4.512542513648528,success
443,17334.24314776361,-7939.2504470942,9394.99270066941,True,91.206554343098,0.0,True,1497,-1.0,1.0,0.46765807271003723,0.9220062494277954,0.0,279.40372705459595,0.0,40.278982162475586,hard,0.042991104287150306,0.04299076378303526,0.0007646104249828722,0.000764724235900029,0.0008223901246659302,4.386182604605615,success
444,8848.415978248939,-133.42310111365788,8714.99287713528,True,121.99131524341755,0.0,False,437,-1.0,1.0,0.468004047870636,0.9206446409225464,0.0,279.6388816833496,0.0,40.24144911766052,hard,0.04298808441452735,0.04298774927508259,0.0009144250934907904,0.0009145021238831088,0.0008287662185661122,0.9639341808574384,success
445,-1599.9183096686997,-13706.22952793198,-15306.147837600682,False,132.5782001907683,0.0,True,1600,-1.0,1.0,0.4696388244628906,0.9213043451309204,1.0,279.8609149456024,1.0,40.32454037666321,hard,0.0,0.0,0.024292737292226106,0.024515030115707145,9.59828955595115,7.603855142926068,jam
446,-605.2811695451705,-14207.926984216163,-14813.208153761334,False,45.11081180451361,0.0,True,1600,-1.0,1.0,0.4678475856781006,0.9188422560691833,1.0,279.51281785964966,1.0,40.33460760116577,hard,0.0,0.0,0.007960369194580985,0.009181809956570053,0.9664567371785933,6.952084379165458,jam
447,5054.849642932375,-692.6888312656265,4362.1608116667485,True,195.75396553116957,0.0,False,316,-1.0,1.0,0.47345903515815735,0.9209578633308411,0.0,280.2898645401001,0.0,40.20522856712341,hard,0.042991029705146,0.04299070770308275,0.0007542352597755735,0.0007543043365967648,0.0007872529155500894,3.2594090765615022,success
448,-1614.1701647459258,-13613.383205962582,-15227.553370708509,False,64.55424852118982,0.0,True,1600,-1.0,1.0,0.469172865152359,0.9211638569831848,1.0,279.5066702365875,1.0,40.299391984939575,hard,0.0,0.0,0.025117148560493328,0.025320142954378136,9.55197119771118,7.604249149358677,jam
449,-1333.145844594588,-15275.423080947585,-16608.56892554217,False,205.63363753127032,0.0,True,1600,-1.0,1.0,0.4724901020526886,0.9226037263870239,1.0,279.27897214889526,1.0,40.32716715335846,hard,0.0,0.0,0.012381878863462054,0.012406393228068913,8.626412983117177,8.695485230868607,jam
450,-680.7023783595171,-17125.154761177175,-17805.857139536693,False,545.2548401363225,0.0,True,1600,-1.0,1.0,0.4715840220451355,0.9201168417930603,1.0,279.32599663734436,1.0,40.461637020111084,hard,0.0,0.0,0.012274456624810727,0.01250654562752006,1.1802871290420311,6.925528534377399,jam
451,-926.4712926035927,-14764.003199890874,-15690.474492494468,False,45.549940604924544,0.0,True,1600,-1.0,1.0,0.4709281325340271,0.9230384826660156,1.0,279.74985003471375,1.0,40.35428249835968,hard,0.0,0.0,0.017606082935556884,0.017613638491066924,2.8839494361193396,8.48408926826334,jam
452,-1603.182093515472,-13696.700702945105,-15299.882796460577,False,129.94786310016258,0.0,True,1600,-1.0,1.0,0.4697417616844177,0.9204531311988831,1.0,280.1982510089874,1.0,40.39963507652283,hard,0.0,0.0,0.023693772703182847,0.023907120110817227,9.707288909200503,7.524994572543759,jam
453,-614.3812035893466,-14359.88071467695,-14974.261918266297,False,215.148026860611,0.0,True,1600,-1.0,1.0,0.46821993589401245,0.9224339723587036,1.0,280.0981616973877,1.0,40.40109956264496,hard,0.0,0.0,0.011776896885796764,0.011895232288217268,0.9928384677723155,6.688484020398157,jam
454,4415.798233863194,-798.6574799691208,3617.1407538940716,True,197.9361053499971,0.0,False,303,-1.0,1.0,0.4702284336090088,0.9248548150062561,0.0,279.7034800052643,0.0,40.30189895629883,hard,0.04298962127616102,0.04298911358680227,0.0008092773464044996,0.0008093733595793964,0.0008862047069626502,3.1898233946257983,success
455,5391.78810905708,-12150.43301582355,-6758.644906766469,False,130.0200897581779,0.0,True,1600,-1.0,1.0,0.4697914123535156,0.9212477207183838,1.0,279.57356452941895,1.0,40.41214847564697,hard,0.06025188456393303,0.06024849713404898,0.0014871121816523078,0.0014905950792113818,1.599095530935209,5.936539812161852,jam
456,-603.3232289091318,-14343.906783386677,-14947.230012295808,False,160.13035236894729,0.0,True,1600,-1.0,1.0,0.4693748950958252,0.9259865880012512,1.0,280.25311827659607,1.0,40.43111169338226,hard,0.0,0.0,0.007704775884739067,0.00828740560499593,1.1028347144061834,6.995322641282945,jam
457,4535.5893682569495,-617.455572780198,3918.1337954767505,True,160.3091578051993,0.0,False,304,-1.0,1.0,0.47283390164375305,0.9203084707260132,0.0,280.9743857383728,0.0,40.28012835979462,hard,0.04298953985117041,0.0429890885294556,0.0008163019251912477,0.0008164054361917331,0.0008480039855466979,3.275376274944544,success
458,8464.887424263567,-11505.379342301325,-3040.4919180377574,True,296.9611239770518,0.0,True,1548,-1.0,1.0,0.4668905436992645,0.9201797842979431,0.0,280.27894258499146,0.0,40.4764928817749,hard,0.04299258007472488,0.04299216616651541,0.00069050504239383,0.0006906085333455872,0.0008806003663084237,5.755865027528641,success
459,-651.9002666439064,-14284.773138405028,-14936.673405048932,False,157.14994174486978,0.0,True,1600,-1.0,1.0,0.46918877959251404,0.9210179448127747,1.0,280.4923176765442,1.0,40.42994582653046,hard,0.0,0.0,0.012254137985019065,0.01267035644467637,1.4451828044923725,6.923899893492494,jam
460,-1607.0185847537527,-13607.190663162937,-15214.209247916691,False,29.92369146195788,0.0,True,1600,-1.0,1.0,0.47034624218940735,0.9202978610992432,1.0,280.17629981040955,1.0,40.42574906349182,hard,0.0,0.0,0.02408121666422725,0.024368271790516493,9.68118532570348,7.594625545925012,jam
461,-546.3480196169421,-14162.524682533185,-14708.872702150127,False,134.03001221030928,0.0,True,1600,-1.0,1.0,0.47076380252838135,0.9227234125137329,1.0,280.2698230743408,1.0,40.36380612850189,hard,0.0,0.0,0.009479918766369826,0.00976545396434135,1.0613100577087717,6.806927802276923,jam
462,-568.0596377592371,-14681.9543611306,-15250.013998889839,False,253.29938905676192,0.0,True,1600,-1.0,1.0,0.4666651487350464,0.9231983423233032,1.0,280.5074346065521,1.0,40.42569541931152,hard,0.0,0.0,0.009545823308687276,0.010031956410681686,1.198358105397347,7.050559173046847,jam
463,-593.195196334758,-14009.812690400675,-14603.007886735431,False,86.47964737174907,0.0,True,1600,-1.0,1.0,0.46787747740745544,0.9235326051712036,1.0,279.7175884246826,1.0,40.47982597351074,hard,0.0,0.0,0.01102938928507807,0.011224384761788357,1.0910201910447546,6.5458991092032965,jam
464,31865.95890942739,-3970.27696337855,27895.68194604884,True,60.009641192315364,0.0,True,1518,-1.0,1.0,0.46889013051986694,0.9220781922340393,0.0,279.44849848747253,0.0,40.4052551984787,hard,0.04299238867241795,0.04299204478483555,0.0006845343015450004,0.0006846506605466001,0.0008166790099492295,2.3263663299433532,success
465,26737.600493658392,-5414.124001500693,21323.4764921577,True,179.28092491440037,0.0,True,1466,-1.0,1.0,0.46797946095466614,0.9235155582427979,0.0,279.84350204467773,0.0,40.45617604255676,hard,0.0429890540025079,0.04298864127352381,0.0008691425731230547,0.0008692384429923017,0.0008465483224726774,3.496545017997361,success
466,-505.76777914783776,-14203.600497368921,-14709.36827651676,False,165.09191119433075,0.0,True,1600,-1.0,1.0,0.46766552329063416,0.9263535737991333,1.0,280.72280526161194,1.0,40.44775211811066,hard,0.0043960671183920705,0.002618075016014604,0.0030325977404002157,0.003970222760994272,2.608496414321596,6.901987338282363,jam
467,-1614.1271375261429,-13686.608253884653,-15300.735391410799,False,112.77065039048537,0.0,True,1600,-1.0,1.0,0.46881362795829773,0.9207897186279297,1.0,281.13402009010315,1.0,40.3494348526001,hard,0.0,0.0,0.024812844108051412,0.025074821306242775,9.633626970665393,7.7911563714942575,jam
468,-1598.9555224295216,-13609.09360681508,-15208.049129244604,False,86.72425672182688,0.0,True,1600,-1.0,1.0,0.4681965708732605,0.9218447208404541,1.0,280.9222114086151,1.0,40.3236141204834,hard,0.0,0.0,0.02516315609513113,0.025343323194666745,9.423979997324556,7.616216522584183,jam
469,-517.5889517903418,-14105.157457545802,-14622.746409336143,False,59.18891740477344,0.0,True,1600,-1.0,1.0,0.46827250719070435,0.9213761687278748,1.0,280.28377056121826,1.0,40.382842659950256,hard,0.0,0.0,0.0065288924344819475,0.006834055596518497,1.015581653204904,6.795852342419226,jam
470,10184.536682266204,-9222.252439984633,962.2842422815693,True,111.16442789864264,0.0,True,1443,-1.0,1.0,0.4648264944553375,0.9210137128829956,0.0,280.4061543941498,0.0,40.41088604927063,hard,0.04298756265015875,0.04298710242634282,0.0009351063030203924,0.0009351945646300233,0.0008635488891943554,5.9564595552589825,success
471,-1624.8009874269744,-13743.895224638252,-15368.696212065228,False,148.7009510122112,0.0,True,1600,-1.0,1.0,0.46797260642051697,0.9239192008972168,1.0,281.55736923217773,1.0,40.406848430633545,hard,0.0,0.0,0.024843936989779814,0.02500087566563496,9.75366180422169,7.593627919062264,jam
472,28958.40330913137,-4563.397744333637,24395.005564797735,True,56.037538354604735,0.0,True,1501,-1.0,1.0,0.4630657732486725,0.9207459092140198,0.0,279.82648611068726,0.0,40.37536287307739,hard,0.042990980585047904,0.042990617855113766,0.0007712920717510277,0.0007714027233016386,0.0008329230338998307,2.7312783862214083,success
473,22423.895544017054,-6948.09553473041,15475.800009286639,True,148.68753188713129,0.0,True,1545,-1.0,1.0,0.46576330065727234,0.9238576889038086,0.0,280.5599844455719,0.0,40.338375210762024,hard,0.042993696778548335,0.042993392733639335,0.0006049707107132843,0.0006050968064659558,0.000812422039711167,3.623575265604236,success
474,-603.2454193462897,-14302.246650698264,-14905.492070044555,False,80.2633311733742,0.0,True,1600,-1.0,1.0,0.46750661730766296,0.9255526065826416,1.0,280.3288209438324,1.0,40.37148439884186,hard,0.0,0.0,0.010355947029930713,0.011101949394344888,1.5054249113636222,7.042200157510938,jam
475,5747.9440546673095,-3155.8794403693523,2592.064614297958,True,400.0930877933332,0.0,True,491,-1.0,1.0,0.46610090136528015,0.9260940551757812,0.0,280.0067412853241,0.0,40.335963010787964,hard,0.042989830107463115,0.042989522141620065,0.0008300708176876336,0.00083011935599264,0.000775345877083385,4.277797762420457,success
476,-494.0949718382797,-14631.452186374529,-15125.547158212807,False,236.56878086932971,0.0,True,1600,-1.0,1.0,0.46312373876571655,0.9243758916854858,1.0,279.8411202430725,1.0,40.37954533100128,hard,0.0,0.0,0.007618933139971888,0.0076817694673193835,1.4151282980695858,7.0531735534343145,jam
477,13881.100882725748,-33.834508569696204,13847.266374156052,True,58.13266984440377,0.0,False,716,-1.0,1.0,0.466455340385437,0.9201861619949341,0.0,280.63491463661194,0.0,40.31426751613617,hard,0.04299467903924313,0.04299441820929549,0.0005453105972946541,0.0005453859093885011,0.000811974647361426,0.35954658244015836,success
478,-716.1882945387929,-15196.220078323608,-15912.408372862401,False,198.38429010393767,0.0,True,1600,-1.0,1.0,0.4634253680706024,0.9218426942825317,1.0,280.6715428829193,1.0,40.50737404823303,hard,0.0,0.0,0.0034770353083341315,0.003893642671473869,5.471340827586922,8.813306842693994,jam
479,4802.704607871028,-212.0583699795211,4590.646237891508,True,137.49045482990422,0.0,False,312,-1.0,1.0,0.4689489006996155,0.9230858087539673,0.0,280.2199339866638,0.0,40.29694938659668,hard,0.04298904150701982,0.042988564628902715,0.0008484996811755264,0.0008486428132737062,0.0008511917728483649,1.9410527932644952,success
480,27510.648776453098,-4963.359372129022,22547.289404324078,True,224.99598425068586,0.0,True,1448,-1.0,1.0,0.4645006060600281,0.9263535141944885,0.0,280.2804446220398,0.0,40.3603675365448,hard,0.04298888081405517,0.04298851860748373,0.0008777389424671185,0.0008778345520069209,0.0008271022256992961,3.0360618558426022,success
481,-1308.8452160669906,-15224.069634813706,-16532.914850880697,False,182.5395482697646,0.0,True,1600,-1.0,1.0,0.46605661511421204,0.926443338394165,1.0,280.7616436481476,1.0,40.399885416030884,hard,0.0,0.0,0.011464526158702443,0.011523657882059335,8.507897938529071,8.982074024577452,jam
482,-630.2667376848701,-14360.832046635,-14991.09878431987,False,105.01332331373312,0.0,True,1600,-1.0,1.0,0.4661729633808136,0.9257696270942688,1.0,281.20818853378296,1.0,40.374415159225464,hard,0.0,0.0,0.010118631041262725,0.011014545510855683,1.5388913308114471,7.159645674242946,jam
483,-596.087911218594,-14443.28784612846,-15039.375757347054,False,111.99261138351632,0.0,True,1600,-1.0,1.0,0.4659118056297302,0.9269911050796509,1.0,280.74479937553406,1.0,40.40288054943085,hard,0.0,0.0,0.009923234854041167,0.01050441624526213,1.5317426949673647,7.179753020183581,jam
484,5267.176736962837,-788.5359138824996,4478.640823080339,True,248.7300347797006,0.0,False,320,-1.0,1.0,0.4719228744506836,0.9229857325553894,0.0,280.20989179611206,0.0,40.22669339179993,hard,0.0429907898785421,0.04299029976162955,0.0007715990177151078,0.0007716869494849082,0.0008461469730750681,2.514430201348035,success
485,22118.93745264264,-6326.967694447858,15791.96975819478,True,86.62762297799571,0.0,True,1481,-1.0,1.0,0.4659569561481476,0.9237035512924194,0.0,280.2251374721527,0.0,40.45114600658417,hard,0.04299061380196775,0.042990286986194726,0.0007937610840842272,0.0007938693796000862,0.0008155093740054493,3.6114182472248086,success
486,10868.374753934047,-11088.69524749328,-220.3204935592321,True,420.1378492548536,0.0,True,1467,-1.0,1.0,0.46473929286003113,0.925967276096344,0.0,280.14554023742676,0.0,40.3479346036911,hard,0.042988529695307046,0.0429881094674269,0.0008976717810471335,0.0008977688724503156,0.0008549007372936511,5.326683989561741,success
487,-468.7772778457907,-13936.281252534782,-14405.058530380573,False,141.2362261082739,0.0,True,1600,-1.0,1.0,0.46679577231407166,0.9262937307357788,1.0,279.8014235496521,1.0,40.434375047683716,hard,0.0,0.0,0.007610217748946619,0.007816823400411966,0.38273239115317526,6.276759275817024,jam
488,-924.5012952517055,-15271.82893040761,-16196.330225659316,False,248.54378020839184,0.0,True,1600,-1.0,1.0,0.46443575620651245,0.9234660267829895,1.0,279.72773790359497,1.0,40.359954476356506,hard,0.0,0.0,0.017284471578838303,0.017846869706447246,2.9490849693596792,8.506463767604533,jam
489,-500.24773086052437,-14850.054675775626,-15350.30240663615,False,250.6565522007336,0.0,True,1600,-1.0,1.0,0.46582621335983276,0.9252699613571167,1.0,279.990519285202,1.0,40.4075493812561,hard,0.0,0.0,0.007309305179308241,0.007427125646052943,1.4315352499414298,7.195224911605846,jam
490,-559.3079902479708,-17033.30584911222,-17592.61383936019,False,548.4060704647196,0.0,True,1600,-1.0,1.0,0.4656490981578827,0.9272200465202332,1.0,279.4349694252014,1.0,40.446747183799744,hard,0.0,0.0,0.009494781234504285,0.00959010729999765,0.9069774588598918,6.968614162846548,jam
491,18797.94523118114,-7810.478719874005,10987.466511307135,True,320.21523614334745,0.0,True,1429,-1.0,1.0,0.4618889093399048,0.9276887774467468,0.0,280.3124165534973,0.0,40.493932604789734,hard,0.04298814106527127,0.04298775622757024,0.0009121603423829275,0.0009122469956459246,0.0008343378189113179,4.587874198301639,success
492,-679.0416588852397,-14812.981665408775,-15492.023324294016,False,298.8329428344183,0.0,True,1600,-1.0,1.0,0.46493032574653625,0.9249200224876404,1.0,279.35617685317993,1.0,40.39669716358185,hard,0.0,0.0,0.01411422357279923,0.014386000546418498,1.3503033880167354,6.845621527256107,jam
493,-756.0483779699462,-16559.573154670874,-17315.62153264082,False,469.64336448072726,0.0,True,1600,-1.0,1.0,0.4661344885826111,0.9224279522895813,1.0,279.8150062561035,1.0,40.45075798034668,hard,0.0,0.0,0.013719542010229149,0.013988802662537974,1.3529363226552926,7.221624069427321,jam
494,-623.6936499111473,-14270.929398997421,-14894.623048908568,False,48.35793009453105,0.0,True,1600,-1.0,1.0,0.46501052379608154,0.9245172739028931,1.0,280.6297755241394,1.0,40.43220603466034,hard,0.0,0.0,0.011466577021551898,0.011516520654087124,1.518218937350413,7.0709364942236155,jam
495,-729.5472335074078,-14920.907344410232,-15650.45457791764,False,109.58070003930386,0.0,True,1600,-1.0,1.0,0.46581578254699707,0.9239531755447388,1.0,280.3477895259857,1.0,40.432915925979614,hard,0.0,0.0,0.008925476648965158,0.009448325958314064,3.234387040015675,8.727384234837194,jam
496,-527.4059620261321,-14422.947534004388,-14950.35349603052,False,203.08583659825436,0.0,True,1600,-1.0,1.0,0.46509531140327454,0.9225956201553345,1.0,279.9786424636841,1.0,40.382436752319336,hard,0.0,0.0,0.007256005126070686,0.0075231942975845095,1.0188908222093715,6.862058675402666,jam
497,10680.433345192481,-9557.634082983031,1122.7992622094516,True,247.15683964295235,0.0,True,1410,-1.0,1.0,0.4666706621646881,0.9243488311767578,0.0,280.46491622924805,0.0,40.25151991844177,hard,0.04298629970259102,0.04298583121451109,0.000992148231535854,0.0009922251573064764,0.0008726594140078032,6.083431024870732,success
498,-532.7309286869462,-14157.234497997648,-14689.965426684594,False,113.82877911086995,0.0,True,1600,-1.0,1.0,0.46875065565109253,0.9240381717681885,1.0,280.8804762363434,1.0,40.37946307659149,hard,0.0,0.0,0.007937566765987085,0.008082803094324617,1.225933841065544,6.734994839869103,jam
499,4440.289975900927,-13380.030838052455,-8939.74086215153,False,314.3541391327,0.0,True,1600,-1.0,1.0,0.4650125801563263,0.925603449344635,1.0,279.8640048503876,1.0,40.292808055877686,hard,0.06680924953919323,0.06673168923698197,0.0007102026812295448,0.0007337783630458197,1.983886444633239,6.288939241109839,jam
