episode,reward_agent1,reward_agent2,reward_total,success,peak_force_N,peak_torque_Nm,jamming,steps,action1_min,action1_max,action2_min,action2_max,kp_min,kp_max,kd_min,kd_max,curriculum,mean_depth_m,min_depth_m,mean_lateral_error_m,max_lateral_error_m,orientation_error_deg,mean_force_all_steps_N,failure_reason
0,3474.525280924363,499.18813561901914,3973.713416543382,True,0.0,0.0,False,215,-1.0,1.0,0.4832838177680969,0.9152480363845825,1.0,233.9229452610016,1.0,45.29350459575653,easy,0.058954673114727685,0.05888049851464766,0.0007618395921905965,0.0009161149801881922,0.16857050599328946,0.0,success
1,-196.91615425681593,-2.3238547520816755,-199.2400090088976,False,0.0,0.0,False,1600,-1.0,0.22552454471588135,0.4789005517959595,0.9239435195922852,1.0,216.830952167511,1.0,45.44159919023514,easy,0.0,0.0,0.005901589108039547,0.0059106133258418556,0.6445260750881987,0.0,contact_alignment
2,-254.76985684829032,-2.3364408451458534,-257.10629769343615,False,0.0,0.0,False,1600,-1.0,0.3936989903450012,0.47899535298347473,0.922465980052948,1.0,215.47435760498047,1.0,45.42243778705597,easy,0.0,0.0,0.007542843502714166,0.00754863940984678,0.7885703093573228,0.0,contact_alignment
3,3161.3654510056813,499.1937511977081,3660.5592022033893,True,0.0,0.0,False,205,-1.0,1.0,0.48266103863716125,0.9148947596549988,1.0,234.81866836547852,1.0,45.32129645347595,easy,0.06565748215047708,0.06563390120831682,0.0007351270264984662,0.0007772169403684593,0.4902408611771453,0.0,success
4,-238.6372284206658,-2.359781557842282,-240.99700997850806,False,0.0,0.0,False,1600,-1.0,0.5243513584136963,0.47891297936439514,0.9203270077705383,1.0,216.25185251235962,1.0,45.54390251636505,easy,0.0,0.0,0.007131939707696809,0.007201491072272518,0.7582801243968911,0.0,contact_alignment
5,3283.877648487419,499.1945451565313,3783.07219364395,True,0.0,0.0,False,209,-1.0,1.0,0.4831991195678711,0.9201720952987671,1.0,233.9463770389557,1.0,45.39600193500519,easy,0.06248985552736138,0.06245092432574735,0.0008150773856224659,0.000891327419389067,0.3216761044552519,0.0,success
6,3479.407526828065,499.1828445363584,3978.5903713644234,True,0.0,0.0,False,216,-1.0,0.9931206703186035,0.4856046438217163,0.9184562563896179,1.0,234.77527618408203,1.0,45.27077794075012,easy,0.05722225798677533,0.057169757026648255,0.0007857944074286538,0.0008487779735914822,0.15502365959157063,0.0,success
7,1586.6892639585528,499.2423761706366,2085.9316401291894,True,0.0,0.0,False,163,-1.0,0.09844716638326645,0.48192059993743896,0.9163053035736084,1.0,234.1534662246704,1.0,45.38761347532272,easy,0.07239011753724665,0.07225903000760002,0.0007303188551125413,0.0008000311891326273,1.2668868775920485,0.0,success
8,3224.8079378243715,499.187942526914,3723.9958803512855,True,0.0,0.0,False,207,-1.0,1.0,0.4857412874698639,0.9161019325256348,1.0,234.59195971488953,1.0,45.34401893615723,easy,0.06732521277328009,0.06724037090466518,0.0006199412070033996,0.0007976347995892075,0.5081099353041106,0.0,success
9,3322.1367565453324,499.1907830481906,3821.327539593523,True,0.0,0.0,False,211,-1.0,0.996077299118042,0.48550042510032654,0.9159712791442871,1.0,234.76861238479614,1.0,45.312749445438385,easy,0.05995246051540751,0.059922999013393985,0.0007576238008683483,0.0008998861255823168,0.2502845573731831,0.0,success
10,2430.3449079055526,499.2187573492968,2929.5636652548496,True,0.0,0.0,False,185,-1.0,0.8335179090499878,0.485808402299881,0.9193015098571777,1.0,233.87609720230103,1.0,45.43026715517044,easy,0.07465931413825949,0.0746295072793178,0.000844199472864401,0.000943037395551283,1.156703127479256,0.0,success
11,-204.97522919684252,-2.330585136309282,-207.3058143331518,False,0.0,0.0,False,1600,-1.0,0.3504663407802582,0.47881609201431274,0.918393611907959,1.0,215.66247820854187,1.0,45.49601674079895,easy,0.0,0.0,0.006138965685255427,0.006255458284986517,0.6578316435802383,0.0,contact_alignment
12,2655.4297120831347,498.1790230381514,3153.6087351212864,True,22.78632140570563,0.0,False,191,-1.0,0.15637391805648804,0.48633646965026855,0.9163604974746704,1.0,234.51940178871155,1.0,45.348758697509766,easy,0.07407009557583893,0.07402540465069885,0.0006120789916926903,0.0006363256418727664,1.065180327013976,0.11930011207175721,success
13,3036.2277197375233,499.2009681483759,3535.4286878858993,True,0.0,0.0,False,202,-1.0,1.0,0.48280248045921326,0.9150214791297913,1.0,234.64410781860352,1.0,45.48652470111847,easy,0.06561278234868934,0.06559584580925476,0.0007849609094306494,0.0007961581172879362,0.5677216514504071,0.0,success
14,-260.6006994887915,-2.330816990023677,-262.9315164788152,False,0.0,0.0,False,1600,-1.0,0.22604131698608398,0.4778984785079956,0.9193240404129028,1.0,216.13994717597961,1.0,45.500585436820984,easy,0.0,0.0,0.007673074133147027,0.007758643086764975,0.817541659345861,0.0,contact_alignment
15,2927.7731161496495,499.19609978797706,3426.9692159376264,True,0.0,0.0,False,199,-1.0,0.8991638422012329,0.4828587770462036,0.9191580414772034,1.0,235.84673762321472,1.0,45.468022525310516,easy,0.07197963483002416,0.07196144955412083,0.0006401057380297261,0.0008484995079408375,0.8993211518410554,0.0,success
16,-272.84139745537504,-2.329647296621639,-275.1710447519967,False,0.0,0.0,False,1600,-1.0,0.6800134181976318,0.47948238253593445,0.9182475805282593,1.0,217.2729480266571,1.0,45.48042058944702,easy,0.0,0.0,0.008030328740259255,0.008036726562638857,0.8609028861978909,0.0,contact_alignment
17,-281.9369425617906,-2.3318181853326045,-284.2687607471232,False,0.0,0.0,False,1600,-1.0,0.358695387840271,0.4836064577102661,0.9197600483894348,1.0,216.9063150882721,1.0,45.67489683628082,easy,0.0,0.0,0.008306200169838142,0.008440191476427189,0.8979280564176231,0.0,contact_alignment
18,3317.925805295794,499.1824354809309,3817.108240776725,True,0.0,0.0,False,210,-1.0,1.0,0.4802311956882477,0.9173443913459778,1.0,236.1999809741974,1.0,45.32279223203659,easy,0.06465132602667971,0.0644997451340445,0.0007097556916950394,0.0007928199599635703,0.3455853389813187,0.0,success
19,-250.60821273805726,-2.3330786113022377,-252.9412913493595,False,0.0,0.0,False,1600,-1.0,0.35468536615371704,0.4841282069683075,0.9207412600517273,1.0,216.44762873649597,1.0,45.66813766956329,easy,0.0,0.0,0.007333568184821878,0.007367348001611347,0.7838452252402535,0.0,contact_alignment
20,3086.7416635358986,499.20310067092424,3585.944764206823,True,0.0,0.0,False,203,-1.0,0.9980708956718445,0.48626893758773804,0.9191590547561646,1.0,235.88579058647156,1.0,45.424146354198456,easy,0.06633383783240566,0.06630530410532656,0.000844841577174779,0.0008499852174204571,0.5627424088462057,0.0,success
21,3345.6220695230545,499.20085123041247,3844.822920753467,True,0.0,0.0,False,211,-1.0,0.9601548910140991,0.48387205600738525,0.915464460849762,1.0,234.52846765518188,1.0,45.460558235645294,easy,0.06055327906800567,0.0605088306555398,0.0006035500575578861,0.0007533971278018888,0.2562817620958864,0.0,success
22,3024.217530755762,499.2097946527078,3523.4273254084696,True,0.0,0.0,False,201,-1.0,0.9921342134475708,0.48252126574516296,0.9192284941673279,1.0,235.76077461242676,1.0,45.23119509220123,easy,0.0675017895961639,0.06749887223125772,0.0008296084621869495,0.0008744907781512161,0.6248896994717448,0.0,success
23,3156.448446749355,499.2029095281251,3655.65135627748,True,0.0,0.0,False,204,-1.0,0.9964368939399719,0.4832272231578827,0.9156809449195862,1.0,235.33088207244873,1.0,45.338813960552216,easy,0.0677447863456052,0.06772044173974814,0.000602911710530981,0.000735632026292968,0.5838630009427525,0.0,success
24,1627.851900931197,499.246960535153,2127.09886146635,True,0.0,0.0,False,164,-1.0,0.3605862259864807,0.487153559923172,0.9113490581512451,1.0,236.06842517852783,1.0,45.23798555135727,easy,0.07305101367498663,0.07293108225472963,0.0005999672489930483,0.0006544511575478255,1.385505879501074,0.0,success
25,3238.612732878217,499.1893949281237,3737.8021278063406,True,0.0,0.0,False,213,-1.0,1.0,0.48717087507247925,0.9157360792160034,1.0,236.32354021072388,1.0,45.218515396118164,easy,0.06448383434510903,0.06444315983358415,0.0008577999292718505,0.0009394111250550862,0.32612294639635864,0.0,success
26,-216.68735460509117,-2.3367289416023067,-219.02408354669348,False,0.0,0.0,False,1600,-1.0,0.655951976776123,0.4831506907939911,0.9213086366653442,1.0,217.0489513874054,1.0,45.42639523744583,easy,0.0,0.0,0.006296067615109973,0.006361058607270076,0.6799879466234162,0.0,contact_alignment
27,1637.9560985887106,499.24580228247527,2137.201900871186,True,0.0,0.0,False,164,-1.0,1.0,0.4828423857688904,0.9148914813995361,1.0,235.63572764396667,1.0,45.37134140729904,easy,0.07288844864096534,0.07276004207354542,0.0009156733526939468,0.0009525336638714326,1.3591138890126218,0.0,success
28,3790.1071275851054,499.1661427731528,4289.273270358258,True,0.0,0.0,False,235,-1.0,1.0,0.48665544390678406,0.9134517312049866,1.0,235.78767776489258,1.0,45.20721256732941,easy,0.04924093916678955,0.04914369102980366,0.0006130557294380289,0.0006844281781130384,0.26816003788544635,0.0,success
29,3260.0239815986606,499.19579584985155,3759.219777448512,True,0.0,0.0,False,208,-1.0,0.9978856444358826,0.48932987451553345,0.9115056395530701,1.0,237.0316231250763,1.0,45.29454559087753,easy,0.06295435728323753,0.06284991791112812,0.0007822080132144247,0.0009768182935595586,0.3987273089609207,0.0,success
30,3446.1044704016767,499.19588477512025,3945.300355176797,True,0.0,0.0,False,215,-1.0,1.0,0.4859994649887085,0.9143187999725342,1.0,236.11649751663208,1.0,45.24532675743103,easy,0.05720092391941059,0.05712649047743662,0.0007498672285800696,0.0008320491001497414,0.1325903146456659,0.0,success
31,2756.284426793851,492.6013535433805,3248.885780337231,True,57.46240137745482,0.0,False,194,-1.0,0.7019869685173035,0.485135018825531,0.9139965772628784,1.0,235.56206941604614,1.0,45.30576080083847,easy,0.07566845437185231,0.07565936225590164,0.0007782857680145297,0.0008937820844192291,1.1057940466647624,0.29619794524461246,success
32,1528.5034258609805,499.24409593771367,2027.7475217986942,True,0.0,0.0,False,161,-1.0,0.44721806049346924,0.4873523712158203,0.9114334583282471,1.0,235.2609896659851,1.0,45.18628001213074,easy,0.07145648708879475,0.07126682941392681,0.000754139364546602,0.0007843657197576009,1.2309797679053112,0.0,success
33,-248.3520459195349,-2.315100144104627,-250.66714606363954,False,0.0,0.0,False,1600,-1.0,0.37634986639022827,0.48200657963752747,0.9160828590393066,1.0,217.18727946281433,1.0,45.61830759048462,easy,0.0,0.0,0.007400019731548978,0.007485915355760222,0.7872555317713663,0.0,contact_alignment
34,-278.1835563725965,-2.3019180215569826,-280.48547439415347,False,0.0,0.0,False,1600,-1.0,0.5295878052711487,0.4835950434207916,0.9174955487251282,1.0,216.63554787635803,1.0,45.431577265262604,easy,0.0,0.0,0.008172853582398255,0.008276124986179556,0.8503347088513578,0.0,contact_alignment
35,-255.33665259058856,-2.3102688694946654,-257.6469214600832,False,0.0,0.0,False,1600,-1.0,0.48790669441223145,0.48274555802345276,0.9131813049316406,1.0,217.49305486679077,1.0,45.5678328871727,easy,0.0,0.0,0.007585484730258515,0.00765414644741649,0.7896442002715854,0.0,contact_alignment
36,-257.7251257481729,-2.301695478240001,-260.0268212264129,False,0.0,0.0,False,1600,-1.0,0.7274596095085144,0.4829530417919159,0.9159008264541626,1.0,216.14547967910767,1.0,45.425627529621124,easy,0.0,0.0,0.007606842317651836,0.007787618735124065,0.781190535130531,0.0,contact_alignment
37,4095.9977814722806,499.1550236776129,4595.1528051498935,True,0.0,0.0,False,238,-1.0,1.0,0.48626360297203064,0.9171648025512695,1.0,237.4640417098999,1.0,45.26959925889969,easy,0.04575320346547333,0.04551476595760254,0.00043121015814564595,0.00045091476783001996,0.6392785589446911,0.0,success
38,2397.654784840302,499.217644926987,2896.872429767289,True,0.0,0.0,False,184,-1.0,0.5716404318809509,0.48157280683517456,0.913669764995575,1.0,237.24385738372803,1.0,45.30584841966629,easy,0.07556821457334087,0.07548717334132213,0.0008434121982781273,0.0009476123993543028,1.1690385848021714,0.0,success
39,-235.5544081561815,-2.3394065663321526,-237.89381472251364,False,0.0,0.0,False,1600,-1.0,0.2796327769756317,0.4784635007381439,0.9199071526527405,1.0,216.2985920906067,1.0,45.433436036109924,easy,0.0,0.0,0.007046457751944504,0.007116583468286287,0.7661941693016896,0.0,contact_alignment
40,-237.22453035208474,-2.29137521679712,-239.51590556888186,False,0.0,0.0,False,1600,-1.0,0.5734083652496338,0.48141565918922424,0.9131916761398315,1.0,215.93295097351074,1.0,45.49396187067032,easy,0.0,0.0,0.007060941005038012,0.007147002250968738,0.7508340285351712,0.0,contact_alignment
41,3405.2503217537414,499.196623048225,3904.4469448019663,True,0.0,0.0,False,212,-1.0,0.997671902179718,0.4857635200023651,0.9109789729118347,1.0,237.17763781547546,1.0,45.29580771923065,easy,0.061304456388628595,0.06130075788492467,0.0009081145056484023,0.000964444710057639,0.17895265767773744,0.0,success
42,-233.03774471390022,-2.324407954090225,-235.36215266799044,False,0.0,0.0,False,1600,-1.0,0.4446147084236145,0.481506884098053,0.9135618209838867,1.0,216.15043878555298,1.0,45.4706072807312,easy,0.0,0.0,0.006849398482965617,0.006999649216670239,0.7120159388428026,0.0,contact_alignment
43,2885.9619160205775,499.2066733117117,3385.1685893322892,True,0.0,0.0,False,198,-1.0,0.9950969815254211,0.47732052206993103,0.9094000458717346,1.0,237.4654519557953,1.0,45.420814752578735,easy,0.06770377627365526,0.06763061179205741,0.0005943296677650435,0.0007317735885998731,0.6826031704804502,0.0,success
44,3400.87672880424,499.1998657194028,3900.0765945236426,True,0.0,0.0,False,213,-1.0,1.0,0.48408517241477966,0.9082930684089661,1.0,236.6129505634308,1.0,45.397900342941284,easy,0.05924670613596804,0.05919284930059801,0.0008210986138213108,0.000887570833931491,0.18950185198190514,0.0,success
45,1779.4838054687948,499.2447998161679,2278.7286052849627,True,0.0,0.0,False,169,-1.0,0.23314540088176727,0.48454368114471436,0.9093216061592102,1.0,236.5406095981598,1.0,45.48095256090164,easy,0.0789827037414006,0.0789561314215381,0.0002753505782329387,0.00030947597039553934,1.8435179577523142,0.0,success
46,3243.083907886638,493.585864438963,3736.669772325601,True,53.01198828774689,0.0,False,207,-1.0,0.9973000288009644,0.4811776876449585,0.917240560054779,1.0,236.7759346961975,1.0,45.404542684555054,easy,0.06567912718786519,0.0655471398906175,0.0007739437360566951,0.0008004498973998395,0.41506763392452073,0.25609656177655504,success
47,-245.59463317516833,-2.29754761534417,-247.8921807905125,False,0.0,0.0,False,1600,-1.0,0.4760025441646576,0.4790891706943512,0.9167715311050415,1.0,216.03145122528076,1.0,45.594681799411774,easy,0.0,0.0,0.007266730544809414,0.007299253781799508,0.7663548639017824,0.0,contact_alignment
48,3197.03212382375,499.20728418456406,3696.239408008314,True,0.0,0.0,False,206,-1.0,1.0,0.48292645812034607,0.9093954563140869,1.0,238.09569239616394,1.0,45.45730173587799,easy,0.06523052051973165,0.06508503952584418,0.000591701011518757,0.0007911395684355093,0.5135092968554656,0.0,success
49,2894.7037236274386,499.20403441644123,3393.9077580438798,True,0.0,0.0,False,198,-1.0,0.31087037920951843,0.4851428270339966,0.9098394513130188,1.0,237.60563969612122,1.0,45.316613018512726,easy,0.073523196953596,0.07351839470106789,0.0005561634687030481,0.0007327966783822191,0.8981028910519301,0.0,success
50,-216.4572916927436,-2.278823195792543,-218.73611488853615,False,0.0,0.0,False,1600,-1.0,0.39468833804130554,0.48109304904937744,0.9140231013298035,1.0,215.1467001438141,1.0,45.51339656114578,easy,0.0,0.0,0.006392220938818933,0.0064567460048517225,0.6909234456307737,0.0,contact_alignment
51,3765.924931848816,499.1747626195369,4265.099694468353,True,0.0,0.0,False,228,-1.0,0.18218116462230682,0.47806045413017273,0.9144739508628845,1.0,237.55876064300537,1.0,45.273122787475586,easy,0.05449354795381014,0.05422592555142433,0.00029848797180116043,0.0004893444892764002,0.3913355766821313,0.0,success
52,-269.2054223846665,-2.258661063070377,-271.46408344773687,False,0.0,0.0,False,1600,-1.0,0.5758731365203857,0.481095552444458,0.9162507057189941,1.0,215.54336667060852,1.0,45.44044345617294,easy,0.0,0.0,0.007870965168360444,0.007962044608287462,0.8390497548982547,0.0,contact_alignment
53,-238.59535315633127,-2.276331962982949,-240.8716851193142,False,0.0,0.0,False,1600,-1.0,0.30330848693847656,0.4799579977989197,0.9139016270637512,1.0,215.0499975681305,1.0,45.56812286376953,easy,0.0,0.0,0.007058541091561927,0.007096582884401704,0.7585246310464034,0.0,contact_alignment
54,3082.9542722707433,499.2056094678113,3582.1598817385548,True,0.0,0.0,False,207,-1.0,1.0,0.48381882905960083,0.911915123462677,1.0,237.45784282684326,1.0,45.31022518873215,easy,0.06586044222188694,0.06584098283453146,0.0007479124250353268,0.0008208996520612632,0.49626674010712774,0.0,success
55,-236.94934803461263,-2.267306653533739,-239.21665468814638,False,0.0,0.0,False,1600,-1.0,0.494023859500885,0.4812220335006714,0.9162814021110535,1.0,215.87231040000916,1.0,45.57693898677826,easy,0.0,0.0,0.007008970558020956,0.00706817858275837,0.7501686875568805,0.0,contact_alignment
56,-258.8626953759731,-2.264075168910656,-261.12677054488375,False,0.0,0.0,False,1600,-1.0,0.6128258109092712,0.4815608859062195,0.9137900471687317,1.0,216.6148591041565,1.0,45.5940642952919,easy,0.0,0.0,0.007613562573820707,0.007666219949588652,0.8105256096363376,0.0,contact_alignment
57,-286.43980464023275,-2.2742610041260827,-288.7140656443588,False,0.0,0.0,False,1600,-1.0,0.4286790192127228,0.48134011030197144,0.9118432402610779,1.0,216.27760887145996,1.0,45.53082853555679,easy,0.0,0.0,0.008359242586244982,0.00842251650632634,0.9013534564638455,0.0,contact_alignment
58,4739.944534971513,496.5866160063432,5236.531150977857,True,35.70085716689143,0.0,False,270,-1.0,1.0,0.48452574014663696,0.9115882515907288,1.0,237.4354648590088,1.0,45.42845219373703,easy,0.035300193573306125,0.03511960277767731,0.0008261806637359999,0.0008938221759769088,0.7209336731726917,0.1322253969144127,success
59,2949.042167018349,499.2022432803237,3448.244410298673,True,0.0,0.0,False,199,-1.0,0.3637062609195709,0.48892804980278015,0.9133840799331665,1.0,237.5106418132782,1.0,45.49180269241333,easy,0.07331171380492099,0.07326493325572118,0.000595803500051737,0.0007086447369358822,0.9256502760712404,0.0,success
60,1846.3831182839522,499.2398150388395,2345.6229333227916,True,0.0,0.0,False,170,-1.0,0.6791712045669556,0.48641398549079895,0.9096741080284119,1.0,238.06259036064148,1.0,45.40658503770828,easy,0.07483709794057658,0.07471673025855514,0.0008471264414860937,0.0008667281260651542,1.4676903808588044,0.0,success
61,3122.6565644967263,496.7334870845312,3619.3900515812575,True,33.09187346045061,0.0,False,204,-1.0,0.16950295865535736,0.4892188012599945,0.9146658182144165,1.0,237.37584710121155,1.0,45.59277504682541,easy,0.06999724895157303,0.06985179109492676,0.0004799813150176622,0.0006367707707062574,0.7402697384657267,0.21904258328515386,success
62,3068.5652155027933,499.20316373626446,3567.7683792390576,True,0.0,0.0,False,203,-1.0,0.9311830401420593,0.48344099521636963,0.9108831882476807,1.0,237.96016931533813,1.0,45.48034131526947,easy,0.06600013941033138,0.06597394343320503,0.0007526133495077321,0.0008647179456663491,0.5185499875917088,0.0,success
63,3845.245304983719,498.3459767498987,4343.5912817336175,True,0.0,0.0,False,996,-1.0,1.0,0.48375582695007324,0.9128291010856628,1.0,237.25422501564026,1.0,45.74846535921097,easy,0.04377305330474411,0.04372305749235529,0.00030962097618127647,0.00032695151634994194,0.39836148462019033,0.0,success
64,4154.610230580529,499.1602273159843,4653.770457896513,True,0.0,0.0,False,241,-1.0,0.9927941560745239,0.4850534200668335,0.911472499370575,1.0,238.05237770080566,1.0,45.51177352666855,easy,0.04404650885574633,0.043892647387111766,0.0007445106213725442,0.0007889803550246541,0.6618216085548168,0.0,success
65,-271.4036077714667,-2.2710921426045,-273.6746999140712,False,0.0,0.0,False,1600,-1.0,0.5511770844459534,0.48571184277534485,0.9156919121742249,1.0,216.04045510292053,1.0,45.69982022047043,easy,0.0,0.0,0.008007860944988197,0.008071601699251045,0.8507896661484511,0.0,contact_alignment
66,-248.96633228462733,-2.2585949882756857,-251.22492727290302,False,0.0,0.0,False,1600,-1.0,0.6154801249504089,0.48306214809417725,0.9126823544502258,1.0,216.96441411972046,1.0,45.6373792886734,easy,0.0,0.0,0.007272325717705063,0.007290607012615458,0.7722428625537643,0.0,contact_alignment
67,3039.90864866676,499.2036985046095,3539.11234717137,True,0.0,0.0,False,202,-1.0,0.9967935681343079,0.48801809549331665,0.9098729491233826,1.0,238.1262993812561,1.0,45.541741251945496,easy,0.0703262192249692,0.07027898272583184,0.0008767890682313231,0.0009072814301157088,0.7418554715831894,0.0,success
68,3096.8965776798254,499.21178419831995,3596.1083618781454,True,0.0,0.0,False,203,-1.0,0.97835773229599,0.48861125111579895,0.9074041843414307,1.0,237.73886919021606,1.0,45.44260889291763,easy,0.06689354036995061,0.06685062317704438,0.0008432828107899284,0.0008579623148477678,0.5582881686877934,0.0,success
69,1794.03850148399,499.2439346494506,2293.2824361334406,True,0.0,0.0,False,169,-1.0,0.1289408653974533,0.48841121792793274,0.910966157913208,1.0,237.53078818321228,1.0,45.544373989105225,easy,0.07718797475672441,0.07701513602033737,0.000835923685600735,0.0008579367715788981,1.5447620750167617,0.0,success
70,-227.72052694228893,-2.2646594560542255,-229.98518639834316,False,0.0,0.0,False,1600,-1.0,0.7120406031608582,0.4874277114868164,0.9139549732208252,1.0,216.75734043121338,1.0,45.6139412522316,easy,0.0,0.0,0.006718327252487808,0.00679546547357356,0.7191661506362695,0.0,contact_alignment
71,-225.8819585007635,-2.2587245990126195,-228.1406830997761,False,0.0,0.0,False,1600,-1.0,0.5392471551895142,0.4833587408065796,0.9246974587440491,1.0,216.64303302764893,1.0,45.563804507255554,easy,0.0,0.0,0.006680791849318577,0.006700670628409561,0.7117387742224033,0.0,contact_alignment
72,3120.0960740486007,498.9219902584327,3619.0180643070335,True,11.772373511918584,0.0,False,204,-1.0,0.39415672421455383,0.4902289807796478,0.9109868407249451,1.0,237.53689408302307,1.0,45.43543457984924,easy,0.06939160056464994,0.069177945881001,0.0004936716276930254,0.0006464774872106273,0.7619299416593538,0.05770771329371855,success
73,-235.4751540251916,-2.2391461712518006,-237.71430019644342,False,0.0,0.0,False,1600,-1.0,0.5117843151092529,0.4860823452472687,0.9140139818191528,1.0,216.68842434883118,1.0,45.80228000879288,easy,0.0,0.0,0.006954714279886037,0.007043339662596939,0.7412569842941414,0.0,contact_alignment
74,-211.89008593426198,-2.2554067095449177,-214.1454926438069,False,0.0,0.0,False,1600,-1.0,0.5956668257713318,0.4873184859752655,0.9136553406715393,1.0,217.18969702720642,1.0,45.62789976596832,easy,0.0,0.0,0.006256258735365925,0.00626980614049698,0.6755660096670054,0.0,contact_alignment
75,2170.0005846785198,499.24080600345656,2669.2413906819766,True,0.0,0.0,False,178,-1.0,1.0,0.49001914262771606,0.9124032258987427,1.0,237.8716802597046,1.0,45.4826694726944,easy,0.07557295500408853,0.07556412973108836,0.0004903985605980868,0.0004969690174460488,1.569961153100475,0.0,success
76,3064.418144406601,499.21605807920645,3563.6342024858077,True,0.0,0.0,False,202,-1.0,1.0,0.48452427983283997,0.9083271622657776,1.0,238.00917148590088,1.0,45.62806040048599,easy,0.06762730424803333,0.06756913652870383,0.0008188400978364932,0.0008590620398469223,0.6515976144680148,0.0,success
77,2936.5273256251526,499.2150185007073,3435.7423441258597,True,0.0,0.0,False,199,-1.0,0.9911215305328369,0.4892410337924957,0.913042426109314,1.0,238.2180893421173,1.0,45.53143560886383,easy,0.06772839433632444,0.06759753041561892,0.0006902336227158675,0.000842426234460558,0.7100576762006999,0.0,success
78,-230.63270421641155,-2.224407300593919,-232.85711151700548,False,0.0,0.0,False,1600,-1.0,0.3160674273967743,0.48888659477233887,0.9148359298706055,1.0,218.2480013370514,1.0,45.6432831287384,easy,0.0,0.0,0.006764885157907188,0.006859727460317616,0.7155181773794105,0.0,contact_alignment
79,4075.25860285644,495.0227520371295,4570.28135489357,True,45.502683729110956,0.0,False,243,-1.0,0.9939089417457581,0.4866560101509094,0.9156091809272766,1.0,239.14435744285583,1.0,45.537696182727814,easy,0.04587164226488646,0.045839518328509854,0.0009201080953029457,0.0009375630938855875,0.5821712847852593,0.18725384250662944,success
80,-242.73638429892736,-2.253635938042766,-244.99002023697014,False,0.0,0.0,False,1600,-1.0,0.6226083636283875,0.48327770829200745,0.9154679179191589,1.0,217.5763988494873,1.0,45.781583189964294,easy,0.0,0.0,0.0070884024320354184,0.007123825615203033,0.7399500274957089,0.0,contact_alignment
81,1585.6434372032516,499.24376354885777,2084.8872007521095,True,0.0,0.0,False,163,-1.0,0.5282953977584839,0.4905499815940857,0.919607400894165,1.0,238.13288569450378,1.0,45.471806824207306,easy,0.07349544710737756,0.07325132689370899,0.0008632990710902308,0.0008931207689886134,1.441433277290753,0.0,success
82,3373.247374579383,499.20820783705767,3872.455582416441,True,0.0,0.0,False,211,-1.0,0.9905052781105042,0.486130028963089,0.9121046662330627,1.0,237.88034319877625,1.0,45.59886455535889,easy,0.06201444065595166,0.061912339943642314,0.0008504338795073996,0.0009321750149427567,0.2963709596560096,0.0,success
83,3745.285424496906,499.1960855078989,4244.481510004805,True,0.0,0.0,False,227,-1.0,0.9989063739776611,0.48985713720321655,0.915552020072937,1.0,238.54890823364258,1.0,45.611871778964996,easy,0.05022235296053419,0.05013359859147104,0.0005752968296756154,0.0005994292513466698,0.19184044182380608,0.0,success
84,-254.69822033201564,-2.2398790408579075,-256.9380993728735,False,0.0,0.0,False,1600,-1.0,0.5428670644760132,0.48470181226730347,0.9205974340438843,1.0,217.804936170578,1.0,45.72033762931824,easy,0.0,0.0,0.007455032653870927,0.007467596121415465,0.7882595817055802,0.0,contact_alignment
85,6360.005484273949,497.33095697578966,6857.3364412497385,True,27.615749690370762,0.0,False,355,-1.0,1.0,0.4885489344596863,0.9126565456390381,1.0,237.99434065818787,1.0,45.58498948812485,easy,0.043380735274512916,0.04325056426393195,0.0004530626597897896,0.00047458779103773933,0.12346763792730833,0.11577970189372613,success
86,-250.35563061898955,-2.2253019387849173,-252.58093255777447,False,0.0,0.0,False,1600,-1.0,0.2868852913379669,0.48300254344940186,0.917180061340332,1.0,216.61662578582764,1.0,45.69074958562851,easy,0.0,0.0,0.007351016373271022,0.007365256050009298,0.7744073711497729,0.0,contact_alignment
87,3375.501978324095,499.19477614184314,3874.6967544659383,True,0.0,0.0,False,212,-1.0,1.0,0.49216172099113464,0.9163477420806885,1.0,238.00208926200867,1.0,45.74201077222824,easy,0.059950708546047796,0.05988900278073525,0.0008339474468981444,0.00086007131191963,0.22920163448551953,0.0,success
88,-221.18659518573287,-2.2418120671369333,-223.4284072528698,False,0.0,0.0,False,1600,-1.0,0.41528087854385376,0.48644596338272095,0.9142078757286072,1.0,217.32413530349731,1.0,45.54589480161667,easy,0.0,0.0,0.006587781412287479,0.006619923045737424,0.7102018145408849,0.0,contact_alignment
89,-227.67065833807402,-2.2234166053205415,-229.89407494339457,False,0.0,0.0,False,1600,-1.0,0.4595581293106079,0.4844118356704712,0.9167558550834656,1.0,216.54775619506836,1.0,45.672977566719055,easy,0.0,0.0,0.0066484981448269075,0.006654422697005032,0.6963306901704518,0.0,contact_alignment
90,-228.05593980830344,-2.212528475195432,-230.26846828349886,False,0.0,0.0,False,1600,-1.0,0.6439666748046875,0.4821174144744873,0.9186241626739502,1.0,217.2320818901062,1.0,45.71248114109039,easy,0.0,0.0,0.006705105246131944,0.006756635252852988,0.7120162063965857,0.0,contact_alignment
91,-287.39452766971,-2.2237067663213828,-289.61823443603134,False,0.0,0.0,False,1600,-1.0,0.5189715623855591,0.4860199987888336,0.9165151119232178,1.0,217.4412477016449,1.0,45.66453695297241,easy,0.0,0.0,0.008430204643893833,0.008538133338577772,0.8810534478772205,0.0,contact_alignment
92,-235.6760477491681,-2.2181523191874435,-237.89420006835556,False,0.0,0.0,False,1600,-1.0,0.3850102722644806,0.49103233218193054,0.9126956462860107,1.0,217.25993037223816,1.0,45.63641965389252,easy,0.0,0.0,0.00702904467898008,0.00717508991402326,0.7451785498518259,0.0,contact_alignment
93,3393.4826925443754,499.1992632714939,3892.6819558158695,True,0.0,0.0,False,212,-1.0,1.0,0.49272432923316956,0.9119973182678223,1.0,237.89334535598755,1.0,45.51484227180481,easy,0.06037322350224762,0.060291255321717196,0.000801252458871883,0.000817883687900955,0.22734754131269194,0.0,success
94,-251.175301601969,-2.211388461203133,-253.38669006317215,False,0.0,0.0,False,1600,-1.0,0.5018646121025085,0.48860082030296326,0.9148616194725037,1.0,217.5237238407135,1.0,45.700135231018066,easy,0.0,0.0,0.007423134635499444,0.007499388468071033,0.7807907569067798,0.0,contact_alignment
95,3118.815503856643,499.2055098395409,3618.0210136961837,True,0.0,0.0,False,208,-1.0,0.7400811314582825,0.4892905354499817,0.9092860817909241,1.0,237.66920924186707,1.0,45.65475285053253,easy,0.06477387029734516,0.06476706640904367,0.0007196753828240384,0.0008493499944108089,0.39849785717788955,0.0,success
96,-191.1465616061668,-2.1987112126826007,-193.34527281884942,False,0.0,0.0,False,1600,-1.0,0.2369864583015442,0.48599833250045776,0.9119406938552856,1.0,217.09367632865906,1.0,45.77329069375992,easy,0.0,0.0,0.005788033566863455,0.005832534822240581,0.6073065762796952,0.0,contact_alignment
97,5634.142761452086,496.30001348947104,6130.442774941557,True,37.30087574131307,0.0,False,332,-1.0,1.0,0.48928505182266235,0.9104992747306824,1.0,237.69840598106384,1.0,45.58982729911804,easy,0.03859921922538248,0.03850340399469096,0.0007600326600662378,0.0007774025126619233,0.21146741509628827,0.11235203536540081,success
98,2883.7107937887445,499.21660433212406,3382.9273981208685,True,0.0,0.0,False,197,-1.0,0.9907654523849487,0.4931987226009369,0.9121070504188538,1.0,237.88578271865845,1.0,45.55955708026886,easy,0.0702443806548203,0.07023921726248114,0.0005368667133319917,0.0006542715060729797,0.6858472522073534,0.0,success
99,-289.2806495379227,-2.187876606083348,-291.4685261440061,False,0.0,0.0,False,1600,-1.0,0.6479606032371521,0.4875103533267975,0.9146950840950012,1.0,217.2488033771515,1.0,45.79073518514633,easy,0.0,0.0,0.008591882723988899,0.00873179895649495,0.9094567277104317,0.0,contact_alignment
100,-285.56273806487445,-2.182008646208049,-287.7447467110825,False,0.0,0.0,False,1600,-1.0,0.39842692017555237,0.48489537835121155,0.9140062928199768,1.0,217.73986339569092,1.0,45.94406187534332,easy,0.0,0.0,0.00839361535128141,0.008480978650095372,0.8746375583713002,0.0,contact_alignment
101,1719.4001347443675,499.24871669812075,2218.648851442488,True,0.0,0.0,False,167,-1.0,0.24834907054901123,0.4900398850440979,0.9127875566482544,1.0,237.9473841190338,1.0,45.67484259605408,easy,0.07629479921858953,0.07617345512530393,0.0008105409613328601,0.0008674627576114899,1.4860041234247539,0.0,success
102,2965.3205101443905,499.22149279032476,3464.542002934715,True,0.0,0.0,False,200,-1.0,1.0,0.4889013171195984,0.9069266319274902,1.0,238.52807998657227,1.0,45.61621308326721,easy,0.06735810703496359,0.06733171425327192,0.0007546419659497306,0.0008276093682192439,0.5395133115217488,0.0,success
103,-254.75899497701147,-2.179116439830762,-256.9381114168422,False,0.0,0.0,False,1600,-1.0,0.6263923048973083,0.48517411947250366,0.9118133783340454,1.0,216.20985507965088,1.0,45.792074501514435,easy,0.0,0.0,0.007594521049331348,0.00772605164211131,0.7995520181256955,0.0,contact_alignment
104,3136.3418534496445,499.2053185018843,3635.547171951529,True,0.0,0.0,False,204,-1.0,0.9960777163505554,0.488429456949234,0.9135438799858093,1.0,238.38376998901367,1.0,45.63943415880203,easy,0.06642397572365276,0.0663504429618047,0.0005654456472271978,0.0007335437913629577,0.5154658832169616,0.0,success
105,3136.2132354646596,499.2171549203175,3635.4303903849773,True,0.0,0.0,False,204,-1.0,1.0,0.4911247789859772,0.9120010733604431,1.0,238.65889191627502,1.0,45.69198668003082,easy,0.06665321021199236,0.06663868061988704,0.0008674730307433536,0.0009150609567317854,0.45881279742301484,0.0,success
106,1752.0420064860393,499.2494339998565,2251.2914404858957,True,0.0,0.0,False,168,-1.0,0.12890900671482086,0.49055176973342896,0.9074956178665161,1.0,237.0460820198059,1.0,45.65559357404709,easy,0.0771413584841428,0.07696598213651237,0.000799122463416183,0.0008454312192281256,1.4853993020483804,0.0,success
107,-263.10421849462875,-2.206219530498544,-265.3104380251273,False,0.0,0.0,False,1600,-1.0,0.7026821970939636,0.48758912086486816,0.9121642708778381,1.0,217.35100746154785,1.0,45.87735891342163,easy,0.0,0.0,0.007838502364653336,0.007956115500225848,0.7995517403414731,0.0,contact_alignment
108,-218.65625773569775,-2.167721931374852,-220.8239796670726,False,0.0,0.0,False,1600,-1.0,0.559513509273529,0.4839017391204834,0.9178398847579956,1.0,217.09821701049805,1.0,45.74895769357681,easy,0.0,0.0,0.00651278944449102,0.006561203338929697,0.6708707730214201,0.0,contact_alignment
109,1805.8559799067582,499.2467312420637,2305.102711148822,True,0.0,0.0,False,169,-1.0,0.1292043924331665,0.48848381638526917,0.9153284430503845,1.0,237.6736879348755,1.0,45.597093403339386,easy,0.07465935411705919,0.0744868498550373,0.000682441720289641,0.000754940149344974,1.4114614174751587,0.0,success
110,-278.622511442273,-2.201628564915553,-280.82414000718853,False,0.0,0.0,False,1600,-1.0,0.4979619085788727,0.4850015342235565,0.9138323664665222,1.0,216.88579678535461,1.0,45.71457773447037,easy,0.0,0.0,0.008251853179563779,0.008261328110533477,0.8697314989395931,0.0,contact_alignment
111,-284.4648386934184,-2.202374794701943,-286.66721348812035,False,0.0,0.0,False,1600,-1.0,0.5071336030960083,0.4869503080844879,0.9196875691413879,1.0,216.46255254745483,1.0,45.68805634975433,easy,0.0,0.0,0.008360760863490324,0.008405715219960279,0.8616684934027383,0.0,contact_alignment
112,3165.3990472702617,499.195297188154,3664.5943444584154,True,0.0,0.0,False,212,-1.0,1.0,0.4852113723754883,0.9116762280464172,1.0,238.1184732913971,1.0,45.76605796813965,easy,0.0654139114232795,0.06535953716055165,0.0008342624239917495,0.0009075915595544086,0.3886347409378025,0.0,success
113,-239.19340112989875,-2.221785300001195,-241.41518642989993,False,0.0,0.0,False,1600,-1.0,0.37261712551116943,0.48406243324279785,0.9151836037635803,1.0,216.51091933250427,1.0,45.744779109954834,easy,0.0,0.0,0.007067042029445079,0.007181096487538277,0.7298618519209661,0.0,contact_alignment
114,-272.99601817465697,-2.2194938484811244,-275.2155120231381,False,0.0,0.0,False,1600,-1.0,0.4021901786327362,0.48221367597579956,0.9171318411827087,1.0,216.69129133224487,1.0,45.75514107942581,easy,0.0,0.0,0.008028208511552557,0.008028697629107089,0.8356877966668589,0.0,contact_alignment
115,1861.7288706592396,499.243616159527,2360.972486818767,True,0.0,0.0,False,171,-1.0,0.2111961543560028,0.486293226480484,0.9092305302619934,1.0,238.33049058914185,1.0,45.62156826257706,easy,0.07893838591395161,0.07876772521855012,0.0009085463886204911,0.0009341968850234978,1.6260423404653053,0.0,success
116,-202.93466862235664,-2.218199549069195,-205.15286817142584,False,0.0,0.0,False,1600,-1.0,0.6747176051139832,0.4810687005519867,0.9132784008979797,1.0,216.51287198066711,1.0,45.76687157154083,easy,0.0,0.0,0.006030999603446335,0.006105838052880855,0.6449695006206646,0.0,contact_alignment
117,-240.31872555251897,-2.2097346727955482,-242.52846022531452,False,0.0,0.0,False,1600,-1.0,0.29168248176574707,0.48032236099243164,0.9111984372138977,1.0,217.12823510169983,1.0,45.712072253227234,easy,0.0,0.0,0.007041168666775573,0.0071100605140524435,0.7496793299855883,0.0,contact_alignment
118,2926.600745087526,499.20296406683326,3425.8037091543592,True,0.0,0.0,False,199,-1.0,0.999015748500824,0.48678645491600037,0.9130192995071411,1.0,238.57333183288574,1.0,45.62242776155472,easy,0.07329023243089378,0.0731921557216351,0.0008349758438743542,0.0008386563704694156,0.8847747208693372,0.0,success
119,-228.587658854237,-2.1911863698826455,-230.77884522411964,False,0.0,0.0,False,1600,-1.0,0.4965396523475647,0.48275551199913025,0.9157954454421997,1.0,215.8937120437622,1.0,45.751208662986755,easy,0.0,0.0,0.0068485304329260095,0.006964142816096292,0.7292803601469814,0.0,contact_alignment
120,-240.32653270949555,-2.200842826893636,-242.5273755363892,False,0.0,0.0,False,1600,-1.0,0.6112877130508423,0.47992217540740967,0.9128406643867493,1.0,215.98413825035095,1.0,45.82971930503845,easy,0.0,0.0,0.0071410785102558084,0.007249568470089377,0.7426699056931971,0.0,contact_alignment
121,2801.8819876680604,499.228079621638,3301.1100672896982,True,0.0,0.0,False,195,-1.0,0.14808538556098938,0.48757314682006836,0.9116350412368774,1.0,238.19955468177795,1.0,45.58764100074768,easy,0.07273805686692975,0.07272435644897131,0.0005893268228920154,0.0005940666233830172,0.8902576291730143,0.0,success
122,-258.5444145309791,-2.233722357791332,-260.77813688877046,False,0.0,0.0,False,1600,-1.0,0.44191256165504456,0.4798913598060608,0.9144126772880554,1.0,216.17650508880615,1.0,45.80638140439987,easy,0.0,0.0,0.007620622491181493,0.007669409745975797,0.8045682658218428,0.0,contact_alignment
123,2532.7674243910433,499.2324813639013,3031.9999057549444,True,0.0,0.0,False,188,-1.0,0.7296498417854309,0.48317185044288635,0.9134848117828369,1.0,237.59739518165588,1.0,45.582744777202606,easy,0.0723599825298225,0.07231009360252996,0.0006728207399597304,0.0006972593794224029,1.0128181176737643,0.0,success
124,4057.367860663916,499.17702836792495,4556.544889031841,True,0.0,0.0,False,238,-1.0,1.0,0.4876594543457031,0.9120278358459473,1.0,238.08544874191284,1.0,45.62349170446396,easy,0.04509835810604393,0.044984414796581065,0.0006495093738586367,0.0007750270030378783,0.5109067434635666,0.0,success
125,-220.85141518687266,-2.222284206077777,-223.07369939295043,False,0.0,0.0,False,1600,-1.0,0.5492682456970215,0.4782944917678833,0.9136057496070862,1.0,216.5263855457306,1.0,45.70245712995529,easy,0.0,0.0,0.006608613054896838,0.0067510843789809274,0.6896816893569837,0.0,contact_alignment
126,3311.027027068788,499.2048817650531,3810.231908833841,True,0.0,0.0,False,210,-1.0,0.8146777153015137,0.4827425479888916,0.909855306148529,1.0,237.71928071975708,1.0,45.53045719861984,easy,0.061650574268303567,0.061635462698012705,0.0006684325345582109,0.0007129576639387496,0.28742459924678654,0.0,success
127,3354.2561004499253,499.2031524008749,3853.4592528508,True,0.0,0.0,False,211,-1.0,1.0,0.48393043875694275,0.9121947884559631,1.0,238.92471551895142,1.0,45.66398203372955,easy,0.06139671595976434,0.06139029816697639,0.0007526098495473238,0.0007861634642419614,0.22144157626501562,0.0,success
128,1518.0444712816995,499.25243534230566,2017.2969066240053,True,0.0,0.0,False,161,-1.0,0.3508351743221283,0.48699960112571716,0.909784734249115,1.0,238.27590942382812,1.0,45.711415112018585,easy,0.07158543250102363,0.07145621186235346,0.0007595112503066253,0.0007921177280301895,1.2840377124382454,0.0,success
129,3056.372399542646,499.22432073634036,3555.596720278986,True,0.0,0.0,False,202,-1.0,0.9756256937980652,0.4867885410785675,0.908692479133606,1.0,237.8643035888672,1.0,45.53089112043381,easy,0.06841043014443984,0.0684053984333032,0.0008458083107241324,0.0008968608860976726,0.5520221225142145,0.0,success
130,-284.7183625127519,-2.191139769893802,-286.90950228264575,False,0.0,0.0,False,1600,-1.0,0.39670801162719727,0.4797179698944092,0.9121114611625671,1.0,216.08226656913757,1.0,45.71978271007538,easy,0.0,0.0,0.008385042574727178,0.008504089360131613,0.8744875983909655,0.0,contact_alignment
131,3369.7955443950077,499.19996744369433,3868.995511838702,True,0.0,0.0,False,213,-1.0,1.0,0.48321449756622314,0.9076673984527588,1.0,238.29145312309265,1.0,45.59224307537079,easy,0.058457860818689714,0.058436851908069215,0.0008165440514759656,0.0008404050267975797,0.15752876488031434,0.0,success
132,-211.34069107099742,-2.2166553780588973,-213.55734644905633,False,0.0,0.0,False,1600,-1.0,0.600866436958313,0.4801069498062134,0.9150673747062683,1.0,216.87034606933594,1.0,45.723431408405304,easy,0.0,0.0,0.006314356634799529,0.006347601512278488,0.683629489348594,0.0,contact_alignment
133,-230.13396459726718,-2.196270851603943,-232.33023544887112,False,0.0,0.0,False,1600,-1.0,0.6942229866981506,0.47657424211502075,0.9130287766456604,1.0,216.04462385177612,1.0,45.76055884361267,easy,0.0,0.0,0.006837705942186372,0.00690131714435479,0.73742485847206,0.0,contact_alignment
134,3704.814384012883,499.09589980287194,4203.910283815755,True,6.33401492422401,0.0,False,223,-1.0,0.33343175053596497,0.485876202583313,0.9060059785842896,1.0,237.97988176345825,1.0,45.70909112691879,easy,0.055611690710805906,0.0555825342952104,0.0005603905673021915,0.0005898063456181061,0.2787439181296675,0.03434612431585534,success
135,2410.6539083241937,495.1790627679145,2905.832971092108,True,44.96607101682272,0.0,False,186,-1.0,0.6263620853424072,0.4879949688911438,0.9100876450538635,1.0,238.02449822425842,1.0,45.58124482631683,easy,0.07860727914583189,0.07839627619395309,0.00012532684202172197,0.00014291709079973243,1.478346170694805,0.24175306998291785,success
136,-202.91743852206113,-2.202391044166415,-205.11982956622754,False,0.0,0.0,False,1600,-1.0,0.5612505674362183,0.48149651288986206,0.9124627113342285,1.0,216.1163294315338,1.0,45.82783341407776,easy,0.0,0.0,0.005991042792423396,0.006071851736075227,0.6191112014983533,0.0,contact_alignment
137,-248.7042984326527,-2.185975711396197,-250.8902741440489,False,0.0,0.0,False,1600,-1.0,0.5571896433830261,0.48501938581466675,0.9132839441299438,1.0,216.44288659095764,1.0,45.78457683324814,easy,0.0,0.0,0.007371438236187475,0.007414175315717134,0.7719636156435165,0.0,contact_alignment
138,3376.12824338236,499.1973139050888,3875.3255572874486,True,0.0,0.0,False,213,-1.0,1.0,0.48520541191101074,0.9084417819976807,1.0,237.47836112976074,1.0,45.60764938592911,easy,0.05876484064217087,0.0587329071987471,0.0008603715147783052,0.0008709859806610467,0.19295235636466634,0.0,success
139,3294.982220306133,499.21101564727087,3794.193235953404,True,0.0,0.0,False,210,-1.0,1.0,0.48628735542297363,0.9113247990608215,1.0,237.75462985038757,1.0,45.77881067991257,easy,0.06066346389063635,0.06057259834864849,0.0006770600591026333,0.0007449149273921803,0.2582730124706484,0.0,success
140,1534.5603808617152,499.25524432039794,2033.815625182113,True,0.0,0.0,False,162,-1.0,0.10275094956159592,0.4869072437286377,0.9122732877731323,1.0,237.05827832221985,1.0,45.71806579828262,easy,0.0728682418808708,0.07266147177631116,0.0006561882251800335,0.0006601010317603978,1.5356378674307174,0.0,success
141,-209.13626591141156,-2.2071784485362516,-211.3434443599478,False,0.0,0.0,False,1600,-1.0,0.37663015723228455,0.4836196303367615,0.9108139872550964,1.0,215.99025964736938,1.0,45.7895627617836,easy,0.0,0.0,0.006308928620320542,0.006453064199758021,0.6606216159583124,0.0,contact_alignment
142,-229.92470276001097,-2.2110328856781436,-232.13573564568912,False,0.0,0.0,False,1600,-1.0,0.2740709185600281,0.48186609148979187,0.9126119613647461,1.0,216.2513566017151,1.0,45.80216735601425,easy,0.0,0.0,0.006772018286209257,0.006813939291149282,0.7168131020908854,0.0,contact_alignment
143,2275.8135146808127,499.2418291978547,2775.0553438786674,True,0.0,0.0,False,181,-1.0,0.8374447822570801,0.4842998683452606,0.905307412147522,1.0,237.9336380958557,1.0,45.67696213722229,easy,0.07368895455598568,0.07356258574511651,0.0008363415165853446,0.0008627528972948877,1.1702413843379023,0.0,success
144,-253.36132284870547,-2.18450111768365,-255.54582396638912,False,0.0,0.0,False,1600,-1.0,0.5763140320777893,0.47629982233047485,0.9103621244430542,1.0,216.33538246154785,1.0,45.74283480644226,easy,0.0,0.0,0.007482223026065268,0.007574326262972326,0.770686994051743,0.0,contact_alignment
145,-263.4772012101121,-2.1823297124266166,-265.65953092253875,False,0.0,0.0,False,1600,-1.0,0.533172070980072,0.48467889428138733,0.9113320708274841,1.0,216.02264881134033,1.0,45.67196995019913,easy,0.0,0.0,0.007817090673452548,0.007957467621630647,0.8032863247016045,0.0,contact_alignment
146,1553.375197931029,499.2548281233787,2052.6300260544076,True,0.0,0.0,False,163,-1.0,0.4971722364425659,0.48654502630233765,0.9087308645248413,1.0,236.21225476264954,1.0,45.55028200149536,easy,0.07524117338391696,0.07505496167563715,0.0008487834551831254,0.0008568991604692072,1.664510024871162,0.0,success
147,5736.228746072399,499.0888051587424,6235.317551231142,True,0.0,0.0,False,324,-1.0,0.9995158910751343,0.4859641194343567,0.9123917818069458,1.0,237.88228034973145,1.0,45.62369614839554,easy,0.03884259458993199,0.03879089397853813,0.0005570490134041276,0.0005700966396991198,0.1376847648329357,0.0,success
148,-232.07362883821293,-2.2156483387367123,-234.28927717694964,False,0.0,0.0,False,1600,-1.0,0.6735521554946899,0.4810943007469177,0.9132802486419678,1.0,215.66635251045227,1.0,45.744078159332275,easy,0.0,0.0,0.006921969161798239,0.007066135383150082,0.7206437797900713,0.0,contact_alignment
149,1531.0918492349706,499.2525140457767,2030.3443632807473,True,0.0,0.0,False,162,-1.0,0.22350451350212097,0.48617035150527954,0.9117857217788696,1.0,236.37274384498596,1.0,45.44148236513138,easy,0.07331182892159577,0.07313221168439124,0.0007261202077282953,0.0007465886212189474,1.5491946725967496,0.0,success
150,2346.0181149011173,496.05650114972696,2842.0746160508443,True,39.873803066618024,0.0,False,183,-1.0,0.7080577611923218,0.4859178960323334,0.911639392375946,1.0,236.61307454109192,1.0,45.62568634748459,easy,0.07781762750558247,0.07773439488947192,0.0005976757796232867,0.0006852101971945506,1.3737276299109262,0.21788963424381433,success
151,-274.0347413062391,-2.2073184387233433,-276.24205974496243,False,0.0,0.0,False,1600,-1.0,0.19768039882183075,0.480501651763916,0.9097014665603638,1.0,217.48727440834045,1.0,45.620322823524475,easy,0.0,0.0,0.008063376706763922,0.008179262348956226,0.8311840951236025,0.0,contact_alignment
152,3955.445164741778,495.43782506154304,4450.882989803321,True,43.274546211978276,0.0,False,232,-1.0,0.9776272177696228,0.4826609492301941,0.9060847163200378,1.0,236.35884284973145,1.0,45.662565529346466,easy,0.04836378252701835,0.04828466492657374,0.000785813152459731,0.0007897164682258193,0.48913962057786275,0.18652821643094084,success
153,2988.3751849489727,499.2123364992363,3487.587521448209,True,0.0,0.0,False,201,-1.0,0.9920815229415894,0.4813306927680969,0.9096899628639221,1.0,236.5648317337036,1.0,45.549485087394714,easy,0.06673714623095606,0.06668602634092699,0.0007451800467267655,0.0007463046361493815,0.4835121062405851,0.0,success
154,-224.1423588348987,-2.2338991442176463,-226.37625797911633,False,0.0,0.0,False,1600,-1.0,0.7042966485023499,0.47864988446235657,0.9138008952140808,1.0,215.56605458259583,1.0,45.61581879854202,easy,0.0,0.0,0.006639323221372982,0.006746218229119737,0.6847729011070941,0.0,contact_alignment
155,-301.16424890652706,-2.217805192965505,-303.38205409949256,False,0.0,0.0,False,1600,-1.0,0.7383773922920227,0.47514083981513977,0.9132198691368103,1.0,214.63050365447998,1.0,45.636442601680756,easy,0.0,0.0,0.008929638994028318,0.009081539717556705,0.9139067676136385,0.0,contact_alignment
156,2616.605095109755,499.2217696414254,3115.8268647511804,True,0.0,0.0,False,191,-1.0,0.5837100744247437,0.48197540640830994,0.9087724685668945,1.0,236.48371934890747,1.0,45.55376589298248,easy,0.07701288102939703,0.07684601729377367,0.00029866234469117956,0.00030267518757994227,1.0657681656481148,0.0,success
157,3012.28024809104,499.2064918748359,3511.486739965876,True,0.0,0.0,False,202,-1.0,0.6702986359596252,0.4854905605316162,0.9111966490745544,1.0,236.72146201133728,1.0,45.49943804740906,easy,0.07095631433431063,0.07090148668269804,0.0004626382627691034,0.00046516678186556343,0.5089332510287966,0.0,success
158,3040.3830655314996,499.21023285645293,3539.5932983879525,True,0.0,0.0,False,202,-1.0,0.9833585023880005,0.48107436299324036,0.9130101203918457,1.0,237.13362574577332,1.0,45.50651013851166,easy,0.06747182662550999,0.06747069600136235,0.0009552342383087136,0.0009574698627391121,0.4726449821667664,0.0,success
159,-274.78838875679776,-2.217689864265585,-277.00607862106335,False,0.0,0.0,False,1600,-1.0,0.44061025977134705,0.4769430160522461,0.9141129851341248,1.0,214.75257515907288,1.0,45.62532961368561,easy,0.0,0.0,0.008241786921235606,0.008371009504657481,0.862072507497207,0.0,contact_alignment
160,-214.73995435470687,-2.238896247865323,-216.97885060257218,False,0.0,0.0,False,1600,-1.0,0.36253592371940613,0.4772627651691437,0.9154984354972839,1.0,214.84028935432434,1.0,45.660852789878845,easy,0.0,0.0,0.006391666795442613,0.006455927750089283,0.6743132503644762,0.0,contact_alignment
161,-259.25137166278756,-2.2272488059141122,-261.47862046870165,False,0.0,0.0,False,1600,-1.0,0.49107399582862854,0.47462543845176697,0.9154645204544067,1.0,214.52431678771973,1.0,45.5507430434227,easy,0.0,0.0,0.0077604370449091496,0.007846900272514945,0.8000823230715539,0.0,contact_alignment
162,3099.938805609581,499.20336853908634,3599.1421741486674,True,0.0,0.0,False,203,-1.0,1.0,0.4816873073577881,0.9097196459770203,1.0,237.2812056541443,1.0,45.47165244817734,easy,0.06772812016054919,0.06759330493890253,0.00048168376562044606,0.000554267136114729,0.47445246741500036,0.0,success
163,1583.8578304689245,499.2477306839332,2083.1055611528577,True,0.0,0.0,False,163,-1.0,0.9861723780632019,0.4810086488723755,0.9166327714920044,1.0,236.62396907806396,1.0,45.48141568899155,easy,0.07179848924890982,0.07156207003480737,0.0009346967281708997,0.000991464130436292,1.1438123075238462,0.0,success
164,-257.3191768264058,-2.2524760464672267,-259.571652872873,False,0.0,0.0,False,1600,-1.0,0.45873117446899414,0.47961872816085815,0.9170495867729187,1.0,214.56199049949646,1.0,45.71088522672653,easy,0.0,0.0,0.007711898886154965,0.007836780437656333,0.8012498313893065,0.0,contact_alignment
165,3417.1137571203444,499.19194698338487,3916.305704103729,True,0.0,0.0,False,213,-1.0,1.0,0.4843367338180542,0.9085178375244141,1.0,237.41175413131714,1.0,45.533452928066254,easy,0.05986311712705149,0.059805667706161886,0.0009515261603832668,0.0009547337351008738,0.06128627621200553,0.0,success
166,2964.439369097542,499.2101095184318,3463.6494786159737,True,0.0,0.0,False,199,-1.0,0.9937055706977844,0.484675794839859,0.913772463798523,1.0,237.39314198493958,1.0,45.519002079963684,easy,0.07113481552546094,0.07105253015352986,0.0005878234189989257,0.0006352376505054487,0.5362934365234987,0.0,success
167,3172.6953490748056,499.18442169156106,3671.8797707663666,True,0.0,0.0,False,216,-1.0,0.5430653095245361,0.4772988557815552,0.9110119938850403,1.0,237.42174983024597,1.0,45.52427381277084,medium,0.06420224038507383,0.06412426461733112,0.0006415588018911951,0.0006441646676138864,0.2690418605318626,0.0,success
168,4408.089900720451,499.1243066282961,4907.214207348747,True,0.0,0.0,False,290,-1.0,0.31499749422073364,0.48336634039878845,0.9181066751480103,1.0,237.12401747703552,1.0,45.51248490810394,medium,0.03808547088011663,0.03800711228552296,0.00034056933613954517,0.0004770064877596293,0.5376178541747189,0.0,success
169,4473.686655104201,499.122895821429,4972.80955092563,True,0.0,0.0,False,291,-1.0,0.9915881752967834,0.48655012249946594,0.9125092029571533,1.0,237.4350619316101,1.0,45.59033840894699,medium,0.03708232514927251,0.03698305800260937,0.00017108912421242613,0.0002285860549183813,0.5647887857853366,0.0,success
170,-260.4733192347182,-2.2356206970178847,-262.7089399317361,False,0.0,0.0,False,1600,-1.0,1.0,0.4827345907688141,0.9177326560020447,1.0,215.70362329483032,1.0,45.616319477558136,medium,0.0,0.0,0.007695134602254494,0.007819006105727732,0.7817575682933946,0.0,contact_alignment
171,-197.4466494598796,-2.2212185282457124,-199.66786798812532,False,0.0,0.0,False,1600,-1.0,0.6302686333656311,0.4802092909812927,0.9138927459716797,1.0,216.1698567867279,1.0,45.524330139160156,medium,0.0,0.0,0.0059078471390822404,0.005999185510100041,0.6136556971705673,0.0,contact_alignment
172,-206.85919081090734,-2.243344720270618,-209.10253553117795,False,0.0,0.0,False,1600,-1.0,0.9738044142723083,0.4817647635936737,0.9151858687400818,1.0,216.37397050857544,1.0,45.51971971988678,medium,0.0,0.0,0.006144236936846603,0.006151942961367099,0.6212564816562396,0.0,contact_alignment
173,3727.8235844483474,499.1640341786162,4226.987618626964,True,0.0,0.0,False,245,-1.0,0.996045708656311,0.48190176486968994,0.9125324487686157,1.0,237.83661007881165,1.0,45.415762066841125,medium,0.04971787287780383,0.04963017463826311,0.0009143727607837733,0.0009211661655504136,0.24237571687864448,0.0,success
174,-329.4470044857761,-2.223830508249745,-331.6708349940259,False,0.0,0.0,False,1600,-1.0,1.0,0.48383116722106934,0.9131594300270081,1.0,216.90919756889343,1.0,45.565444231033325,medium,0.0,0.0,0.009543065788474421,0.009633879438203726,0.9643916098866708,0.0,contact_alignment
175,3167.9152438431265,499.2031074502643,3667.118351293391,True,0.0,0.0,False,211,-1.0,1.0,0.4819936156272888,0.9094973206520081,1.0,237.16680526733398,1.0,45.35286217927933,medium,0.06644760597622304,0.0662699509799333,0.0006792008052576115,0.0007136589954729206,0.3500953207534029,0.0,success
176,-271.08355782229813,-2.2442597461215343,-273.3278175684197,False,0.0,0.0,False,1600,-1.0,0.9102960228919983,0.4822979271411896,0.9153573513031006,1.0,216.1232876777649,1.0,45.55786728858948,medium,0.0,0.0,0.008017000440426775,0.008029678933817213,0.8258648551320922,0.0,contact_alignment
177,-302.882351321843,-2.2102967143897945,-305.0926480362328,False,0.0,0.0,False,1600,-1.0,0.9540235996246338,0.4795648455619812,0.9120354652404785,1.0,215.8114218711853,1.0,45.51676779985428,medium,0.0,0.0,0.00886600195113091,0.009005529159917505,0.9049792714400899,0.0,contact_alignment
178,3785.8287668593794,499.1746814150571,4285.003448274437,True,0.0,0.0,False,249,-1.0,1.0,0.4891050159931183,0.9104306697845459,1.0,237.1665108203888,1.0,45.66656678915024,medium,0.048184810373510176,0.04812464364625205,0.0008899495556828015,0.0009343585686294346,0.31233161037423723,0.0,success
179,4566.738621169737,499.10660443679814,5065.845225606535,True,0.0,0.0,False,293,-1.0,0.30162015557289124,0.48423251509666443,0.9124239087104797,1.0,237.0698857307434,1.0,45.618879199028015,medium,0.035953913343500246,0.035884335167800804,0.00015571351265804338,0.00020152380158021822,0.6681296867274402,0.0,success
180,4400.085805281197,499.1191174396764,4899.204922720874,True,0.0,0.0,False,290,-1.0,0.7584031224250793,0.4866707921028137,0.9114727973937988,1.0,236.7978012561798,1.0,45.49046754837036,medium,0.037968811147949894,0.03785840064181058,0.00029748284179112125,0.0003236236699932894,0.5597042264940983,0.0,success
181,-325.1608353409655,-2.2204844746178987,-327.38131981558337,False,0.0,0.0,False,1600,-1.0,1.0,0.47911337018013,0.915028989315033,1.0,217.6283299922943,1.0,45.637366771698,medium,0.0,0.0,0.00948368098324897,0.009571537863059736,0.955488472858533,0.0,contact_alignment
182,-364.5494896905769,-2.2064722523082403,-366.7559619428851,False,0.0,0.0,False,1600,-1.0,1.0,0.477801650762558,0.9127227663993835,1.0,216.77148938179016,1.0,45.649093091487885,medium,0.0,0.0,0.010543526154979586,0.010579255567587225,1.0862958180091686,0.0,contact_alignment
183,3278.4015176125226,499.1707325148933,3777.572250127416,True,0.0,0.0,False,236,-1.0,0.9918059706687927,0.4839107096195221,0.911472499370575,1.0,237.08834290504456,1.0,45.56045413017273,medium,0.060523660214663294,0.060410957486703776,0.0006462341010549898,0.0006582174609643655,0.11562189027802007,0.0,success
184,-204.6989917117063,-2.199366137310815,-206.89835784901712,False,0.0,0.0,False,1600,-1.0,0.45702147483825684,0.48290860652923584,0.9124577641487122,1.0,216.60974502563477,1.0,45.587405264377594,medium,0.0,0.0,0.005996497290329741,0.0061966181852370645,0.6402196814995673,0.0,contact_alignment
185,-243.26879667800492,-2.2338737085563904,-245.5026703865613,False,0.0,0.0,False,1600,-1.0,0.3031752407550812,0.48217713832855225,0.9175444841384888,1.0,216.2297224998474,1.0,45.61738342046738,medium,0.0,0.0,0.007183084236530121,0.007268653995452147,0.7357897958506151,0.0,contact_alignment
186,5459.074245769661,499.04981988652725,5958.124065656188,True,0.0,0.0,False,349,-1.0,1.0,0.4829723536968231,0.9181208610534668,1.0,237.84953474998474,1.0,45.594942569732666,medium,0.03856163400067995,0.038460003316091396,0.0006852948426503806,0.0006925145923485856,0.32450474439671206,0.0,success
187,4442.4611919732815,499.13071711079675,4941.591909084078,True,0.0,0.0,False,282,-1.0,0.2622986435890198,0.48372969031333923,0.9122502207756042,1.0,237.3110067844391,1.0,45.63094764947891,medium,0.037943422913994586,0.037867008270755106,0.0003297905958111404,0.00042273947601469136,0.5666569969264363,0.0,success
188,-264.9464044047881,-2.2006033126466793,-267.1470077174348,False,0.0,0.0,False,1600,-1.0,0.4424309730529785,0.48206809163093567,0.9134400486946106,1.0,215.5502164363861,1.0,45.64225673675537,medium,0.0,0.0,0.007775448516644733,0.007787135515526566,0.8267090349539093,0.0,contact_alignment
189,-255.7538084282695,-2.2083126841394254,-257.9621211124089,False,0.0,0.0,False,1600,-1.0,0.564967930316925,0.4827283024787903,0.9174556136131287,1.0,216.2756872177124,1.0,45.72147250175476,medium,0.0,0.0,0.00744565696826999,0.0075889194317075555,0.7848017871114297,0.0,contact_alignment
190,-275.6779549669804,-2.250049150324585,-277.92800411730497,False,0.0,0.0,False,1600,-1.0,0.3949929475784302,0.4798300564289093,0.9139569997787476,1.0,215.61792373657227,1.0,45.62571346759796,medium,0.0,0.0,0.008014849551650993,0.008025596435079744,0.85027251066602,0.0,contact_alignment
191,3745.639194446137,499.16491015024496,4244.804104596382,True,0.0,0.0,False,246,-1.0,1.0,0.48047855496406555,0.9147818088531494,1.0,236.82180643081665,1.0,45.515676736831665,medium,0.04955204569578984,0.04946333814965789,0.0009238144269545971,0.000962186629617396,0.25197982915801226,0.0,success
192,-244.10366984117496,-2.234781195622107,-246.33845103679707,False,0.0,0.0,False,1600,-1.0,0.869724690914154,0.4832603931427002,0.9176276326179504,1.0,215.96693634986877,1.0,45.57439386844635,medium,0.0,0.0,0.007226638778258012,0.007491361419866624,0.744306303706956,0.0,contact_alignment
193,-191.10882682568814,-2.2106746344226527,-193.31950146011079,False,0.0,0.0,False,1600,-1.0,0.19040580093860626,0.4839574992656708,0.9133958220481873,1.0,215.9370732307434,1.0,45.66382974386215,medium,0.0,0.0,0.005679846969660122,0.00585992402086177,0.6319951219500362,0.0,contact_alignment
194,3267.3195727916027,499.16956657954853,3766.4891393711514,True,0.0,0.0,False,236,-1.0,0.5487739443778992,0.48543882369995117,0.9148889780044556,1.0,237.4166202545166,1.0,45.43760418891907,medium,0.060497361236201336,0.06037795538193222,0.0006226681169099186,0.0007414236935237126,0.1289241716467105,0.0,success
195,-267.9015599260787,-2.2341172289905704,-270.13567715506923,False,0.0,0.0,False,1600,-1.0,1.0,0.48008719086647034,0.9147282838821411,1.0,215.88955879211426,1.0,45.541413724422455,medium,0.0,0.0,0.00792312745470984,0.008089604994601181,0.8210501600734836,0.0,contact_alignment
196,-305.32703342039946,-2.25083912680107,-307.5778725472005,False,0.0,0.0,False,1600,-1.0,1.0,0.4816202223300934,0.9231237769126892,1.0,216.00936770439148,1.0,45.632418394088745,medium,0.0,0.0,0.008740197776396156,0.008751065271367063,0.9068954533472399,0.0,contact_alignment
197,-268.24310597915644,-2.2394320349714074,-270.48253801412784,False,0.0,0.0,False,1600,-1.0,0.5111626386642456,0.48123079538345337,0.9186080098152161,1.0,216.13667726516724,1.0,45.57916283607483,medium,0.0,0.0,0.007872761088696863,0.007882957181498706,0.825267866552001,0.0,contact_alignment
198,4515.278681930105,499.10904008367856,5014.387722013784,True,0.0,0.0,False,296,-1.0,0.5808290839195251,0.4869081974029541,0.9192283153533936,1.0,237.35814929008484,1.0,45.36162614822388,medium,0.03635940459409347,0.03630098499331756,0.0001008424414725049,0.0001273996236382527,0.6263249098811035,0.0,success
199,1995.2384356205123,499.23978464185336,2494.4782202623655,True,0.0,0.0,False,174,-1.0,0.1877412497997284,0.4819972515106201,0.9163969159126282,1.0,236.23773217201233,1.0,45.61548501253128,medium,0.07542548969263874,0.07517020308693798,0.0009157824008436443,0.0009565758559135833,1.278668688556054,0.0,success
200,3304.6419493700632,499.17775194086624,3803.8197013109293,True,0.0,0.0,False,229,-1.0,0.27260899543762207,0.48200473189353943,0.9153720140457153,1.0,237.70913004875183,1.0,45.36361426115036,medium,0.06245614227298055,0.0623109331646646,0.0004749120359957312,0.0005769688202690315,0.18926922463009024,0.0,success
201,-320.89428099159403,-2.248177870446489,-323.14245886204054,False,0.0,0.0,False,1600,-1.0,0.9414980411529541,0.4815657138824463,0.9176718592643738,1.0,215.3315818309784,1.0,45.45669674873352,medium,0.0,0.0,0.009259652395714885,0.009261489394128861,0.9782280725204652,0.0,contact_alignment
202,-229.81011274033017,-2.2692211437900838,-232.07933388412025,False,0.0,0.0,False,1600,-1.0,1.0,0.47891271114349365,0.9172077178955078,1.0,216.12401604652405,1.0,45.424809753894806,medium,0.0,0.0,0.006711605090373562,0.006808614688101787,0.710350036213241,0.0,contact_alignment
203,-260.8344806524552,-2.2426674916517797,-263.077148144107,False,0.0,0.0,False,1600,-1.0,0.5598167777061462,0.4786316156387329,0.9196920394897461,1.0,215.83744168281555,1.0,45.49545347690582,medium,0.0,0.0,0.007690364304816033,0.007899558641309078,0.8152427950598305,0.0,contact_alignment
204,3102.934878563995,499.20343991772876,3602.1383184817237,True,0.0,0.0,False,209,-1.0,0.9900596141815186,0.4788734018802643,0.9131273031234741,1.0,236.57137155532837,1.0,45.33685505390167,medium,0.0653579495060391,0.06526487120933151,0.0007837732939211821,0.0008729396422012173,0.33555640670386044,0.0,success
205,-281.1724662571027,-2.218990612705938,-283.3914568698087,False,0.0,0.0,False,1600,-1.0,1.0,0.47792452573776245,0.9201997518539429,1.0,216.06948137283325,1.0,45.31666934490204,medium,0.0,0.0,0.008079700720883761,0.008130422909335184,0.8648296440335459,0.0,contact_alignment
206,4461.764629969868,499.1077240173437,4960.872353987212,True,0.0,0.0,False,283,-1.0,0.9958252310752869,0.48300835490226746,0.9174684882164001,1.0,237.1459925174713,1.0,45.35320848226547,medium,0.037464852954327194,0.037405786364699434,0.0003247435104311844,0.0003598088746754896,0.6485375344405017,0.0,success
207,2918.877081174884,497.7876531852109,3416.664734360095,True,26.73973150551073,0.0,False,198,-1.0,1.0,0.48261862993240356,0.9157055616378784,1.0,237.46714115142822,1.0,45.05385875701904,medium,0.06997825127269847,0.0696836204748733,0.00042432545484307914,0.0004940792394551841,0.7451646995461005,0.13504914901773096,success
208,-219.97232939606286,-2.2304393094616053,-222.20276870552448,False,0.0,0.0,False,1600,-1.0,0.38108786940574646,0.47904813289642334,0.919472336769104,1.0,215.1607871055603,1.0,45.3344789147377,medium,0.0,0.0,0.006408017449727713,0.006409864248078402,0.7041420431676567,0.0,contact_alignment
209,4440.8765486413395,499.13260536029105,4940.00915400163,True,0.0,0.0,False,282,-1.0,0.3044280409812927,0.48047465085983276,0.9178202152252197,1.0,238.0496346950531,1.0,45.13741582632065,medium,0.03814079593541409,0.038077191385343975,0.00028741410557717867,0.0004084469956256367,0.5491102482746896,0.0,success
210,4225.1398465698485,499.1475805379858,4724.287427107834,True,0.0,0.0,False,257,-1.0,0.9999479651451111,0.47606614232063293,0.9251406788825989,1.0,238.62560391426086,1.0,45.06312131881714,medium,0.04259582500494283,0.0425396912364871,0.0009370891889538169,0.0009410778420191357,0.5638210231563515,0.0,success
211,4444.041826632704,499.13142171309346,4943.173248345798,True,0.0,0.0,False,295,-1.0,0.9922818541526794,0.4818769693374634,0.9197314381599426,1.0,238.0259394645691,1.0,45.143113136291504,medium,0.03715807777821162,0.037084886814566925,0.0001260685803205629,0.00013063912831652943,0.5959765051625174,0.0,success
212,-333.11440883463666,-2.2098042465857866,-335.32421308122247,False,0.0,0.0,False,1600,-1.0,1.0,0.47482672333717346,0.9209964871406555,1.0,215.1630961894989,1.0,45.30062258243561,medium,0.0,0.0,0.009683327101084088,0.009829844988634174,1.0270269395842138,0.0,contact_alignment
213,-242.0977270229792,-2.2324601202088052,-244.330187143188,False,0.0,0.0,False,1600,-1.0,1.0,0.47300219535827637,0.9221847057342529,1.0,214.75550413131714,1.0,45.272628366947174,medium,0.0,0.0,0.007085078327299222,0.007236416742544581,0.738189185544382,0.0,contact_alignment
214,-324.12571475449585,-2.2311286256584673,-326.3568433801543,False,0.0,0.0,False,1600,-1.0,1.0,0.475371778011322,0.9207712411880493,1.0,215.49007177352905,1.0,45.336379408836365,medium,0.0,0.0,0.009273981876748043,0.009284677485550511,0.9823837726859066,0.0,contact_alignment
215,2312.787603269462,499.22975105722423,2812.0173543266865,True,0.0,0.0,False,182,-1.0,1.0,0.48070499300956726,0.920360267162323,1.0,237.10562229156494,1.0,45.13292849063873,medium,0.07397111438437592,0.07382412165057714,0.0008669697094192343,0.0009125746289236881,1.0144182307696752,0.0,success
216,-254.3894005667452,-2.2606686444256163,-256.65006921117083,False,0.0,0.0,False,1600,-1.0,0.2626267671585083,0.4759030342102051,0.9247341752052307,1.0,215.65446615219116,1.0,45.262581408023834,medium,0.0,0.0,0.007464598335560733,0.007693842865944367,0.8281448474456763,0.0,contact_alignment
217,4065.78810617246,499.1688448934782,4564.9569510659385,True,0.0,0.0,False,253,-1.0,0.17853042483329773,0.47897183895111084,0.917890727519989,1.0,237.07090854644775,1.0,45.20800739526749,medium,0.0445693407588815,0.04440529652207112,0.0008907784085351581,0.0009335569177736349,0.5509265752396516,0.0,success
218,-326.7950100346791,-2.2462483583026627,-329.0412583929817,False,0.0,0.0,False,1600,-1.0,1.0,0.47524651885032654,0.9208657741546631,1.0,214.33342218399048,1.0,45.370799005031586,medium,0.0,0.0,0.009419314219058287,0.00959263169117893,0.9763984366102205,0.0,contact_alignment
219,1702.4284345363913,499.25151787691334,2201.679952413305,True,0.0,0.0,False,167,-1.0,0.3588794469833374,0.4706571698188782,0.9165721535682678,1.0,236.98988914489746,1.0,45.09327054023743,medium,0.07607713341929215,0.07576239929570738,0.0008343663926759668,0.0008372204927746436,1.5696431132822026,0.0,success
220,-205.62334797867013,-2.2189785717662245,-207.84232655043635,False,0.0,0.0,False,1600,-1.0,0.4838417172431946,0.475835382938385,0.9228659868240356,1.0,215.0271701812744,1.0,45.28888165950775,medium,0.0,0.0,0.005951375701893636,0.0060852311518514515,0.6646879934408348,0.0,contact_alignment
221,-223.0996905710761,-2.2406424366181623,-225.34033300769428,False,0.0,0.0,False,1600,-1.0,0.650370717048645,0.4754326641559601,0.9267652034759521,1.0,214.67507362365723,1.0,45.25510251522064,medium,0.0,0.0,0.006490404710082928,0.006492273652943968,0.7290356413933864,0.0,contact_alignment
222,3247.1026744794717,499.189507364114,3746.2921818435857,True,0.0,0.0,False,229,-1.0,0.7420576214790344,0.47506317496299744,0.9197848439216614,1.0,237.4275302886963,1.0,45.13810634613037,medium,0.06264875117257213,0.06258420707160653,0.0007233412127741076,0.000774605612621935,0.08886389134221151,0.0,success
223,-224.78605250975738,-2.226723415024919,-227.0127759247823,False,0.0,0.0,False,1600,-1.0,1.0,0.47782886028289795,0.9220690131187439,1.0,214.8388171195984,1.0,45.23466855287552,medium,0.0,0.0,0.0065966808810369575,0.006765918644571731,0.6975739196971007,0.0,contact_alignment
224,-283.86079158685175,-2.2509213874907177,-286.1117129743425,False,0.0,0.0,False,1600,-1.0,0.39970412850379944,0.47551780939102173,0.9207879304885864,1.0,214.67635989189148,1.0,45.336212515830994,medium,0.0,0.0,0.008228833148219534,0.008254311999392847,0.8973613374959724,0.0,contact_alignment
225,3816.7784451161974,499.1705269170561,4315.948972033253,True,0.0,0.0,False,249,-1.0,0.9998873472213745,0.4780229330062866,0.9150389432907104,1.0,236.27275586128235,1.0,45.10239124298096,medium,0.04839051030741738,0.048290311090564725,0.0008417745712881171,0.0008926667801058035,0.2976324792645894,0.0,success
226,-297.9779904958192,-2.257932257657572,-300.23592275347676,False,0.0,0.0,False,1600,-1.0,1.0,0.47445058822631836,0.9210672974586487,1.0,214.2560601234436,1.0,45.45164406299591,medium,0.0,0.0,0.008577477409225188,0.008694830938833565,0.8663567146796967,0.0,contact_alignment
227,3241.749758557131,499.1608417714747,3740.9106003286056,True,0.0,0.0,False,242,-1.0,0.9957849979400635,0.4750725328922272,0.9262096881866455,1.0,237.301367521286,1.0,45.191939771175385,medium,0.059312532736401004,0.05915412392553862,0.0008146738475402111,0.0008232269790904154,0.15172430854294403,0.0,success
228,-325.9731963634292,-2.2588545055983866,-328.2320508690276,False,0.0,0.0,False,1600,-1.0,1.0,0.47555485367774963,0.9222912788391113,1.0,214.74240899085999,1.0,45.36784499883652,medium,0.0,0.0,0.009239196002465321,0.009329725096165264,0.9675668886350791,0.0,contact_alignment
229,-359.9412983883444,-2.278178586115871,-362.2194769744603,False,0.0,0.0,False,1600,-1.0,1.0,0.47249433398246765,0.9211762547492981,1.0,215.54911613464355,1.0,45.417620837688446,medium,0.0,0.0,0.01030737885978495,0.010351832409287704,1.0718122572245066,0.0,contact_alignment
230,3289.4673060190275,499.17357263265086,3788.6408786516786,True,0.0,0.0,False,230,-1.0,0.6445756554603577,0.47727280855178833,0.9173141121864319,1.0,236.40215754508972,1.0,45.40273815393448,medium,0.06183300618649122,0.06182463463238688,0.0007171283448187751,0.000807849784892822,0.1407404478252755,0.0,success
231,-294.28402962150085,-2.291197451481508,-296.57522707298233,False,0.0,0.0,False,1600,-1.0,1.0,0.4752836525440216,0.9191001653671265,1.0,215.01774787902832,1.0,45.39152920246124,medium,0.0,0.0,0.008579541188968275,0.008645516515018027,0.8939753592830659,0.0,contact_alignment
232,-218.68940111610033,-2.281551752566928,-220.97095286866727,False,0.0,0.0,False,1600,-1.0,0.6592519879341125,0.4759941101074219,0.9211389422416687,1.0,214.17944192886353,1.0,45.425043404102325,medium,0.0,0.0,0.0064253848685009145,0.0065129174272555105,0.6839141549400461,0.0,contact_alignment
233,4451.565402947044,499.1306653415639,4950.696068288608,True,0.0,0.0,False,282,-1.0,0.28008031845092773,0.47645795345306396,0.9183923006057739,1.0,237.19614148139954,1.0,45.14921724796295,medium,0.0379025903066701,0.03782579702226048,0.00029650515612180073,0.00034790528833997334,0.560337305524444,0.0,success
234,-268.803367771824,-2.298150276094214,-271.1015180479182,False,0.0,0.0,False,1600,-1.0,1.0,0.47585219144821167,0.919655442237854,1.0,214.2667531967163,1.0,45.44856697320938,medium,0.0,0.0,0.007679932205972118,0.007767004059369277,0.8301655628650036,0.0,contact_alignment
235,4522.13264443268,499.1211042824201,5021.253748715099,True,0.0,0.0,False,296,-1.0,0.9950710535049438,0.47863873839378357,0.9181245565414429,1.0,237.61552691459656,1.0,45.29216319322586,medium,0.03725998775693029,0.03721533197678176,0.0005152658602719398,0.0005550593782776545,0.5442944318313063,0.0,success
236,-246.76477399773836,-2.2811901367979184,-249.0459641345363,False,0.0,0.0,False,1600,-1.0,0.7586042881011963,0.4776815176010132,0.9209644794464111,1.0,214.66924667358398,1.0,45.322992503643036,medium,0.0,0.0,0.007212625813224098,0.007457774632507692,0.8157486590263107,0.0,contact_alignment
237,4482.3559869914325,499.11251226836544,4981.468499259798,True,0.0,0.0,False,293,-1.0,0.9829509258270264,0.4748561978340149,0.9178073406219482,1.0,237.09035754203796,1.0,45.14415830373764,medium,0.037049630885877594,0.03699000975634234,7.54489713894219e-05,8.68219837322465e-05,0.6159139511709907,0.0,success
238,3289.8634074205943,499.16163587149515,3789.0250432920893,True,0.0,0.0,False,243,-1.0,1.0,0.4798859655857086,0.9211642146110535,1.0,237.53579378128052,1.0,45.276688039302826,medium,0.05900241396740514,0.058863481726794134,0.0007937982696999919,0.0008025171539711287,0.1545873743577505,0.0,success
239,3922.8367696551504,499.16297234464474,4421.999741999795,True,0.0,0.0,False,253,-1.0,0.9952819347381592,0.4784095883369446,0.916863739490509,1.0,238.27491760253906,1.0,45.406261682510376,medium,0.04622731590486409,0.046185573546208586,0.000925612886384209,0.000949746281565442,0.36803729668918145,0.0,success
240,-346.6221422222474,-2.2816679896619583,-348.9038102119094,False,0.0,0.0,False,1600,-1.0,1.0,0.47880345582962036,0.9221848249435425,1.0,214.91836428642273,1.0,45.42019307613373,medium,0.0,0.0,0.00983599200035749,0.00997698098706396,1.038893306799334,0.0,contact_alignment
241,4338.252934452802,499.12744051105,4837.380374963852,True,0.0,0.0,False,284,-1.0,0.9953240156173706,0.4780134856700897,0.9183902144432068,1.0,238.414067029953,1.0,45.365251898765564,medium,0.0391216930786588,0.039053843664465904,0.0003753175892634214,0.00041973962707724264,0.5248250433670025,0.0,success
242,2846.1964320715183,499.2221697501948,3345.4186018217133,True,0.0,0.0,False,196,-1.0,0.518294095993042,0.47946473956108093,0.918209433555603,1.0,237.2754406929016,1.0,45.30720233917236,medium,0.07273030177515019,0.0727196891786268,0.0005078609140645997,0.0006137335496629905,0.6744385042167375,0.0,success
243,-228.84063300834907,-2.301159634575635,-231.1417926429247,False,0.0,0.0,False,1600,-1.0,0.6254248023033142,0.47621777653694153,0.9202687740325928,1.0,214.7904658317566,1.0,45.37972152233124,medium,0.0,0.0,0.006615284842156189,0.006647184692244357,0.7259260941840099,0.0,contact_alignment
244,-276.2040414756682,-2.264975031369577,-278.4690165070378,False,0.0,0.0,False,1600,-1.0,1.0,0.4762035012245178,0.9227217435836792,1.0,215.3600037097931,1.0,45.3767654299736,medium,0.0,0.0,0.008013643949876142,0.008219310639649086,0.8576522278767501,0.0,contact_alignment
245,3283.2599895228327,499.176066202472,3782.436055725305,True,0.0,0.0,False,234,-1.0,0.2754053473472595,0.47836390137672424,0.9197666049003601,1.0,237.79837846755981,1.0,45.1575368642807,medium,0.06161580218486965,0.06152415332961225,0.000499333508963648,0.0005353569753186525,0.08912942063666454,0.0,success
246,4447.345850492913,499.1360932381329,4946.481943731046,True,0.0,0.0,False,286,-1.0,1.0,0.4768648147583008,0.9213890433311462,1.0,238.4989607334137,1.0,45.09986072778702,medium,0.037864994247242496,0.03783776963671423,0.0001980769885041061,0.0002871157174390847,0.5600117001651477,0.0,success
247,-261.69826721354735,-2.2906540490811573,-263.98892126262854,False,0.0,0.0,False,1600,-1.0,0.491268128156662,0.4711243510246277,0.9225072860717773,1.0,215.04837036132812,1.0,45.374977588653564,medium,0.0,0.0,0.007583572008797765,0.007676162754160742,0.8340420494488594,0.0,contact_alignment
248,-264.4294309285022,-2.288198087841098,-266.7176290163433,False,0.0,0.0,False,1600,-1.0,0.39497968554496765,0.4749751389026642,0.9236775636672974,1.0,214.03685212135315,1.0,45.35504013299942,medium,0.0,0.0,0.007707320511195508,0.007809568906845987,0.8434649695969756,0.0,contact_alignment
249,-258.82150744317516,-2.2773824691737863,-261.09888991234897,False,0.0,0.0,False,1600,-1.0,1.0,0.47330498695373535,0.9225706458091736,1.0,214.68513131141663,1.0,45.3699916601181,medium,0.0,0.0,0.00752805797434688,0.007553927313828166,0.8121337680510288,0.0,contact_alignment
250,-182.7180637136574,-2.276071697392636,-184.99413541105002,False,0.0,0.0,False,1600,-1.0,0.2556458115577698,0.4735906720161438,0.9242869019508362,1.0,214.2965543270111,1.0,45.1730078458786,medium,0.0,0.0,0.005452447418812164,0.005666366690201208,0.617878839671495,0.0,contact_alignment
251,4410.0393837958145,499.1343081965084,4909.173691992323,True,0.0,0.0,False,283,-1.0,1.0,0.47946444153785706,0.9260048866271973,1.0,237.79837846755981,1.0,45.03473073244095,medium,0.0380113987675845,0.03792229211577139,0.0006053398073580449,0.0006324820992004195,0.6130147211224047,0.0,success
252,-229.2528363978753,-2.293981182280599,-231.5468175801559,False,0.0,0.0,False,1600,-1.0,0.8218719363212585,0.4766792058944702,0.9233344197273254,1.0,215.38836359977722,1.0,45.251564383506775,medium,0.0,0.0,0.006664018584739376,0.006718421336718833,0.7405253467043333,0.0,contact_alignment
253,1569.2253607785497,499.2605829027318,2068.4859436812812,True,0.0,0.0,False,163,-1.0,0.3078894019126892,0.47555026412010193,0.9194871783256531,1.0,238.01846981048584,1.0,45.05724877119064,medium,0.07308206385686906,0.0728776026086319,0.0006380203447419931,0.0008230658095561547,1.5604309069091256,0.0,success
254,5680.813346366038,498.42618562708816,6179.239531993126,True,13.964376172157747,0.0,False,323,-1.0,1.0,0.47612982988357544,0.9211307168006897,1.0,237.63630867004395,1.0,45.10222017765045,medium,0.03891291881410332,0.038836890731101664,0.0005095117274192609,0.0005373931655469616,0.11608269551199858,0.09635921092462132,success
255,-211.509850211563,-2.26643372929017,-213.77628394085315,False,0.0,0.0,False,1600,-1.0,0.3982876241207123,0.47321030497550964,0.9249088168144226,1.0,214.39745664596558,1.0,45.50830841064453,medium,0.0,0.0,0.006211612390482438,0.006307827203322181,0.6883200694585352,0.0,contact_alignment
256,3288.895334276592,499.17497090568605,3788.0703051822784,True,0.0,0.0,False,230,-1.0,0.2578023672103882,0.47688913345336914,0.9199967384338379,1.0,238.2325792312622,1.0,45.11774122714996,medium,0.06257458461292896,0.06246014469997099,0.000726957831713042,0.0008002123358615843,0.1744320742067869,0.0,success
257,-349.2164408654768,-2.3165369627657872,-351.53297782824257,False,0.0,0.0,False,1600,-1.0,1.0,0.4793612062931061,0.9274211525917053,1.0,215.1880156993866,1.0,45.19721984863281,medium,0.0,0.0,0.010069024562395393,0.010265102311349267,1.0231545117285337,0.0,contact_alignment
258,4430.626651983523,499.14402740615344,4929.770679389676,True,0.0,0.0,False,285,-1.0,1.0,0.475241094827652,0.9215714931488037,1.0,238.2291078567505,1.0,44.84055072069168,medium,0.03784884724739443,0.037778239019747445,0.0003589035002674225,0.00037128326004400275,0.5672964693327158,0.0,success
259,2925.2263467277426,499.22032605860556,3424.4466727863482,True,0.0,0.0,False,202,-1.0,0.17234265804290771,0.472562700510025,0.9235746264457703,1.0,237.71965265274048,1.0,45.07438242435455,medium,0.06797346602473503,0.06790652409108952,0.0009521713846455792,0.0009549170104600492,0.6244958875221351,0.0,success
260,3174.9668021409047,499.2002472289849,3674.16704936989,True,0.0,0.0,False,220,-1.0,0.20736248791217804,0.47644150257110596,0.9213241934776306,1.0,238.6478888988495,1.0,44.98873084783554,medium,0.06472867533836665,0.06460885141885078,0.0006327058971328422,0.0007045482267510096,0.22157896136965877,0.0,success
261,-260.529906216915,-2.239145617645206,-262.7690518345602,False,0.0,0.0,False,1600,-1.0,0.44417938590049744,0.4727267622947693,0.9243589043617249,1.0,214.54715967178345,1.0,45.33089488744736,medium,0.0,0.0,0.0076563402601292335,0.007685341350223766,0.8047305637513773,0.0,contact_alignment
262,4486.382856683002,499.13742918623365,4985.5202858692355,True,0.0,0.0,False,286,-1.0,1.0,0.47316062450408936,0.9210447669029236,1.0,238.73016357421875,1.0,44.74261790513992,medium,0.03726382315662081,0.03721396691168677,0.00013551604345531483,0.00014449997972759376,0.6139925369984841,0.0,success
263,-201.16091556044267,-2.225747389891617,-203.38666295033428,False,0.0,0.0,False,1600,-1.0,0.08468230813741684,0.4732554256916046,0.9217304587364197,1.0,214.2079722881317,1.0,45.03973335027695,medium,0.0,0.0,0.006023670712877323,0.006258204788338678,0.6471213390906809,0.0,contact_alignment
264,2192.5058783040568,492.4004829463399,2684.9063612503965,True,58.48932316743411,0.0,False,179,-1.0,1.0,0.47389596700668335,0.9185643196105957,1.0,238.64083766937256,1.0,44.96017962694168,medium,0.07944091278069636,0.07933510219535334,0.00033083028396987783,0.0003706459815650927,1.5787694371000738,0.3267559953487939,success
265,3328.107017151151,499.18225260014003,3827.289269751291,True,0.0,0.0,False,233,-1.0,0.5480097532272339,0.47585391998291016,0.921478271484375,1.0,237.9260754585266,1.0,44.94895398616791,medium,0.06137117152860695,0.061249417529531835,0.0005121918649737714,0.0007013784100668406,0.16460620324208827,0.0,success
266,-267.0679824760832,-2.256608751313462,-269.3245912273967,False,0.0,0.0,False,1600,-1.0,1.0,0.47631117701530457,0.9256690144538879,1.0,214.20279622077942,1.0,45.12393921613693,medium,0.0,0.0,0.007623055864684017,0.007624756585154744,0.8346030588996974,0.0,contact_alignment
267,4449.064277665522,499.15419708010666,4948.218474745629,True,0.0,0.0,False,282,-1.0,0.26148563623428345,0.47326648235321045,0.9230769872665405,1.0,238.6497175693512,1.0,44.773952066898346,medium,0.03807169891539145,0.03800265623386402,0.0002865571246608419,0.0003815868479453561,0.5747101563752948,0.0,success
268,4468.494294566206,499.1556079698567,4967.649902536063,True,0.0,0.0,False,278,-1.0,0.25082436203956604,0.4760763645172119,0.924992561340332,1.0,238.9904546737671,1.0,44.726329147815704,medium,0.03770898409173448,0.037624341020537994,0.0002733621938816266,0.00034806531245379287,0.5549463252023916,0.0,success
269,4473.792524243202,499.1452240316653,4972.937748274868,True,0.0,0.0,False,287,-1.0,0.30979377031326294,0.4764559864997864,0.9224977493286133,1.0,238.39702010154724,1.0,44.82240319252014,medium,0.037300092645318986,0.03723506348682923,0.00028861112954654296,0.00028995000449965426,0.5710004091946026,0.0,success
270,4519.401113680052,499.1499867065783,5018.55110038663,True,0.0,0.0,False,285,-1.0,0.4816582202911377,0.474570095539093,0.9209437370300293,1.0,238.8201868534088,1.0,44.55446273088455,medium,0.03655176712810096,0.036522920558362315,0.0002513393623226816,0.0002928141480292579,0.5922871154068345,0.0,success
271,4000.900653591538,499.19004278751265,4500.09069637905,True,0.0,0.0,False,244,-1.0,0.1505458801984787,0.4739358425140381,0.919630229473114,1.0,238.73997330665588,1.0,44.50234413146973,medium,0.04605535751988867,0.04593417850286324,0.0008206171793415542,0.0009149660413823589,0.4546807453646646,0.0,success
272,-311.9892204055399,-2.209213277398403,-314.19843368293834,False,0.0,0.0,False,1600,-1.0,1.0,0.4744541049003601,0.9238627552986145,1.0,215.87356567382812,1.0,44.86628770828247,medium,0.0,0.0,0.00905801932172478,0.009163405545472486,0.9418353301670511,0.0,contact_alignment
273,4015.5318001601318,499.19321351174534,4514.725013671877,True,0.0,0.0,False,243,-1.0,1.0,0.4770524501800537,0.9197624325752258,1.0,238.47988367080688,1.0,44.576100409030914,medium,0.04819704555875504,0.048141938786270724,0.0008672196843751998,0.0009374276282009079,0.4967056506389716,0.0,success
274,5735.287233225016,489.4644079419697,6224.751641166986,True,69.475730483046,0.0,False,327,-1.0,0.17252780497074127,0.47749045491218567,0.9226916432380676,1.0,239.18370485305786,1.0,44.94115591049194,medium,0.03908241182243363,0.038948027163094256,0.0005858579613167117,0.0006459919366678265,0.18367505151923227,0.21246400759341283,success
275,3177.472821335299,499.21811055128,3676.690931886579,True,0.0,0.0,False,211,-1.0,0.1970701962709427,0.47935599088668823,0.9225663542747498,1.0,238.76425743103027,1.0,44.634448289871216,medium,0.06540763277648698,0.06531760407895892,0.0006012835113709847,0.0007961974455782813,0.2218728879261692,0.0,success
276,4327.122718514683,499.18208725465666,4826.3048057693395,True,0.0,0.0,False,247,-1.0,0.8053155541419983,0.4778423011302948,0.923385500907898,1.0,239.1139829158783,1.0,44.62914735078812,medium,0.04169779510421828,0.04159698900483785,0.0004304884041288572,0.000656007598085926,0.6284238016299324,0.0,success
277,-277.771153733588,-2.1861444457609487,-279.9572981793489,False,0.0,0.0,False,1600,-1.0,1.0,0.47672396898269653,0.9256830811500549,1.0,214.05704498291016,1.0,44.78698015213013,medium,0.0,0.0,0.008087464428533007,0.008212878258953728,0.8373534031811444,0.0,contact_alignment
278,-333.04343804886,-2.1928846245354494,-335.2363226733955,False,0.0,0.0,False,1600,-1.0,1.0,0.47597000002861023,0.9206445813179016,1.0,214.96363162994385,1.0,45.127525329589844,medium,0.0,0.0,0.009709758975942971,0.009935195853455174,1.0228507162416547,0.0,contact_alignment
279,-247.49311088796813,-2.192775170588323,-249.68588605855646,False,0.0,0.0,False,1600,-1.0,1.0,0.4742812216281891,0.9273136258125305,1.0,214.84686017036438,1.0,44.829575419425964,medium,0.0,0.0,0.007139869144512222,0.00721422463389121,0.7443456469609472,0.0,contact_alignment
280,4404.285863208115,499.16802962597524,4903.453892834091,True,0.0,0.0,False,288,-1.0,1.0,0.47399964928627014,0.9252905249595642,1.0,238.54398012161255,1.0,44.51083481311798,medium,0.03815854213313802,0.03805927463326403,0.0002707126347770125,0.0003301041841599022,0.5543465872896014,0.0,success
281,-313.9919578148564,-2.22066694729167,-316.21262476214804,False,0.0,0.0,False,1600,-1.0,1.0,0.4735521078109741,0.9223498702049255,1.0,214.03331875801086,1.0,44.98751878738403,medium,0.0,0.0,0.009105697265784422,0.009188275902946486,0.9469687217283549,0.0,contact_alignment
282,4465.58200151591,499.1718544017843,4964.753855917694,True,0.0,0.0,False,271,-1.0,0.20629459619522095,0.47407829761505127,0.9230429530143738,1.0,239.23816204071045,1.0,44.862019419670105,medium,0.03783918789756858,0.037734677135935576,0.0002156197665879652,0.00025281049782717506,0.6085651046143665,0.0,success
283,4613.267251579084,499.18558207796934,5112.452833657053,True,0.0,0.0,False,265,-1.0,1.0,0.4689316153526306,0.9229475855827332,1.0,238.92067074775696,1.0,44.61029261350632,medium,0.037396379315946235,0.037295725605968194,0.000704908432871171,0.0008166163798641824,0.5146559101352658,0.0,success
284,-310.78160842326105,-2.2036633221551165,-312.9852717454162,False,0.0,0.0,False,1600,-1.0,1.0,0.47600433230400085,0.92205411195755,1.0,214.57617044448853,1.0,44.90171700716019,medium,0.0,0.0,0.008982447413606787,0.009117445711950696,0.9300334617005899,0.0,contact_alignment
285,3310.8748000204405,499.19303687199096,3810.0678368924314,True,0.0,0.0,False,235,-1.0,0.28863877058029175,0.47289949655532837,0.9233295917510986,1.0,239.39838767051697,1.0,44.77389574050903,medium,0.061168408472864165,0.06106337068801507,0.000473675536432203,0.0005904417002063816,0.10964219432857,0.0,success
286,-266.67062361505043,-2.201934339490955,-268.8725579545414,False,0.0,0.0,False,1600,-1.0,1.0,0.47427377104759216,0.9230147004127502,1.0,214.09440875053406,1.0,45.16069322824478,medium,0.0,0.0,0.007802865282354431,0.007843041813063795,0.8293304768235664,0.0,contact_alignment
287,-230.33249590685153,-2.200444052764968,-232.5329399596165,False,0.0,0.0,False,1600,-1.0,0.9534013867378235,0.47295957803726196,0.9257363080978394,1.0,214.05991196632385,1.0,45.05509793758392,medium,0.0,0.0,0.006722218177423492,0.006759459948810837,0.7255338796541388,0.0,contact_alignment
288,4433.086437588495,499.16316510239113,4932.249602690886,True,0.0,0.0,False,285,-1.0,0.9846941828727722,0.46696001291275024,0.9288716316223145,1.0,239.4059193134308,1.0,44.53579157590866,medium,0.03776600171946243,0.037680461215808314,0.0002441791743978037,0.00031208719379291483,0.5348529976673383,0.0,success
289,4502.803798002947,499.16064842320714,5001.964446426154,True,0.0,0.0,False,286,-1.0,0.29020798206329346,0.4715690612792969,0.9261069297790527,1.0,239.6675741672516,1.0,44.55044060945511,medium,0.036974572378841226,0.036848027211614454,0.0002445536133887411,0.0002673344702062821,0.6247712247752969,0.0,success
290,-283.7596140154352,-2.2304988960698386,-285.99011291150504,False,0.0,0.0,False,1600,-1.0,0.620768129825592,0.47463491559028625,0.9217393398284912,1.0,214.99006986618042,1.0,45.249071419239044,medium,0.0,0.0,0.008316864511314723,0.008465563207309968,0.9117035666092825,0.0,contact_alignment
291,-366.0294695953205,-2.258369330886965,-368.2878389262075,False,0.0,0.0,False,1600,-1.0,1.0,0.4760996401309967,0.9230960607528687,1.0,214.37292456626892,1.0,45.18685162067413,medium,0.0,0.0,0.010559690839300664,0.010577160235229971,1.1080763348847353,0.0,contact_alignment
292,-271.16467499151645,-2.2351201408498618,-273.3997951323663,False,0.0,0.0,False,1600,-1.0,1.0,0.47556760907173157,0.9234837889671326,1.0,214.01236653327942,1.0,45.02246409654617,medium,0.0,0.0,0.007849559712814147,0.007950849600776208,0.8410325429564449,0.0,contact_alignment
293,-231.94251179532165,-2.2576507750603962,-234.20016257038205,False,0.0,0.0,False,1600,-1.0,1.0,0.4730178713798523,0.9230784177780151,1.0,214.5918071269989,1.0,45.14663249254227,medium,0.0,0.0,0.006710241497108646,0.006712572742587826,0.710206455857417,0.0,contact_alignment
294,-235.19638916438984,-2.2227557321629776,-237.4191448965528,False,0.0,0.0,False,1600,-1.0,0.38235023617744446,0.47247543931007385,0.9247649312019348,1.0,213.98033380508423,1.0,45.08699744939804,medium,0.0,0.0,0.006901027935127517,0.007124578502094011,0.7463274307989821,0.0,contact_alignment
295,4429.335586283637,499.16221855789576,4928.497804841532,True,0.0,0.0,False,286,-1.0,0.2868914008140564,0.46836891770362854,0.9305115938186646,1.0,239.57361459732056,1.0,44.84606862068176,medium,0.03786541243374015,0.03775678420996453,0.00036951429172358207,0.0004080444565688776,0.5505856786794256,0.0,success
296,-235.3933886699445,-2.2645924721793462,-237.65798114212384,False,0.0,0.0,False,1600,-1.0,0.7369674444198608,0.47474756836891174,0.9264329075813293,1.0,213.69036555290222,1.0,45.16606718301773,medium,0.0,0.0,0.006965912796162684,0.007039788402659061,0.7677556561458291,0.0,contact_alignment
297,-282.87274667639065,-2.3048418741865473,-285.1775885505772,False,0.0,0.0,False,1600,-1.0,1.0,0.46956995129585266,0.9239100813865662,1.0,214.12230372428894,1.0,45.36001145839691,medium,0.0,0.0,0.00815494956929129,0.008176703811125514,0.8820965081031898,0.0,contact_alignment
298,-262.65100432623535,-2.286189449964481,-264.9371937761998,False,0.0,0.0,False,1600,-1.0,0.7139722108840942,0.4743475019931793,0.9228668212890625,1.0,215.25437474250793,1.0,45.338676273822784,medium,0.0,0.0,0.007645208981697745,0.007668816428334678,0.8450993044336972,0.0,contact_alignment
299,-209.24074147418287,-2.277706154499258,-211.51844762868214,False,0.0,0.0,False,1600,-1.0,0.5472076535224915,0.47433578968048096,0.9241366386413574,1.0,215.51703691482544,1.0,45.22558957338333,medium,0.0,0.0,0.005897218549448059,0.005947104771626604,0.677053950721913,0.0,contact_alignment
300,4311.966635510326,499.15843143144014,4811.125066941767,True,0.0,0.0,False,278,-1.0,0.9744276404380798,0.46623653173446655,0.9246131181716919,1.0,239.35330629348755,1.0,44.958813190460205,medium,0.03965275175154498,0.03956036847858438,0.0005372114869160602,0.0006161285395521293,0.49930629543977784,0.0,success
301,-242.90213117797796,-2.2951116819075956,-245.19724285988556,False,0.0,0.0,False,1600,-1.0,0.5450916886329651,0.47076553106307983,0.9205241203308105,1.0,213.88232946395874,1.0,45.356765389442444,medium,0.0,0.0,0.0071249405796074295,0.007261535086483933,0.7828691083382632,0.0,contact_alignment
302,-339.8169169169199,-2.3440494386329673,-342.1609663555529,False,0.0,0.0,False,1600,-1.0,1.0,0.47537437081336975,0.9216046929359436,1.0,214.64277744293213,1.0,45.34301966428757,medium,0.0,0.0,0.009694434586923241,0.009767046184121091,1.0586790918382243,0.0,contact_alignment
303,3560.083512029471,491.16542003735066,4051.2489320668215,True,63.42606462447627,0.0,False,218,-1.0,0.833519458770752,0.4675699472427368,0.9278411269187927,1.0,240.41464805603027,1.0,45.409163534641266,medium,0.06036712639708933,0.06007602102754317,0.0006490153389204423,0.0008247132591095308,0.3531175828756257,0.2909452505709921,success
304,3858.7282333150997,499.1708244831685,4357.899057798269,True,0.0,0.0,False,255,-1.0,0.9979090094566345,0.46814537048339844,0.9297762513160706,1.0,239.5785427093506,1.0,45.11286586523056,medium,0.04709240040997923,0.047002775276903414,0.0008521420917428988,0.000856075686099538,0.4077686056403461,0.0,success
305,4354.907898241036,499.15410755699116,4854.062005798027,True,0.0,0.0,False,289,-1.0,0.5650283098220825,0.46787354350090027,0.9320254325866699,1.0,239.89363193511963,1.0,44.843924045562744,medium,0.038769589237669405,0.03867737738185531,0.000401950669238728,0.0004437390249798464,0.4826929034463246,0.0,success
306,4483.674615379841,499.14116106736503,4982.815776447206,True,0.0,0.0,False,299,-1.0,0.9936925768852234,0.46624529361724854,0.9302566647529602,1.0,240.07364749908447,1.0,44.94030475616455,medium,0.03719102310344022,0.03710577721000188,0.0005153050587211128,0.0005244207293127992,0.5346107487533351,0.0,success
307,4416.659525945456,499.1609674427517,4915.820493388208,True,0.0,0.0,False,286,-1.0,0.3098244071006775,0.4643803834915161,0.929451584815979,1.0,239.53732013702393,1.0,44.77008432149887,medium,0.03810417033980588,0.03801665686516917,0.00034870195175539106,0.00037512632362772833,0.5115339834288971,0.0,success
308,-278.01691775240215,-2.230909710842063,-280.2478274632442,False,0.0,0.0,False,1600,-1.0,1.0,0.47582849860191345,0.9226648211479187,1.0,215.11104106903076,1.0,45.36220818758011,medium,0.0,0.0,0.00791550574291422,0.007930445627172636,0.8440624940143072,0.0,contact_alignment
309,4401.019596304889,499.1586834780598,4900.178279782949,True,0.0,0.0,False,295,-1.0,1.0,0.4671247899532318,0.9305658936500549,1.0,240.02078652381897,1.0,44.78775203227997,medium,0.03789218095320268,0.037823833292373016,0.00022686172542404017,0.0002469990469382179,0.5515308442278054,0.0,success
310,4360.57199350203,499.1720120530129,4859.744005555042,True,0.0,0.0,False,281,-1.0,0.26137083768844604,0.46738308668136597,0.9306426644325256,1.0,239.7984790802002,1.0,45.011839270591736,medium,0.03895170936560052,0.03887077308736252,0.00035739825109059155,0.0004380576493147773,0.5554563892370425,0.0,success
311,-333.22327806720205,-2.3309247694586164,-335.55420283666064,False,0.0,0.0,False,1600,-1.0,1.0,0.47237735986709595,0.9243194460868835,1.0,213.64791870117188,1.0,45.34990817308426,medium,0.0,0.0,0.009499467880652826,0.00952647776213472,1.0168375873539297,0.0,contact_alignment
312,4554.5506603503245,499.1576861343048,5053.708346484629,True,0.0,0.0,False,292,-1.0,0.28326451778411865,0.4679427742958069,0.9326224327087402,1.0,239.90339517593384,1.0,44.745014905929565,medium,0.03635705603622026,0.03629743216923478,6.780556280863534e-05,0.00011649015437366987,0.658072011411644,0.0,success
313,2027.321599283583,499.25902827089595,2526.580627554479,True,0.0,0.0,False,176,-1.0,0.16511939465999603,0.47194501757621765,0.9318519830703735,1.0,239.91650581359863,1.0,45.31865745782852,medium,0.07930728781113425,0.07927219446441452,0.00021155808758225895,0.0002673428319322414,1.6492203582545728,0.0,success
314,3260.8127606793973,499.2116326349853,3760.0243933143825,True,0.0,0.0,False,229,-1.0,0.23291431367397308,0.4668895900249481,0.9286462068557739,1.0,240.05024671554565,1.0,45.12988060712814,medium,0.06375330961167083,0.06363196130010876,0.0006626142793025762,0.0007116557180830005,0.18031452648533158,0.0,success
315,-281.3213210729622,-2.2395544076940856,-283.56087548065625,False,0.0,0.0,False,1600,-1.0,1.0,0.47264015674591064,0.9258604049682617,1.0,213.47879767417908,1.0,45.277082324028015,medium,0.0,0.0,0.008025587278853101,0.008027424932914496,0.8619501874219597,0.0,contact_alignment
316,4421.3539595637985,499.1707115180913,4920.52467108189,True,0.0,0.0,False,294,-1.0,0.3416866958141327,0.46605944633483887,0.9338680505752563,1.0,240.06309390068054,1.0,44.71812844276428,medium,0.03767122603638955,0.03757302171853143,0.00028124742306854795,0.00030222963261589006,0.5432837426121835,0.0,success
317,4498.407772376185,499.1646719293055,4997.5724443054905,True,0.0,0.0,False,280,-1.0,0.26603829860687256,0.4681377112865448,0.9322622418403625,1.0,240.09095788002014,1.0,45.019247233867645,medium,0.03739433278795605,0.03728596134168556,0.0001977259234328154,0.0002556507423313407,0.627850333198844,0.0,success
318,3261.3440183457433,499.20281982182695,3760.54683816757,True,0.0,0.0,False,236,-1.0,0.5414494872093201,0.4689943194389343,0.9332616329193115,1.0,240.29276251792908,1.0,44.88207995891571,medium,0.06157497927455305,0.06147957974309878,0.0005276689710530674,0.000577776059353449,0.0907550525566234,0.0,success
319,-255.09279685366528,-2.193709490007894,-257.2865063436732,False,0.0,0.0,False,1600,-1.0,1.0,0.47189003229141235,0.9305261969566345,1.0,213.3400046825409,1.0,45.144679844379425,medium,0.0,0.0,0.007388346249530134,0.0075222151120636505,0.8078294496988412,0.0,contact_alignment
320,4414.233896912446,499.1882231283718,4913.422120040817,True,0.0,0.0,False,270,-1.0,0.5702188611030579,0.46182841062545776,0.9309309124946594,1.0,240.17496824264526,1.0,44.77495759725571,medium,0.03872568954435371,0.038635836180475724,0.00034258014747471494,0.00037671585941892764,0.5987011398522188,0.0,success
321,-367.33652956629965,-2.2820806072293625,-369.618610173529,False,0.0,0.0,False,1600,-1.0,1.0,0.472415566444397,0.9229605793952942,1.0,215.28615951538086,1.0,45.28097927570343,medium,0.0,0.0,0.010576132201828278,0.01064228595851003,1.0874406719636351,0.0,contact_alignment
322,-276.19834411539136,-2.2004537192962283,-278.39879783468757,False,0.0,0.0,False,1600,-1.0,0.5163501501083374,0.4677799344062805,0.9254732728004456,1.0,213.21325302124023,1.0,45.13937473297119,medium,0.0,0.0,0.008093744496490057,0.008300140430790066,0.8521053738347435,0.0,contact_alignment
323,4547.168480240563,499.151775987016,5046.320256227579,True,0.0,0.0,False,295,-1.0,0.836762547492981,0.4697481095790863,0.9329264760017395,1.0,240.3730845451355,1.0,44.83766555786133,medium,0.035928325851334784,0.035825177197629954,7.753685368470398e-05,8.497416704588113e-05,0.6539533194140983,0.0,success
324,3827.5516883972164,498.5092811529212,4326.060969550137,True,0.0,0.0,False,956,-1.0,1.0,0.46969977021217346,0.9301016926765442,1.0,240.5265998840332,1.0,44.98771905899048,medium,0.04443555257840614,0.04439519222747243,0.0002676049959716019,0.0002781366505906153,0.40315209328442003,0.0,success
325,-277.6766127408762,-2.2205219021524103,-279.8971346430286,False,0.0,0.0,False,1600,-1.0,0.3388326168060303,0.47051674127578735,0.9262062311172485,1.0,214.64519500732422,1.0,45.21658778190613,medium,0.0,0.0,0.008200140518335288,0.008383593198849215,0.899449135477885,0.0,contact_alignment
326,4394.619876565848,499.18562879908586,4893.805505364934,True,0.0,0.0,False,268,-1.0,1.0,0.46933797001838684,0.9293967485427856,1.0,240.55928349494934,1.0,45.030927658081055,medium,0.03899907265743405,0.03888616415904883,0.00040862842848591295,0.0004204184061182246,0.6262518739961583,0.0,success
327,4537.819543730367,499.16519208575374,5036.9847358161205,True,0.0,0.0,False,289,-1.0,0.26956066489219666,0.46681347489356995,0.9307202100753784,1.0,240.77027797698975,1.0,44.830530881881714,medium,0.03638745790874996,0.0362656892387781,0.00022311322489440945,0.00022342525874533456,0.622396116586591,0.0,success
328,-229.1976093140143,-2.185333708657019,-231.38294302267133,False,0.0,0.0,False,1600,-1.0,1.0,0.4735073149204254,0.9310085773468018,1.0,213.85393857955933,1.0,45.33967137336731,medium,0.0,0.0,0.006651839882679483,0.006834768927812253,0.7309673779157099,0.0,contact_alignment
329,-317.9293847956518,-2.2571860899303324,-320.1865708855821,False,0.0,0.0,False,1600,-1.0,1.0,0.4757295250892639,0.9241706132888794,1.0,214.43906664848328,1.0,45.286334455013275,medium,0.0,0.0,0.009057156008510932,0.009063081862801413,0.9606797980107032,0.0,contact_alignment
330,3615.174893209733,499.21865728277027,4114.393550492503,True,0.0,0.0,False,219,-1.0,0.9882368445396423,0.4730328619480133,0.9300113320350647,1.0,241.30916237831116,1.0,45.15440344810486,medium,0.0577527185975855,0.05758952575596327,0.0006143008799892934,0.0009554105688670852,0.17761583949988433,0.0,success
331,4559.165518897987,499.1635956737694,5058.329114571756,True,0.0,0.0,False,285,-1.0,0.2535816431045532,0.4706146717071533,0.9299082159996033,1.0,240.80469727516174,1.0,44.970426857471466,medium,0.03623786570034057,0.03611683073798441,0.00012743082121328454,0.00015870217901785248,0.7107462415895588,0.0,success
332,4303.805620762851,499.1628104231702,4802.968431186021,True,0.0,0.0,False,286,-1.0,1.0,0.4695434868335724,0.9345908761024475,1.0,240.63793182373047,1.0,44.592366218566895,medium,0.03937232176183867,0.039260280316414486,0.0004869867437449515,0.0005297808466850346,0.5714164939224214,0.0,success
333,3147.4725449610382,499.2305687761753,3646.7031137372137,True,0.0,0.0,False,215,-1.0,1.0,0.46873632073402405,0.9290509223937988,1.0,240.77252507209778,1.0,44.929577708244324,hard,0.06496880360732338,0.06486374567344402,0.0008324296567822535,0.0009298960187108984,0.25043092287211205,0.0,success
334,4477.454481001627,499.14806151937705,4976.602542521004,True,1.1607605268648111,0.0,False,299,-1.0,0.36143335700035095,0.4654020071029663,0.9332119822502136,1.0,240.87544202804565,1.0,44.865248799324036,hard,0.03643917466397591,0.036363852825245874,0.00028289399921104153,0.0002935981342724926,0.6686163762657018,0.0038821422303170943,success
335,3278.459941521196,499.14437063873595,3777.604312159932,True,0.0,0.0,False,304,-1.0,1.0,0.4712699055671692,0.9323642253875732,1.0,240.5640411376953,1.0,45.41021913290024,hard,0.052252047128257005,0.052154661347528525,0.0005003641983026418,0.0005749790460432509,0.2662930992222192,0.0,success
336,-484.5970309425681,-2.3317788091271803,-486.92880975169527,False,0.0,0.0,False,1600,-1.0,1.0,0.4763210713863373,0.92673259973526,1.0,214.96928811073303,1.0,45.46107769012451,hard,0.0,0.0,0.01367381978229978,0.013877817931905201,1.3824964328964517,0.0,coarse_alignment
337,-408.6171672766593,-2.281975567260035,-410.8991428439193,False,0.0,0.0,False,1600,-1.0,1.0,0.4749988913536072,0.9253075122833252,1.0,215.0272011756897,1.0,45.465421080589294,hard,0.0,0.0,0.011533921552392398,0.011564695114189005,1.2098108050129477,0.0,contact_alignment
338,4151.910344738452,499.19110986556734,4651.10145460402,True,0.0,0.0,False,270,-1.0,1.0,0.4724409580230713,0.9327713251113892,1.0,240.8740782737732,1.0,44.64367538690567,hard,0.04182694760324049,0.041719763404158366,0.0008803766285595156,0.0009010622239460955,0.49163051800398144,0.0,success
339,-209.73693785110277,-2.1078096452760384,-211.8447474963788,False,0.0,0.0,False,1600,-1.0,0.45486536622047424,0.4731481075286865,0.9295998215675354,1.0,213.2591712474823,1.0,44.88770008087158,hard,0.0,0.0,0.006060208709090429,0.006115305083398882,0.6719001843544163,0.0,contact_alignment
340,3556.531803837221,492.82076789443346,4049.3525717316547,True,56.579283776961894,0.0,False,217,-1.0,0.9885318875312805,0.46867814660072327,0.9353414177894592,1.0,240.86973905563354,1.0,45.303628742694855,hard,0.06121126093276853,0.060887362966404984,0.0006669473067714207,0.0007955660242051326,0.3586041850020018,0.2607340266219442,success
341,-350.2377382530067,-2.2333684096388615,-352.4711066626455,False,0.0,0.0,False,1600,-1.0,1.0,0.4764856994152069,0.9244568347930908,1.0,215.66452383995056,1.0,45.45859098434448,hard,0.0,0.0,0.009717989498233652,0.009774175528955516,1.010510160828338,0.0,contact_alignment
342,4520.92851853035,499.18636002035595,5020.114878550706,True,0.0,0.0,False,279,-1.0,0.2173696905374527,0.469181627035141,0.9369987845420837,1.0,240.84827542304993,1.0,44.71116483211517,hard,0.03690697427921257,0.03683343818686648,0.0002559324927647048,0.0003454297493670004,0.6416131370750123,0.0,success
343,-303.13622113003555,-2.1673402611216286,-305.3035613911572,False,0.0,0.0,False,1600,-1.0,1.0,0.47512292861938477,0.9285353422164917,1.0,213.98966312408447,1.0,45.025276243686676,hard,0.0,0.0,0.00889567902333446,0.009291363610179538,0.9137528867353215,0.0,contact_alignment
344,-468.5211156658007,-2.32925959743792,-470.8503752632386,False,0.0,0.0,False,1600,-1.0,1.0,0.4779159128665924,0.932234525680542,1.0,215.8145523071289,1.0,45.601061284542084,hard,0.0,0.0,0.013042947704979354,0.013289365446347666,1.325158244774483,0.0,coarse_alignment
345,-264.83915013931113,-2.2395813221484513,-267.0787314614596,False,0.0,0.0,False,1600,-1.0,0.7076957821846008,0.47629985213279724,0.9283854961395264,1.0,214.28927063941956,1.0,45.35095751285553,hard,0.0,0.0,0.007433659536356292,0.007605236163485317,0.8240534109689329,0.0,contact_alignment
346,4355.089886964709,499.15447930279095,4854.2443662675,True,0.0,0.0,False,301,-1.0,0.39798223972320557,0.4722205698490143,0.9352805614471436,1.0,240.71406960487366,1.0,44.71557080745697,hard,0.03765908085552147,0.0375198709673146,0.0004884474416305179,0.0005231068214911878,0.6555881753032367,0.0,success
347,-257.5915478491062,-2.204356887947317,-259.7959047370535,False,0.0,0.0,False,1600,-1.0,1.0,0.472220778465271,0.9251672625541687,1.0,214.69776153564453,1.0,45.2250012755394,hard,0.0,0.0,0.007455661937096146,0.007560955396323978,0.7997341913328276,0.0,contact_alignment
348,-213.43173006420594,-2.1896044807046104,-215.62133454491055,False,0.0,0.0,False,1600,-1.0,0.5691321492195129,0.4739958345890045,0.9287697672843933,1.0,214.82837200164795,1.0,45.15141814947128,hard,0.0,0.0,0.006030470738305802,0.006145098687733741,0.7075440029627735,0.0,contact_alignment
349,-256.673452041167,-2.240131383699563,-258.9135834248666,False,0.0,0.0,False,1600,-1.0,1.0,0.4720402657985687,0.924530029296875,1.0,214.07596707344055,1.0,45.367452800273895,hard,0.0,0.0,0.007225634756627242,0.007279710147284726,0.7851794382733501,0.0,contact_alignment
350,4463.827376726579,499.16659582202675,4962.993972548606,True,0.0,0.0,False,296,-1.0,0.36263176798820496,0.46782684326171875,0.9332841634750366,1.0,240.67193269729614,1.0,44.84132468700409,hard,0.036857502068672526,0.03671874415792631,0.000189455493797164,0.00021284525433612884,0.6558733908265871,0.0,success
351,-337.4825121403783,-2.291637445276449,-339.7741495856547,False,0.0,0.0,False,1600,-1.0,0.863222062587738,0.4728875160217285,0.9256952404975891,1.0,214.30703043937683,1.0,45.213418900966644,hard,0.0,0.0,0.009620572007651988,0.00993707524349752,1.043775388523967,0.0,contact_alignment
352,3989.1991188316533,499.2040775462776,4488.403196377931,True,0.0,0.0,False,252,-1.0,0.9911388754844666,0.4677455425262451,0.9380471706390381,1.0,240.41593432426453,1.0,44.8163303732872,hard,0.04560487158828267,0.045507304672136775,0.0007692623394592788,0.0007798034929863742,0.4576565351851175,0.0,success
353,3990.0324866699475,499.2168416499481,4489.2493283198955,True,0.0,0.0,False,251,-1.0,1.0,0.46622371673583984,0.9357866048812866,1.0,240.4203200340271,1.0,44.87153023481369,hard,0.045451444911510375,0.045313034907048105,0.0005910549273523389,0.0006014611622458251,0.5425933292098911,0.0,success
354,-283.73662446774244,-2.249741063175375,-285.9863655309178,False,0.0,0.0,False,1600,-1.0,1.0,0.4746483266353607,0.9275633096694946,1.0,214.4135582447052,1.0,45.29410123825073,hard,0.0,0.0,0.008113357118889004,0.008291050660140352,0.8825008503472503,0.0,contact_alignment
355,-274.5074094951666,-2.2555164832026557,-276.76292597836925,False,0.0,0.0,False,1600,-1.0,0.46197059750556946,0.47328028082847595,0.9305916428565979,1.0,214.6875023841858,1.0,45.190160274505615,hard,0.0,0.0,0.007865588596559843,0.007898390592870475,0.8583716053949294,0.0,contact_alignment
356,-203.21276379736202,-2.2400082147026423,-205.45277201206466,False,0.0,0.0,False,1600,-1.0,0.2625366151332855,0.4737398028373718,0.9290027618408203,1.0,215.23196578025818,1.0,45.29532790184021,hard,0.0,0.0,0.005797386357746922,0.006006912318122212,0.6794881025079635,0.0,contact_alignment
357,-223.92511700118487,-2.2150339854418886,-226.14015098662676,False,0.0,0.0,False,1600,-1.0,0.43909499049186707,0.47205328941345215,0.9287251830101013,1.0,214.47939038276672,1.0,45.36415249109268,hard,0.0,0.0,0.006300348073706659,0.0063652526823053095,0.7219262934286823,0.0,contact_alignment
358,-394.9419361457101,-2.3647548882034877,-397.3066910339136,False,0.0,0.0,False,1600,-1.0,1.0,0.47859951853752136,0.9241277575492859,1.0,214.86026525497437,1.0,45.54402142763138,hard,0.0,0.0,0.010924693836114222,0.011096376000323567,1.1691958618440748,0.0,contact_alignment
359,-326.1935616545412,-2.316108860313117,-328.50967051485435,False,0.0,0.0,False,1600,-1.0,1.0,0.4754771888256073,0.9271779656410217,1.0,214.28632616996765,1.0,45.48868387937546,hard,0.0,0.0,0.009299489313604213,0.009360291611577415,1.0076731662423275,0.0,contact_alignment
360,4524.25926927128,499.15634007892015,5023.4156093502,True,0.0,0.0,False,295,-1.0,0.3118627667427063,0.4691452085971832,0.9389358758926392,1.0,240.53890466690063,1.0,45.15033334493637,hard,0.03638365267930243,0.036234157450933224,0.00016819215485556582,0.0001893321111726313,0.6961845349522693,0.0,success
361,-251.22771832810227,-2.2458306515238267,-253.4735489796261,False,0.0,0.0,False,1600,-1.0,1.0,0.4741685092449188,0.9287127256393433,1.0,213.7367022037506,1.0,45.3848722577095,hard,0.0,0.0,0.007045759149397904,0.007236740594806413,0.7701980972064874,0.0,contact_alignment
362,-350.17841412000496,-2.318236450523546,-352.4966505705285,False,0.0,0.0,False,1600,-1.0,1.0,0.47464025020599365,0.9242870807647705,1.0,214.42046999931335,1.0,45.31146436929703,hard,0.0,0.0,0.009868717333354832,0.01004917986321074,1.0767951813237553,0.0,contact_alignment
363,-477.7239471413438,-2.334471238314011,-480.0584183796578,False,0.0,0.0,False,1600,-1.0,1.0,0.47220438718795776,0.9270151257514954,1.0,215.34091114997864,1.0,45.67360132932663,hard,0.0,0.0,0.013308216013962534,0.013632168986357041,1.3980224319568386,0.0,coarse_alignment
364,4430.650904133699,499.1467594659433,4929.797663599643,True,0.0,0.0,False,308,-1.0,0.6246576309204102,0.469539999961853,0.9401065707206726,1.0,240.1274847984314,1.0,45.01421540975571,hard,0.03658059831604846,0.036483838224381754,0.00032750364720398814,0.0003378850102913,0.6415127648521529,0.0,success
365,-373.74512563401964,-2.32360952531749,-376.0687351593371,False,0.0,0.0,False,1600,-1.0,1.0,0.4718342423439026,0.9239026308059692,1.0,214.7640585899353,1.0,45.65174877643585,hard,0.0,0.0,0.010491031268383872,0.010790651199631547,1.1000997938378918,0.0,contact_alignment
366,4651.921202227369,499.1623237442396,5151.083525971609,True,0.0,0.0,False,300,-1.0,0.9964609146118164,0.4687952399253845,0.9409054517745972,1.0,240.05364060401917,1.0,44.64733451604843,hard,0.03527466834341405,0.03520998809782323,0.0008584465163804085,0.0008870889000426309,0.6091019512300793,0.0,success
367,-431.3642785621153,-2.355110603161575,-433.7193891652769,False,0.0,0.0,False,1600,-1.0,1.0,0.4753124713897705,0.9265539050102234,1.0,215.99966645240784,1.0,45.84192544221878,hard,0.0,0.0,0.011976076151113195,0.012009712808160164,1.2677714395877973,0.0,coarse_alignment
368,4384.804337428261,499.1655019842232,4883.969839412483,True,0.0,0.0,False,298,-1.0,0.9834200739860535,0.4690147340297699,0.9421472549438477,1.0,240.6759774684906,1.0,44.606189131736755,hard,0.03802205996897494,0.03792001899883535,0.0001805878068188808,0.00023073200282535503,0.5472254037017069,0.0,success
369,-315.17711617124183,-2.3009022333379012,-317.47801840457976,False,0.0,0.0,False,1600,-1.0,0.7493874430656433,0.47350233793258667,0.9280727505683899,1.0,213.62678050994873,1.0,45.16204297542572,hard,0.0,0.0,0.008946083948303957,0.009085736040824067,1.0072140054020853,0.0,contact_alignment
370,-392.46795053456697,-2.359792516599195,-394.8277430511662,False,0.0,0.0,False,1600,-1.0,1.0,0.47810593247413635,0.9290938973426819,1.0,214.60420489311218,1.0,45.52775979042053,hard,0.0,0.0,0.01087990615768992,0.011311164903628506,1.1681307050837242,0.0,contact_alignment
371,4496.291715414241,499.157173294021,4995.448888708262,True,0.0,0.0,False,307,-1.0,0.37697553634643555,0.4690338373184204,0.94325852394104,1.0,240.55452585220337,1.0,45.06758779287338,hard,0.035987430068643536,0.035884252157195776,0.00036883373522657303,0.0004046170534786715,0.5870580272983204,0.0,success
372,-378.6441706965811,-2.3155646257038915,-380.959735322285,False,0.0,0.0,False,1600,-1.0,1.0,0.4706389605998993,0.9352912902832031,1.0,214.49542999267578,1.0,45.45729339122772,hard,0.0,0.0,0.010582274791581655,0.010677515951975046,1.1312990458941716,0.0,contact_alignment
373,4302.6999019524055,499.1922665457331,4801.892168498139,True,0.0,0.0,False,285,-1.0,0.9877060651779175,0.47212040424346924,0.9433841109275818,1.0,240.34859895706177,1.0,44.264815747737885,hard,0.039369784569033645,0.039256521002275085,0.0005771262386784382,0.00064196816600034,0.5526083748737273,0.0,success
374,4456.120415652203,499.1718038390272,4955.29221949123,True,0.0,0.0,False,296,-1.0,0.9930515885353088,0.4703572392463684,0.9440367221832275,1.0,240.5802357196808,1.0,44.57588970661163,hard,0.03711416422984226,0.03697572473989072,0.00040848763941133824,0.0004124490353093436,0.576144495432673,0.0,success
375,-256.5871022563514,-2.1893574924671513,-258.7764597488185,False,0.0,0.0,False,1600,-1.0,1.0,0.47339701652526855,0.932436466217041,1.0,214.48011875152588,1.0,45.39982587099075,hard,0.0,0.0,0.007373948350579518,0.0074628094501349015,0.7877421850443929,0.0,contact_alignment
376,4377.1823918117825,499.16386895263685,4876.34626076442,True,0.0,0.0,False,302,-1.0,0.9983862638473511,0.4734439253807068,0.9424194097518921,1.0,240.53653359413147,1.0,44.93658930063248,hard,0.03765598980880301,0.03757499389557245,0.00045888668188718017,0.00046319441404732046,0.5486545418767829,0.0,success
377,4490.660576134752,499.1570539706577,4989.81763010541,True,0.0,0.0,False,309,-1.0,0.9838967323303223,0.47233936190605164,0.9424313306808472,1.0,240.5522322654724,1.0,44.93482023477554,hard,0.0358216115644502,0.03569396937072686,0.00028447050216208144,0.0004030544307394511,0.659493208352315,0.0,success
378,3924.9686535869796,499.2142451917648,4424.182898778745,True,0.0,0.0,False,252,-1.0,0.9790984392166138,0.473116934299469,0.9407845735549927,1.0,240.417902469635,1.0,44.859904050827026,hard,0.04711759110253933,0.04708119964796374,0.0007290178304795594,0.0007866663869659663,0.5451238833992432,0.0,success
379,-455.7181405034104,-2.3295455831871825,-458.04768608659754,False,0.0,0.0,False,1600,-1.0,1.0,0.4750102162361145,0.9284933805465698,1.0,214.83131647109985,1.0,45.81023454666138,hard,0.0,0.0,0.012612700999897666,0.012736278570369276,1.3174467131279701,0.0,coarse_alignment
380,-410.8476727926781,-2.344708972845436,-413.1923817655235,False,0.0,0.0,False,1600,-1.0,1.0,0.47454723715782166,0.9288274049758911,1.0,214.63090658187866,1.0,45.540677309036255,hard,0.0,0.0,0.011364808014974314,0.01169051774497093,1.200228912856155,0.0,contact_alignment
381,3233.726998814145,499.07109194657903,3732.7980907607243,True,7.4348390352419145,0.0,False,258,-1.0,0.3922668397426605,0.473498672246933,0.9434317350387573,1.0,240.5592679977417,1.0,45.19182085990906,hard,0.055831715657115574,0.05574422290844233,0.0006595140644325345,0.0009759375677171919,0.16428843913147578,0.02881720556295316,success
382,-306.13396509851503,-2.2496860283952405,-308.38365112691025,False,0.0,0.0,False,1600,-1.0,1.0,0.47392356395721436,0.9369335770606995,1.0,213.81769061088562,1.0,45.31520068645477,hard,0.0,0.0,0.008736167539884364,0.009037041540077593,0.9386155278577507,0.0,contact_alignment
383,3331.2939852297422,499.24913282109225,3830.5431180508344,True,0.0,0.0,False,210,-1.0,0.8046024441719055,0.47566384077072144,0.943956196308136,1.0,241.10707879066467,1.0,45.148142874240875,hard,0.06308989926369726,0.06291440143480184,0.0005134678873849169,0.0006351945346865881,0.19927872999735682,0.0,success
384,4379.168534597331,499.18698587998887,4878.35552047732,True,0.0,0.0,False,299,-1.0,0.34907543659210205,0.47269192337989807,0.9431023001670837,1.0,240.7325577735901,1.0,44.47889357805252,hard,0.03781964402402389,0.037780207568085894,0.0003297979949581348,0.0003714759873826662,0.5645173401303888,0.0,success
385,-337.74004344267263,-2.2415230288253793,-339.981566471498,False,0.0,0.0,False,1600,-1.0,1.0,0.47412145137786865,0.9313886761665344,1.0,213.41620445251465,1.0,45.44866919517517,hard,0.0,0.0,0.009465745844684613,0.009516756865571418,0.9675859859228343,0.0,contact_alignment
386,3068.2485261518073,499.24204005838214,3567.490566210189,True,0.0,0.0,False,213,-1.0,0.21900030970573425,0.4712749719619751,0.9434198141098022,1.0,240.5323338508606,1.0,44.830662310123444,hard,0.06536989001819658,0.06513564316163298,0.0006277983584435936,0.0008453071479014053,0.330696467553005,0.0,success
387,-374.61368848384654,-2.3068097911848873,-376.92049827503143,False,0.0,0.0,False,1600,-1.0,1.0,0.476499080657959,0.9275643229484558,1.0,214.32145833969116,1.0,45.72674632072449,hard,0.0,0.0,0.010447111214310984,0.010801253270500414,1.073302057666573,0.0,contact_alignment
388,2620.739617087306,499.2098386665165,3119.949455753823,True,0.0,0.0,False,241,-1.0,0.43875202536582947,0.46870100498199463,0.9413342475891113,1.0,240.80768823623657,1.0,45.38638472557068,hard,0.0644098174534053,0.06434426424487813,0.0007061985395600779,0.0007853591987385255,0.20370167970702227,0.0,success
389,4444.913192537361,499.20196862316357,4944.115161160525,True,0.0,0.0,False,284,-1.0,0.29374098777770996,0.4728145897388458,0.9426769614219666,1.0,240.78685998916626,1.0,44.43320870399475,hard,0.038091489322145,0.03801926411248466,0.0003559509267237297,0.00040191290117023114,0.5525731970310584,0.0,success
390,-269.39482241471,-2.1829390957649752,-271.577761510475,False,0.0,0.0,False,1600,-1.0,1.0,0.4719315767288208,0.9356147646903992,1.0,214.46025133132935,1.0,45.23268461227417,hard,0.0,0.0,0.007784344110678152,0.007867393161810779,0.8068352257006252,0.0,contact_alignment
391,4338.507035953431,499.19222591953655,4837.699261872967,True,0.0,0.0,False,289,-1.0,0.9726269841194153,0.47117874026298523,0.9426490664482117,1.0,240.6528401374817,1.0,44.422379434108734,hard,0.038879784241189874,0.03877079207528139,0.00032638416249181914,0.00036977789826506493,0.5540514605466648,0.0,success
392,4076.112386457066,499.2230488458666,4575.335435302933,True,0.0,0.0,False,238,-1.0,1.0,0.47047674655914307,0.9430950284004211,1.0,240.82326292991638,1.0,45.0122794508934,hard,0.0456358623100632,0.045588013861233026,0.000711619583796873,0.0007800620059440925,0.4587525776629076,0.0,success
393,-382.02450415754146,-2.317154029033261,-384.3416581865747,False,0.0,0.0,False,1600,-1.0,1.0,0.4757503271102905,0.9311434626579285,1.0,214.429132938385,1.0,45.36626577377319,hard,0.0,0.0,0.010895438473715961,0.010896316293856978,1.0825828107703726,0.0,contact_alignment
394,-298.4435477203526,-2.2062589369789585,-300.64980665733157,False,0.0,0.0,False,1600,-1.0,1.0,0.4752102494239807,0.9366481304168701,1.0,214.82412576675415,1.0,45.115757286548615,hard,0.0,0.0,0.008680127383673915,0.008809823006014197,0.8850703366590523,0.0,contact_alignment
395,5327.749956457123,499.16339166496056,5826.913348122083,True,0.0,0.0,False,327,-1.0,0.9876907467842102,0.47145184874534607,0.943536639213562,1.0,240.49445867538452,1.0,44.710989594459534,hard,0.03754168201174567,0.03753774576548377,0.0007016020560456003,0.0007033403713656996,0.20637699013593766,0.0,success
396,4385.450360576345,499.1844757491326,4884.634836325477,True,0.0,0.0,False,289,-1.0,0.9998483657836914,0.46904510259628296,0.941506564617157,1.0,240.79237699508667,1.0,44.50364798307419,hard,0.03841500261216674,0.03834667827611746,0.0003374254365438459,0.0003641532192504908,0.5353906700700231,0.0,success
397,3022.7443036914106,499.00677312075686,3521.7510768121674,True,9.764944502070657,0.0,False,250,-1.0,0.39663851261138916,0.4713750183582306,0.9409536719322205,1.0,240.30336260795593,1.0,44.733933210372925,hard,0.05931037944167884,0.05929138470950435,0.0006123972783395941,0.0006507725439538161,0.21503666511866437,0.03905977800828263,success
398,4535.369532865237,498.52823454685665,5033.897767412093,True,17.852018929305135,0.0,False,307,-1.0,0.33920422196388245,0.46724751591682434,0.9408004283905029,1.0,240.4986274242401,1.0,44.61793005466461,hard,0.03583122689069224,0.03580949860093745,0.0005280973970420222,0.0005577549052682234,0.6439579277384117,0.05814989879252487,success
399,-310.6618533933868,-2.232864197423405,-312.8947175908102,False,0.0,0.0,False,1600,-1.0,1.0,0.4744369089603424,0.9282704591751099,1.0,214.12464380264282,1.0,45.16065776348114,hard,0.0,0.0,0.009005383744895689,0.009056406527109125,0.9417699130219634,0.0,contact_alignment
400,-355.14801186043843,-2.253728039813905,-357.4017399002523,False,0.0,0.0,False,1600,-1.0,1.0,0.47403761744499207,0.9309310913085938,1.0,214.1322684288025,1.0,45.36275893449783,hard,0.0,0.0,0.010172301974501162,0.010195940372513932,1.0569626185148742,0.0,contact_alignment
401,4585.917333676917,499.1885535270938,5085.105887204011,True,0.0,0.0,False,299,-1.0,0.9871754050254822,0.4683389365673065,0.9446853399276733,1.0,240.61329126358032,1.0,44.479131400585175,hard,0.03612485628413559,0.03607766705605031,0.0006640967510872691,0.000708848781355449,0.6110750253880525,0.0,success
402,4352.242159377331,499.18686869683097,4851.429028074162,True,0.0,0.0,False,297,-1.0,0.5210016965866089,0.4663979709148407,0.9433649182319641,1.0,240.52811861038208,1.0,44.73018437623978,hard,0.03798717897996188,0.03788757320573352,0.00020369704596407106,0.0002113080104774679,0.5309610396456393,0.0,success
403,4396.394023887409,499.2041071310912,4895.598131018501,True,0.0,0.0,False,286,-1.0,0.9895676970481873,0.46564406156539917,0.9414198994636536,1.0,240.6173825263977,1.0,44.63666379451752,hard,0.03839544275850005,0.038272398511809524,0.0002808400226500095,0.00036975113679439485,0.6147867625952047,0.0,success
404,3220.59423191999,499.2231990723385,3719.8174309923284,True,0.0,0.0,False,228,-1.0,0.26226723194122314,0.46698543429374695,0.9412968754768372,1.0,240.75343251228333,1.0,44.76231127977371,hard,0.06473170586293805,0.06467223345018397,0.0004697028028941381,0.0005291891122892465,0.17790730443940778,0.0,success
405,4426.8378182922825,499.0251793106568,4925.86299760294,True,9.100826055220493,0.0,False,308,-1.0,0.3863643407821655,0.4656292200088501,0.9415625333786011,1.0,240.82929134368896,1.0,44.79452580213547,hard,0.03674080448428149,0.03672453832163512,0.00045304244869706764,0.0005364056053507523,0.5890884531383758,0.029548136542923677,success
406,4474.58031320365,499.1758221340017,4973.756135337651,True,0.0,0.0,False,300,-1.0,0.743618369102478,0.467257559299469,0.9424174427986145,1.0,240.80299258232117,1.0,44.61789667606354,hard,0.03658324903426104,0.03650679731633495,0.0003472368096178192,0.0003673179856401126,0.5965620415432865,0.0,success
407,-390.45682067251346,-2.258240414050518,-392.715061086564,False,0.0,0.0,False,1600,-1.0,1.0,0.4738607704639435,0.9259475469589233,1.0,214.93242025375366,1.0,45.598931312561035,hard,0.0,0.0,0.010994886931391917,0.01121132442006432,1.1169565608274092,0.0,contact_alignment
408,-201.1813444839205,-1.9941252751816956,-203.17546975910219,False,0.0,0.0,False,1600,-1.0,0.4647458791732788,0.46775323152542114,0.9406106472015381,1.0,213.07870626449585,1.0,44.99748647212982,hard,0.0,0.0,0.005868962035191631,0.005951024416060201,0.6367774837163251,0.0,contact_alignment
409,3716.858399198512,499.1092539598891,4215.967653158401,True,0.0,0.0,False,379,-1.0,1.0,0.46585777401924133,0.9431234002113342,1.0,241.21537327766418,1.0,45.024431347846985,hard,0.04490952886952414,0.044883202447603965,0.00036107111915945815,0.0005419114513525429,0.2710228222547378,0.0,success
410,-231.8964359401408,-2.0974848108452635,-233.99392075098606,False,0.0,0.0,False,1600,-1.0,1.0,0.4706546366214752,0.9337319135665894,1.0,213.68109822273254,1.0,45.34465312957764,hard,0.0,0.0,0.00646740442558874,0.006616972735229208,0.6864874898499921,0.0,contact_alignment
411,-428.75073475043206,-2.340071406028944,-431.090806156461,False,0.0,0.0,False,1600,-1.0,1.0,0.4767015278339386,0.9286442995071411,1.0,215.55285096168518,1.0,45.41146665811539,hard,0.0,0.0,0.012114531247405698,0.012172960020260928,1.2352499672749773,0.0,coarse_alignment
412,4306.284513518273,499.2005340909112,4805.485047609184,True,0.0,0.0,False,298,-1.0,0.9826474785804749,0.46618515253067017,0.9435409903526306,1.0,240.9103262424469,1.0,44.82551574707031,hard,0.038667854314059266,0.03858576364013383,0.0002528376862968338,0.0002739004196564301,0.5880165176444756,0.0,success
413,-397.1847134339415,-2.290901429642198,-399.4756148635837,False,0.0,0.0,False,1600,-1.0,1.0,0.4731060862541199,0.934037446975708,1.0,215.5929732322693,1.0,45.762246549129486,hard,0.0,0.0,0.011003668856800495,0.011371573643533688,1.0866507282144842,0.0,contact_alignment
414,-369.68113512100143,-2.224837508454337,-371.9059726294558,False,0.0,0.0,False,1600,-1.0,1.0,0.46954986453056335,0.931167721748352,1.0,214.95721578598022,1.0,45.45854717493057,hard,0.0,0.0,0.01040071512542264,0.010601466745325104,1.0540650139192438,0.0,contact_alignment
415,4370.43112802688,499.2215134025517,4869.652641429432,True,0.0,0.0,False,280,-1.0,0.9777282476425171,0.4635036587715149,0.9424243569374084,1.0,240.81866025924683,1.0,44.798604249954224,hard,0.03883242247761215,0.038752274259104116,0.0003545554808219143,0.0004243825239199697,0.5938855695702191,0.0,success
416,4469.577760923279,499.1898671439453,4968.767628067224,True,0.0,0.0,False,302,-1.0,1.0,0.4620954096317291,0.9436946511268616,1.0,241.07019543647766,1.0,44.54322665929794,hard,0.03646805122691904,0.03636305223905675,0.00011687669397552957,0.00011801835850125508,0.6641207207739864,0.0,success
417,-336.8716780459886,-2.1663353381290316,-339.0380133841176,False,0.0,0.0,False,1600,-1.0,1.0,0.4704548120498657,0.9315040111541748,1.0,214.47030901908875,1.0,45.53669273853302,hard,0.0,0.0,0.009455737071582976,0.009572518506925523,0.978878631617651,0.0,contact_alignment
418,4405.362301379112,498.7331787090288,4904.095480088141,True,15.562525740030713,0.0,False,297,-1.0,0.3719125986099243,0.46289822459220886,0.9436906576156616,1.0,241.09297633171082,1.0,44.223424196243286,hard,0.037369352429594244,0.0373220239675954,8.81211422140317e-05,8.886924159586046e-05,0.6525830552482461,0.052399076565759976,success
419,-264.87648831470335,-2.1346262811719523,-267.0111145958753,False,0.0,0.0,False,1600,-1.0,0.30744868516921997,0.4676205813884735,0.9352785348892212,1.0,213.39672446250916,1.0,45.07056266069412,hard,0.0,0.0,0.007599885537549138,0.007795175445894538,0.8142667203451293,0.0,contact_alignment
420,4386.008959973044,499.18681722253166,4885.195777195575,True,0.0,0.0,False,300,-1.0,0.43386584520339966,0.4596227705478668,0.9444550275802612,1.0,241.11273527145386,1.0,45.23379027843475,hard,0.03746269687648283,0.03736385316794333,0.00042446903193587334,0.0004341621149144562,0.677975947111321,0.0,success
421,-280.1519412578342,-2.164588651280912,-282.3165299091151,False,0.0,0.0,False,1600,-1.0,0.8869966268539429,0.4677475094795227,0.9391053915023804,1.0,212.85452365875244,1.0,45.28331786394119,hard,0.0,0.0,0.007769799429813526,0.007922625842600211,0.8306827368276334,0.0,contact_alignment
422,-243.26339000889286,-2.060852179485243,-245.3242421883781,False,0.0,0.0,False,1600,-1.0,1.0,0.46653878688812256,0.9359955191612244,1.0,212.47594237327576,1.0,45.27205467224121,hard,0.0,0.0,0.0069436942954711105,0.007183286723683669,0.7092751791014478,0.0,contact_alignment
423,-219.1335812867449,-2.077535279253227,-221.21111656599814,False,0.0,0.0,False,1600,-1.0,0.5604861974716187,0.4676792621612549,0.9405778646469116,1.0,213.42103958129883,1.0,45.08317559957504,hard,0.0,0.0,0.006176977238774944,0.006296430652948869,0.6671297662028481,0.0,contact_alignment
424,-324.1834419212572,-2.2411103200205997,-326.4245522412778,False,0.0,0.0,False,1600,-1.0,1.0,0.4713558554649353,0.9325622916221619,1.0,214.23100113868713,1.0,45.42774498462677,hard,0.0,0.0,0.009219050537665287,0.009481828956044023,0.9418859902427439,0.0,contact_alignment
425,4348.786986579278,499.19617164586305,4847.983158225141,True,0.0,0.0,False,309,-1.0,0.7124384045600891,0.4637225568294525,0.9428545832633972,1.0,241.32540345191956,1.0,45.32956808805466,hard,0.03716628594649541,0.037127588217706425,0.0006877005195709467,0.0007565448487176752,0.5907954421781131,0.0,success
426,3239.6920654418827,499.16192285259524,3738.853988294478,True,0.0,0.0,False,306,-1.0,1.0,0.46314483880996704,0.9434059858322144,1.0,241.28359198570251,1.0,45.77270865440369,hard,0.0530655653033958,0.05305585219807736,0.000547751629767443,0.0006084579199921373,0.38010545611137675,0.0,success
427,3271.8449136364998,499.1741283043186,3771.019041940818,True,0.0,0.0,False,295,-1.0,1.0,0.4612443447113037,0.9430991411209106,1.0,241.33883953094482,1.0,45.52816450595856,hard,0.05271814252976656,0.05269891066030066,0.0006944085285204024,0.0008323309714172067,0.31213044982719357,0.0,success
428,3704.5526373326634,499.1417449809665,4203.69438231363,True,0.0,0.0,False,369,-1.0,1.0,0.46060678362846375,0.9440350532531738,1.0,241.3760793209076,1.0,45.139867067337036,hard,0.04511471939796958,0.04507824206157396,0.00031229774000747577,0.0005954872652739736,0.22558486314898724,0.0,success
429,-314.309444012184,-2.202566466422099,-316.5120104786061,False,0.0,0.0,False,1600,-1.0,1.0,0.47229915857315063,0.9323620200157166,1.0,214.65333104133606,1.0,45.13526290655136,hard,0.0,0.0,0.009040054319968136,0.00912776766833251,0.9202492727324209,0.0,contact_alignment
430,4382.562968353339,498.70017557031264,4881.263143923651,True,16.055644057182832,0.0,False,300,-1.0,0.3352201581001282,0.4628658890724182,0.9448980689048767,1.0,241.3874077796936,1.0,44.06808018684387,hard,0.037628546332011716,0.03762647765526993,0.00024737859340762526,0.00035055358600926447,0.5862653727978888,0.05351881352394277,success
431,4397.360158943387,499.2320001723229,4896.59215911571,True,0.0,0.0,False,283,-1.0,0.2931930720806122,0.4623512923717499,0.9442328214645386,1.0,241.2701404094696,1.0,44.39178168773651,hard,0.039012513450646,0.0389602692625968,0.00038890358101925095,0.0005415421192723472,0.5126729470955134,0.0,success
432,-298.31183925813446,-2.1194801096442735,-300.4313193677787,False,0.0,0.0,False,1600,-1.0,1.0,0.46981972455978394,0.933868408203125,1.0,213.97774577140808,1.0,45.07574260234833,hard,0.0,0.0,0.008812825946563518,0.009044540409281881,0.885295572238235,0.0,contact_alignment
433,-307.75492861386317,-2.207134111337978,-309.9620627252011,False,0.0,0.0,False,1600,-1.0,1.0,0.4688982665538788,0.9320741295814514,1.0,213.6215579509735,1.0,45.215546786785126,hard,0.0,0.0,0.008914855044464286,0.008975200592292912,0.8982424352269293,0.0,contact_alignment
434,-348.5886047303809,-2.2216914131849457,-350.81029614356584,False,0.0,0.0,False,1600,-1.0,1.0,0.4693032503128052,0.9376360774040222,1.0,213.79974484443665,1.0,45.17057120800018,hard,0.0,0.0,0.01003688637839436,0.010287687088976165,1.0418643536610153,0.0,contact_alignment
435,4296.564067477031,499.20153631115517,4795.765603788186,True,0.0,0.0,False,299,-1.0,0.6835862398147583,0.46121588349342346,0.944902241230011,1.0,241.24494194984436,1.0,45.095634162425995,hard,0.03874542424283134,0.03867675946340596,0.00037308845226369556,0.0004033976995494583,0.5414755578375932,0.0,success
436,-371.04323833240164,-2.3041496171205775,-373.3473879495222,False,0.0,0.0,False,1600,-1.0,1.0,0.4681505262851715,0.9342659711837769,1.0,215.50016045570374,1.0,45.442425310611725,hard,0.0,0.0,0.0103793462915759,0.0104166289868699,1.0404717607070086,0.0,contact_alignment
437,4429.814356872103,499.22819185455677,4929.04254872666,True,0.0,0.0,False,285,-1.0,0.2737802565097809,0.4618242681026459,0.9457262754440308,1.0,241.36332511901855,1.0,44.15270537137985,hard,0.03846389438684916,0.03844027356233873,0.00033646449909958856,0.0005154651445700968,0.5170981070803213,0.0,success
438,-299.21539637508585,-2.178365516799931,-301.3937618918858,False,0.0,0.0,False,1600,-1.0,0.35512423515319824,0.4702198803424835,0.9419068694114685,1.0,213.01098346710205,1.0,45.091297030448914,hard,0.0,0.0,0.008788198874042662,0.00888556694159199,0.9160014197102089,0.0,contact_alignment
439,-211.44469865936452,-2.086410321872136,-213.53110898123666,False,0.0,0.0,False,1600,-1.0,0.5610278844833374,0.46862056851387024,0.9367338418960571,1.0,213.56570601463318,1.0,45.09717583656311,hard,0.0,0.0,0.005834713225408559,0.0060578027220340325,0.6462707174809078,0.0,contact_alignment
440,5525.261064563581,498.5602579423668,6023.821322505948,True,17.571240806727833,0.0,False,342,-1.0,0.2239658236503601,0.46521347761154175,0.9449716210365295,1.0,241.29247188568115,1.0,44.63264584541321,hard,0.037934692758580316,0.037888406344473824,0.0008683123283197401,0.0009372527578576233,0.21895077385378484,0.051377897095695416,success
441,-218.32026979619485,-2.02477893304231,-220.34504872923716,False,0.0,0.0,False,1600,-1.0,0.9690023064613342,0.47075745463371277,0.9383310079574585,1.0,211.84779405593872,1.0,45.02032995223999,hard,0.0,0.0,0.006597334785783955,0.00691730876430465,0.6532111634128696,0.0,contact_alignment
442,-380.8832840120714,-2.299530923486551,-383.18281493555793,False,0.0,0.0,False,1600,-1.0,1.0,0.4747682809829712,0.9299691915512085,1.0,215.20797610282898,1.0,45.57814687490463,hard,0.0,0.0,0.010869920054736748,0.010936852772395996,1.1145497581749872,0.0,contact_alignment
443,3289.179626953247,499.1634391565118,3788.3430661097586,True,0.0,0.0,False,301,-1.0,1.0,0.46555665135383606,0.9442551732063293,1.0,241.19896173477173,1.0,45.7085382938385,hard,0.05227699802245438,0.05225311266899729,0.00041890772368505377,0.0005588024601233233,0.331677757623686,0.0,success
444,-271.68038778981315,-2.142427066693598,-273.82281485650674,False,0.0,0.0,False,1600,-1.0,0.24204188585281372,0.47170931100845337,0.93439781665802,1.0,212.89371609687805,1.0,45.04191756248474,hard,0.0,0.0,0.007956324509500758,0.008131032335522662,0.8304899959618494,0.0,contact_alignment
445,-225.87534317089364,-2.0347337418075977,-227.91007691270124,False,0.0,0.0,False,1600,-1.0,0.05209494009613991,0.47133493423461914,0.9406561255455017,1.0,212.9911470413208,1.0,45.11438876390457,hard,0.0,0.0,0.006512363268054424,0.006738681535290273,0.6829464193157273,0.0,contact_alignment
446,4531.8123805546165,499.195845472871,5031.008226027488,True,0.0,0.0,False,295,-1.0,0.26785004138946533,0.46748825907707214,0.944939136505127,1.0,241.40488862991333,1.0,44.53392446041107,hard,0.0363018034722512,0.036285966871189554,0.000136142328977685,0.00015326982850786194,0.6073117133612391,0.0,success
447,-343.3614064684527,-2.3090837477611226,-345.6704902162138,False,0.0,0.0,False,1600,-1.0,1.0,0.4723576605319977,0.9359536170959473,1.0,213.24991941452026,1.0,45.219120383262634,hard,0.0,0.0,0.009814315597339217,0.009917949696533607,1.0335709938837563,0.0,contact_alignment
448,4457.461665740957,499.19703569087557,4956.658701431833,True,0.0,0.0,False,301,-1.0,0.3546146750450134,0.46889978647232056,0.9444263577461243,1.0,241.37084126472473,1.0,44.95938062667847,hard,0.03655444191974838,0.03651009500949497,9.849924004753181e-05,0.00011577176410762282,0.6077635996116165,0.0,success
449,3980.038939190788,499.21901626450676,4479.257955455295,True,0.0,0.0,False,251,-1.0,0.23097002506256104,0.47143658995628357,0.9440191984176636,1.0,241.459299325943,1.0,45.313471257686615,hard,0.04739410687924543,0.0472248504016944,0.000755750042769615,0.0009450199344507485,0.5558996144482532,0.0,success
450,-317.10935442756653,-2.20420286514741,-319.31355729271394,False,0.0,0.0,False,1600,-1.0,1.0,0.47145968675613403,0.9346472024917603,1.0,213.2839822769165,1.0,45.029636323451996,hard,0.0,0.0,0.008984764488829336,0.00905354419506392,0.922299061272522,0.0,contact_alignment
451,4429.700172985564,499.18303969423357,4928.883212679797,True,0.0,0.0,False,307,-1.0,0.4015447795391083,0.47172239422798157,0.943204402923584,1.0,241.43190026283264,1.0,45.05081295967102,hard,0.03638986750502616,0.03635770579911554,0.0006617558741211918,0.0007126680250092644,0.623336487238583,0.0,success
452,5146.482589031938,486.9998894634069,5633.482478495345,True,77.92267057636487,0.0,False,352,-1.0,0.4830125868320465,0.4709952473640442,0.9422815442085266,1.0,241.4969265460968,1.0,45.24646580219269,hard,0.037050014900148365,0.036989001103308564,0.0008821461977596931,0.0009667749248997938,0.44181380862107045,0.22137122322830927,success
453,5736.457104201499,499.1783782575501,6235.635482459049,True,0.0,0.0,False,325,-1.0,1.0,0.47038426995277405,0.9429957270622253,1.0,241.40854597091675,1.0,45.483612418174744,hard,0.0390955626848498,0.03904837999263602,0.00028195236968668125,0.0004639768330610002,0.08294391392437157,0.0,success
454,-234.85429756798436,-2.084952479136619,-236.939250047121,False,0.0,0.0,False,1600,-1.0,0.6577824354171753,0.47131893038749695,0.9358646869659424,1.0,214.54994916915894,1.0,45.135667622089386,hard,0.0,0.0,0.006846337379647743,0.006921792414952695,0.7312840075111026,0.0,contact_alignment
455,4392.9009521215985,499.20004347870514,4892.100995600304,True,0.0,0.0,False,296,-1.0,0.9880392551422119,0.4751838743686676,0.9413398504257202,1.0,241.3221800327301,1.0,44.52946424484253,hard,0.03773492682077603,0.03772099110911775,0.00026919784250614633,0.00027134094347573554,0.568428732228782,0.0,success
456,-380.82116354636264,-2.275378026095918,-383.09654157245853,False,0.0,0.0,False,1600,-1.0,1.0,0.4733666479587555,0.932361900806427,1.0,214.59919929504395,1.0,45.47791510820389,hard,0.0,0.0,0.010800360805241622,0.010897573267316591,1.0671049057023758,0.0,contact_alignment
457,-474.1280702120748,-2.338231415819915,-476.4663016278947,False,0.0,0.0,False,1600,-1.0,1.0,0.47466418147087097,0.9385751485824585,1.0,214.39579844474792,1.0,45.777544379234314,hard,0.0,0.0,0.013461492557611372,0.01348899886357719,1.3426432063319236,0.0,coarse_alignment
458,4409.1805307350305,499.22222929986594,4908.402760034896,True,0.0,0.0,False,288,-1.0,0.29353615641593933,0.4719752073287964,0.9430974125862122,1.0,241.53018355369568,1.0,44.35367166996002,hard,0.0380311613508334,0.03802928571277436,0.0003533665609421411,0.00044497155742805625,0.5100380736370274,0.0,success
459,-261.75639188572217,-2.082510101607191,-263.83890198732934,False,0.0,0.0,False,1600,-1.0,1.0,0.47162431478500366,0.9309496879577637,1.0,213.13899040222168,1.0,44.97570276260376,hard,0.0,0.0,0.007723901420014145,0.007835143723158607,0.7872713739909292,0.0,contact_alignment
460,2946.40835817262,499.2203842449184,3445.6287424175384,True,0.0,0.0,False,245,-1.0,0.8025810122489929,0.47383010387420654,0.9412834048271179,1.0,241.39692306518555,1.0,44.713132083415985,hard,0.06027559971969508,0.06021962172462428,0.0004487705558570979,0.0004812628487729742,0.40089948276440546,0.0,success
461,-397.5443913340115,-2.3365381126188,-399.8809294466303,False,0.0,0.0,False,1600,-1.0,1.0,0.4761665463447571,0.9345018267631531,1.0,213.81787657737732,1.0,45.834676027297974,hard,0.0,0.0,0.011299826474499598,0.011411646492223568,1.1141485563972056,0.0,contact_alignment
462,-322.4486858911837,-2.193229408704088,-324.6419152998878,False,0.0,0.0,False,1600,-1.0,1.0,0.4728336036205292,0.9261921644210815,1.0,213.38632583618164,1.0,45.48639953136444,hard,0.0,0.0,0.009267035847216047,0.00931606075139238,0.9105084155121062,0.0,contact_alignment
463,-347.2450705821599,-2.2082509146996046,-349.4533214968595,False,0.0,0.0,False,1600,-1.0,1.0,0.46964526176452637,0.9293709993362427,1.0,214.55089449882507,1.0,45.18620282411575,hard,0.0,0.0,0.010157387574011434,0.010433368588958554,0.9735279624436639,0.0,contact_alignment
464,2614.9851338017666,499.21273567177116,3114.1978694735376,True,0.0,0.0,False,240,-1.0,0.4298684597015381,0.47546887397766113,0.9433897733688354,1.0,241.39741897583008,1.0,45.309002697467804,hard,0.06508232480687186,0.06503400218635905,0.0005167536465671507,0.0005168881934996748,0.4183853634342622,0.0,success
465,-266.6644672457645,-2.148977173869145,-268.81344441963364,False,0.0,0.0,False,1600,-1.0,0.7981735467910767,0.47345343232154846,0.9323793053627014,1.0,213.34144592285156,1.0,45.282208025455475,hard,0.0,0.0,0.007886632631914862,0.00797265021790535,0.7664381966544991,0.0,contact_alignment
466,4430.90033227296,499.2158604503078,4930.116192723268,True,0.0,0.0,False,288,-1.0,1.0,0.472784161567688,0.9437550902366638,1.0,241.42768502235413,1.0,44.53350096940994,hard,0.03722826005278816,0.03721035260491046,0.00019438782651483245,0.00021817808180208602,0.540259556599662,0.0,success
467,-346.1452110601243,-2.282349453492295,-348.42756051361664,False,0.0,0.0,False,1600,-1.0,1.0,0.47317230701446533,0.936586856842041,1.0,214.47937488555908,1.0,45.211186707019806,hard,0.0,0.0,0.010013732554672803,0.010286207865717307,0.9868402302935444,0.0,contact_alignment
468,4467.894155909352,499.1798726281419,4967.074028537494,True,0.0,0.0,False,316,-1.0,0.39899498224258423,0.47297000885009766,0.9432802200317383,1.0,241.5131676197052,1.0,45.27526527643204,hard,0.036249091877967196,0.03618261968339939,0.0006472383757040881,0.0006648278266768283,0.5548017572302874,0.0,success
469,-265.99888444020803,-2.133768199256466,-268.1326526394645,False,0.0,0.0,False,1600,-1.0,0.16151563823223114,0.47144490480422974,0.9399087429046631,1.0,213.12403559684753,1.0,44.977784752845764,hard,0.0,0.0,0.007940638479970088,0.00795900151694348,0.8061426960699185,0.0,contact_alignment
470,-239.1333582637185,-2.0804035605026967,-241.2137618242212,False,0.0,0.0,False,1600,-1.0,0.799308180809021,0.46995678544044495,0.9322706460952759,1.0,213.1497299671173,1.0,45.05820631980896,hard,0.0,0.0,0.006995740231135003,0.007043268713987839,0.7091525772195483,0.0,contact_alignment
471,-386.22390219099503,-2.3477115245012747,-388.5716137154963,False,0.0,0.0,False,1600,-1.0,1.0,0.4726422131061554,0.932809591293335,1.0,214.94250893592834,1.0,45.61607122421265,hard,0.0,0.0,0.011084825763103745,0.011470010093429465,1.0776549239419,0.0,contact_alignment
472,4509.698683026716,498.08830903228005,5007.7869920589965,True,23.481911546845495,0.0,False,300,-1.0,0.33936765789985657,0.4728333652019501,0.9427872896194458,1.0,241.64746642112732,1.0,44.6868234872818,hard,0.03595346846426334,0.03593522962497442,0.00047504957749035584,0.0005212240925609808,0.5677630780388307,0.07827303848948498,success
473,-221.04015935046527,-2.080611558292163,-223.12077090875744,False,0.0,0.0,False,1600,-1.0,0.6284293532371521,0.4696038067340851,0.9350168108940125,1.0,213.32926511764526,1.0,45.308687686920166,hard,0.0,0.0,0.0065699401127923985,0.006697422972150334,0.6506757949291764,0.0,contact_alignment
474,4328.220531399429,499.1931194666475,4827.413650866077,True,0.0,0.0,False,297,-1.0,0.3778935968875885,0.47297242283821106,0.9429965019226074,1.0,241.64069414138794,1.0,44.74137872457504,hard,0.03802711949981252,0.03793016083936185,0.0003667304945720358,0.0003807287094712787,0.5200637529539791,0.0,success
475,-222.31814475914985,-2.0097636234149308,-224.32790838256477,False,0.0,0.0,False,1600,-1.0,0.051134802401065826,0.4677697718143463,0.9380496144294739,1.0,212.55922436714172,1.0,44.836019575595856,hard,0.0,0.0,0.006583688087063534,0.006782318152581714,0.668862367700461,0.0,contact_alignment
476,4647.096855998948,497.7432943716606,5144.840150370608,True,27.13343547976039,0.0,False,291,-1.0,0.2201225310564041,0.4746221601963043,0.9417551159858704,1.0,241.5722894668579,1.0,44.514702558517456,hard,0.0357991863139174,0.03576642355791823,0.0006939186865480842,0.0007518557013415424,0.5502922151214352,0.09324204632220065,success
477,-317.2142188606243,-2.196402567080635,-319.41062142770494,False,0.0,0.0,False,1600,-1.0,1.0,0.4738611876964569,0.9299143552780151,1.0,213.37378859519958,1.0,45.56850880384445,hard,0.0,0.0,0.009004017057986896,0.009243481017964095,0.8861188579767185,0.0,contact_alignment
478,-189.72395748005323,-2.09283702985472,-191.81679450990794,False,0.0,0.0,False,1600,-1.0,0.31210899353027344,0.471000611782074,0.9353246092796326,1.0,212.68726229667664,1.0,45.1715287566185,hard,0.0,0.0,0.005642533306220462,0.005944393694574583,0.5457974268955268,0.0,contact_alignment
479,-257.88133106272227,-2.1492406150454633,-260.03057167776774,False,0.0,0.0,False,1600,-1.0,0.4706241488456726,0.47319576144218445,0.9291422963142395,1.0,214.22943592071533,1.0,45.3036704659462,hard,0.0,0.0,0.007609630479139408,0.007680481315087703,0.7522633309770067,0.0,contact_alignment
480,-354.71179600403156,-2.294557965163281,-357.00635396919483,False,0.0,0.0,False,1600,-1.0,1.0,0.47236305475234985,0.9321505427360535,1.0,213.80540132522583,1.0,45.51577270030975,hard,0.0,0.0,0.01016515285589794,0.010408298292742485,0.9830619744119007,0.0,contact_alignment
481,4176.528837977945,499.19231161097656,4675.721149588921,True,0.0,0.0,False,292,-1.0,0.9708935022354126,0.47228121757507324,0.94297194480896,1.0,241.68179273605347,1.0,44.93770331144333,hard,0.03972772767670678,0.03970237885667863,0.00044070495459058994,0.00044101670087567235,0.5147404744479501,0.0,success
482,-207.23376760269113,-2.0440869811718834,-209.27785458386302,False,0.0,0.0,False,1600,-1.0,1.0,0.4668186902999878,0.9311922788619995,1.0,213.156099319458,1.0,45.05663752555847,hard,0.0,0.0,0.006130457208659055,0.006239173039049768,0.5688605462909575,0.0,contact_alignment
483,3282.352131087684,499.17066439808707,3781.522795485771,True,0.0,0.0,False,295,-1.0,1.0,0.4725393056869507,0.939541220664978,1.0,241.64856672286987,1.0,45.62723636627197,hard,0.05273632606983563,0.05266832963110386,0.0005455530021895056,0.0006557210560428058,0.38258403600426116,0.0,success
484,-419.05052583068255,-2.352638449474686,-421.4031642801572,False,0.0,0.0,False,1600,-1.0,1.0,0.47500598430633545,0.9364595413208008,1.0,215.57257890701294,1.0,45.9078773856163,hard,0.0,0.0,0.011954948530491734,0.011987700303891692,1.117489263537222,0.0,contact_alignment
485,-270.17798232554156,-2.189657451384326,-272.3676397769259,False,0.0,0.0,False,1600,-1.0,0.29429057240486145,0.47172778844833374,0.937705397605896,1.0,213.5338282585144,1.0,45.31064450740814,hard,0.0,0.0,0.007882552475059687,0.008122816317459933,0.7879744403390844,0.0,contact_alignment
486,4359.840186495284,499.19826745207064,4859.038453947354,True,0.0,0.0,False,283,-1.0,0.9871664643287659,0.46962717175483704,0.9411969184875488,1.0,241.76406741142273,1.0,44.40834790468216,hard,0.03845213575259486,0.0384384373848993,0.00024837367918125396,0.0002629918961820357,0.5687710706970549,0.0,success
487,3635.4212272497966,499.19925022429936,4134.620477474096,True,0.0,0.0,False,280,-1.0,0.9374051690101624,0.4658028483390808,0.9405859708786011,1.0,241.7575740814209,1.0,45.50324320793152,hard,0.046694698318512654,0.04654465596038948,0.0009067593438375547,0.0009863869055299957,0.381607567859093,0.0,success
488,-259.4485230220989,-2.1265576607208354,-261.57508068281976,False,0.0,0.0,False,1600,-1.0,0.5668119192123413,0.47038698196411133,0.9321252107620239,1.0,213.04495334625244,1.0,45.02744793891907,hard,0.0,0.0,0.0075619816876513245,0.007639014622390119,0.7590787991848998,0.0,contact_alignment
489,-246.5599814636676,-2.125195807013592,-248.6851772706812,False,0.0,0.0,False,1600,-1.0,1.0,0.4699523150920868,0.9350385665893555,1.0,213.22123408317566,1.0,44.99353110790253,hard,0.0,0.0,0.007346319925081512,0.007390695698008077,0.7150525979503591,0.0,contact_alignment
490,-404.28657993151086,-2.3313902013033574,-406.6179701328142,False,0.0,0.0,False,1600,-1.0,1.0,0.4735361933708191,0.9306667447090149,1.0,214.6912682056427,1.0,45.496079325675964,hard,0.0,0.0,0.011629176383060779,0.011876625717553723,1.1016761489884073,0.0,contact_alignment
491,-241.21076745398733,-2.0807896212825616,-243.29155707526988,False,0.0,0.0,False,1600,-1.0,0.9404109716415405,0.4671785235404968,0.9336285591125488,1.0,213.00208806991577,1.0,45.00080555677414,hard,0.0,0.0,0.0072348779531139565,0.007328934138010128,0.684486136047248,0.0,contact_alignment
492,4386.076516972441,499.20750175536597,4885.284018727807,True,0.0,0.0,False,292,-1.0,0.9678810238838196,0.46356070041656494,0.9418810606002808,1.0,241.7745280265808,1.0,44.62028741836548,hard,0.0385826805851821,0.03853615147600026,0.00039135544189664565,0.0004449879459505582,0.5086959207423309,0.0,success
493,3994.6644823408033,499.2567839462064,4493.9212662870095,True,0.0,0.0,False,236,-1.0,1.0,0.46539515256881714,0.9410468339920044,1.0,241.73050045967102,1.0,44.49179232120514,hard,0.04720807835705518,0.04718318558350862,0.0007166343890992008,0.0009232067748917999,0.18791410088150481,0.0,success
494,-257.98118774620133,-2.2030133327597676,-260.1842010789611,False,0.0,0.0,False,1600,-1.0,1.0,0.46949586272239685,0.9340994358062744,1.0,214.60567712783813,1.0,45.44929921627045,hard,0.0,0.0,0.00744220516588714,0.007818424186457144,0.7254562114366393,0.0,contact_alignment
495,4411.89495871552,499.17865770804065,4911.07361642356,True,4.012454071473863,0.0,False,291,-1.0,1.0,0.4644950032234192,0.9427481293678284,1.0,241.80504202842712,1.0,44.31163966655731,hard,0.037521321807826885,0.03752111261900269,0.0001631779334649762,0.00016580672595768595,0.6359251451458586,0.013788501963827708,success
496,-257.3074722488143,-2.180251264960434,-259.4877235137747,False,0.0,0.0,False,1600,-1.0,1.0,0.4698881506919861,0.9305044412612915,1.0,213.91563296318054,1.0,45.30048489570618,hard,0.0,0.0,0.0072673395701365615,0.007578962388109491,0.7284420800889215,0.0,contact_alignment
497,4246.462621310481,499.2122121770795,4745.674833487561,True,0.0,0.0,False,286,-1.0,0.9806474447250366,0.4658649265766144,0.9406547546386719,1.0,241.76437735557556,1.0,44.608202278614044,hard,0.04008302810297466,0.040048875898363645,0.00021234153070677869,0.0003312383502194338,0.47554960287837833,0.0,success
498,4497.818842885842,498.9182204440432,4996.737063329885,True,11.924402167398553,0.0,False,312,-1.0,0.3771998882293701,0.4653737246990204,0.9433541297912598,1.0,241.74689650535583,1.0,44.77571487426758,hard,0.0365412380201558,0.036369401649667094,0.0006540119439988484,0.0007031969377825277,0.5252777316688432,0.038219237716021,success
499,4473.014213051962,499.20197267277314,4972.216185724735,True,0.0,0.0,False,294,-1.0,0.3062908947467804,0.4665862023830414,0.9424858689308167,1.0,241.72950863838196,1.0,44.80871379375458,hard,0.037285408329907614,0.03726416467557582,0.0003704049112740941,0.0003819007409577936,0.5063711286344486,0.0,success
