episode,reward_agent1,reward_agent2,reward_total,success,peak_force_N,peak_torque_Nm,jamming,steps,action1_min,action1_max,action2_min,action2_max,kp_min,kp_max,kd_min,kd_max,curriculum,mean_depth_m,min_depth_m,mean_lateral_error_m,max_lateral_error_m,orientation_error_deg,mean_force_all_steps_N,failure_reason
0,3445.165106040001,499.1913346765572,3944.356440716558,True,0.0,0.0,False,215,-1.0,1.0,0.47961264848709106,0.9176309108734131,1.0,234.49759721755981,1.0,45.226271748542786,easy,0.057410013778568275,0.05732946869762681,0.0007063360462351146,0.000793174089273341,0.1264625635699384,0.0,success
1,2792.816203813618,492.4527965261022,3285.26900033972,True,58.096852343171555,0.0,False,195,-1.0,0.7025225162506104,0.4854680001735687,0.9183815717697144,1.0,233.17584037780762,1.0,45.2711096405983,easy,0.07524639376975471,0.07522649153671232,0.000704769013707603,0.0008398305509265945,1.0868251907306232,0.2979325761188285,success
2,1593.612258311468,499.2353081241204,2092.8475664355883,True,0.0,0.0,False,163,-1.0,0.43646296858787537,0.4811496436595917,0.9234303832054138,1.0,233.3627986907959,1.0,45.2151295542717,easy,0.0721011775670818,0.07192961280931708,0.0007784636586290765,0.0008111113055937822,1.2470325236763133,0.0,success
3,-249.30315513179553,-2.330531765715591,-251.63368689751113,False,0.0,0.0,False,1600,-1.0,0.38448232412338257,0.47730427980422974,0.9214687943458557,1.0,214.96970653533936,1.0,45.4582217335701,easy,0.0,0.0,0.007446956622395156,0.00751180669781958,0.7717309882091372,0.0,contact_alignment
4,-281.396312813446,-2.3586746707144273,-283.75498748416044,False,0.0,0.0,False,1600,-1.0,0.5241159200668335,0.4774165153503418,0.9203193783760071,1.0,215.49219489097595,1.0,45.440324544906616,easy,0.0,0.0,0.00832379216336505,0.008424582483248084,0.8828725521950952,0.0,contact_alignment
5,-257.67404556338704,-2.365367567124654,-260.0394131305117,False,0.0,0.0,False,1600,-1.0,0.4596540927886963,0.4776396155357361,0.9198912978172302,1.0,216.14383697509766,1.0,45.35991132259369,easy,0.0,0.0,0.007661033290953261,0.00771239398682945,0.7991731673877992,0.0,contact_alignment
6,-260.93067860303734,-2.3273116750610745,-263.2579902780984,False,0.0,0.0,False,1600,-1.0,0.74370938539505,0.4776606559753418,0.921206533908844,1.0,214.85891699790955,1.0,45.5438232421875,easy,0.0,0.0,0.007746163892879443,0.007884192253303363,0.8014744627283776,0.0,contact_alignment
7,4066.948720901393,499.1523443381412,4566.101065239534,True,0.0,0.0,False,237,-1.0,0.9997252821922302,0.47623178362846375,0.9155140519142151,1.0,233.64859819412231,1.0,45.35189628601074,easy,0.046751750837837794,0.04650880605228333,0.00031254555884300064,0.0003249491682087123,0.5892149324069431,0.0,success
8,2462.6109205777293,499.2233812958256,2961.834301873555,True,0.0,0.0,False,186,-1.0,0.5767225027084351,0.48261240124702454,0.9237902164459229,1.0,233.68363738059998,1.0,45.36126106977463,easy,0.07498427880917505,0.07491959390436931,0.0008281576887593223,0.000931811960818862,1.129824696164397,0.0,success
9,-237.62400549310462,-2.350261754357282,-239.9742672474619,False,0.0,0.0,False,1600,-1.0,0.28642499446868896,0.4777534008026123,0.9249578714370728,1.0,215.68167924880981,1.0,45.46698570251465,easy,0.0,0.0,0.007095489183219297,0.007173302998501099,0.7466428009958704,0.0,contact_alignment
10,-239.95947173906805,-2.3691718622815707,-242.32864360134963,False,0.0,0.0,False,1600,-1.0,0.5823333263397217,0.477058082818985,0.9240444898605347,1.0,215.9827744960785,1.0,45.46181619167328,easy,0.0,0.0,0.007148791561134768,0.007245166186011875,0.7428953364547572,0.0,contact_alignment
11,3157.8833601558217,499.193739999658,3657.07710015548,True,0.0,0.0,False,205,-1.0,0.9881593585014343,0.48176848888397217,0.9172747135162354,1.0,233.7709641456604,1.0,45.21062970161438,easy,0.06576656143906565,0.06570352999726867,0.0005898285521873476,0.0007461509069820712,0.5086258966714713,0.0,success
12,-235.26167452753293,-2.3170047131397977,-237.57867924067273,False,0.0,0.0,False,1600,-1.0,0.45615825057029724,0.4778490364551544,0.9220969080924988,1.0,214.83691096305847,1.0,45.436811447143555,easy,0.0,0.0,0.007026965314107925,0.007166297932692588,0.7480791668503384,0.0,contact_alignment
13,2926.575737716921,499.203477073138,3425.779214790059,True,0.0,0.0,False,199,-1.0,1.0,0.48377642035484314,0.924611508846283,1.0,233.81200075149536,1.0,45.3674840927124,easy,0.06733682317204176,0.06726841875304398,0.0006151131047784452,0.0007442652026828128,0.6554276021601136,0.0,success
14,3397.135095167279,499.1827603160202,3896.3178554832994,True,0.0,0.0,False,213,-1.0,1.0,0.48293545842170715,0.9206529855728149,1.0,234.8050618171692,1.0,45.18162161111832,easy,0.05941076018332213,0.05936063231805344,0.0008331949373040434,0.0008993628466180616,0.1894323468613431,0.0,success
15,1778.4277556944235,499.233686066599,2277.6614417610226,True,0.0,0.0,False,169,-1.0,0.25987714529037476,0.48314914107322693,0.9243461489677429,1.0,235.9498405456543,1.0,45.32913416624069,easy,0.07903694894080551,0.07897177420971747,0.0003439390799236469,0.0003828752382434215,1.83226086141994,0.0,success
16,3313.971604358374,499.1899606074202,3813.1615649657942,True,0.0,0.0,False,209,-1.0,1.0,0.4801042377948761,0.9179300665855408,1.0,234.8229455947876,1.0,45.33783555030823,easy,0.0642519500499088,0.06405427626890112,0.0008533096043342099,0.0008831027567829464,0.39596941452976603,0.0,success
17,-247.87127794248136,-2.331583342894766,-250.20286128537612,False,0.0,0.0,False,1600,-1.0,0.46172890067100525,0.48087555170059204,0.9243649244308472,1.0,215.66540718078613,1.0,45.377937853336334,easy,0.0,0.0,0.007374093817701278,0.007374301201716945,0.7801008034685482,0.0,contact_alignment
18,3240.3463166309084,499.1928547509288,3739.539171381837,True,0.0,0.0,False,207,-1.0,0.9942619204521179,0.48505622148513794,0.9278113842010498,1.0,236.30263447761536,1.0,45.33763736486435,easy,0.0645501676468262,0.06439424813805178,0.0005902510386317911,0.0007821275046278726,0.47978519014313803,0.0,success
19,2899.0125211140466,499.20298716074325,3398.21550827479,True,0.0,0.0,False,198,-1.0,0.33334413170814514,0.48415607213974,0.9187779426574707,1.0,235.18237233161926,1.0,45.29377371072769,easy,0.07363805263384783,0.07363356979083244,0.0005049637319823374,0.0006655528709561213,0.9278608331513108,0.0,success
20,-219.0353244499882,-2.3484528013521477,-221.38377725134035,False,0.0,0.0,False,1600,-1.0,0.40104082226753235,0.47793248295783997,0.9215981364250183,1.0,215.93309044837952,1.0,45.45563906431198,easy,0.0,0.0,0.006531678548705578,0.006569137583458444,0.6983322938755613,0.0,contact_alignment
21,3707.3806008533097,499.16630799779057,4206.5469088511,True,0.0,0.0,False,226,-1.0,0.19555890560150146,0.4869960844516754,0.9213667511940002,1.0,234.9646520614624,1.0,45.38351833820343,easy,0.05594304074659949,0.05565529044147932,0.0003336244844996751,0.0005436789597019801,0.32746170055696405,0.0,success
22,-271.21246563109366,-2.3443427997340227,-273.5568084308277,False,0.0,0.0,False,1600,-1.0,0.593722403049469,0.4793521761894226,0.9234542846679688,1.0,215.9834098815918,1.0,45.47426849603653,easy,0.0,0.0,0.007948235590744621,0.007998710629315533,0.8492186118962692,0.0,contact_alignment
23,-240.79356653519426,-2.3281191096012512,-243.12168564479552,False,0.0,0.0,False,1600,-1.0,0.28704819083213806,0.47767913341522217,0.9255677461624146,1.0,215.53055047988892,1.0,45.412655770778656,easy,0.0,0.0,0.007132506746021537,0.007140223190883432,0.7613893380878408,0.0,contact_alignment
24,3158.8572330370316,499.2004536589692,3658.057686696001,True,0.0,0.0,False,209,-1.0,0.9885069131851196,0.47898268699645996,0.9175106287002563,1.0,236.1659026145935,1.0,45.206595063209534,easy,0.06463608957059544,0.06456252162580244,0.0007787080468777343,0.0008630681437790631,0.3982481656208887,0.0,success
25,-238.51470648475402,-2.3578656071355604,-240.87257209188957,False,0.0,0.0,False,1600,-1.0,0.5091205835342407,0.4802398085594177,0.9255050420761108,1.0,214.93903756141663,1.0,45.46605318784714,easy,0.0,0.0,0.007030127440790882,0.007102330049436786,0.7438653120357888,0.0,contact_alignment
26,-260.5687070212146,-2.3368608772713557,-262.90556789848597,False,0.0,0.0,False,1600,-1.0,0.6117473840713501,0.48022955656051636,0.9196307063102722,1.0,215.53698182106018,1.0,45.36448836326599,easy,0.0,0.0,0.007647693851772799,0.007711022007187049,0.8109009527303708,0.0,contact_alignment
27,-288.55600919667063,-2.323540965545175,-290.8795501622158,False,0.0,0.0,False,1600,-1.0,0.43860962986946106,0.48112955689430237,0.923026442527771,1.0,215.5028259754181,1.0,45.39188593626022,easy,0.0,0.0,0.008436959136535253,0.008485114018188515,0.8915209336929832,0.0,contact_alignment
28,3180.413546419328,499.19772718527514,3679.6112736046034,True,0.0,0.0,False,205,-1.0,0.9810110330581665,0.4826888144016266,0.922576367855072,1.0,235.8925473690033,1.0,45.52281975746155,easy,0.06701472498774412,0.06695529481711138,0.0008220845902043972,0.0008851080448507006,0.5147212876444414,0.0,success
29,2873.97718977271,492.577911857252,3366.555101629962,True,57.52324554896158,0.0,False,197,-1.0,0.37543442845344543,0.48522740602493286,0.9201186895370483,1.0,236.49349808692932,1.0,45.340082347393036,easy,0.07462075493374629,0.07457160885585551,0.0007120520808903647,0.0008265049719021776,1.0174664121717298,0.29199617029929736,success
30,1846.3866718304455,499.2357230528127,2345.622394883258,True,0.0,0.0,False,170,-1.0,0.6710849404335022,0.4871692359447479,0.9224543571472168,1.0,235.54651021957397,1.0,45.10685980319977,easy,0.07499346923351807,0.07481145585241762,0.0009055115513976043,0.0009431322785382595,1.4516212018722006,0.0,success
31,3124.36826037474,496.93926964245156,3621.3075300171918,True,31.079107242417013,0.0,False,204,-1.0,0.1684059202671051,0.4841976463794708,0.9211575388908386,1.0,236.6956901550293,1.0,45.156322717666626,easy,0.07028550409158886,0.0701228606694112,0.0004459667839334107,0.0006265582198688745,0.7546439779188747,0.21406005822375546,success
32,3071.8244088269826,499.2067900082795,3571.031198835262,True,0.0,0.0,False,203,-1.0,0.9198024868965149,0.48405158519744873,0.917951762676239,1.0,235.72739362716675,1.0,45.237019658088684,easy,0.06609157263414166,0.0660623879423072,0.0007951427531333697,0.0009256788057206585,0.5220169467162418,0.0,success
33,3852.091632346698,498.38021703886164,4350.47184938556,True,0.0,0.0,False,965,-1.0,0.9900303483009338,0.4806075692176819,0.9269647002220154,1.0,236.8026053905487,1.0,45.30655562877655,easy,0.04372245979288242,0.04365839285809418,0.00029341980443042164,0.00030645999703635975,0.4049671605634064,0.0,success
34,3292.103602487105,492.5756761306295,3784.679278617735,True,57.4736568958278,0.0,False,209,-1.0,1.0,0.48046791553497314,0.9259377717971802,1.0,237.697274684906,1.0,45.2432781457901,easy,0.06545393891627066,0.06524650297185305,0.000741495179318673,0.0007792193304614694,0.42968411232786524,0.27499357366424787,success
35,-269.9025588477356,-2.2963466884799617,-272.19890553621553,False,0.0,0.0,False,1600,-1.0,0.5722529292106628,0.4804031252861023,0.9261024594306946,1.0,215.86683988571167,1.0,45.38611978292465,easy,0.0,0.0,0.007992019682399706,0.008065769101555887,0.8283569556162714,0.0,contact_alignment
36,-247.61320951664092,-2.3295411339260235,-249.94275065056695,False,0.0,0.0,False,1600,-1.0,0.6257393956184387,0.48257943987846375,0.9285731911659241,1.0,216.27148747444153,1.0,45.36265045404434,easy,0.0,0.0,0.007287913184412242,0.007305676879228672,0.7748508642454192,0.0,contact_alignment
37,3123.848008650443,496.43787218533174,3620.2858808357746,True,37.13340712615497,0.0,False,204,-1.0,0.9968615770339966,0.48624926805496216,0.9233450889587402,1.0,236.88788652420044,1.0,45.30225187540054,easy,0.0692228413690095,0.06914840438733846,0.0009298001549343334,0.0009729384275398162,0.5995380809878877,0.1820265055203675,success
38,3135.364519948147,499.2027792837494,3634.5672992318964,True,0.0,0.0,False,204,-1.0,0.9952855706214905,0.4875807762145996,0.9248757362365723,1.0,236.65876030921936,1.0,45.24143189191818,easy,0.06631747999925935,0.06620361499117433,0.0008724562816693859,0.0008941006183089911,0.4830500931713424,0.0,success
39,1794.1603044874316,499.2456316620739,2293.4059361495056,True,0.0,0.0,False,169,-1.0,0.13241149485111237,0.48895254731178284,0.9209383130073547,1.0,236.20335936546326,1.0,45.156489610672,easy,0.07728217700843697,0.07706775326175232,0.0008268693831487341,0.0008698983237265976,1.4808771983159388,0.0,success
40,-225.68073906119417,-2.3244451139013034,-228.00518417509548,False,0.0,0.0,False,1600,-1.0,0.7172611355781555,0.48151424527168274,0.9257214665412903,1.0,215.79373955726624,1.0,45.48426330089569,easy,0.0,0.0,0.006719685080645361,0.006811185433593221,0.7009956168925389,0.0,contact_alignment
41,-224.85049056398958,-2.295882866731927,-227.1463734307215,False,0.0,0.0,False,1600,-1.0,0.5440744161605835,0.48255422711372375,0.9261325597763062,1.0,216.5075719356537,1.0,45.30607998371124,easy,0.0,0.0,0.006671595954471343,0.006693838620173782,0.6832941456368413,0.0,contact_alignment
42,3021.1445469422883,489.8706111363005,3511.0151580785887,True,68.29044523982832,0.0,False,201,-1.0,0.41761595010757446,0.4864409863948822,0.9255312085151672,1.0,236.42149806022644,1.0,45.21832138299942,easy,0.07177826183773864,0.07153610322167636,0.00048234984578882496,0.0008031644193833359,0.7997417041384149,0.3397534589046185,success
43,-232.41659006702199,-2.2902181781281588,-234.70680824515014,False,0.0,0.0,False,1600,-1.0,0.49819451570510864,0.4860907793045044,0.9258427023887634,1.0,216.37631058692932,1.0,45.32879203557968,easy,0.0,0.0,0.006876961875929613,0.006966517371319082,0.721978350673496,0.0,contact_alignment
44,-208.0288571063299,-2.3340857373570776,-210.36294284368697,False,0.0,0.0,False,1600,-1.0,0.5810745358467102,0.48380380868911743,0.9280596375465393,1.0,217.1710228919983,1.0,45.318304896354675,easy,0.0,0.0,0.006175221881248905,0.006205085742106786,0.6407124940352086,0.0,contact_alignment
45,2812.48265486111,499.2108932128248,3311.693548073935,True,0.0,0.0,False,195,-1.0,0.9931343197822571,0.47967177629470825,0.9216811060905457,1.0,236.05598092079163,1.0,45.195613503456116,easy,0.06969020813301878,0.069550954989847,0.00042726522631925736,0.000547550141307203,0.8486189343925825,0.0,success
46,4148.291584084733,499.1707232761133,4647.462307360846,True,0.0,0.0,False,239,-1.0,1.0,0.48435720801353455,0.9253133535385132,1.0,237.08876132965088,1.0,45.236341655254364,easy,0.04462415804634978,0.044489194958211326,0.0007225552720432208,0.0007536733409692958,0.5753280553705625,0.0,success
47,2983.570229740037,499.19918945622317,3482.76941919626,True,0.0,0.0,False,200,-1.0,1.0,0.48236283659935,0.923762321472168,1.0,237.21655130386353,1.0,45.41360080242157,easy,0.06754094626770377,0.06739149618298818,0.0006779098152522339,0.0008044662631021014,0.6226375449601178,0.0,success
48,-225.43053247655268,-2.2808708787527916,-227.71140335530546,False,0.0,0.0,False,1600,-1.0,0.31374067068099976,0.48477011919021606,0.9270687699317932,1.0,216.5249752998352,1.0,45.31143933534622,easy,0.0,0.0,0.006702403142837245,0.006772335189002504,0.6851762432394304,0.0,contact_alignment
49,4175.0358229568465,499.15028370574487,4674.186106662592,True,0.0,0.0,False,246,-1.0,1.0,0.48994186520576477,0.92478346824646,1.0,237.97120332717896,1.0,45.31116187572479,easy,0.04414151792226139,0.044060402925724496,0.0009629314754737082,0.0009666920222659356,0.6141402580664016,0.0,success
50,-237.45057857692345,-2.279672408086054,-239.7302509850095,False,0.0,0.0,False,1600,-1.0,0.6072718501091003,0.4838186800479889,0.9268624782562256,1.0,217.14348435401917,1.0,45.19210249185562,easy,0.0,0.0,0.007096406808153865,0.007146379593031063,0.7346300740021339,0.0,contact_alignment
51,2452.3692678942657,499.2236448254338,2951.5929127196996,True,0.0,0.0,False,185,-1.0,0.5121312737464905,0.4909672439098358,0.9213244318962097,1.0,236.4470374584198,1.0,45.24463415145874,easy,0.07452015903827239,0.07432827021438126,0.0006796663326674689,0.0007410605575192877,1.0965416751274237,0.0,success
52,4081.588295970014,499.1717844513282,4580.760080421342,True,0.0,0.0,False,236,-1.0,1.0,0.48949378728866577,0.9261074662208557,1.0,238.03706645965576,1.0,45.18762767314911,easy,0.04599273513789634,0.04584621697540739,0.0006886381770447897,0.0006927078587322259,0.5024356890629919,0.0,success
53,3801.5582082010374,499.17909247978304,4300.73730068082,True,0.0,0.0,False,228,-1.0,1.0,0.48543429374694824,0.9284116625785828,1.0,236.68715119361877,1.0,45.18795520067215,easy,0.04967226189688655,0.04952545371641255,0.0005565912584239478,0.0005994807881689854,0.24626929225165795,0.0,success
54,-248.66137471530934,-2.3041673800926885,-250.96554209540201,False,0.0,0.0,False,1600,-1.0,0.5406762957572937,0.48374199867248535,0.9282310605049133,1.0,216.98885321617126,1.0,45.352361500263214,easy,0.0,0.0,0.007279894197817279,0.0073102782324533,0.7512517034534506,0.0,contact_alignment
55,3947.1572481726444,498.95700740526917,4446.114255577913,True,9.117976149096602,0.0,False,231,-1.0,0.9943526387214661,0.4889678955078125,0.9226425290107727,1.0,237.93777585029602,1.0,45.04189670085907,easy,0.04926775521944106,0.049019482032576736,0.0005466378831374272,0.0006061959024049547,0.519797984051616,0.060119974659473115,success
56,-245.1372870525218,-2.251509463386374,-247.38879651590818,False,0.0,0.0,False,1600,-1.0,0.26830825209617615,0.48590749502182007,0.9315018057823181,1.0,217.1706509590149,1.0,45.20428150892258,easy,0.0,0.0,0.007242683685835185,0.0072636793403902476,0.7487572502346815,0.0,contact_alignment
57,3404.726364346138,499.191801161035,3903.918165507173,True,0.0,0.0,False,212,-1.0,1.0,0.49104946851730347,0.9287741184234619,1.0,237.39301800727844,1.0,45.152868032455444,easy,0.06009425760153085,0.05997050346210264,0.0008022796452169093,0.000850847938883847,0.23660135673453664,0.0,success
58,-216.46163731903334,-2.2587202190673565,-218.7203575381007,False,0.0,0.0,False,1600,-1.0,0.3815133571624756,0.4876333773136139,0.9293132424354553,1.0,217.4818193912506,1.0,45.45040279626846,easy,0.0,0.0,0.0064388024055738406,0.006464412135128887,0.6537498697606396,0.0,contact_alignment
59,-221.45674381835641,-2.237430048084236,-223.69417386644065,False,0.0,0.0,False,1600,-1.0,0.4264289438724518,0.48360970616340637,0.929004967212677,1.0,216.85038566589355,1.0,45.282214283943176,easy,0.0,0.0,0.006592586061522037,0.0065948335248314375,0.6834320401325862,0.0,contact_alignment
60,-222.0644690263474,-2.2572715637989997,-224.32174059014642,False,0.0,0.0,False,1600,-1.0,0.6492692828178406,0.48851343989372253,0.9271778464317322,1.0,217.31871128082275,1.0,45.214190781116486,easy,0.0,0.0,0.006608289975545301,0.006668834137696415,0.6833745036944027,0.0,contact_alignment
61,-284.05295821672655,-2.2658838587752865,-286.31884207550183,False,0.0,0.0,False,1600,-1.0,0.5146209597587585,0.48798954486846924,0.9279654622077942,1.0,217.3741912841797,1.0,45.163467824459076,easy,0.0,0.0,0.008380185093929387,0.00846494309437849,0.866579505141171,0.0,contact_alignment
62,-231.69899282911254,-2.2592644198994325,-233.95825724901198,False,0.0,0.0,False,1600,-1.0,0.37264275550842285,0.4866977632045746,0.9281013607978821,1.0,216.94361686706543,1.0,45.19095927476883,easy,0.0,0.0,0.006962201316162809,0.007093682766397181,0.731682885921771,0.0,contact_alignment
63,3357.759083357391,499.20035216503567,3856.9594355224267,True,0.0,0.0,False,210,-1.0,1.0,0.4894981384277344,0.9243595600128174,1.0,238.2462477684021,1.0,45.15619337558746,easy,0.061859197406291595,0.06171498964811144,0.0007908766361489644,0.0008037629811703611,0.3501879312725782,0.0,success
64,-247.90898744732306,-2.2717835721898973,-250.18077101951295,False,0.0,0.0,False,1600,-1.0,0.4840261936187744,0.487465500831604,0.9289286732673645,1.0,217.0029091835022,1.0,45.27679234743118,easy,0.0,0.0,0.007331890114173945,0.007400445531193955,0.7674343319077852,0.0,contact_alignment
65,3120.052434485975,499.20709545542053,3619.2595299413956,True,0.0,0.0,False,207,-1.0,0.7387785911560059,0.4931337833404541,0.9206622242927551,1.0,237.6896345615387,1.0,45.34174710512161,easy,0.06568037807662139,0.06560278440143921,0.0007519105094270788,0.0008285486791885896,0.47037456554333684,0.0,success
66,-190.6971476163349,-2.270493075047566,-192.96764069138246,False,0.0,0.0,False,1600,-1.0,0.22080770134925842,0.4882626235485077,0.9224548935890198,1.0,217.1504271030426,1.0,45.30218094587326,easy,0.0,0.0,0.005669486738717932,0.005703026051070631,0.6042877692519357,0.0,contact_alignment
67,5696.3435364804955,495.9145750056918,6192.258111486187,True,39.70618644705047,0.0,False,334,-1.0,0.9942212700843811,0.4918147325515747,0.9281189441680908,1.0,238.6072862148285,1.0,45.340585112571716,easy,0.038922161171936524,0.03879571979055861,0.0008142107073693277,0.0008505680926315384,0.25102330211574747,0.11888079774566009,success
68,2915.2021585665007,499.2134024334707,3414.4155609999716,True,0.0,0.0,False,197,-1.0,1.0,0.49167901277542114,0.920917272567749,1.0,238.04572939872742,1.0,45.11430323123932,easy,0.07052129371498375,0.07043688244667073,0.0005746154910117731,0.0006553589535711769,0.7635317711995107,0.0,success
69,-290.8077973150827,-2.2636153235808054,-293.0714126386635,False,0.0,0.0,False,1600,-1.0,0.6526000499725342,0.48851117491722107,0.9237688779830933,1.0,217.2656488418579,1.0,45.34938037395477,easy,0.0,0.0,0.008492237524486756,0.00859842709854241,0.9001480050510318,0.0,contact_alignment
70,-288.0779715622815,-2.270405254310659,-290.3483768165922,False,0.0,0.0,False,1600,-1.0,0.381059467792511,0.4868248701095581,0.9250665903091431,1.0,217.29865789413452,1.0,45.37886619567871,easy,0.0,0.0,0.008367486607908606,0.008426379785097185,0.8931549315403942,0.0,contact_alignment
71,1700.0809388378714,499.2461057968526,2199.327044634724,True,0.0,0.0,False,166,-1.0,0.257685124874115,0.49046236276626587,0.9252533912658691,1.0,238.00540566444397,1.0,45.19467890262604,easy,0.0766445741912224,0.07643291962038395,0.0008167563825574785,0.0008209354921306631,1.5154224542352377,0.0,success
72,3027.1658472180316,499.21004842620107,3526.3758956442325,True,0.0,0.0,False,201,-1.0,1.0,0.48986491560935974,0.9192467927932739,1.0,238.45364689826965,1.0,45.09021431207657,easy,0.066895903330673,0.06682774243752843,0.0007489836944148225,0.0007992233571451446,0.5545748286682914,0.0,success
73,-256.0046426422178,-2.2629335035824183,-258.2675761458002,False,0.0,0.0,False,1600,-1.0,0.6157718896865845,0.48563772439956665,0.9230981469154358,1.0,217.13472843170166,1.0,45.37477731704712,easy,0.0,0.0,0.007527886486565671,0.00758896232511726,0.7790393960802415,0.0,contact_alignment
74,3342.0739106403094,499.19815024881524,3841.2720608891245,True,0.0,0.0,False,209,-1.0,1.0,0.48767608404159546,0.9215370416641235,1.0,238.28590512275696,1.0,45.21243631839752,easy,0.06359159016001517,0.0635045516589522,0.0007517052895753663,0.0007659598573650041,0.29064018721377705,0.0,success
75,3199.755750036896,499.20445631365925,3698.9602063505554,True,0.0,0.0,False,205,-1.0,0.9821482300758362,0.48805075883865356,0.915748655796051,1.0,238.2991087436676,1.0,45.39819657802582,easy,0.06625213388301397,0.0662292421133726,0.0009273328046325528,0.0009540265052484332,0.46905427465789723,0.0,success
76,1732.1244550445354,499.2387810827121,2231.3632361272475,True,0.0,0.0,False,167,-1.0,0.12836067378520966,0.4845508635044098,0.9178230166435242,1.0,237.90895104408264,1.0,45.20528703927994,easy,0.07763431823870345,0.07745323290826403,0.000843896720905423,0.0008740153682770827,1.5283172625005745,0.0,success
77,-264.7000623247687,-2.2819129766028468,-266.9819753013715,False,0.0,0.0,False,1600,-1.0,0.6614245176315308,0.4828072488307953,0.9248361587524414,1.0,217.48477935791016,1.0,45.316133201122284,easy,0.0,0.0,0.007786520109504877,0.007880424376680344,0.7887858759399414,0.0,contact_alignment
78,-219.8275748601898,-2.2365973974453794,-222.06417225763516,False,0.0,0.0,False,1600,-1.0,0.5382847785949707,0.48753613233566284,0.9200321435928345,1.0,216.6288685798645,1.0,45.48494130373001,easy,0.0,0.0,0.006575614171838826,0.006593378198614008,0.7019219941622477,0.0,contact_alignment
79,1753.1921430780126,499.2357363787595,2252.427879456772,True,0.0,0.0,False,167,-1.0,0.12939812242984772,0.4914442002773285,0.9190561771392822,1.0,237.56528496742249,1.0,45.28695821762085,easy,0.07496013519731093,0.07479474919899787,0.0007325375520988251,0.0007380163612221369,1.382548961484724,0.0,success
80,-281.1728641455028,-2.2823736803406574,-283.4552378258434,False,0.0,0.0,False,1600,-1.0,0.4862738251686096,0.4870742857456207,0.9189395904541016,1.0,217.42995023727417,1.0,45.51558077335358,easy,0.0,0.0,0.008243657670601513,0.00828367992586244,0.8907146878562613,0.0,contact_alignment
81,-287.0273434740567,-2.2638422777514027,-289.2911857518081,False,0.0,0.0,False,1600,-1.0,0.4981585741043091,0.4846888780593872,0.9214543104171753,1.0,216.95802927017212,1.0,45.45710563659668,easy,0.0,0.0,0.00835137503078157,0.008370882747055145,0.8891723721827,0.0,contact_alignment
82,3221.348656966717,499.19460350970473,3720.543260476422,True,0.0,0.0,False,213,-1.0,1.0,0.4910378158092499,0.9197991490364075,1.0,238.03311467170715,1.0,45.29465615749359,easy,0.06486378240177233,0.064787746851458,0.0008381463511443941,0.0008869050581083279,0.3605741902468671,0.0,success
83,-241.12130770189756,-2.285948510701289,-243.40725621259887,False,0.0,0.0,False,1600,-1.0,0.38962891697883606,0.4849105477333069,0.922699511051178,1.0,216.8347179889679,1.0,45.451639890670776,easy,0.0,0.0,0.007053451318117783,0.007136964799819133,0.7296447031985905,0.0,contact_alignment
84,-275.2216994438311,-2.2817078351823836,-277.50340727901346,False,0.0,0.0,False,1600,-1.0,0.38695523142814636,0.4874691665172577,0.921670138835907,1.0,216.9135057926178,1.0,45.52972078323364,easy,0.0,0.0,0.00805166043539126,0.008077345330450144,0.8485559713479394,0.0,contact_alignment
85,2864.0786489873394,499.2139344083164,3363.292583395656,True,0.0,0.0,False,196,-1.0,0.1998351514339447,0.4903433620929718,0.9194758534431458,1.0,238.5228729248047,1.0,45.561580657958984,easy,0.0724192445640883,0.07241126736149962,0.0005596078224254441,0.0005624817839967988,0.8192963252853943,0.0,success
86,-205.34144263771537,-2.3048299122708134,-207.64627254998618,False,0.0,0.0,False,1600,-1.0,0.6649717688560486,0.48638710379600525,0.9205336570739746,1.0,217.52299547195435,1.0,45.54227530956268,easy,0.0,0.0,0.006067826254318809,0.006112920028640312,0.6460098311459956,0.0,contact_alignment
87,-244.71654981093513,-2.2641177173188476,-246.98066752825397,False,0.0,0.0,False,1600,-1.0,0.307290256023407,0.4868841767311096,0.9252451062202454,1.0,217.2553586959839,1.0,45.577460527420044,easy,0.0,0.0,0.007142835292506799,0.007194118863325541,0.7751796979256426,0.0,contact_alignment
88,3030.044700324681,499.1914700075786,3529.2361703322595,True,0.0,0.0,False,201,-1.0,1.0,0.4904477298259735,0.9256616234779358,1.0,238.2619309425354,1.0,45.39929389953613,easy,0.07191764021556406,0.0718641369915187,0.0008078887828097733,0.0008149431681096212,0.7927203672568832,0.0,success
89,-232.12386542454158,-2.266526677232839,-234.3903921017744,False,0.0,0.0,False,1600,-1.0,0.503487765789032,0.49017587304115295,0.924290120601654,1.0,217.90769815444946,1.0,45.61293989419937,easy,0.0,0.0,0.006829841718596809,0.006931995039411796,0.717918135914585,0.0,contact_alignment
90,-243.87777255699677,-2.2582936151447144,-246.13606617214148,False,0.0,0.0,False,1600,-1.0,0.5831181406974792,0.48589202761650085,0.9232892990112305,1.0,217.58678197860718,1.0,45.52192270755768,easy,0.0,0.0,0.007145737013091701,0.007262621171112762,0.7558612601211011,0.0,contact_alignment
91,2942.208685789506,499.2108456462512,3441.419531435757,True,0.0,0.0,False,198,-1.0,0.16770170629024506,0.4919981360435486,0.9229850769042969,1.0,237.59923934936523,1.0,45.40412962436676,easy,0.07108346072305491,0.07107999774883965,0.0006285177301302962,0.0007022931811461019,0.7693204709239319,0.0,success
92,-262.3894903987409,-2.256566036083524,-264.64605643482446,False,0.0,0.0,False,1600,-1.0,0.43203139305114746,0.48991212248802185,0.9242347478866577,1.0,217.28469491004944,1.0,45.56158900260925,easy,0.0,0.0,0.007652800169762874,0.00765706821400885,0.8193865063994783,0.0,contact_alignment
93,2666.6141150305675,499.232492911331,3165.8466079418986,True,0.0,0.0,False,191,-1.0,0.7111020088195801,0.4910672605037689,0.9213321805000305,1.0,238.67260694503784,1.0,45.486462116241455,easy,0.0713232727227133,0.07130133896969382,0.0005530257219415247,0.0006106769310250207,0.898096246235392,0.0,success
94,3445.6907193113757,499.19554886519205,3944.8862681765677,True,0.0,0.0,False,214,-1.0,1.0,0.48521748185157776,0.9221787452697754,1.0,238.3813214302063,1.0,45.435417890548706,easy,0.05854699920759822,0.05844827631773397,0.0007858390220024057,0.0008993103632601387,0.18355114513770476,0.0,success
95,-225.0134059113317,-2.240054054331515,-227.2534599656632,False,0.0,0.0,False,1600,-1.0,0.5339528322219849,0.4871760904788971,0.9241634011268616,1.0,217.07382440567017,1.0,45.55887281894684,easy,0.0,0.0,0.006665243294167456,0.0067853636734809325,0.719393283372367,0.0,contact_alignment
96,3337.1896320974847,499.20377497782107,3836.3934070753057,True,0.0,0.0,False,210,-1.0,0.8173670768737793,0.4864763617515564,0.9205153584480286,1.0,238.97255539894104,1.0,45.578057169914246,easy,0.06161024452585968,0.06160717412531229,0.0006855640299726253,0.0007687100792326336,0.297698037042006,0.0,success
97,3305.6735460980844,499.2101072377015,3804.8836533357858,True,0.0,0.0,False,209,-1.0,1.0,0.4896087646484375,0.9210569262504578,1.0,238.64951610565186,1.0,45.478945672512054,easy,0.06257333803268375,0.06256175341750086,0.0006725197026930803,0.0007185678718432824,0.2888064934628894,0.0,success
98,1454.573362041784,499.2546618207585,1953.8280238625425,True,0.0,0.0,False,159,-1.0,0.35513779520988464,0.4893971383571625,0.9196572303771973,1.0,238.23549270629883,1.0,45.46579658985138,easy,0.07089552337230144,0.07075992413046484,0.0007931449567924247,0.0008369620372879749,1.1693106794049153,0.0,success
99,3070.7671708168846,499.2121497363516,3569.979320553236,True,0.0,0.0,False,202,-1.0,0.9797753095626831,0.4928058087825775,0.9232209324836731,1.0,238.66885662078857,1.0,45.606622993946075,easy,0.0682547703271087,0.06822390235200826,0.0008354669260836479,0.0009073532321555425,0.5878686429874297,0.0,success
100,-289.1528771307611,-2.2270830936714883,-291.3799602244326,False,0.0,0.0,False,1600,-1.0,0.4201297461986542,0.4887620806694031,0.9233346581459045,1.0,217.22650289535522,1.0,45.72132647037506,easy,0.0,0.0,0.00844842154559771,0.008524820273117205,0.9176380430574956,0.0,contact_alignment
101,3363.177715012944,499.20097276894177,3862.378687781886,True,0.0,0.0,False,212,-1.0,1.0,0.4918464124202728,0.9216715097427368,1.0,239.12118911743164,1.0,45.55176317691803,easy,0.05872567437522884,0.05871901474684876,0.0008304479815988169,0.0008735625007030889,0.17141811620987724,0.0,success
102,-214.93577131010696,-2.1963155186187215,-217.13208682872568,False,0.0,0.0,False,1600,-1.0,0.5929221510887146,0.4884297549724579,0.9234248399734497,1.0,217.4341344833374,1.0,45.676332116127014,easy,0.0,0.0,0.006302260532847635,0.0063030908927630535,0.6703279101683908,0.0,contact_alignment
103,-233.38225550571593,-2.2267303150615865,-235.60898582077752,False,0.0,0.0,False,1600,-1.0,0.7208619117736816,0.4898897707462311,0.9225746989250183,1.0,217.14195013046265,1.0,45.62232971191406,easy,0.0,0.0,0.0068389786679876104,0.0068836358890847354,0.7418537505565117,0.0,contact_alignment
104,2991.1878425106797,499.21058344128375,3490.3984259519634,True,0.0,0.0,False,200,-1.0,0.3404379189014435,0.4882013201713562,0.9168242812156677,1.0,238.59698057174683,1.0,45.51455646753311,easy,0.07279349561520539,0.0727704060073756,0.0005016852414149996,0.0005976096526243425,0.7934662731620394,0.0,success
105,2982.203393505359,496.42602085988085,3478.62941436524,True,37.2978246272642,0.0,False,200,-1.0,0.649675726890564,0.4930906891822815,0.9178293347358704,1.0,238.5585629940033,1.0,45.655274391174316,easy,0.07171458487167877,0.07165468382106499,0.000632106673165966,0.0006523537535506721,0.737669887079246,0.186489123136321,success
106,-205.46243453960557,-2.222084571354162,-207.68451911095974,False,0.0,0.0,False,1600,-1.0,0.5460135340690613,0.4848419427871704,0.921832799911499,1.0,217.44819045066833,1.0,45.70100516080856,easy,0.0,0.0,0.006055745718510483,0.006105116657493196,0.6546008946499006,0.0,contact_alignment
107,-251.68375151369062,-2.2341942775261403,-253.91794579121677,False,0.0,0.0,False,1600,-1.0,0.5364577770233154,0.4866939187049866,0.9224801063537598,1.0,217.07066297531128,1.0,45.80788552761078,easy,0.0,0.0,0.007345960476902049,0.007370283536356444,0.7974046865226625,0.0,contact_alignment
108,3338.3890396776046,499.20337738893096,3837.5924170665357,True,0.0,0.0,False,211,-1.0,1.0,0.48846954107284546,0.9173012971878052,1.0,239.04043316841125,1.0,45.628356635570526,easy,0.05994311255012952,0.059924976879092234,0.0008655945481809313,0.0009195485738672948,0.2644280264685133,0.0,success
109,3308.3654034257406,499.20760146195164,3807.573004887692,True,0.0,0.0,False,210,-1.0,1.0,0.4850679039955139,0.9195722937583923,1.0,238.90322089195251,1.0,45.57379513978958,easy,0.060692393192251316,0.060623216129479365,0.0006809467520864945,0.0008028087587670245,0.29479718920669506,0.0,success
110,1503.258999158273,499.254786712984,2002.513785871257,True,0.0,0.0,False,161,-1.0,0.10556228458881378,0.48993542790412903,0.918343186378479,1.0,237.70821571350098,1.0,45.48979997634888,easy,0.07268979180832415,0.07254146649422075,0.0006691255414037396,0.0007206587308706115,1.4777341214003465,0.0,success
111,-213.0769076996924,-2.216724282194181,-215.2936319818866,False,0.0,0.0,False,1600,-1.0,0.36865535378456116,0.48432037234306335,0.9230876564979553,1.0,216.72298312187195,1.0,45.599936842918396,easy,0.0,0.0,0.006334621920865716,0.006439441934091487,0.6929946088526601,0.0,contact_alignment
112,-233.67826237255485,-2.202058897405254,-235.88032126996012,False,0.0,0.0,False,1600,-1.0,0.3012697100639343,0.48591768741607666,0.9233507513999939,1.0,216.6831398010254,1.0,45.66512316465378,easy,0.0,0.0,0.006826090227572768,0.006836149833622427,0.7503955707774417,0.0,contact_alignment
113,1453.3715911561067,499.26417470903397,1952.6357658651407,True,0.0,0.0,False,159,-1.0,0.8579167723655701,0.4808516502380371,0.9177188277244568,1.0,238.27677726745605,1.0,45.54792881011963,easy,0.07047546399195544,0.07034557536744115,0.00080390371187049,0.0008633719492991256,1.3255964236431494,0.0,success
114,-257.6580135198002,-2.2469953172654757,-259.9050088370657,False,0.0,0.0,False,1600,-1.0,0.5525107383728027,0.4830491840839386,0.922582745552063,1.0,216.85218334197998,1.0,45.60726344585419,easy,0.0,0.0,0.007542739587966538,0.007594206981584422,0.8230113695485982,0.0,contact_alignment
115,-268.9291885669733,-2.221243767459055,-271.15043233443237,False,0.0,0.0,False,1600,-1.0,0.5035256743431091,0.4838997721672058,0.9216247200965881,1.0,216.7651355266571,1.0,45.74869692325592,easy,0.0,0.0,0.007873936437199497,0.00795763840049373,0.8515098956440532,0.0,contact_alignment
116,1600.8826870758128,499.25433912950416,2100.137026205317,True,0.0,0.0,False,164,-1.0,0.5297890305519104,0.48821598291397095,0.9201950430870056,1.0,238.14450860023499,1.0,45.52265077829361,easy,0.07606640985532988,0.07599151925958844,0.0009522261762233985,0.0009535332380572498,1.6376737879316943,0.0,success
117,5766.55496344368,499.0072596383762,6265.562223082056,True,6.12065941303118,0.0,False,325,-1.0,0.982425332069397,0.4889683723449707,0.920336902141571,1.0,238.3800971508026,1.0,45.53792357444763,easy,0.03908094142693559,0.03897392990537815,0.0005535556730033313,0.0005784788616731786,0.21940918944239746,0.018832798193942093,success
118,-237.44804835146553,-2.232361198538614,-239.68040955000416,False,0.0,0.0,False,1600,-1.0,0.6865290999412537,0.4883938431739807,0.922493577003479,1.0,218.35795402526855,1.0,45.70857793092728,easy,0.0,0.0,0.0069582652901664325,0.007069503991008427,0.7504278721575188,0.0,contact_alignment
119,1538.8478933997503,499.2465106524271,2038.0944040521774,True,0.0,0.0,False,162,-1.0,0.22910404205322266,0.4870634377002716,0.9155613780021667,1.0,238.94603967666626,1.0,45.78211098909378,easy,0.07370319908277581,0.07362162218271487,0.0007611811091818997,0.0007785001987208722,1.5361414138086484,0.0,success
120,2519.6718786222727,499.2269425784374,3018.8988212007102,True,0.0,0.0,False,187,-1.0,0.7100145816802979,0.4896533787250519,0.9175835847854614,1.0,238.3757734298706,1.0,45.61522215604782,easy,0.07708166994982263,0.07704845897555784,0.0008952101256746225,0.000898278150251426,1.208060051564574,0.0,success
121,-279.9486034469245,-2.252796506813457,-282.20139995373796,False,0.0,0.0,False,1600,-1.0,0.20634204149246216,0.48425862193107605,0.9221454858779907,1.0,216.63040280342102,1.0,45.8196285367012,easy,0.0,0.0,0.008183024275362029,0.008267860392489577,0.9025829168720272,0.0,contact_alignment
122,3990.5000954016637,499.19273450283015,4489.692829904494,True,0.0,0.0,False,233,-1.0,1.0,0.48463311791419983,0.915172278881073,1.0,238.63677740097046,1.0,45.60971677303314,easy,0.04772456024584237,0.04771073549001287,0.0007988099597705539,0.0008049658272600259,0.4391311609361197,0.0,success
123,3029.9647786662476,499.21357922807437,3529.178357894322,True,0.0,0.0,False,202,-1.0,0.9963891506195068,0.4843149483203888,0.9165780544281006,1.0,237.70087003707886,1.0,45.75856238603592,easy,0.06601620303183067,0.06594791419275882,0.0008480566352905509,0.0008861144392902662,0.5824401109405972,0.0,success
124,-229.47639038534473,-2.1913047265844416,-231.66769511192916,False,0.0,0.0,False,1600,-1.0,0.7100014090538025,0.4802919030189514,0.9207988381385803,1.0,217.39801049232483,1.0,45.782968401908875,easy,0.0,0.0,0.0067092214671450705,0.006802128207835131,0.725087130384267,0.0,contact_alignment
125,-308.6500045869745,-2.208708222741837,-310.85871280971634,False,0.0,0.0,False,1600,-1.0,0.7449719905853271,0.4835876226425171,0.9191840887069702,1.0,218.20384979248047,1.0,45.766395926475525,easy,0.0,0.0,0.008973109492721537,0.009092994067603565,0.9867487361962944,0.0,contact_alignment
126,3007.417075862463,499.2031977696242,3506.6202736320874,True,0.0,0.0,False,201,-1.0,0.5929874181747437,0.4881593883037567,0.9164061546325684,1.0,238.87266039848328,1.0,45.75359106063843,easy,0.07108597119628365,0.07106537556225244,0.0005746189107614289,0.000580273009025356,0.8025247237481307,0.0,success
127,3078.1633399711905,499.2030913031663,3577.3664312743567,True,0.0,0.0,False,204,-1.0,0.6647067666053772,0.4830882251262665,0.9155382513999939,1.0,239.2294216156006,1.0,45.66236525774002,easy,0.06908172148123973,0.06906890885577667,0.0007230177013460672,0.0007242038257863257,0.6855385882117709,0.0,success
128,3954.1610375528444,499.1807042113936,4453.341741764238,True,0.0,0.0,False,233,-1.0,1.0,0.48007068037986755,0.9149641394615173,1.0,238.4376072883606,1.0,45.73028236627579,easy,0.04801188070596957,0.04790268521112201,0.0007864409160904353,0.0007915956780622953,0.37446282716366397,0.0,success
129,-280.80785221776404,-2.1756167186060518,-282.9834689363701,False,0.0,0.0,False,1600,-1.0,0.4390917718410492,0.4849191904067993,0.9211547374725342,1.0,217.42615342140198,1.0,45.77460914850235,easy,0.0,0.0,0.008187710452349886,0.00831905508773802,0.9020775675928456,0.0,contact_alignment
130,-220.3216953172401,-2.1982146495909225,-222.51990996683102,False,0.0,0.0,False,1600,-1.0,0.3485845923423767,0.48491182923316956,0.9168156385421753,1.0,218.0224859714508,1.0,45.929565131664276,easy,0.0,0.0,0.006424838008358294,0.006442241827757141,0.6990524569486256,0.0,contact_alignment
131,-265.47590352200524,-2.2088465387629115,-267.6847500607681,False,0.0,0.0,False,1600,-1.0,0.4645358920097351,0.48508161306381226,0.917873740196228,1.0,216.81418418884277,1.0,45.81137776374817,easy,0.0,0.0,0.007768998879843816,0.00780541938946526,0.8370897674768245,0.0,contact_alignment
132,3161.462057789138,494.27252267991577,3655.7345804690535,True,49.72036954576672,0.0,False,205,-1.0,1.0,0.48619282245635986,0.9202665090560913,1.0,238.9788782596588,1.0,45.89379370212555,easy,0.0661066780108959,0.0660447387890652,0.0004999426076857702,0.0005698869642308238,0.5507905911768435,0.24253838802813035,success
133,2876.2675289166773,499.21696067745006,3375.4844895941274,True,0.0,0.0,False,198,-1.0,0.9755800366401672,0.48703518509864807,0.9164385795593262,1.0,237.89311289787292,1.0,45.84957331418991,easy,0.06677914057710452,0.06674524489084067,0.0005567178538720215,0.0006002978019559226,0.6775574539720384,0.0,success
134,-263.46723666081573,-2.20794072684855,-265.6751773876643,False,0.0,0.0,False,1600,-1.0,0.48567259311676025,0.4843829572200775,0.9163579940795898,1.0,217.1868920326233,1.0,45.8649942278862,easy,0.0,0.0,0.007727763903724608,0.007827358779238465,0.8328491747077025,0.0,contact_alignment
135,4076.1586656883337,499.1815039530957,4575.340169641429,True,0.0,0.0,False,238,-1.0,1.0,0.4867958724498749,0.9136736392974854,1.0,238.71038913726807,1.0,45.82447677850723,easy,0.04525335162940092,0.045088279390132394,0.000763439758030884,0.0007672994675018179,0.5396845167373348,0.0,success
136,3093.3696805211493,499.22220435581784,3592.591884876967,True,0.0,0.0,False,203,-1.0,0.9798227548599243,0.48526862263679504,0.9096781611442566,1.0,238.6141049861908,1.0,45.83195775747299,easy,0.06811600972039394,0.0680956619927848,0.0008429950214271134,0.0008624797871865655,0.6309767125719863,0.0,success
137,2736.9235079031637,499.2215518776151,3236.145059780779,True,0.0,0.0,False,193,-1.0,0.5708743929862976,0.4859730303287506,0.9148938059806824,1.0,238.29644322395325,1.0,45.9096360206604,easy,0.0731334817295283,0.0730189007237572,0.0005908168604781977,0.0005987053715427686,0.9675077500054782,0.0,success
138,2879.575100881791,499.2165259071211,3378.7916267889123,True,0.0,0.0,False,198,-1.0,0.6480024456977844,0.4899662435054779,0.9169019460678101,1.0,238.9811873435974,1.0,45.802501142024994,easy,0.06719474966608174,0.06716669499367468,0.0005937406338221416,0.0006702125534135845,0.6664637963379655,0.0,success
139,3179.6062358559057,499.2118898518397,3678.8181257077454,True,0.0,0.0,False,210,-1.0,0.9921033978462219,0.47919005155563354,0.9159528017044067,1.0,239.03466820716858,1.0,45.86624175310135,easy,0.06458317512492226,0.06451674562788609,0.0009126380287749621,0.0009388401927267836,0.41237591766977905,0.0,success
140,-236.08248476042127,-2.1812170179347796,-238.26370177835605,False,0.0,0.0,False,1600,-1.0,0.4206085801124573,0.4813443422317505,0.9164388179779053,1.0,217.19950675964355,1.0,45.95734864473343,easy,0.0,0.0,0.006962543777377244,0.007026275978590834,0.7666445766425903,0.0,contact_alignment
141,2924.0519915981945,499.21106310068086,3423.2630546988753,True,0.0,0.0,False,199,-1.0,1.0,0.4858017861843109,0.9138980507850647,1.0,239.21414136886597,1.0,45.87358504533768,easy,0.0719152188017969,0.07181584282642822,0.0007950900119231478,0.0008344326298380064,0.8794475359247748,0.0,success
142,5635.143317449916,498.8133013441484,6133.9566187940645,True,11.292740798693796,0.0,False,320,-1.0,1.0,0.4798579812049866,0.9177742004394531,1.0,239.2465305328369,1.0,45.845859944820404,easy,0.03870524156079516,0.03857772857455499,0.0006219553470363643,0.0006958342749980434,0.2402038261588882,0.05170768161919463,success
143,2863.5997351063907,499.2209804227994,3362.8207155291902,True,0.0,0.0,False,197,-1.0,0.9781003594398499,0.48906034231185913,0.9126133918762207,1.0,238.70431423187256,1.0,45.901416540145874,easy,0.06916129673222812,0.06905956643706007,0.0005988461145816078,0.0006117587104466295,0.7546784259455466,0.0,success
144,-286.83037155592,-2.132198417732681,-288.9625699736527,False,0.0,0.0,False,1600,-1.0,0.5855801105499268,0.4877673089504242,0.9182313680648804,1.0,217.68295764923096,1.0,45.88600814342499,easy,0.0,0.0,0.008333845989511767,0.008354524304752482,0.8954342820429304,0.0,contact_alignment
145,3215.599910751287,499.21693905193695,3714.816849803224,True,0.0,0.0,False,206,-1.0,0.9969334006309509,0.4864242672920227,0.9155434370040894,1.0,239.4115138053894,1.0,45.7937017083168,easy,0.06619091084446768,0.06613070480914422,0.0009025892179499491,0.0009385683307070388,0.4427585363524098,0.0,success
146,3420.0783053817627,499.2056521304095,3919.283957512172,True,0.0,0.0,False,214,-1.0,1.0,0.4897245764732361,0.9224810600280762,1.0,239.66870546340942,1.0,45.965152978897095,easy,0.058727013629140165,0.058721846103669456,0.0007774875462097824,0.0008151811568250681,0.18237830405878733,0.0,success
147,-280.3729694123771,-2.1160318383332526,-282.4890012507103,False,0.0,0.0,False,1600,-1.0,0.3961396813392639,0.4873364567756653,0.9168230295181274,1.0,216.95967197418213,1.0,45.902720391750336,easy,0.0,0.0,0.008110156248554361,0.008167036601099674,0.8707760316132686,0.0,contact_alignment
148,2995.1278717180544,499.2213419203741,3494.3492136384284,True,0.0,0.0,False,201,-1.0,0.9929139614105225,0.4865055978298187,0.917263388633728,1.0,239.22343969345093,1.0,45.88389694690704,easy,0.06646924471663163,0.06635715125621602,0.0006970210575180407,0.0006985012470991984,0.5864725773698979,0.0,success
149,2541.198714414047,495.98651598989585,3037.185230403943,True,40.26321464752708,0.0,False,189,-1.0,0.32320865988731384,0.49007999897003174,0.9105553030967712,1.0,239.35091972351074,1.0,45.86422026157379,easy,0.07781338203843607,0.07779801074249676,0.00011425825428108428,0.00014108451119511053,1.2935954175487068,0.21303288173294752,success
150,2890.0638156463997,499.22881544084373,3389.2926310872435,True,0.0,0.0,False,198,-1.0,0.6566371321678162,0.48434576392173767,0.9174696803092957,1.0,239.14451241493225,1.0,45.823185443878174,easy,0.06783418686543252,0.06774503665205951,0.0006422605882004264,0.0007059551440182476,0.6791138597339759,0.0,success
151,-269.65824636688706,-2.1138537777440605,-271.7721001446311,False,0.0,0.0,False,1600,-1.0,0.5927929282188416,0.48332202434539795,0.9188199639320374,1.0,217.42111682891846,1.0,45.994987189769745,easy,0.0,0.0,0.007899009730716562,0.007944646072899577,0.8486904780128279,0.0,contact_alignment
152,-295.54173294831554,-2.141145639404799,-297.6828785877203,False,0.0,0.0,False,1600,-1.0,0.6476582884788513,0.48578745126724243,0.9195677042007446,1.0,217.4158012866974,1.0,45.924018025398254,easy,0.0,0.0,0.008541531124075106,0.008545322731688575,0.9111606974400592,0.0,contact_alignment
153,3035.6864019599498,499.2088082444152,3534.895210204365,True,0.0,0.0,False,202,-1.0,0.9808199405670166,0.4877830743789673,0.914969801902771,1.0,239.30946469306946,1.0,45.89497655630112,easy,0.07132156549304525,0.07126126432228426,0.0008577992085606278,0.0008645743717520493,0.7134445099365354,0.0,success
154,-218.87074891967634,-2.1457373398322304,-221.01648625950858,False,0.0,0.0,False,1600,-1.0,0.25516751408576965,0.48603931069374084,0.9186408519744873,1.0,216.43688917160034,1.0,45.93765318393707,easy,0.0,0.0,0.006437541929324825,0.006524294664664663,0.6993200951637374,0.0,contact_alignment
155,4078.9597669660097,499.18007856564986,4578.139845531659,True,0.0,0.0,False,238,-1.0,1.0,0.48873260617256165,0.91441410779953,1.0,239.68418717384338,1.0,45.8978533744812,easy,0.04542281120980682,0.045287085257998363,0.0007892482784722535,0.0008558636479250949,0.5103160640067019,0.0,success
156,3834.5765972289973,498.44991057956645,4333.026507808564,True,0.0,0.0,False,996,-1.0,0.9953935742378235,0.48046183586120605,0.9204341173171997,1.0,239.5548939704895,1.0,45.85833519697189,easy,0.04389080068391367,0.04380192085256367,0.0002461031198487143,0.00034736088850097544,0.3768320274184358,0.0,success
157,1356.9180046632168,499.2630629801549,1856.1810676433718,True,0.0,0.0,False,157,-1.0,0.10459694266319275,0.4869348704814911,0.9178267121315002,1.0,239.76035594940186,1.0,45.81774055957794,easy,0.06877207430581145,0.06867963332151386,0.00022584688489511235,0.00030592834171327586,1.2963296425651492,0.0,success
158,-248.5166779224973,-2.1587931440326242,-250.67547106652992,False,0.0,0.0,False,1600,-1.0,0.28764504194259644,0.4802182614803314,0.9168888926506042,1.0,216.68540239334106,1.0,45.87780952453613,easy,0.0,0.0,0.007282719312633865,0.007294096036277608,0.794806986216286,0.0,contact_alignment
159,-232.30663795212055,-2.151659480319241,-234.4582974324398,False,0.0,0.0,False,1600,-1.0,0.3367713689804077,0.48295947909355164,0.9186446666717529,1.0,216.99283599853516,1.0,45.91541051864624,easy,0.0,0.0,0.006836024840069878,0.006893945583836653,0.7289295312675192,0.0,contact_alignment
160,-254.92097009128014,-2.1478348155122577,-257.0688049067924,False,0.0,0.0,False,1600,-1.0,0.28288304805755615,0.47940734028816223,0.9208046793937683,1.0,215.81452131271362,1.0,45.98653823137283,easy,0.0,0.0,0.007485068762252315,0.00748643913369943,0.8126123793313805,0.0,contact_alignment
161,2899.255895625847,499.2205186010227,3398.47641422687,True,0.0,0.0,False,198,-1.0,0.9990020990371704,0.4864831864833832,0.9132252335548401,1.0,239.43906784057617,1.0,45.77533721923828,easy,0.06966302586493353,0.06952908504130677,0.0006099182315444045,0.0006182894269702791,0.7176044729516375,0.0,success
162,-209.8323904864834,-2.14406969453856,-211.97646018102196,False,0.0,0.0,False,1600,-1.0,0.3882210850715637,0.48080310225486755,0.9180408716201782,1.0,216.26948833465576,1.0,45.98339647054672,easy,0.0,0.0,0.006206663673030134,0.0063304717738932184,0.664724395247374,0.0,contact_alignment
163,3820.724421735309,499.1841702133538,4319.908591948662,True,0.0,0.0,False,227,-1.0,1.0,0.481192022562027,0.9174603223800659,1.0,239.9200701713562,1.0,45.87599039077759,easy,0.05324443959768642,0.053023286727387625,0.0008226221565281717,0.0008252484322602639,0.33362152227264996,0.0,success
164,2984.357462141198,493.97110876844135,3478.3285709096394,True,51.18059135468477,0.0,False,201,-1.0,0.8708516359329224,0.48353326320648193,0.916892945766449,1.0,239.9530792236328,1.0,45.881927609443665,easy,0.07201876712576355,0.07196266049159207,0.0008460612446414284,0.0008540897356415019,0.7630327841296987,0.25462980773475014,success
165,-231.3030815995204,-2.1127891436542336,-233.41587074317462,False,0.0,0.0,False,1600,-1.0,0.501419723033905,0.48169589042663574,0.9223461747169495,1.0,215.6094467639923,1.0,45.93743413686752,easy,0.0,0.0,0.006780800976986634,0.006850807101374314,0.7518482426033535,0.0,contact_alignment
166,-238.5975293805082,-2.1423423657937217,-240.73987174630193,False,0.0,0.0,False,1600,-1.0,0.5943512320518494,0.48126667737960815,0.9211997389793396,1.0,216.49354696273804,1.0,45.89557111263275,easy,0.0,0.0,0.00692931141571901,0.00695622820537038,0.7611846025008466,0.0,contact_alignment
167,-273.4757926871267,-2.1229440537550115,-275.59873674088175,False,0.0,0.0,False,1600,-1.0,0.5127632021903992,0.4833376109600067,0.9206558465957642,1.0,215.95858335494995,1.0,45.90270161628723,medium,0.0,0.0,0.007958349571405815,0.008023966521159463,0.8795812280325617,0.0,contact_alignment
168,4491.26175696179,499.1246046707158,4990.386361632505,True,0.0,0.0,False,294,-1.0,0.335678368806839,0.48687943816185,0.9213975667953491,1.0,239.90878820419312,1.0,46.00017964839935,medium,0.036848512970582184,0.03667643981747579,0.00011210578584323521,0.00016643616087330882,0.681679844640637,0.0,success
169,2868.2752936466923,499.22348424211765,3367.49877788881,True,0.0,0.0,False,198,-1.0,0.19386760890483856,0.48638859391212463,0.924610435962677,1.0,239.28119778633118,1.0,45.83456337451935,medium,0.06751410293628776,0.0674233278408627,0.0007052459803181088,0.0007272175924085754,0.7120712684862374,0.0,success
170,3216.794558139437,499.18468399430003,3715.979242133737,True,0.0,0.0,False,227,-1.0,0.24435612559318542,0.48446473479270935,0.9149550795555115,1.0,239.63045835494995,1.0,45.93745708465576,medium,0.06361886872792125,0.06359759917298176,0.0006111478260463783,0.0007105389024506995,0.3116082505062709,0.0,success
171,-325.7100168092776,-2.131405970397828,-327.84142277967544,False,0.0,0.0,False,1600,-1.0,0.9312540888786316,0.47938549518585205,0.9231016635894775,1.0,216.24918699264526,1.0,45.9140545129776,medium,0.0,0.0,0.009279442475758563,0.009334106468191765,1.0170203657196986,0.0,contact_alignment
172,-234.4027765672952,-2.152651453144074,-236.55542802043928,False,0.0,0.0,False,1600,-1.0,1.0,0.48352381587028503,0.9199526309967041,1.0,216.32695198059082,1.0,45.89131951332092,medium,0.0,0.0,0.006755629812561281,0.006787278350518784,0.7391956620942473,0.0,contact_alignment
173,-266.3669141717329,-2.1663793866770273,-268.5332935584099,False,0.0,0.0,False,1600,-1.0,0.5423117876052856,0.4813218414783478,0.9225459694862366,1.0,215.84742188453674,1.0,45.94496726989746,medium,0.0,0.0,0.007757758828105846,0.007930381050587612,0.8442004132971594,0.0,contact_alignment
174,3135.075861852256,499.2183089039591,3634.294170756215,True,0.0,0.0,False,211,-1.0,1.0,0.4807871878147125,0.9161102175712585,1.0,239.4029438495636,1.0,45.90788155794144,medium,0.06408506970804997,0.06399522617011763,0.000846103759217971,0.0009072423697852625,0.42229277849976,0.0,success
175,-283.7234489499659,-2.1533711393141237,-285.87682008928005,False,0.0,0.0,False,1600,-1.0,1.0,0.47967252135276794,0.9207618832588196,1.0,215.54524183273315,1.0,45.964627265930176,medium,0.0,0.0,0.008109138417553879,0.008111057835806231,0.8916358059763838,0.0,contact_alignment
176,4424.10491399397,499.13784652151037,4923.24276051548,True,0.0,0.0,False,281,-1.0,1.0,0.48332321643829346,0.9157854318618774,1.0,239.38098430633545,1.0,45.98054677248001,medium,0.038160155597958226,0.03798620330280372,0.0003125462594938866,0.00033895162197078156,0.656374304388483,0.0,success
177,3193.7929425482826,492.83885034227956,3686.631792890562,True,56.458652553421125,0.0,False,207,-1.0,1.0,0.4822900891304016,0.9172476530075073,1.0,239.4192934036255,1.0,45.90207368135452,medium,0.06466475996468624,0.06460038364978525,0.0007225421741772184,0.0007643157715854222,0.42328860074373803,0.2727471137846431,success
178,-223.85620841465897,-2.141774373451613,-225.9979827881106,False,0.0,0.0,False,1600,-1.0,0.39640146493911743,0.47560030221939087,0.9190277457237244,1.0,214.75286960601807,1.0,46.02536588907242,medium,0.0,0.0,0.006473118021138381,0.006526096539684891,0.7138914903114936,0.0,contact_alignment
179,4389.8849712352585,499.14542295750243,4889.030394192761,True,0.0,0.0,False,281,-1.0,0.2762966454029083,0.48060837388038635,0.9185681343078613,1.0,239.57717895507812,1.0,45.94579339027405,medium,0.03897763280023578,0.03881467330941572,0.0003642649808978188,0.00043052396348755573,0.5820678697376781,0.0,success
180,4116.612793709178,499.1586346789442,4615.771428388122,True,0.0,0.0,False,254,-1.0,0.9961071610450745,0.4766066372394562,0.9152485728263855,1.0,239.92265820503235,1.0,45.966371297836304,medium,0.044707270451390904,0.04459392620860947,0.0009443390566303018,0.0009515862094984143,0.5149241274658036,0.0,success
181,4438.159359820954,499.12711800934164,4937.286477830296,True,0.0,0.0,False,295,-1.0,0.9890201687812805,0.48191726207733154,0.9165018200874329,1.0,240.28760194778442,1.0,46.078613102436066,medium,0.03768099203710945,0.037465801504717816,0.00010251295935186002,0.00014683086360543982,0.6627404361225223,0.0,success
182,-337.55086914389716,-2.1251607163189505,-339.6760298602161,False,0.0,0.0,False,1600,-1.0,1.0,0.4740253984928131,0.9197852611541748,1.0,214.38803434371948,1.0,46.09735727310181,medium,0.0,0.0,0.00964244824347996,0.009725626071630801,1.0235742364222933,0.0,contact_alignment
183,-247.20117436724536,-2.1418403564097526,-249.3430147236551,False,0.0,0.0,False,1600,-1.0,1.0,0.4749041795730591,0.9218667149543762,1.0,215.36211133003235,1.0,46.03758662939072,medium,0.0,0.0,0.0071225213407487735,0.007245034273694475,0.767638388011028,0.0,contact_alignment
184,-327.53185474594386,-2.142745737346658,-329.67460048329053,False,0.0,0.0,False,1600,-1.0,1.0,0.47608911991119385,0.9206821918487549,1.0,214.04460072517395,1.0,46.02139174938202,medium,0.0,0.0,0.009277610635236442,0.009289701442140233,1.0047913097424002,0.0,contact_alignment
185,3208.2499401836258,499.22006361765176,3707.4700038012775,True,0.0,0.0,False,209,-1.0,1.0,0.4775713086128235,0.9163896441459656,1.0,239.35312032699585,1.0,46.00600838661194,medium,0.06119426077841999,0.061140227252640234,0.000552973124548276,0.0006779895283460006,0.28642976948381077,0.0,success
186,-257.7350741026305,-2.165526920990042,-259.90060102362054,False,0.0,0.0,False,1600,-1.0,0.2616415023803711,0.4744397699832916,0.9200519919395447,1.0,214.6514093875885,1.0,46.071680784225464,medium,0.0,0.0,0.007521987407059402,0.007724168549746758,0.8146810171403324,0.0,contact_alignment
187,4453.700420743892,499.1514341501268,4952.851854894019,True,0.0,0.0,False,273,-1.0,0.1965043693780899,0.4783068895339966,0.9162365198135376,1.0,239.43894386291504,1.0,46.06116026639938,medium,0.03839980743172899,0.03821790877495328,0.0001942223851944977,0.0002062797594689686,0.678452260013277,0.0,success
188,-330.2598888411329,-2.144716425350821,-332.4046052664837,False,0.0,0.0,False,1600,-1.0,1.0,0.4739304482936859,0.9271435141563416,1.0,213.83854985237122,1.0,46.15164130926132,medium,0.0,0.0,0.009483272866053025,0.00958043946676663,1.0342442565440688,0.0,contact_alignment
189,2658.412498263577,499.2299716219295,3157.6424698855067,True,0.0,0.0,False,193,-1.0,0.37264958024024963,0.47675174474716187,0.9170637130737305,1.0,239.16465878486633,1.0,46.1642250418663,medium,0.07189730751319975,0.07175940568976864,0.0004848782182291017,0.0006087503704149797,0.9156647950365943,0.0,success
190,-207.85682732723942,-2.126359772608205,-209.9831870998476,False,0.0,0.0,False,1600,-1.0,0.49308133125305176,0.4742266833782196,0.9202883243560791,1.0,215.84216833114624,1.0,46.12732708454132,medium,0.0,0.0,0.006052836764339211,0.0061291152697354025,0.6658559825203336,0.0,contact_alignment
191,-226.19778210048338,-2.1147248171387867,-228.31250691762216,False,0.0,0.0,False,1600,-1.0,0.6381980776786804,0.47239235043525696,0.9229860901832581,1.0,213.26521515846252,1.0,46.17121785879135,medium,0.0,0.0,0.006520028588723352,0.006556133709661631,0.7164567422036486,0.0,contact_alignment
192,4479.616069141711,499.14183261476546,4978.757901756477,True,0.0,0.0,False,281,-1.0,0.6256422996520996,0.47684213519096375,0.9158685207366943,1.0,239.02693510055542,1.0,46.23842149972916,medium,0.037729845794346864,0.03753777088829044,0.0001460476992036579,0.00016758648101359644,0.7133124856078157,0.0,success
193,-229.6547985589416,-2.1351687039575005,-231.7899672628991,False,0.0,0.0,False,1600,-1.0,1.0,0.47521260380744934,0.923204243183136,1.0,213.82838368415833,1.0,46.15399241447449,medium,0.0,0.0,0.006662353570430289,0.006782481633326515,0.7186767155740544,0.0,contact_alignment
194,-285.8250107668879,-2.1247075320954973,-287.9497182989834,False,0.0,0.0,False,1600,-1.0,0.37773561477661133,0.4749652147293091,0.9194974899291992,1.0,213.76101732254028,1.0,46.148875057697296,medium,0.0,0.0,0.008185542130778184,0.008274986143113465,0.89414824017617,0.0,contact_alignment
195,3865.326657529421,499.1799091081385,4364.506566637559,True,0.0,0.0,False,252,-1.0,1.0,0.47570401430130005,0.9176263213157654,1.0,238.84405255317688,1.0,46.18969291448593,medium,0.04727060202598805,0.04712816385275033,0.0008381885874133965,0.0008774866392057532,0.3312233915751579,0.0,success
196,-301.4629484059385,-2.1506279313657157,-303.6135763373042,False,0.0,0.0,False,1600,-1.0,1.0,0.47175875306129456,0.9192686676979065,1.0,213.7239634990692,1.0,46.165827214717865,medium,0.0,0.0,0.008635535855871537,0.00868529362603246,0.9178539476864424,0.0,contact_alignment
197,4486.875614211138,499.12633165470896,4986.001945865847,True,0.0,0.0,False,296,-1.0,0.9943651556968689,0.47813206911087036,0.9222069978713989,1.0,238.73473525047302,1.0,46.13763898611069,medium,0.0371299726781482,0.03691606829969203,0.00015417393621219768,0.0001577443148647164,0.6963398882392876,0.0,success
198,-328.38557053373654,-2.16705444140875,-330.5526249751453,False,0.0,0.0,False,1600,-1.0,1.0,0.4759080410003662,0.9188230037689209,1.0,215.52574634552002,1.0,46.098233461380005,medium,0.0,0.0,0.009286519243884954,0.009331588048031312,0.9876473361891124,0.0,contact_alignment
199,-364.669512475733,-2.1727119036191036,-366.8422243793521,False,0.0,0.0,False,1600,-1.0,1.0,0.4752189517021179,0.9246296286582947,1.0,214.49369430541992,1.0,46.094478368759155,medium,0.0,0.0,0.010281122967612358,0.010285579203416231,1.0802205245916372,0.0,contact_alignment
200,4575.356544585468,499.13886705918026,5074.495411644649,True,0.0,0.0,False,285,-1.0,0.5373584032058716,0.4773787558078766,0.9139293432235718,1.0,239.45224046707153,1.0,46.133804619312286,medium,0.03678367791165904,0.03658884823965944,0.0003509245087917269,0.0003626921585447753,0.7066193804803902,0.0,success
201,-300.30361038016645,-2.1607944378959365,-302.4644048180624,False,0.0,0.0,False,1600,-1.0,1.0,0.4794226586818695,0.9204718470573425,1.0,216.27466440200806,1.0,46.070331037044525,medium,0.0,0.0,0.00864466284068912,0.008648167082171768,0.9436713303255728,0.0,contact_alignment
202,-224.38856045444135,-2.1445136991317266,-226.53307415357307,False,0.0,0.0,False,1600,-1.0,0.6654607653617859,0.4736524224281311,0.9211864471435547,1.0,213.76391530036926,1.0,46.17164134979248,medium,0.0,0.0,0.006472689870159582,0.006513526299953043,0.7155344132201539,0.0,contact_alignment
203,4394.540310635586,499.1502604232311,4893.690571058817,True,0.0,0.0,False,281,-1.0,0.2775409519672394,0.4774082899093628,0.9200819730758667,1.0,238.95822048187256,1.0,46.15617871284485,medium,0.03876232030623908,0.03855062828753435,0.0003256412955761648,0.00033358673268154226,0.5877182906819276,0.0,success
204,-273.0475048210527,-2.164999265604723,-275.2125040866574,False,0.0,0.0,False,1600,-1.0,1.0,0.4723401665687561,0.9226363897323608,1.0,214.26080226898193,1.0,46.036443412303925,medium,0.0,0.0,0.00771738082539016,0.007775944689916667,0.84428168826956,0.0,contact_alignment
205,4472.387600485287,499.14574392153725,4971.533344406825,True,0.0,0.0,False,294,-1.0,0.9939635992050171,0.47429877519607544,0.915928304195404,1.0,238.98035049438477,1.0,46.17005169391632,medium,0.03809373271788521,0.03794719281956706,0.0004755451085684108,0.0004941681015781945,0.5752817549908965,0.0,success
206,-251.09926603572978,-2.143017826904737,-253.2422838626345,False,0.0,0.0,False,1600,-1.0,0.7640865445137024,0.4740956127643585,0.9207608103752136,1.0,214.4033145904541,1.0,46.13911807537079,medium,0.0,0.0,0.007175399109286133,0.0073593297233132795,0.78968451140585,0.0,contact_alignment
207,4421.904403872637,499.14520798098084,4921.0496118536175,True,0.0,0.0,False,291,-1.0,0.9888805747032166,0.4728075861930847,0.913732647895813,1.0,239.56802010536194,1.0,46.172747015953064,medium,0.0379340974971058,0.03774173771387693,0.00012009306922723174,0.00021086643837794745,0.6353047368648652,0.0,success
208,4506.214821770457,499.1206929627669,5005.335514733224,True,0.0,0.0,False,298,-1.0,0.9864582419395447,0.47602036595344543,0.9223330616950989,1.0,238.99694800376892,1.0,46.14504486322403,medium,0.036750202638670335,0.0365955882414748,0.00013295351453557354,0.00017995198461678532,0.6833227870744542,0.0,success
209,4459.4649277304525,499.16637675745363,4958.631304487906,True,0.0,0.0,False,279,-1.0,1.0,0.47293975949287415,0.9181415438652039,1.0,238.62101674079895,1.0,46.205249428749084,medium,0.038677015680009856,0.03854917011165769,0.00019000385818610606,0.00021691702724366616,0.6095811619753402,0.0,success
210,-349.91316796568003,-2.150160769059756,-352.0633287347398,False,0.0,0.0,False,1600,-1.0,1.0,0.4762386679649353,0.9188580513000488,1.0,214.06400322914124,1.0,46.07987940311432,medium,0.0,0.0,0.009915181824944427,0.010007264334811541,1.076114242482682,0.0,contact_alignment
211,4316.109733727466,499.1490890503849,4815.258822777851,True,0.0,0.0,False,285,-1.0,1.0,0.47293806076049805,0.913051187992096,1.0,239.95803833007812,1.0,46.16926312446594,medium,0.03975231579105029,0.039558293918282555,0.0003251330637566818,0.00041094312675568975,0.5523539653931455,0.0,success
212,2896.2392183361358,499.2283171170848,3395.4675354532205,True,0.0,0.0,False,199,-1.0,0.5485183000564575,0.4789840281009674,0.9148756861686707,1.0,239.0763247013092,1.0,46.15705490112305,medium,0.07038961690158962,0.07032594875119898,0.0005818868169255849,0.0006713871921541422,0.6850110364993686,0.0,success
213,-230.78054209570618,-2.1222091037097304,-232.90275119941592,False,0.0,0.0,False,1600,-1.0,0.6084258556365967,0.47773751616477966,0.9179832339286804,1.0,214.8626208305359,1.0,46.12965941429138,medium,0.0,0.0,0.006680387970039987,0.006743041827474719,0.7264316907996476,0.0,contact_alignment
214,-278.97795109633705,-2.105655555182854,-281.0836066515199,False,0.0,0.0,False,1600,-1.0,1.0,0.477753609418869,0.9187524914741516,1.0,214.43647861480713,1.0,46.17145776748657,medium,0.0,0.0,0.008032896316409481,0.008219455962962568,0.8632937021360604,0.0,contact_alignment
215,3229.5117263611287,499.1883559850696,3728.7000823461985,True,0.0,0.0,False,234,-1.0,0.26672857999801636,0.4776122272014618,0.910899817943573,1.0,239.13643836975098,1.0,46.17046684026718,medium,0.06138733914193393,0.06136336275813509,0.0004914729656946401,0.0005662063470159855,0.10041711971233082,0.0,success
216,4446.400783204254,499.1485605434252,4945.54934374768,True,0.0,0.0,False,287,-1.0,0.9862351417541504,0.4793369472026825,0.9175845980644226,1.0,239.52380657196045,1.0,46.24894201755524,medium,0.03832299005776875,0.03815882129754178,0.00025503524116084815,0.0002925536178857169,0.6093973416572255,0.0,success
217,-266.4297635820412,-2.130635239078943,-268.56039882112015,False,0.0,0.0,False,1600,-1.0,0.5099207758903503,0.4745419919490814,0.9201055765151978,1.0,214.77673530578613,1.0,46.11982733011246,medium,0.0,0.0,0.0076407382284478815,0.007714544439267709,0.8423619067073099,0.0,contact_alignment
218,-269.871147216814,-2.1395774100496,-272.0107246268636,False,0.0,0.0,False,1600,-1.0,0.4066486060619354,0.4728737473487854,0.9148507714271545,1.0,215.27066230773926,1.0,46.11536920070648,medium,0.0,0.0,0.007800905606594834,0.00785688797895042,0.8735870703440508,0.0,contact_alignment
219,-262.6880990778336,-2.1146242476730137,-264.80272332550663,False,0.0,0.0,False,1600,-1.0,1.0,0.4770371913909912,0.918846845626831,1.0,216.05226397514343,1.0,46.1251637339592,medium,0.0,0.0,0.007518928917746098,0.00758198965136078,0.819302523173921,0.0,contact_alignment
220,-188.19855383179527,-2.1370676352427425,-190.335621467038,False,0.0,0.0,False,1600,-1.0,0.27009209990501404,0.4749032258987427,0.9140575528144836,1.0,214.2685043811798,1.0,46.153324842453,medium,0.0,0.0,0.005553779286209308,0.0057113174671234645,0.6379404169077291,0.0,contact_alignment
221,4347.162054079111,499.1522584205601,4846.314312499671,True,0.0,0.0,False,279,-1.0,1.0,0.48199039697647095,0.9103890657424927,1.0,239.73585486412048,1.0,46.17952287197113,medium,0.039028722964488116,0.03886935642777126,0.000699971166684294,0.0007389298197035706,0.7129601621513381,0.0,success
222,-232.56999176205895,-2.147169512293636,-234.71716127435258,False,0.0,0.0,False,1600,-1.0,0.8375135064125061,0.4776480197906494,0.9156472086906433,1.0,214.23084616661072,1.0,46.09303057193756,medium,0.0,0.0,0.0067345632980637515,0.0067672601686502255,0.7388029598075321,0.0,contact_alignment
223,1470.234327832848,499.26815818375,1969.5024860165981,True,0.0,0.0,False,161,-1.0,0.31775444746017456,0.48081308603286743,0.9132577180862427,1.0,239.7372341156006,1.0,46.1507984995842,medium,0.07052731764656421,0.07032042538134178,0.000625727440764073,0.0008116609291929821,1.5517868341306087,0.0,success
224,3722.8851104502874,492.88436526127543,4215.769475711562,True,50.78520991592985,0.0,False,226,-1.0,1.0,0.4807240664958954,0.9141610264778137,1.0,238.90618085861206,1.0,46.20950311422348,medium,0.05350694606773074,0.05316304538280428,0.0008994285288730112,0.0009133603394503064,0.45170952621952704,0.4438720669190427,success
225,-218.37469874654198,-2.1303807465578957,-220.50507949309988,False,0.0,0.0,False,1600,-1.0,0.43950605392456055,0.4775184690952301,0.9152128100395203,1.0,215.1168990135193,1.0,46.13793522119522,medium,0.0,0.0,0.006275931037421988,0.0063487350854418865,0.7265712306943183,0.0,contact_alignment
226,4527.596715113989,499.13986341107886,5026.736578525069,True,0.0,0.0,False,284,-1.0,0.263236403465271,0.4822430908679962,0.9099230170249939,1.0,239.31645393371582,1.0,46.20655119419098,medium,0.03703022390422726,0.036870801450397284,9.830526854826e-05,0.00014637263517178865,0.7328506153047937,0.0,success
227,-357.1115822966408,-2.171733066295415,-359.2833153629362,False,0.0,0.0,False,1600,-1.0,1.0,0.47853487730026245,0.9145728945732117,1.0,214.8573362827301,1.0,46.08503848314285,medium,0.0,0.0,0.01017298655590411,0.010338150936573967,1.0871220263989665,0.0,contact_alignment
228,4375.752110520743,499.1460040491699,4874.898114569914,True,0.0,0.0,False,285,-1.0,0.999656617641449,0.4789314270019531,0.9162854552268982,1.0,239.63778853416443,1.0,46.24034911394119,medium,0.038612491649245295,0.03848085967630546,0.0003101641992893982,0.00034046671347672105,0.6033299123473089,0.0,success
229,3764.1272500462183,499.19903258449443,4263.326282630713,True,0.0,0.0,False,232,-1.0,0.17135193943977356,0.4800662398338318,0.9156462550163269,1.0,238.72938871383667,1.0,46.250882148742676,medium,0.05019495431289403,0.05005248681618518,0.0007239349112538418,0.0007451264470236184,0.266205757562701,0.0,success
230,3081.734586414392,499.20420257787674,3580.938788992269,True,0.0,0.0,False,219,-1.0,0.22134847939014435,0.4796751141548157,0.9117569923400879,1.0,239.52346563339233,1.0,46.276604533195496,medium,0.06461473251442694,0.06443771163998499,0.0006195758308031819,0.0006716629228863156,0.34844956816708805,0.0,success
231,-269.47978369096705,-2.1333997908176685,-271.61318348178474,False,0.0,0.0,False,1600,-1.0,0.4436018168926239,0.47773122787475586,0.9158528447151184,1.0,214.89621877670288,1.0,46.06725186109543,medium,0.0,0.0,0.007734212895256812,0.007779101411783935,0.8622491292936488,0.0,contact_alignment
232,4636.004158844223,499.13886129497064,5135.143020139193,True,0.0,0.0,False,297,-1.0,0.9836610555648804,0.48239341378211975,0.9147619605064392,1.0,238.73295307159424,1.0,46.24134212732315,medium,0.03691979478095658,0.03679678398928993,0.0008225706759748943,0.0008699097648865505,0.5981179276623987,0.0,success
233,-208.45034556431744,-2.1427201610280373,-210.59306572534547,False,0.0,0.0,False,1600,-1.0,0.08669953048229218,0.47707101702690125,0.9130459427833557,1.0,214.18396711349487,1.0,46.187195777893066,medium,0.0,0.0,0.00611892617917807,0.006345004326535079,0.6785236937319987,0.0,contact_alignment
234,2174.3589519535717,491.7234354793501,2666.0823874329217,True,61.309233478252075,0.0,False,180,-1.0,1.0,0.4773523211479187,0.9114933013916016,1.0,239.0991985797882,1.0,46.19907855987549,medium,0.0774979840162047,0.07746289728896544,0.0003127575480178937,0.0004072482910176481,1.5332653285551956,0.34060685265695595,success
235,4538.494105418434,499.15405503324024,5037.648160451674,True,0.0,0.0,False,287,-1.0,0.5931182503700256,0.4785318672657013,0.9105603098869324,1.0,239.28211212158203,1.0,46.263507604599,medium,0.03705996621460287,0.0369137467110016,0.000119457401621845,0.00013422732352327913,0.7204387661464702,0.0,success
236,-271.39525666294196,-2.1373629486884185,-273.53261961163037,False,0.0,0.0,False,1600,-1.0,1.0,0.47120097279548645,0.9140933156013489,1.0,214.3613636493683,1.0,46.17551952600479,medium,0.0,0.0,0.007643192964494641,0.007660606563077031,0.8366022862093163,0.0,contact_alignment
237,4362.721860294281,499.16978010041385,4861.891640394695,True,0.0,0.0,False,281,-1.0,0.25726404786109924,0.47797614336013794,0.9093039035797119,1.0,239.62125301361084,1.0,46.29976511001587,medium,0.03927414276911087,0.039117694921629156,0.0003398998039059525,0.0004480978118783802,0.5883723784248603,0.0,success
238,4376.195336932059,499.16775290510435,4875.363089837163,True,0.0,0.0,False,277,-1.0,0.25925981998443604,0.4768700897693634,0.9147221446037292,1.0,239.46590900421143,1.0,46.31723463535309,medium,0.03914247635750192,0.038977476540272976,0.00032546843636173264,0.00039906378189712946,0.60770301492098,0.0,success
239,4430.24186949566,499.1656887358933,4929.407558231553,True,0.0,0.0,False,288,-1.0,0.3035506010055542,0.4746670424938202,0.9102759957313538,1.0,239.78042483329773,1.0,46.308370530605316,medium,0.038294756533419655,0.03812558471557667,0.0002797729510095893,0.0002930583145740915,0.6212044432143373,0.0,success
240,4447.435204778586,499.1553967345612,4946.590601513147,True,0.0,0.0,False,285,-1.0,0.457083135843277,0.4780169427394867,0.9158282279968262,1.0,240.07874608039856,1.0,46.3208270072937,medium,0.037916259727336615,0.03775386429410546,0.00021846083197806464,0.00027489859864556816,0.6867500495345611,0.0,success
241,3892.9885812266584,499.20396992983757,4392.192551156496,True,0.0,0.0,False,243,-1.0,0.15278755128383636,0.4743710160255432,0.9059745669364929,1.0,239.742534160614,1.0,46.34445697069168,medium,0.04726370418616169,0.04707833786271065,0.0007538197427759729,0.000881750174658523,0.4130682917991448,0.0,success
242,-317.1883291603016,-2.0887721215222825,-319.2771012818239,False,0.0,0.0,False,1600,-1.0,1.0,0.4748024046421051,0.9164684414863586,1.0,213.5675811767578,1.0,46.19497299194336,medium,0.0,0.0,0.009017597591981258,0.00912380819442909,0.9674924498240342,0.0,contact_alignment
243,3810.5484005274707,499.1966069320335,4309.745007459504,True,0.0,0.0,False,239,-1.0,1.0,0.47573956847190857,0.9105449318885803,1.0,239.85518336296082,1.0,46.34350776672363,medium,0.051367948109622905,0.05126091932353492,0.0007689171281505822,0.0008747110504104184,0.3342196529651122,0.0,success
244,3924.1509274595555,499.20200450678584,4423.352931966341,True,0.0,0.0,False,237,-1.0,0.2536575198173523,0.47800374031066895,0.9107482433319092,1.0,239.39128994941711,1.0,46.318659484386444,medium,0.048461994395368274,0.04805158099916841,0.0008910280144289707,0.0008911025590541182,0.6920252429624791,0.0,success
245,3008.9195229593997,499.2265271415436,3508.1460501009433,True,0.0,0.0,False,209,-1.0,0.20241805911064148,0.47685927152633667,0.9115268588066101,1.0,239.7507631778717,1.0,46.30185544490814,medium,0.06598071636948044,0.06581178152574275,0.0007020838259929696,0.0008963384048380002,0.5263735915214488,0.0,success
246,4213.1263653002015,499.1876134874189,4712.313978787621,True,0.0,0.0,False,246,-1.0,0.809639036655426,0.47216299176216125,0.9072200655937195,1.0,239.74997282028198,1.0,46.30006343126297,medium,0.04363299417505047,0.043504660773873965,0.0004416513374326789,0.0006508131079649252,0.587755451623522,0.0,success
247,-283.24737410063807,-2.061171562228208,-285.30854566286627,False,0.0,0.0,False,1600,-1.0,1.0,0.47279080748558044,0.9160211682319641,1.0,213.9971947669983,1.0,46.21337711811066,medium,0.0,0.0,0.00806168351547605,0.008183450225636513,0.8648913870744964,0.0,contact_alignment
248,-339.362809323739,-2.05897868223114,-341.42178800597014,False,0.0,0.0,False,1600,-1.0,1.0,0.47311925888061523,0.9131890535354614,1.0,213.86720418930054,1.0,46.21993601322174,medium,0.0,0.0,0.009716208488305279,0.009934463255988723,1.0444474128551033,0.0,contact_alignment
249,-251.80520811828399,-2.063769882067012,-253.868978000351,False,0.0,0.0,False,1600,-1.0,1.0,0.47656866908073425,0.9147305488586426,1.0,214.31989312171936,1.0,46.18183225393295,medium,0.0,0.0,0.007140337272244621,0.007258002888264292,0.7696882096939913,0.0,contact_alignment
250,4357.053103864757,499.1633093416524,4856.216413206409,True,0.0,0.0,False,288,-1.0,0.983622670173645,0.4759625196456909,0.9137040972709656,1.0,240.2035140991211,1.0,46.36729419231415,medium,0.03921524423228831,0.03905738424363994,0.00026183830483309694,0.00036764567664555094,0.5911072639431847,0.0,success
251,-319.48243763580626,-2.0874711510657065,-321.56990878687196,False,0.0,0.0,False,1600,-1.0,1.0,0.4763365387916565,0.91400146484375,1.0,214.2553472518921,1.0,46.158456802368164,medium,0.0,0.0,0.009169609830226882,0.00922171162390662,0.9780753499270638,0.0,contact_alignment
252,3827.1141033128843,499.1991091786366,4326.313212491521,True,0.0,0.0,False,245,-1.0,0.20121729373931885,0.47851327061653137,0.9110293388366699,1.0,239.85377311706543,1.0,46.31869077682495,medium,0.04840748142576804,0.04823772446206348,0.000822104347886385,0.0009472705832587665,0.38887975955855936,0.0,success
253,3880.5827649993043,499.2027287994442,4379.785493798749,True,0.0,0.0,False,234,-1.0,1.0,0.4755569398403168,0.9122415781021118,1.0,239.82445240020752,1.0,46.312905848026276,medium,0.047958230858611235,0.04787762646155433,0.0008712083522862499,0.000943339775887458,0.34412536009964556,0.0,success
254,-315.9114656185249,-2.0960018355389,-318.00746745406383,False,0.0,0.0,False,1600,-1.0,1.0,0.47650808095932007,0.9162946939468384,1.0,214.58515882492065,1.0,46.158369183540344,medium,0.0,0.0,0.0090564348270002,0.00919981908161343,0.9745116395128034,0.0,contact_alignment
255,3197.853393776194,499.2039711021879,3697.057364878382,True,0.0,0.0,False,234,-1.0,0.2761154770851135,0.47820764780044556,0.9150784015655518,1.0,239.89800214767456,1.0,46.34101688861847,medium,0.061409162748978154,0.0612460894474727,0.0006167997609260621,0.0006603915288310207,0.20133242608484614,0.0,success
256,-270.5815788601346,-2.073835981611134,-272.6554148417457,False,0.0,0.0,False,1600,-1.0,1.0,0.4766782522201538,0.9147372245788574,1.0,214.79004740715027,1.0,46.15998387336731,medium,0.0,0.0,0.007802100682630512,0.007837186346083654,0.832296098908712,0.0,contact_alignment
257,-234.69746464553162,-2.0602887040808824,-236.7577533496125,False,0.0,0.0,False,1600,-1.0,0.9973563551902771,0.4774770438671112,0.9127272963523865,1.0,214.92374181747437,1.0,46.23063385486603,medium,0.0,0.0,0.006765115588644819,0.006786274339394341,0.7390861787785883,0.0,contact_alignment
258,4434.310331016213,499.1634769099755,4933.473807926189,True,0.0,0.0,False,288,-1.0,0.9986830949783325,0.47899550199508667,0.9109393954277039,1.0,239.83857035636902,1.0,46.32665157318115,medium,0.03839295887085348,0.038213202067226115,0.0001716500309565459,0.00018237764714267355,0.6206217608684814,0.0,success
259,4405.949144274662,499.16193194639715,4905.111076221059,True,0.0,0.0,False,284,-1.0,0.29480040073394775,0.4740998446941376,0.9080228209495544,1.0,239.97733235359192,1.0,46.29733681678772,medium,0.03849060483943688,0.03831841126619401,0.00030921865058663794,0.000313981625668575,0.6744532571040152,0.0,success
260,-288.415092724052,-2.0946943610942803,-290.5097870851463,False,0.0,0.0,False,1600,-1.0,0.6295631527900696,0.4745994508266449,0.9150100350379944,1.0,215.26548624038696,1.0,46.143626272678375,medium,0.0,0.0,0.008277753081114067,0.008393343720486345,0.9079736550448049,0.0,contact_alignment
261,-370.6479913985648,-2.1721369591518354,-372.8201283577166,False,0.0,0.0,False,1600,-1.0,1.0,0.4733169674873352,0.9176117777824402,1.0,214.47142481803894,1.0,46.1371174454689,medium,0.0,0.0,0.010466437913997232,0.010471215552020064,1.1121325223296525,0.0,contact_alignment
262,-275.1147437503611,-2.143891257422928,-277.258635007784,False,0.0,0.0,False,1600,-1.0,1.0,0.4759613871574402,0.9154247641563416,1.0,215.0875473022461,1.0,46.16278558969498,medium,0.0,0.0,0.007863462072571742,0.007975162249797238,0.8654938084747721,0.0,contact_alignment
263,-236.394019922162,-2.1242794662629483,-238.51829938842494,False,0.0,0.0,False,1600,-1.0,1.0,0.47560974955558777,0.9199935793876648,1.0,215.0199794769287,1.0,46.15188539028168,medium,0.0,0.0,0.006793533057431822,0.0068098141836453385,0.746082052974012,0.0,contact_alignment
264,-241.21250770505117,-2.116545184712919,-243.32905288976409,False,0.0,0.0,False,1600,-1.0,0.3558708131313324,0.47815757989883423,0.9146690368652344,1.0,215.22367477416992,1.0,46.146236062049866,medium,0.0,0.0,0.007021456886769247,0.007229195510891781,0.7778118865249417,0.0,contact_alignment
265,4378.081801788974,499.16828205603673,4877.2500838450105,True,0.0,0.0,False,286,-1.0,0.2910516560077667,0.4772018492221832,0.9138952493667603,1.0,240.08150458335876,1.0,46.35074883699417,medium,0.03885613908295827,0.03868944634816529,0.0003804080912902533,0.0004336800280090891,0.6337066048224838,0.0,success
266,-239.20357808899936,-2.1421445881053165,-241.34572267710467,False,0.0,0.0,False,1600,-1.0,0.7265415787696838,0.4791465997695923,0.9150374531745911,1.0,214.63541626930237,1.0,46.183405220508575,medium,0.0,0.0,0.006925878041325809,0.006995914819071463,0.7645268296021889,0.0,contact_alignment
267,-286.65522187724594,-2.2154178054110214,-288.87063968265693,False,0.0,0.0,False,1600,-1.0,1.0,0.4754253923892975,0.9183160662651062,1.0,214.79238748550415,1.0,46.265645921230316,medium,0.0,0.0,0.008135961201885172,0.00816493501592427,0.8792589160255204,0.0,contact_alignment
268,-266.8046801519469,-2.182530001191888,-268.9872101531388,False,0.0,0.0,False,1600,-1.0,0.7145190238952637,0.4776741564273834,0.9152151346206665,1.0,214.76725101470947,1.0,46.25240921974182,medium,0.0,0.0,0.0077022482424158765,0.007739087354883974,0.8682373935093344,0.0,contact_alignment
269,-211.77490179707576,-2.180653025798282,-213.95555482287403,False,0.0,0.0,False,1600,-1.0,0.5628707408905029,0.4724307358264923,0.9150565266609192,1.0,214.27944540977478,1.0,46.19054198265076,medium,0.0,0.0,0.005858950895826644,0.005943467570068001,0.6709725654508584,0.0,contact_alignment
270,4312.462675662951,499.1745453688068,4811.637221031759,True,0.0,0.0,False,279,-1.0,1.0,0.4775565266609192,0.9171208739280701,1.0,240.49204111099243,1.0,46.372436583042145,medium,0.03994824786925629,0.03978364674237224,0.0004409172224464411,0.000522400854468434,0.5689580324811282,0.0,success
271,-245.72005896735902,-2.1799792127771527,-247.90003818013616,False,0.0,0.0,False,1600,-1.0,0.530007541179657,0.474916011095047,0.9188777804374695,1.0,214.26903128623962,1.0,46.12817823886871,medium,0.0,0.0,0.007124588056879218,0.007251395113914007,0.7726953674039196,0.0,contact_alignment
272,-339.0249565192697,-2.24958563540904,-341.2745421546788,False,0.0,0.0,False,1600,-1.0,1.0,0.4774370789527893,0.9177248477935791,1.0,214.57967281341553,1.0,46.22544765472412,medium,0.0,0.0,0.009698948604385093,0.00974726638892518,1.0471874284194567,0.0,contact_alignment
273,3438.772401349718,491.7264686726378,3930.4988700223557,True,61.17269314557885,0.0,False,215,-1.0,0.8483824729919434,0.47680097818374634,0.917961835861206,1.0,241.14723205566406,1.0,46.415284276008606,medium,0.06234492319068428,0.06210994350141241,0.0006536971716082571,0.0008319858355745552,0.25697673402058074,0.284524154165483,success
274,3764.1215666880903,499.1956293196586,4263.317196007749,True,0.0,0.0,False,253,-1.0,1.0,0.4799546003341675,0.912390410900116,1.0,240.83082556724548,1.0,46.40784502029419,medium,0.04823222902391627,0.048072028157113894,0.0009281972734889319,0.0009468598313092613,0.3532597862049297,0.0,success
275,4316.763781151155,499.17778056607284,4815.941561717228,True,0.0,0.0,False,289,-1.0,0.47240206599235535,0.48016175627708435,0.9124746918678284,1.0,240.89654922485352,1.0,46.39269530773163,medium,0.039419187119800136,0.039248888487162986,0.00042013472171714125,0.00048230496034996364,0.5886050676282238,0.0,success
276,4489.828250570948,499.15935115698426,4988.987601727932,True,0.0,0.0,False,300,-1.0,0.9878152012825012,0.47811391949653625,0.9180046319961548,1.0,240.91317772865295,1.0,46.40742778778076,medium,0.03765330209567564,0.03748831364589389,0.0006678254525841634,0.0006712964702133024,0.6348219788375156,0.0,success
277,4355.186450641001,499.179261226288,4854.365711867289,True,0.0,0.0,False,285,-1.0,0.285732626914978,0.4832647442817688,0.9092268943786621,1.0,241.07200860977173,1.0,46.41168564558029,medium,0.03905060761893678,0.03889639802529771,0.0003515054312377587,0.0003897864769670253,0.6338458948237125,0.0,success
278,-281.8050497192052,-2.153664987264043,-283.95871470646927,False,0.0,0.0,False,1600,-1.0,1.0,0.48003828525543213,0.9171344637870789,1.0,214.82077836990356,1.0,46.21153920888901,medium,0.0,0.0,0.007982617851399667,0.008002047580024303,0.8555129637609139,0.0,contact_alignment
279,4358.934521854005,499.1773375693646,4858.111859423369,True,0.0,0.0,False,294,-1.0,1.0,0.47735264897346497,0.9126676321029663,1.0,241.18631601333618,1.0,46.41908526420593,medium,0.03852202328918727,0.038344592868718344,0.00023382300212869688,0.0002410624783882444,0.6644485874730174,0.0,success
280,4317.104121993862,499.17315373603356,4816.277275729895,True,0.0,0.0,False,281,-1.0,0.28497448563575745,0.4775191843509674,0.9129582643508911,1.0,241.14479899406433,1.0,46.411572992801666,medium,0.0396149849998112,0.039430737735740726,0.0003739993593732663,0.00044728010974278575,0.6259271451547174,0.0,success
281,-337.14019775735096,-2.1940440985148895,-339.33424185586586,False,0.0,0.0,False,1600,-1.0,1.0,0.4775608479976654,0.920663058757782,1.0,215.61598658561707,1.0,46.22778832912445,medium,0.0,0.0,0.00955848791083237,0.009590811196752098,1.0327064309383613,0.0,contact_alignment
282,4492.261519165192,499.17447659786774,4991.4359957630595,True,0.0,0.0,False,291,-1.0,0.29928797483444214,0.47923755645751953,0.9099981188774109,1.0,241.11650109291077,1.0,46.42715036869049,medium,0.037431670353157184,0.03728035806106807,0.00010533367846852929,0.00014297496788592446,0.7246146230080671,0.0,success
283,2013.7658450815952,499.25147669441805,2513.0173217760134,True,0.0,0.0,False,176,-1.0,0.1821269690990448,0.47874096035957336,0.9116342067718506,1.0,241.2606406211853,1.0,46.43828213214874,medium,0.07839160048405443,0.0782969316938937,0.00018017585224312669,0.00023698179232010792,1.739053554947902,0.0,success
284,4515.90023288073,499.1833264423472,5015.083559323078,True,0.0,0.0,False,282,-1.0,0.24328815937042236,0.48132312297821045,0.9112241268157959,1.0,241.1808454990387,1.0,46.436903178691864,medium,0.03746609570527636,0.03727103144465173,0.00010719820181211059,0.00019988202962366558,0.7855330555507541,0.0,success
285,-286.5303658251797,-2.1037654927901865,-288.63413131796983,False,0.0,0.0,False,1600,-1.0,1.0,0.47612515091896057,0.9198830127716064,1.0,214.9631667137146,1.0,46.246872544288635,medium,0.0,0.0,0.00804766858793444,0.00807230418477564,0.8763268455257331,0.0,contact_alignment
286,4352.92992902587,499.1803716015444,4852.110300627414,True,0.0,0.0,False,293,-1.0,0.34557396173477173,0.4745590090751648,0.9095216989517212,1.0,241.42412066459656,1.0,46.42884433269501,medium,0.038696756164604856,0.038513217866928545,0.00027655817404721587,0.0002998882990672767,0.6412975464462403,0.0,success
287,4432.608020738272,499.18248405386214,4931.790504792134,True,0.0,0.0,False,279,-1.0,0.25276246666908264,0.47830694913864136,0.9098996520042419,1.0,241.28521919250488,1.0,46.42533540725708,medium,0.03866586115317858,0.038474237960562624,0.00020254161067230272,0.00024176881555116776,0.673213042308619,0.0,success
288,4492.022638769137,499.18167903261576,4991.204317801753,True,0.0,0.0,False,290,-1.0,0.37968239188194275,0.47656333446502686,0.9127653241157532,1.0,241.2386190891266,1.0,46.44162833690643,medium,0.0373641102051452,0.03722373753452571,0.00019651054189815428,0.000260804359240264,0.7392227574540989,0.0,success
289,-260.04298914216156,-2.03552344805758,-262.07851259021913,False,0.0,0.0,False,1600,-1.0,1.0,0.4760740399360657,0.9157078862190247,1.0,214.4688057899475,1.0,46.38820797204971,medium,0.0,0.0,0.00746875443983336,0.007588767846113936,0.8178712237156277,0.0,contact_alignment
290,4382.805656129407,499.20039436122727,4882.006050490634,True,0.0,0.0,False,271,-1.0,0.5304477214813232,0.4754870533943176,0.9111551642417908,1.0,241.2748670578003,1.0,46.464651226997375,medium,0.03958609865489452,0.039424044250866055,0.0003369216769586444,0.00041128882676291274,0.6600223849105548,0.0,success
291,-371.7863651304209,-2.13810153105538,-373.9244666614763,False,0.0,0.0,False,1600,-1.0,1.0,0.47745561599731445,0.918729841709137,1.0,214.98013615608215,1.0,46.214101016521454,medium,0.0,0.0,0.01056430852419838,0.010614315549024924,1.112960640267534,0.0,contact_alignment
292,-282.27144361102023,-2.071288633762632,-284.34273224478284,False,0.0,0.0,False,1600,-1.0,0.5167652368545532,0.47484225034713745,0.9152041673660278,1.0,214.11407470703125,1.0,46.35935842990875,medium,0.0,0.0,0.00814758475296048,0.008328899777043904,0.8901853237006089,0.0,contact_alignment
293,4490.297084610026,499.1686139597956,4989.465698569822,True,0.0,0.0,False,295,-1.0,0.7685619592666626,0.47676584124565125,0.9108778834342957,1.0,241.23660445213318,1.0,46.43819451332092,medium,0.03722713970955995,0.03705574314265073,7.316184561493228e-05,7.391007049718647e-05,0.7599688100352222,0.0,success
294,3741.5064519751245,498.53733733833775,4240.043789313462,True,0.0,0.0,False,1001,-1.0,1.0,0.47151950001716614,0.9133312106132507,1.0,241.356041431427,1.0,46.44886523485184,medium,0.0454628367023376,0.04538432334940412,0.00032829226023591875,0.0003521901599481089,0.3467991558927179,0.0,success
295,-282.0073089535066,-2.0527285169199136,-284.0600374704265,False,0.0,0.0,False,1600,-1.0,0.34817975759506226,0.4733150601387024,0.9157451391220093,1.0,214.10948753356934,1.0,46.41279339790344,medium,0.0,0.0,0.008157105921115126,0.008358916562683743,0.9107407216935777,0.0,contact_alignment
296,4376.6886668475945,499.204879355581,4875.893546203176,True,0.0,0.0,False,270,-1.0,0.9450383186340332,0.4715801775455475,0.9106743335723877,1.0,241.43303155899048,1.0,46.436976194381714,medium,0.03972378633986931,0.03955934149293855,0.00034179805265883675,0.0003977321086813043,0.655132942222324,0.0,success
297,4494.0421784894115,499.18974050359265,4993.231918993004,True,0.0,0.0,False,291,-1.0,0.27271661162376404,0.4722270369529724,0.9115866422653198,1.0,241.44866824150085,1.0,46.44956409931183,medium,0.03752882366426394,0.03738246359394645,0.00027055687158248585,0.00027391147659507477,0.6898241049133549,0.0,success
298,-231.40579042599234,-2.0407940022348163,-233.44658442822714,False,0.0,0.0,False,1600,-1.0,1.0,0.47663548588752747,0.9137763977050781,1.0,214.67541456222534,1.0,46.35975271463394,medium,0.0,0.0,0.006678383580636542,0.006888259412391571,0.7095503793253648,0.0,contact_alignment
299,-318.5212865693844,-2.1474623833279196,-320.66874895271235,False,0.0,0.0,False,1600,-1.0,1.0,0.47061407566070557,0.9141966104507446,1.0,214.6563220024109,1.0,46.14137530326843,medium,0.0,0.0,0.009098811020125813,0.009125241412460261,0.9975885751522421,0.0,contact_alignment
300,3457.41063838953,499.2416310033109,3956.652269392841,True,0.0,0.0,False,216,-1.0,0.9972862005233765,0.4747663140296936,0.9093798995018005,1.0,241.57498598098755,1.0,46.44562125205994,medium,0.060084628380712074,0.05989175843983954,0.0005537434663248336,0.0009391906114762208,0.2741181691335522,0.0,success
301,4489.910030817399,499.18479141131303,4989.0948222287125,True,0.0,0.0,False,283,-1.0,0.2520468235015869,0.47258901596069336,0.9093174934387207,1.0,241.40646934509277,1.0,46.44302397966385,medium,0.037852895432307326,0.03767096300942652,0.00014366768669023537,0.00019820459237536092,0.7654163326935981,0.0,success
302,4265.9042285704,499.1924028252248,4765.096631395625,True,0.0,0.0,False,286,-1.0,1.0,0.47202035784721375,0.9094854593276978,1.0,241.45272850990295,1.0,46.442435681819916,medium,0.04036478433583358,0.04019275751083226,0.000484198542236664,0.0005286459715438033,0.557887322809846,0.0,success
303,2936.518836278692,499.2558622207483,3435.7746984994405,True,0.0,0.0,False,201,-1.0,0.9930575489997864,0.47199949622154236,0.9099537134170532,1.0,241.54741644859314,1.0,46.45392209291458,medium,0.06814111452546315,0.0680658885497033,0.0008896154479468405,0.0009646451961631055,0.6403563358162825,0.0,success
304,4508.505013664628,499.18890977888543,5007.693923443513,True,0.0,0.0,False,284,-1.0,0.2713509500026703,0.4707890748977661,0.9083520770072937,1.0,241.61245822906494,1.0,46.44976854324341,medium,0.037851113791514075,0.03769439210839712,0.0001902370000619332,0.0002079633682670797,0.7221889513625154,0.0,success
305,-278.05250195616577,-2.0629315189888686,-280.11543347515465,False,0.0,0.0,False,1600,-1.0,1.0,0.4719989597797394,0.9148926734924316,1.0,214.80621099472046,1.0,46.35114103555679,medium,0.0,0.0,0.007928227851651393,0.008013120522221005,0.8653718063999358,0.0,contact_alignment
306,-363.98081897180697,-2.1389274265014526,-366.1197463983084,False,0.0,0.0,False,1600,-1.0,1.0,0.4758389890193939,0.9139268398284912,1.0,213.58484506607056,1.0,46.216155886650085,medium,0.0,0.0,0.010382388856667764,0.010481585557606338,1.1032460204725127,0.0,contact_alignment
307,-341.2001087190727,-2.124547082500398,-343.3246558015731,False,0.0,0.0,False,1600,-1.0,1.0,0.4755170941352844,0.9139172434806824,1.0,214.32432532310486,1.0,46.33164793252945,medium,0.0,0.0,0.009666532864091141,0.00969560351288646,1.0330602684337564,0.0,contact_alignment
308,3881.2728660002126,499.2227600286111,4380.495626028824,True,0.0,0.0,False,244,-1.0,1.0,0.4730888903141022,0.9074187278747559,1.0,241.47640824317932,1.0,46.45540535449982,medium,0.04787833230119364,0.04784648326711555,0.0008884054525721041,0.000902749571302597,0.2751048417707436,0.0,success
309,-230.0919832634904,-1.9955532391245572,-232.08753650261494,False,0.0,0.0,False,1600,-1.0,0.37188446521759033,0.47526946663856506,0.9116530418395996,1.0,214.00488138198853,1.0,46.41968607902527,medium,0.0,0.0,0.006677650269803945,0.006704870772994769,0.7407420651854602,0.0,contact_alignment
310,4032.1055870438095,499.22455756510715,4531.330144608916,True,0.0,0.0,False,236,-1.0,1.0,0.4737805724143982,0.9196851849555969,1.0,241.4447009563446,1.0,46.46277576684952,medium,0.04894480402424459,0.048658275171759066,0.0004468899209691779,0.00046862098312622626,0.6072431980331949,0.0,success
311,-285.15209099675803,-2.0749343344648428,-287.2270253312229,False,0.0,0.0,False,1600,-1.0,1.0,0.4738163352012634,0.9132987856864929,1.0,213.2149577140808,1.0,46.3772451877594,medium,0.0,0.0,0.008090637349543447,0.00812593445822588,0.8961992718393883,0.0,contact_alignment
312,2949.3556511580514,499.24937895172394,3448.6050301097753,True,0.0,0.0,False,201,-1.0,0.18079735338687897,0.4739380478858948,0.9126530289649963,1.0,241.52454257011414,1.0,46.468646228313446,medium,0.06970259574696355,0.0696714753627419,0.000615274266030574,0.0009510294989593812,0.5908281147676193,0.0,success
313,-289.2097780097998,-2.088882783708625,-291.2986607935084,False,0.0,0.0,False,1600,-1.0,0.6070922017097473,0.47685402631759644,0.915136456489563,1.0,213.62279772758484,1.0,46.372144520282745,medium,0.0,0.0,0.008401975962128178,0.008610238830131184,0.9199647284087662,0.0,contact_alignment
314,-342.55383567717587,-2.18181274331412,-344.73564842049,False,0.0,0.0,False,1600,-1.0,1.0,0.4761795103549957,0.9159395694732666,1.0,214.32238817214966,1.0,46.33317291736603,medium,0.0,0.0,0.009679855897272868,0.009760364335981101,1.033860196506411,0.0,contact_alignment
315,-228.52475456473664,-2.0381346257206734,-230.56288919045733,False,0.0,0.0,False,1600,-1.0,0.4740365147590637,0.4748331904411316,0.9147900342941284,1.0,215.34337520599365,1.0,46.42637223005295,medium,0.0,0.0,0.006537645112682271,0.006612027682242527,0.7635102641138646,0.0,contact_alignment
316,4346.814875958781,499.19742782210784,4846.012303780889,True,0.0,0.0,False,287,-1.0,0.30562397837638855,0.47174715995788574,0.9080908894538879,1.0,241.45275950431824,1.0,46.46510601043701,medium,0.03940137256759958,0.03924156998632622,0.00038949229076178126,0.000443026214865114,0.6117913457335455,0.0,success
317,-231.6919998450708,-2.0935266259688596,-233.78552647103965,False,0.0,0.0,False,1600,-1.0,0.8475040793418884,0.4746486246585846,0.9152441024780273,1.0,214.64703917503357,1.0,46.44606351852417,medium,0.0,0.0,0.006724714019868454,0.006787273664661484,0.7671641438747403,0.0,contact_alignment
318,4027.289057903337,499.2150075407226,4526.50406544406,True,0.0,0.0,False,267,-1.0,0.989163339138031,0.4695149064064026,0.9061773419380188,1.0,241.3617753982544,1.0,46.46411508321762,medium,0.04388313428181237,0.04374211257983007,0.0009556353161950246,0.0009798095832072315,0.43088186442291354,0.0,success
319,-237.69462664035234,-2.094945330932338,-239.7895719712847,False,0.0,0.0,False,1600,-1.0,0.9636631608009338,0.4753551781177521,0.9174460768699646,1.0,215.13713836669922,1.0,46.454524993896484,medium,0.0,0.0,0.006838761995351545,0.006880212370067531,0.7532252240445165,0.0,contact_alignment
320,4435.867019451925,499.21017676415266,4935.077196216078,True,0.0,0.0,False,280,-1.0,0.27546295523643494,0.47216248512268066,0.9085230231285095,1.0,241.5150272846222,1.0,46.477723121643066,medium,0.03863779684318461,0.038472257767373355,0.0002949706696169373,0.0002984297132755842,0.7069720454451635,0.0,success
321,-292.7846843555545,-2.1805888344853472,-294.9652731900398,False,0.0,0.0,False,1600,-1.0,0.5399829149246216,0.47504913806915283,0.9186319708824158,1.0,216.40177249908447,1.0,46.441941261291504,medium,0.0,0.0,0.008460459479542798,0.008643007222600509,0.9266212439371534,0.0,contact_alignment
322,3715.1515335353292,499.2307641099906,4214.38229764532,True,0.0,0.0,False,227,-1.0,0.9944869875907898,0.47285541892051697,0.916709840297699,1.0,241.5745985507965,1.0,46.480458080768585,medium,0.05199157434270134,0.05198093323643427,0.0005102664621976787,0.0005568944704775614,0.1973162969459025,0.0,success
323,3797.950926786479,499.2377366934481,4297.1886634799275,True,0.0,0.0,False,231,-1.0,1.0,0.4737491309642792,0.9157425165176392,1.0,241.59905314445496,1.0,46.47030681371689,medium,0.04963183571534085,0.04953540218153686,0.0005801443453129506,0.0005846611848368643,0.3931256556109101,0.0,success
324,-240.2747290470266,-2.118770567275277,-242.39349961430187,False,0.0,0.0,False,1600,-1.0,1.0,0.47645246982574463,0.9199537038803101,1.0,214.39356684684753,1.0,46.42295092344284,medium,0.0,0.0,0.00694641343175699,0.0070499060470000695,0.7794131850871701,0.0,contact_alignment
325,-274.8306981789146,-2.1742494456829586,-277.00494762459755,False,0.0,0.0,False,1600,-1.0,0.33278578519821167,0.47689157724380493,0.9163001775741577,1.0,215.31464338302612,1.0,46.430354714393616,medium,0.0,0.0,0.007875505635161897,0.007901238381130249,0.8755949316796889,0.0,contact_alignment
326,-206.4290127416275,-2.1110799329747088,-208.54009267460222,False,0.0,0.0,False,1600,-1.0,0.21181800961494446,0.4731478691101074,0.9190587997436523,1.0,215.33162832260132,1.0,46.43678426742554,medium,0.0,0.0,0.005929119924651941,0.006016320544159767,0.6596951462830792,0.0,contact_alignment
327,-216.7178358843684,-2.0988904466513945,-218.8167263310198,False,0.0,0.0,False,1600,-1.0,0.2903640866279602,0.4772712290287018,0.9154919981956482,1.0,214.13556933403015,1.0,46.44464701414108,medium,0.0,0.0,0.006266221058561428,0.006294327061804991,0.7275092110494353,0.0,contact_alignment
328,-320.70353373568264,-2.258065550265213,-322.96159928594784,False,0.0,0.0,False,1600,-1.0,1.0,0.47362178564071655,0.921004056930542,1.0,214.2603838443756,1.0,46.46469712257385,medium,0.0,0.0,0.009023164546238256,0.00909845238000267,0.97223713652678,0.0,contact_alignment
329,-275.1557604209552,-2.2017185890404534,-277.35747900999564,False,0.0,0.0,False,1600,-1.0,1.0,0.4753474295139313,0.9174668192863464,1.0,214.90965485572815,1.0,46.40392929315567,medium,0.0,0.0,0.007873070511638748,0.007927498909203698,0.8737427049153736,0.0,contact_alignment
330,4489.003911141858,499.1853290021811,4988.189240144039,True,0.0,0.0,False,277,-1.0,0.2629238963127136,0.4730449616909027,0.9103257656097412,1.0,241.71638250350952,1.0,46.4831805229187,medium,0.03826082301754154,0.03809849331441227,0.0001879957011084362,0.0002216746677718568,0.7030308571049576,0.0,success
331,-223.29358384100456,-2.120958881278164,-225.41454272228273,False,0.0,0.0,False,1600,-1.0,1.0,0.47257962822914124,0.9170265793800354,1.0,215.0936222076416,1.0,46.463499665260315,medium,0.0,0.0,0.00634030932059607,0.006432324598882409,0.7254643972865703,0.0,contact_alignment
332,-293.30870520203246,-2.2235499356287516,-295.5322551376612,False,0.0,0.0,False,1600,-1.0,1.0,0.4769773483276367,0.9181208610534668,1.0,214.699946641922,1.0,46.42304480075836,medium,0.0,0.0,0.008303563933569824,0.008402703223559273,0.9372052735416928,0.0,contact_alignment
333,-478.40697592396316,-2.3451699995245967,-480.7521459234878,False,0.0,0.0,False,1600,-1.0,1.0,0.48014435172080994,0.927689790725708,1.0,216.38131618499756,1.0,46.21371924877167,hard,0.0,0.0,0.013393609934605902,0.01374722026075688,1.3681930001488416,0.0,coarse_alignment
334,4369.485382340045,499.1577930158157,4868.643175355861,True,0.0,0.0,False,307,-1.0,0.6699709296226501,0.4756704568862915,0.9251513481140137,1.0,241.7019546031952,1.0,46.475282311439514,hard,0.03760395014276614,0.037444357149825705,0.0002673043860592835,0.0002782314882181226,0.7464281576039277,0.0,success
335,-377.7563089600216,-2.2985681539410785,-380.0548771139627,False,0.0,0.0,False,1600,-1.0,1.0,0.47754886746406555,0.9267780184745789,1.0,215.6371247768402,1.0,46.36780112981796,hard,0.0,0.0,0.010535364293165064,0.010867522347112954,1.1034825317212575,0.0,contact_alignment
336,5451.409923451841,499.1336688013641,5950.543592253205,True,0.0,0.0,False,345,-1.0,1.0,0.47696998715400696,0.9115450978279114,1.0,241.7845857143402,1.0,46.47397220134735,hard,0.03823999945067402,0.038153329070923975,0.000740212631704858,0.0007427825671161686,0.38960246111843194,0.0,success
337,-436.65863555031035,-2.36957098928845,-439.0282065395988,False,0.0,0.0,False,1600,-1.0,1.0,0.4745483994483948,0.9310373663902283,1.0,215.43508768081665,1.0,46.21817320585251,hard,0.0,0.0,0.0121268078776973,0.01217386369977738,1.2714878274239076,0.0,coarse_alignment
338,4290.87695491161,499.1868014023074,4790.063756313917,True,0.0,0.0,False,297,-1.0,0.9944579005241394,0.47290197014808655,0.9218399524688721,1.0,241.7182421684265,1.0,46.470855474472046,hard,0.0393115465442927,0.03918530412779059,0.0003007118058770507,0.00033593990176315536,0.5571568853871449,0.0,success
339,-323.6293029220642,-2.264274154194162,-325.89357707625834,False,0.0,0.0,False,1600,-1.0,0.7387664318084717,0.47937601804733276,0.9180104732513428,1.0,214.832044839859,1.0,46.45661532878876,hard,0.0,0.0,0.009032841510245793,0.0091303737662418,1.046292055600453,0.0,contact_alignment
340,-396.17602234901443,-2.371334729635757,-398.5473570786502,False,0.0,0.0,False,1600,-1.0,1.0,0.4790586233139038,0.9251580238342285,1.0,214.86581325531006,1.0,46.41257017850876,hard,0.0,0.0,0.011025446517861727,0.011417486751933773,1.1800776144119292,0.0,contact_alignment
341,4382.369719275481,498.74101719168806,4881.110736467169,True,14.566013403265533,0.0,False,305,-1.0,0.36711984872817993,0.4738837480545044,0.9174402356147766,1.0,241.7326545715332,1.0,46.47256404161453,hard,0.03746116172198738,0.03727178396692628,0.00044410951145748415,0.0005515129786130526,0.7396114058283951,0.047757420994313224,success
342,-384.721274841094,-2.283081806390175,-387.00435664748414,False,0.0,0.0,False,1600,-1.0,1.0,0.4789182245731354,0.9213944673538208,1.0,214.8972725868225,1.0,46.31162911653519,hard,0.0,0.0,0.01068416916438517,0.010834232912359057,1.1667129285148956,0.0,contact_alignment
343,4310.200673459726,499.20496582211297,4809.405639281839,True,0.0,0.0,False,287,-1.0,1.0,0.47345784306526184,0.9087963104248047,1.0,241.76454782485962,1.0,46.47143542766571,hard,0.039875073615542475,0.03969638972245623,0.00030010876865084663,0.0004028212720711943,0.5985180873822306,0.0,success
344,4425.789107911649,499.1876370831305,4924.976744994779,True,0.0,0.0,False,297,-1.0,1.0,0.47506844997406006,0.9124403595924377,1.0,241.7758297920227,1.0,46.4823043346405,hard,0.03814253188457528,0.037968577404651455,0.0005463864251284288,0.0005811463296786963,0.6333144523641501,0.0,success
345,-265.1140539875244,-2.0877569358665182,-267.20181092339095,False,0.0,0.0,False,1600,-1.0,1.0,0.47557583451271057,0.9216816425323486,1.0,214.5101833343506,1.0,46.43000841140747,hard,0.0,0.0,0.007427233326924416,0.007560567551701881,0.8321623453899532,0.0,contact_alignment
346,4326.343529351167,499.18971754736975,4825.533246898536,True,0.0,0.0,False,302,-1.0,0.9975329637527466,0.47736409306526184,0.9114484786987305,1.0,241.8066692352295,1.0,46.47598743438721,hard,0.03883757699702749,0.038691732964825004,0.0006420796053178664,0.0006453549780770625,0.6273861200824377,0.0,success
347,4419.469159374756,499.17366174285195,4918.642821117608,True,0.0,0.0,False,308,-1.0,1.0,0.4771936237812042,0.9222262501716614,1.0,241.75021290779114,1.0,46.481121480464935,hard,0.03713557075867169,0.03694045021188788,0.00023581338719831267,0.00039232825490854046,0.7588994180361732,0.0,success
348,3896.1228949921438,499.21869026881006,4395.341585260954,True,0.0,0.0,False,254,-1.0,1.0,0.4773045778274536,0.9111054539680481,1.0,241.78240060806274,1.0,46.483745872974396,hard,0.047024245382205405,0.04691527723792449,0.0007393950811261721,0.0008599840217301433,0.5434056168872146,0.0,success
349,-458.15135800824345,-2.3244278464704156,-460.4757858547139,False,0.0,0.0,False,1600,-1.0,1.0,0.4790894389152527,0.9294008612632751,1.0,215.94037413597107,1.0,46.37955665588379,hard,0.0,0.0,0.012699004740212757,0.01291130060810321,1.3345275792861635,0.0,coarse_alignment
350,-412.85661974243544,-2.3378909120759395,-415.19451065451136,False,0.0,0.0,False,1600,-1.0,1.0,0.47739046812057495,0.9263597726821899,1.0,215.5968475341797,1.0,46.39055907726288,hard,0.0,0.0,0.011375264554943844,0.011599101040493543,1.1794834251717652,0.0,contact_alignment
351,4346.0370535039065,499.1443165242384,4845.181370028145,True,4.785573759665409,0.0,False,311,-1.0,0.39640599489212036,0.4766055643558502,0.9226478338241577,1.0,241.79332613945007,1.0,46.48174315690994,hard,0.037387701664588636,0.0372858048218261,0.0006298146282778887,0.0007104504868142511,0.7751037962367558,0.015387696976416107,success
352,-313.4301629287506,-2.207467299909591,-315.63763022866016,False,0.0,0.0,False,1600,-1.0,1.0,0.47404903173446655,0.916516900062561,1.0,217.14270949363708,1.0,46.44322842359543,hard,0.0,0.0,0.008783776059572493,0.008992161431587587,0.9725751496982215,0.0,contact_alignment
353,2512.106942703846,499.2512916086051,3011.3582343124513,True,0.0,0.0,False,188,-1.0,0.8049398064613342,0.47628486156463623,0.9208053350448608,1.0,241.78691029548645,1.0,46.482243835926056,hard,0.07593069713449717,0.07592245102411518,0.0007741208747815403,0.0007949596255109776,1.1305828737159747,0.0,success
354,4285.587270267158,499.19845497711634,4784.785725244274,True,0.0,0.0,False,298,-1.0,0.34988871216773987,0.473120778799057,0.9155029654502869,1.0,241.79733991622925,1.0,46.47993862628937,hard,0.039282147834383455,0.0391279526323301,0.00028922338897114725,0.0003171471844916158,0.5991185768255539,0.0,success
355,-346.0964423191001,-2.2125238604582256,-348.30896617955835,False,0.0,0.0,False,1600,-1.0,1.0,0.47382715344429016,0.9246670603752136,1.0,214.93829369544983,1.0,46.427162885665894,hard,0.0,0.0,0.009543268123192297,0.009629494039665136,1.0258854788040292,0.0,contact_alignment
356,2797.584010809434,499.25313085860574,3296.8371416680397,True,0.0,0.0,False,207,-1.0,0.2251649796962738,0.480616956949234,0.9081265330314636,1.0,241.78041696548462,1.0,46.48542940616608,hard,0.06767352264517376,0.06755699916490907,0.0007332949244736879,0.0007709560392696327,0.6105971114342518,0.0,success
357,-382.1644189272201,-2.282653868066688,-384.4470727952868,False,0.0,0.0,False,1600,-1.0,1.0,0.4809032082557678,0.9306768774986267,1.0,215.8380150794983,1.0,46.40527695417404,hard,0.0,0.0,0.010496329899613337,0.010729568295305936,1.129261678300734,0.0,contact_alignment
358,2508.54300870218,499.2203724545392,3007.7633811567193,True,0.0,0.0,False,239,-1.0,0.4257965385913849,0.4828353524208069,0.9237630367279053,1.0,241.7810833454132,1.0,46.48143857717514,hard,0.06354895114224841,0.06353774794660891,0.0006342990888071109,0.0006374757707558002,0.22401541401484684,0.0,success
359,4344.459288205551,499.2157067635692,4843.67499496912,True,0.0,0.0,False,283,-1.0,0.2853831350803375,0.4789283275604248,0.9062802791595459,1.0,241.82103514671326,1.0,46.48693561553955,hard,0.03946531243103877,0.03931817793864953,0.0004282914887792842,0.000435616016921181,0.5860896289361524,0.0,success
360,-279.68763309987855,-2.0802703507896743,-281.7679034506682,False,0.0,0.0,False,1600,-1.0,1.0,0.4760410785675049,0.9179756045341492,1.0,215.1114284992218,1.0,46.45893722772598,hard,0.0,0.0,0.007808893230983693,0.007816197944699668,0.8840460660257267,0.0,contact_alignment
361,4303.350053874525,499.2002063567357,4802.550260231261,True,0.0,0.0,False,291,-1.0,0.9971305131912231,0.4773152768611908,0.9034682512283325,1.0,241.824072599411,1.0,46.48177236318588,hard,0.03955230493793871,0.0393834737521728,0.00018356536532746664,0.00025996278748341775,0.5826712978601293,0.0,success
362,3941.964470773674,499.228833593486,4441.19330436716,True,0.0,0.0,False,235,-1.0,1.0,0.4764036536216736,0.9203514456748962,1.0,241.8345022201538,1.0,46.477111876010895,hard,0.047659252755267514,0.04753307463881869,0.0008301262899244406,0.0008581311581117937,0.37375053170729966,0.0,success
363,-392.5801998687907,-2.2748730705740945,-394.8550729393648,False,0.0,0.0,False,1600,-1.0,1.0,0.47911545634269714,0.9194660186767578,1.0,214.60594058036804,1.0,46.42022639513016,hard,0.0,0.0,0.01089876874512144,0.011012459655388258,1.1521589521063234,0.0,contact_alignment
364,-309.6046534554198,-2.0939500324062825,-311.69860348782606,False,0.0,0.0,False,1600,-1.0,1.0,0.47294947504997253,0.9178509712219238,1.0,216.53966665267944,1.0,46.46491199731827,hard,0.0,0.0,0.008710829877863046,0.008930656702634534,0.9687364215539941,0.0,contact_alignment
365,5284.332685317922,499.1758977411654,5783.508583059088,True,0.0,0.0,False,329,-1.0,0.9965783953666687,0.4807634949684143,0.9097238779067993,1.0,241.8156886100769,1.0,46.479663252830505,hard,0.038353908989984,0.03824861421296824,0.0007085659580156854,0.0007147290693080309,0.3206236290386169,0.0,success
366,4306.192616424644,499.20746394716974,4805.400080371814,True,0.0,0.0,False,289,-1.0,0.9980551600456238,0.47491466999053955,0.9077513813972473,1.0,241.83707475662231,1.0,46.48102343082428,hard,0.03954471090351461,0.03939506699431794,0.0003713408743096692,0.0003990529977743438,0.5936386407450966,0.0,success
367,4271.222665801771,498.78954310867994,4770.012208910451,True,13.988814824933653,0.0,False,305,-1.0,0.42502644658088684,0.4740239083766937,0.9186685085296631,1.0,241.84094905853271,1.0,46.48200809955597,hard,0.03827473864563689,0.03813685379055275,0.0003349946792792531,0.0003709838932186807,0.73871099838088,0.04586496663912673,success
368,4393.905960901906,499.1769555326077,4893.082916434513,True,0.0,0.0,False,302,-1.0,0.347593754529953,0.47472718358039856,0.9154032468795776,1.0,241.85681819915771,1.0,46.479803025722504,hard,0.037562668435959415,0.03743774243398873,0.00028532034263841535,0.0003662178536074145,0.7318965172479617,0.0,success
369,-317.9770842997099,-2.1357319238465626,-320.1128162235564,False,0.0,0.0,False,1600,-1.0,1.0,0.4767515957355499,0.9179991483688354,1.0,214.16574239730835,1.0,46.42750084400177,hard,0.0,0.0,0.008964251825722799,0.009005506463236094,0.994744255611286,0.0,contact_alignment
370,-362.13420734901786,-2.2086797040503545,-364.34288705306824,False,0.0,0.0,False,1600,-1.0,1.0,0.4786562919616699,0.9223609566688538,1.0,215.39857625961304,1.0,46.43747687339783,hard,0.0,0.0,0.01018412376023969,0.010290865796660262,1.1313386542608252,0.0,contact_alignment
371,5366.130574592332,499.1719558244684,5865.3025304168,True,0.0,0.0,False,344,-1.0,1.0,0.4757165014743805,0.9041497111320496,1.0,241.85250997543335,1.0,46.475828886032104,hard,0.03820537584592286,0.03808046566197579,0.0006113149340722163,0.0006127779218535552,0.4261511495937829,0.0,success
372,4269.610465047728,499.2054336546243,4768.815898702353,True,0.0,0.0,False,297,-1.0,0.46273452043533325,0.47661277651786804,0.9075993895530701,1.0,241.82755947113037,1.0,46.476214826107025,hard,0.039125051735942495,0.03895414143902301,0.000352529018487965,0.0003684890358568265,0.6304181120452659,0.0,success
373,4360.429070842681,499.20486268798214,4859.633933530663,True,0.0,0.0,False,287,-1.0,1.0,0.4767192602157593,0.9021947383880615,1.0,241.84366106987,1.0,46.48130714893341,hard,0.03908466571837939,0.03890791646884978,0.00023912164976909496,0.0003766030576089674,0.6565446677989508,0.0,success
374,3067.9095172595466,499.2314127186658,3567.1409299782126,True,0.0,0.0,False,225,-1.0,0.2746373116970062,0.4708161950111389,0.9076038002967834,1.0,241.85999512672424,1.0,46.4805206656456,hard,0.06541228079130132,0.06536602433877095,0.0006692604898831607,0.0007817996016379566,0.3281635700656639,0.0,success
375,4292.164819265431,499.20274862807213,4791.367567893503,True,0.0,0.0,False,305,-1.0,0.3851456642150879,0.47441473603248596,0.9147756099700928,1.0,241.8758487701416,1.0,46.48113399744034,hard,0.038354412889165565,0.03821510358999569,0.00024388146228508894,0.0003797827139563029,0.6703501614308413,0.0,success
376,4430.697045140879,499.1964140810317,4929.89345922191,True,0.0,0.0,False,301,-1.0,0.9107743501663208,0.47231048345565796,0.9037612080574036,1.0,241.8693709373474,1.0,46.479510962963104,hard,0.03759133512267761,0.037459468639770815,0.00043112478913052364,0.0004443933625072035,0.7022076786479323,0.0,success
377,-398.76242876162394,-2.182920489073249,-400.9453492506972,False,0.0,0.0,False,1600,-1.0,1.0,0.4766143262386322,0.9273726344108582,1.0,215.57649970054626,1.0,46.36510789394379,hard,0.0,0.0,0.01091611563574383,0.011055927600940743,1.1618897127858732,0.0,contact_alignment
378,-209.61446743251807,-1.8594901237283292,-211.4739575562464,False,0.0,0.0,False,1600,-1.0,0.4997926950454712,0.4698854386806488,0.9157665967941284,1.0,213.97277116775513,1.0,46.47223651409149,hard,0.0,0.0,0.005919472617673595,0.005951364185366001,0.703024228766603,0.0,contact_alignment
379,3729.639040656023,498.8200534593878,4228.459094115411,True,0.0,0.0,False,793,-1.0,1.0,0.4689032733440399,0.9209288358688354,1.0,241.84294819831848,1.0,46.484373807907104,hard,0.045441865783152194,0.0453927326921498,0.0003314836491605925,0.00040359790017397334,0.26453731493512106,0.0,success
380,-238.15339226304513,-1.9273114548248407,-240.08070371786997,False,0.0,0.0,False,1600,-1.0,1.0,0.4737030565738678,0.9171104431152344,1.0,214.77290749549866,1.0,46.4537239074707,hard,0.0,0.0,0.0064658926009875314,0.006547282081060486,0.7646579608321148,0.0,contact_alignment
381,-430.60682058706664,-2.2710769978122247,-432.87789758487884,False,0.0,0.0,False,1600,-1.0,1.0,0.47717347741127014,0.9201549887657166,1.0,215.00249862670898,1.0,46.38319909572601,hard,0.0,0.0,0.011998480805317562,0.01205379060510027,1.2434197325392227,0.0,coarse_alignment
382,4266.853305659766,499.20331358253657,4766.056619242303,True,0.0,0.0,False,299,-1.0,1.0,0.47722598910331726,0.9120309948921204,1.0,241.8645977973938,1.0,46.480195224285126,hard,0.03929381814456462,0.03911017473461026,0.000208128919397233,0.00031958197995609174,0.6131937783152681,0.0,success
383,-396.818595212487,-2.234287856495529,-399.05288306898257,False,0.0,0.0,False,1600,-1.0,1.0,0.4760774075984955,0.9272433519363403,1.0,215.87398409843445,1.0,46.431084871292114,hard,0.0,0.0,0.010979996867021988,0.011274175507697905,1.1449174800682183,0.0,contact_alignment
384,-370.79660360441056,-2.1397793019137135,-372.9363829063243,False,0.0,0.0,False,1600,-1.0,1.0,0.4781121015548706,0.9266235828399658,1.0,214.26848888397217,1.0,46.43424540758133,hard,0.0,0.0,0.010390047809685145,0.010687119732775838,1.0981909734167041,0.0,contact_alignment
385,4369.14682752661,499.21994109368796,4868.366768620298,True,0.0,0.0,False,284,-1.0,0.9925102591514587,0.47612836956977844,0.9037623405456543,1.0,241.8935465812683,1.0,46.481945514678955,hard,0.038732490350406004,0.03855226712754778,0.00039706414297636266,0.0005537528100924352,0.6921690077972292,0.0,success
386,4428.901874389198,499.1865886627673,4928.088463051966,True,0.0,0.0,False,304,-1.0,0.9919811487197876,0.47778066992759705,0.912230908870697,1.0,241.8919038772583,1.0,46.482617259025574,hard,0.037170504643463595,0.03701500766976981,0.00036022630767144215,0.0003841633908859906,0.7309585704712495,0.0,success
387,-338.6264977851089,-2.0627279402997614,-340.6892257254086,False,0.0,0.0,False,1600,-1.0,1.0,0.4792025089263916,0.9206100106239319,1.0,215.36342859268188,1.0,46.43531560897827,hard,0.0,0.0,0.009297631150532268,0.0095023923013496,0.9995567923526523,0.0,contact_alignment
388,4310.094998480004,498.8872001713475,4808.982198651351,True,12.818949801905568,0.0,False,295,-1.0,0.3923984169960022,0.4746391177177429,0.9053847193717957,1.0,241.89542174339294,1.0,46.478818356990814,hard,0.038385636636519185,0.03817824070737677,0.00016154057669260925,0.0001791215098150987,0.6764116983739162,0.04345406712510362,success
389,-265.98847336125385,-2.031612714287135,-268.020086075541,False,0.0,0.0,False,1600,-1.0,0.32879701256752014,0.4781781733036041,0.9128056764602661,1.0,213.80887269973755,1.0,46.46399199962616,hard,0.0,0.0,0.007552640597102623,0.007709521296431087,0.8555593479611943,0.0,contact_alignment
390,4353.172194326236,499.18714008796616,4852.359334414203,True,0.0,0.0,False,301,-1.0,0.6498116850852966,0.477493017911911,0.9134737253189087,1.0,241.89050912857056,1.0,46.47985100746155,hard,0.03802337482928557,0.037821463359598184,0.00032949306675652916,0.000336794429895465,0.7114239668977491,0.0,success
391,-284.6837050891859,-2.02253446698892,-286.7062395561748,False,0.0,0.0,False,1600,-1.0,0.927706241607666,0.47249534726142883,0.9149347543716431,1.0,215.29804587364197,1.0,46.447152495384216,hard,0.0,0.0,0.00777649579346988,0.007869478221269212,0.9056690059147913,0.0,contact_alignment
392,-249.9467144525346,-1.928862790231679,-251.87557724276627,False,0.0,0.0,False,1600,-1.0,1.0,0.47614046931266785,0.923626184463501,1.0,213.84854555130005,1.0,46.46407961845398,hard,0.0,0.0,0.00697882032506923,0.00727072775277531,0.8022640409064327,0.0,contact_alignment
393,-227.87351597879191,-1.9781205975073106,-229.85163657629923,False,0.0,0.0,False,1600,-1.0,0.6037546396255493,0.47635188698768616,0.9151238203048706,1.0,214.7995936870575,1.0,46.47192567586899,hard,0.0,0.0,0.006210928497110044,0.006313433591098852,0.7630587418263138,0.0,contact_alignment
394,-331.5178101661637,-2.1274946851419188,-333.64530485130564,False,0.0,0.0,False,1600,-1.0,1.0,0.47523611783981323,0.9229001402854919,1.0,215.1403307914734,1.0,46.4239501953125,hard,0.0,0.0,0.009203914444456271,0.009489233203537058,1.0210323965024963,0.0,contact_alignment
395,4161.481547542336,491.9190593723226,4653.400606914658,True,60.297137229635865,0.0,False,303,-1.0,0.7727324366569519,0.47509652376174927,0.9220322370529175,1.0,241.92853927612305,1.0,46.48322016000748,hard,0.03889285589996761,0.038729176348873046,0.0005492582842933824,0.0006392602099352094,0.7176378915405505,0.19900045290308865,success
396,-339.53313185658,-2.2500848853940485,-341.78321674197406,False,0.0,0.0,False,1600,-1.0,1.0,0.4772988557815552,0.930594801902771,1.0,215.17332434654236,1.0,46.384999454021454,hard,0.0,0.0,0.009344725311541895,0.009520338263039073,0.9896197179829928,0.0,contact_alignment
397,3187.099064502025,499.17590006949627,3686.274964571521,True,0.0,0.0,False,297,-1.0,1.0,0.47655385732650757,0.9240124821662903,1.0,241.90916776657104,1.0,46.48003876209259,hard,0.05190978047304132,0.051720026767385546,0.0007588259780762159,0.0007880581204511459,0.3454798715881227,0.0,success
398,3636.9191167198965,499.12799443274054,4136.047111152637,True,0.0,0.0,False,372,-1.0,1.0,0.47483116388320923,0.9136499166488647,1.0,241.93569898605347,1.0,46.48543357849121,hard,0.045030629821406556,0.044826242972972,0.0003593649381687036,0.0005636528305829517,0.26681858378902845,0.0,success
399,-321.0343759335343,-2.120017596301926,-323.1543935298362,False,0.0,0.0,False,1600,-1.0,1.0,0.478775292634964,0.9275553226470947,1.0,214.5918071269989,1.0,46.4599072933197,hard,0.0,0.0,0.00898522006418987,0.009111066875073145,0.9751171607951491,0.0,contact_alignment
400,4308.825205690634,499.2136053046078,4808.038810995242,True,0.0,0.0,False,300,-1.0,0.35793760418891907,0.47937098145484924,0.9089275002479553,1.0,241.94195985794067,1.0,46.48660600185394,hard,0.0382530370793016,0.038070256576887035,0.00016772033145153346,0.00025315858258658896,0.6233599219979534,0.0,success
401,4297.829187515134,499.212617643922,4797.041805159057,True,0.0,0.0,False,282,-1.0,0.28487005829811096,0.4767317771911621,0.9049479365348816,1.0,241.92959308624268,1.0,46.487019062042236,hard,0.039886372115868714,0.03968412400523132,0.0004570233342351503,0.0005592173758839686,0.5614231599090553,0.0,success
402,-298.5594749790846,-2.078149014431772,-300.63762399351634,False,0.0,0.0,False,1600,-1.0,1.0,0.47629258036613464,0.915386438369751,1.0,215.42633175849915,1.0,46.46716296672821,hard,0.0,0.0,0.008698967048051804,0.008983761285230416,0.9307972753482608,0.0,contact_alignment
403,-307.21157978831513,-2.161767490444587,-309.3733472787597,False,0.0,0.0,False,1600,-1.0,1.0,0.4763217866420746,0.9202703833580017,1.0,215.10104537010193,1.0,46.46007835865021,hard,0.0,0.0,0.008914169263923615,0.009000760710588338,0.9432994858439295,0.0,contact_alignment
404,-348.7913991629173,-2.1847639812659048,-350.9761631441832,False,0.0,0.0,False,1600,-1.0,1.0,0.47811034321784973,0.9221837520599365,1.0,215.18956542015076,1.0,46.456077098846436,hard,0.0,0.0,0.009823357248736918,0.010104515875661805,1.0536115594245847,0.0,contact_alignment
405,4215.582091746286,499.2061084441991,4714.788200190485,True,0.0,0.0,False,298,-1.0,0.8410897850990295,0.4777337908744812,0.9107239246368408,1.0,241.92020177841187,1.0,46.48222714662552,hard,0.039453276745366375,0.03923485038503202,0.00036684708269769787,0.00039258468357562034,0.6103714466407049,0.0,success
406,-365.79540568903417,-2.2641183171180947,-368.0595240061523,False,0.0,0.0,False,1600,-1.0,1.0,0.4802119731903076,0.9285152554512024,1.0,214.7695755958557,1.0,46.419214606285095,hard,0.0,0.0,0.010259169382340902,0.010326657853001237,1.0262363785460311,0.0,contact_alignment
407,4333.269300510151,499.2141119694577,4832.483412479609,True,0.0,0.0,False,284,-1.0,0.2685049772262573,0.4798218905925751,0.9078290462493896,1.0,241.93382382392883,1.0,46.487872302532196,hard,0.03944830899764064,0.039258361307915546,0.000375553026507148,0.0005980236809801226,0.562741884282983,0.0,success
408,-299.81337107209725,-2.148218760585606,-301.9615898326829,False,0.0,0.0,False,1600,-1.0,0.37373924255371094,0.48063817620277405,0.9211564064025879,1.0,215.8662509918213,1.0,46.47071152925491,hard,0.0,0.0,0.008724883596767492,0.008873306758877889,0.9635245229122935,0.0,contact_alignment
409,-212.5256316894596,-2.02712771988692,-214.55275940934652,False,0.0,0.0,False,1600,-1.0,0.5954610109329224,0.47653740644454956,0.9156891107559204,1.0,214.97021794319153,1.0,46.45923972129822,hard,0.0,0.0,0.005785280156226183,0.006038680564828664,0.6940218582395393,0.0,contact_alignment
410,5339.287174268888,499.15418617698055,5838.441360445868,True,0.0,0.0,False,336,-1.0,0.20654422044754028,0.47968700528144836,0.9095814824104309,1.0,241.92748546600342,1.0,46.48621588945389,hard,0.03771906364444279,0.03752984115485855,0.0007133591119874441,0.0007792700408482702,0.4113253646394239,0.0,success
411,-219.63806816457674,-1.9279769610598994,-221.56604512563663,False,0.0,0.0,False,1600,-1.0,0.9741719365119934,0.4790147542953491,0.914502739906311,1.0,215.30373334884644,1.0,46.477301716804504,hard,0.0,0.0,0.006540828562341039,0.006880620086498023,0.7271224663765461,0.0,contact_alignment
412,-381.70486010566964,-2.284769089947999,-383.9896291956176,False,0.0,0.0,False,1600,-1.0,1.0,0.47927016019821167,0.9309080243110657,1.0,215.17253398895264,1.0,46.443414092063904,hard,0.0,0.0,0.010749544836700754,0.010853424440916503,1.110594504769921,0.0,contact_alignment
413,3186.8681279825523,499.1549622492724,3686.023090231825,True,0.0,0.0,False,300,-1.0,1.0,0.4810205101966858,0.9311279058456421,1.0,241.90406918525696,1.0,46.481872498989105,hard,0.051882481298936786,0.05171512600948089,0.0004948816762756157,0.0005887458626271354,0.4213643302868028,0.0,success
414,-270.8434000447087,-2.047948106906576,-272.89134815161526,False,0.0,0.0,False,1600,-1.0,0.25272607803344727,0.47656089067459106,0.9197268486022949,1.0,216.18014693260193,1.0,46.47328794002533,hard,0.0,0.0,0.007900670957798818,0.008065206473318196,0.8999329902488519,0.0,contact_alignment
415,-223.29001579674855,-1.9354091267420446,-225.2254249234906,False,0.0,0.0,False,1600,-1.0,0.050065651535987854,0.47628265619277954,0.9130418300628662,1.0,214.0470027923584,1.0,46.46380424499512,hard,0.0,0.0,0.006386532789376231,0.006599925342748738,0.7135670183383516,0.0,contact_alignment
416,4420.827408664977,499.1898495662287,4920.017258231206,True,0.0,0.0,False,293,-1.0,0.26948240399360657,0.47661274671554565,0.9105212092399597,1.0,241.9234561920166,1.0,46.482462882995605,hard,0.037457425116466714,0.03726410098429617,0.0001307224340240856,0.0002107129849694117,0.6878498808069476,0.0,success
417,-337.62350922962946,-2.2488254342081477,-339.8723346638376,False,0.0,0.0,False,1600,-1.0,1.0,0.4747081398963928,0.9197790026664734,1.0,215.1550841331482,1.0,46.43679678440094,hard,0.0,0.0,0.009664219177863505,0.009762301501865045,1.0283013155132554,0.0,contact_alignment
418,2913.6456717257734,498.28657288845034,3411.9322446142237,True,21.66314496728868,0.0,False,241,-1.0,0.36191195249557495,0.4773032069206238,0.9178167581558228,1.0,241.93596243858337,1.0,46.48149698972702,hard,0.06032787084253163,0.06012015159111976,0.0008173741788376285,0.0009285573109080891,0.28358987773822664,0.08988856832899868,success
419,2631.15981698237,498.77535099289696,3129.935167975267,True,15.19227773739502,0.0,False,210,-1.0,0.22421477735042572,0.4778268039226532,0.9096442461013794,1.0,241.93890690803528,1.0,46.480545699596405,hard,0.07195913682547786,0.07183436978164304,0.0006425419347798664,0.0007159956352289612,1.0160222806844459,0.07234417970188105,success
420,-317.4425645015153,-2.1256462113995793,-319.56821071291483,False,0.0,0.0,False,1600,-1.0,1.0,0.4724472165107727,0.918515682220459,1.0,213.96052837371826,1.0,46.46645367145538,hard,0.0,0.0,0.008909848039292005,0.008991384287042775,0.9897199358819595,0.0,contact_alignment
421,4302.031513289394,498.68162710624597,4800.71314039564,True,15.801013539442542,0.0,False,306,-1.0,0.39142224192619324,0.48255521059036255,0.9197287559509277,1.0,241.9275164604187,1.0,46.48290514945984,hard,0.03767029762794137,0.03751312815757313,0.0006945856891388615,0.0007564638489397686,0.7104194032422505,0.05163729914850504,success
422,5900.386211428722,499.1295333114316,6399.515744740153,True,0.0,0.0,False,392,-1.0,0.47209662199020386,0.4779771566390991,0.9275074601173401,1.0,241.93129777908325,1.0,46.4843612909317,hard,0.04125128284886442,0.04114666947744411,0.0007587486093946261,0.0009395376246397074,0.30390414618573064,0.0,success
423,3199.8113936064287,490.5141845782877,3690.3255781847165,True,65.98316892694947,0.0,False,208,-1.0,1.0,0.48281997442245483,0.9241533875465393,1.0,241.947740316391,1.0,46.4870148897171,hard,0.06656927287877795,0.06655927724169833,0.0003013165518034257,0.00043721440178820514,0.5675151937225894,0.3349789827126081,success
424,-242.16561854764132,-1.957455956376133,-244.12307450401744,False,0.0,0.0,False,1600,-1.0,0.6914291977882385,0.47720471024513245,0.9159823060035706,1.0,214.52648639678955,1.0,46.45366758108139,hard,0.0,0.0,0.006752278647544919,0.006827421165943038,0.8140191014805896,0.0,contact_alignment
425,4287.4157778377785,499.20170836870824,4786.617486206486,True,0.0,0.0,False,297,-1.0,1.0,0.4803406894207001,0.9103862047195435,1.0,241.91696286201477,1.0,46.485174894332886,hard,0.0388828438839981,0.03867827623793205,0.00022284621129492802,0.00022462358450513998,0.618886896431291,0.0,success
426,-380.0349379018183,-2.2824088197466392,-382.31734672156495,False,0.0,0.0,False,1600,-1.0,1.0,0.47712963819503784,0.9268285036087036,1.0,214.38601970672607,1.0,46.4321967959404,hard,0.0,0.0,0.010774754747892926,0.010882299016737455,1.1263280291923312,0.0,contact_alignment
427,-472.067412224577,-2.3178523172541086,-474.38526454183113,False,0.0,0.0,False,1600,-1.0,1.0,0.4731762111186981,0.9320308566093445,1.0,214.15232181549072,1.0,46.37248456478119,hard,0.0,0.0,0.013459470544858758,0.013471171745813556,1.3245039457921128,0.0,coarse_alignment
428,4310.782735833002,499.21551562727774,4809.99825146028,True,0.0,0.0,False,288,-1.0,0.2925965487957001,0.482234388589859,0.9054807424545288,1.0,241.93886041641235,1.0,46.48549824953079,hard,0.039111278126716775,0.03887382375522791,0.000470380565824059,0.0005516089935061461,0.6112937383370349,0.0,success
429,-266.68123077089626,-2.0035275727817696,-268.684758343678,False,0.0,0.0,False,1600,-1.0,1.0,0.4787808060646057,0.9176945090293884,1.0,216.08180165290833,1.0,46.45921677350998,hard,0.0,0.0,0.007639007188803299,0.007781607137531151,0.8520373187333747,0.0,contact_alignment
430,1384.2277943726206,499.2569148320796,1883.4847092047003,True,0.0,0.0,False,201,-1.0,0.8853603005409241,0.4842855632305145,0.9207000732421875,1.0,241.91282510757446,1.0,46.48309916257858,hard,0.06346320463260671,0.06325128340806933,0.0007347218915627342,0.0007562211874825939,0.7664428275828307,0.0,success
431,-403.717765066415,-2.298619188192469,-406.01638425460743,False,0.0,0.0,False,1600,-1.0,1.0,0.4785919487476349,0.9316872358322144,1.0,215.0597608089447,1.0,46.37614160776138,hard,0.0,0.0,0.011341470206659246,0.011450545035900463,1.1671566455111586,0.0,contact_alignment
432,-333.4050630298298,-2.1711573887716606,-335.57622041860145,False,0.0,0.0,False,1600,-1.0,1.0,0.476868212223053,0.9288163781166077,1.0,214.9100422859192,1.0,46.45531356334686,hard,0.0,0.0,0.009291149263767385,0.009348670393533558,1.0349029283638274,0.0,contact_alignment
433,-357.9018143729878,-2.181312411743582,-360.0831267847314,False,0.0,0.0,False,1600,-1.0,1.0,0.4804767966270447,0.9164334535598755,1.0,215.2129352092743,1.0,46.43197149038315,hard,0.0,0.0,0.010125360050500512,0.010433846285998562,1.0948373613548674,0.0,contact_alignment
434,2523.933323014354,499.2137661791624,3023.1470891935164,True,0.0,0.0,False,240,-1.0,0.5052579045295715,0.480121374130249,0.9314334988594055,1.0,241.95127367973328,1.0,46.48676872253418,hard,0.06324389588230209,0.06290696405549334,0.0003990654864774504,0.00044640218613685684,0.4426730237165739,0.0,success
435,-277.83067863805786,-2.0643932595030523,-279.8950718975609,False,0.0,0.0,False,1600,-1.0,0.815287172794342,0.4738779067993164,0.9175960421562195,1.0,215.3862714767456,1.0,46.46420270204544,hard,0.0,0.0,0.007977402547197575,0.008081093127889013,0.9294343929766716,0.0,contact_alignment
436,5311.661907711872,499.18212518292427,5810.844032894796,True,0.0,0.0,False,340,-1.0,1.0,0.4804489314556122,0.9008352160453796,1.0,241.94067358970642,1.0,46.49228870868683,hard,0.038430708885237044,0.03828470058881375,0.000731534867254319,0.0007408061706022099,0.3342745666044669,0.0,success
437,-353.5109941115793,-2.3176133968603265,-355.82860750843963,False,0.0,0.0,False,1600,-1.0,1.0,0.4737863540649414,0.9216862320899963,1.0,214.40999388694763,1.0,46.45138323307037,hard,0.0,0.0,0.010056958414378637,0.010296717590192348,1.0615510288640524,0.0,contact_alignment
438,4262.1708276512645,499.18595532239317,4761.356782973658,True,0.0,0.0,False,309,-1.0,0.40700584650039673,0.48334982991218567,0.9206434488296509,1.0,241.95922374725342,1.0,46.48972272872925,hard,0.037961242285373814,0.03775205963181377,0.00038109335972307933,0.0004578918278932139,0.6852551073098184,0.0,success
439,-275.8168911766032,-2.0456980518752266,-277.8625892284784,False,0.0,0.0,False,1600,-1.0,0.17227637767791748,0.47859644889831543,0.9154267907142639,1.0,216.0140323638916,1.0,46.47639840841293,hard,0.0,0.0,0.007870022991117713,0.007879302423835166,0.9180064736593303,0.0,contact_alignment
440,-251.02178336882184,-1.9895617514436696,-253.0113451202655,False,0.0,0.0,False,1600,-1.0,0.8069636821746826,0.47446882724761963,0.92005455493927,1.0,215.8354115486145,1.0,46.4821457862854,hard,0.0,0.0,0.006942358587914189,0.006970470915414415,0.8478932124884664,0.0,contact_alignment
441,-389.34833513239863,-2.3658394101704787,-391.7141745425691,False,0.0,0.0,False,1600,-1.0,1.0,0.4754928946495056,0.9297976493835449,1.0,215.36592364311218,1.0,46.44549608230591,hard,0.0,0.0,0.01105638495882616,0.011424053216582153,1.1162034082937728,0.0,contact_alignment
442,4429.870377302603,498.9237939480279,4928.794171250631,True,11.960547158570174,0.0,False,301,-1.0,0.34605488181114197,0.48171329498291016,0.9080315828323364,1.0,241.96436882019043,1.0,46.489689350128174,hard,0.03703622576146748,0.03682679819911777,0.0006252622226636452,0.0006936481106167486,0.689788897221605,0.039736037071661706,success
443,-229.32771824902989,-1.9560976663320973,-231.28381591536197,False,0.0,0.0,False,1600,-1.0,0.6242854595184326,0.4755191504955292,0.9193195104598999,1.0,215.30009150505066,1.0,46.47912085056305,hard,0.0,0.0,0.006579376701338017,0.006687524982059605,0.7936425046694822,0.0,contact_alignment
444,4248.847288994525,499.200564270515,4748.04785326504,True,0.0,0.0,False,298,-1.0,0.573559582233429,0.4805697798728943,0.9125422835350037,1.0,241.96285009384155,1.0,46.4930334687233,hard,0.038918929037484604,0.0386906083684361,0.0003047631200746364,0.00035082483925085833,0.6202290198080626,0.0,success
445,-228.04595130007692,-1.9006811532705845,-229.94663245334752,False,0.0,0.0,False,1600,-1.0,0.05258435010910034,0.47466936707496643,0.9091610908508301,1.0,214.75237369537354,1.0,46.4856943488121,hard,0.0,0.0,0.006423472879974393,0.006663366490211319,0.7524179974626591,0.0,contact_alignment
446,4509.201993523556,499.20706322576837,5008.409056749324,True,0.0,0.0,False,288,-1.0,0.22358694672584534,0.4823538064956665,0.9019840359687805,1.0,241.96889400482178,1.0,46.490279734134674,hard,0.03734773911475828,0.037122534364777235,0.0006708916179642839,0.0007152389698542276,0.689216035902567,0.0,success
447,-326.4647269224462,-2.1146122781788756,-328.57933920062504,False,0.0,0.0,False,1600,-1.0,1.0,0.4744740128517151,0.9246279001235962,1.0,214.6876883506775,1.0,46.464928686618805,hard,0.0,0.0,0.00895733541767202,0.009207855518560844,1.008016678749883,0.0,contact_alignment
448,-197.12197597207685,-1.957444155038857,-199.07942012711572,False,0.0,0.0,False,1600,-1.0,0.30755895376205444,0.4773075580596924,0.9239397048950195,1.0,216.48775100708008,1.0,46.47892892360687,hard,0.0,0.0,0.005701282569089951,0.006035720385990528,0.6755648861943876,0.0,contact_alignment
449,-271.39415912176025,-2.0545332615834067,-273.44869238334365,False,0.0,0.0,False,1600,-1.0,0.4733903408050537,0.4774106442928314,0.922982394695282,1.0,216.05099320411682,1.0,46.46678954362869,hard,0.0,0.0,0.007623406419632863,0.007683449270786176,0.9076833305788002,0.0,contact_alignment
450,-367.7706371536632,-2.2637725530300763,-370.0344097066933,False,0.0,0.0,False,1600,-1.0,1.0,0.47930848598480225,0.9286412000656128,1.0,216.13845944404602,1.0,46.42252117395401,hard,0.0,0.0,0.010118785615035191,0.010396948543374617,1.096730011286761,0.0,contact_alignment
451,3535.2721020108934,499.1093612003444,4034.3814632112376,True,0.0,0.0,False,371,-1.0,1.0,0.4796788990497589,0.9234808683395386,1.0,241.9651436805725,1.0,46.49236589670181,hard,0.04598222359604458,0.04582019964193007,0.0005274236225924153,0.0005722256805990443,0.2403730870933488,0.0,success
452,-222.2804096426612,-1.920999975975665,-224.20140961863686,False,0.0,0.0,False,1600,-1.0,1.0,0.47778981924057007,0.9243073463439941,1.0,214.7920310497284,1.0,46.475574374198914,hard,0.0,0.0,0.006179124554787875,0.00630453757763652,0.7676841597958084,0.0,contact_alignment
453,3120.5978853841607,499.1719621766388,3619.7698475607995,True,0.0,0.0,False,295,-1.0,1.0,0.47063806653022766,0.9355111122131348,1.0,241.9581699371338,1.0,46.49066358804703,hard,0.052699974702307216,0.05250458872796984,0.0006573720986041692,0.0006838925563746964,0.3866776286360913,0.0,success
454,-430.1562014759514,-2.3284133726118545,-432.48461484856324,False,0.0,0.0,False,1600,-1.0,1.0,0.47914618253707886,0.9400635957717896,1.0,215.71134090423584,1.0,46.29846543073654,hard,0.0,0.0,0.012040426956494177,0.012122364188346578,1.236622791223774,0.0,coarse_alignment
455,-281.42243518527727,-2.1679161782785368,-283.5903513635558,False,0.0,0.0,False,1600,-1.0,0.325125128030777,0.47887057065963745,0.9239259362220764,1.0,216.04798674583435,1.0,46.476659178733826,hard,0.0,0.0,0.007915859162776723,0.008140019160722906,0.8924358805290002,0.0,contact_alignment
456,4537.3107040150335,499.1989810921989,5036.509685107232,True,0.0,0.0,False,297,-1.0,1.0,0.48112592101097107,0.9017471075057983,1.0,241.9758677482605,1.0,46.49225324392319,hard,0.0368378359001368,0.036666360887433885,0.000556436388402663,0.0006211014628845599,0.6983997092045011,0.0,success
457,4203.430491105805,499.17970813307426,4702.610199238879,True,0.0,0.0,False,311,-1.0,1.0,0.4791325330734253,0.9304174780845642,1.0,241.97219491004944,1.0,46.49397224187851,hard,0.03834843084241772,0.038122511935662004,0.0009534377871922176,0.000974271743016859,0.7150694424977108,0.0,success
458,-270.2281582330936,-2.0537322136929563,-272.2818904467866,False,0.0,0.0,False,1600,-1.0,0.5521575212478638,0.4798758625984192,0.9186787009239197,1.0,214.6041738986969,1.0,46.488725543022156,hard,0.0,0.0,0.007591860322709818,0.007671550935696271,0.8877535690027024,0.0,contact_alignment
459,-259.6522236121543,-2.033314942888352,-261.6855385550426,False,0.0,0.0,False,1600,-1.0,1.0,0.47422289848327637,0.9147887229919434,1.0,215.16692399978638,1.0,46.471548080444336,hard,0.0,0.0,0.007432717158041797,0.007477060503725899,0.8772464842089785,0.0,contact_alignment
460,-413.86688358075327,-2.3238338939201624,-416.1907174746734,False,0.0,0.0,False,1600,-1.0,1.0,0.4799812436103821,0.9338558912277222,1.0,214.4044303894043,1.0,46.422984302043915,hard,0.0,0.0,0.01166646420266981,0.011959671960564768,1.2080815820403912,0.0,contact_alignment
461,-255.66314226152906,-1.9761269213577286,-257.6392691828868,False,0.0,0.0,False,1600,-1.0,0.9548369646072388,0.4754677414894104,0.9177334904670715,1.0,216.01620197296143,1.0,46.48372083902359,hard,0.0,0.0,0.007286405628564295,0.007413562663602537,0.871197749693752,0.0,contact_alignment
462,5222.4539156041665,499.18297961282985,5721.636895216996,True,0.0,0.0,False,341,-1.0,0.9843083620071411,0.47729501128196716,0.9048789143562317,1.0,241.97778940200806,1.0,46.494537591934204,hard,0.03872506439831997,0.03854482369054159,0.0007694987173534639,0.0007783945755851975,0.37423284426097453,0.0,success
463,3358.6101762541266,499.26099431418044,3857.871170568307,True,0.0,0.0,False,215,-1.0,1.0,0.4825059175491333,0.9065283536911011,1.0,241.98237657546997,1.0,46.49511128664017,hard,0.05716457791037269,0.05688079510213681,0.0005548107380527617,0.0008155721300475221,0.45778316627208365,0.0,success
464,-270.3726220268044,-2.1386997227171247,-272.5113217495215,False,0.0,0.0,False,1600,-1.0,1.0,0.4755915403366089,0.9292125105857849,1.0,214.89344477653503,1.0,46.48134887218475,hard,0.0,0.0,0.007551947677284244,0.007888074424140776,0.8518796944053382,0.0,contact_alignment
465,4413.9065315737125,499.2014001308903,4913.107931704602,True,0.0,0.0,False,296,-1.0,1.0,0.4784884452819824,0.9094204902648926,1.0,241.9703197479248,1.0,46.496907472610474,hard,0.03744561189798774,0.03724425016631762,3.329281867985391e-05,4.8285833458539986e-05,0.7493238339888502,0.0,success
466,-267.3216120053085,-2.1068514287606286,-269.42846343406916,False,0.0,0.0,False,1600,-1.0,1.0,0.47811803221702576,0.9280662536621094,1.0,215.09348273277283,1.0,46.48344337940216,hard,0.0,0.0,0.007378535563080328,0.007680348292446415,0.8571173203420525,0.0,contact_alignment
467,5207.185733677137,499.20071189544905,5706.386445572586,True,0.0,0.0,False,342,-1.0,1.0,0.478638619184494,0.9055998921394348,1.0,241.97442650794983,1.0,46.49527817964554,hard,0.03879472891147178,0.03866338829398133,0.0008876545303503867,0.0008884661517992043,0.3408775019921985,0.0,success
468,4268.039033862798,498.48065678923155,4766.51969065203,True,19.07234305985938,0.0,False,305,-1.0,0.38347575068473816,0.48023462295532227,0.923532247543335,1.0,241.96982383728027,1.0,46.49671345949173,hard,0.0380284146594628,0.03784582190329505,0.00044145850948828185,0.0005161442779821902,0.6845503981387645,0.06253227232740781,success
469,4362.481989099716,499.21865048360104,4861.700639583317,True,0.0,0.0,False,294,-1.0,0.2961767911911011,0.48115459084510803,0.9096725583076477,1.0,241.9770610332489,1.0,46.49627327919006,hard,0.03805683957994867,0.037830152261656466,0.0004650808009766649,0.000491200446490206,0.6650442020239191,0.0,success
470,4316.809344976872,499.23458092769283,4816.043925904565,True,0.0,0.0,False,274,-1.0,1.0,0.4772386848926544,0.899894654750824,1.0,241.97320222854614,1.0,46.49631291627884,hard,0.03942045737688636,0.0392523322137488,0.0004089301758710216,0.0005026633442389982,0.6363902541138786,0.0,success
471,-366.64326546197157,-2.1341732290663593,-368.7774386910379,False,0.0,0.0,False,1600,-1.0,1.0,0.47592636942863464,0.9326332211494446,1.0,214.93297815322876,1.0,46.481165289878845,hard,0.0,0.0,0.010136798393470536,0.01038269200703603,1.0986408431909558,0.0,contact_alignment
472,-266.79602444528166,-1.9444375067511588,-268.74046195203283,False,0.0,0.0,False,1600,-1.0,1.0,0.4801821708679199,0.9201443195343018,1.0,215.14701008796692,1.0,46.48556500673294,hard,0.0,0.0,0.007322710547015139,0.007353734051487904,0.84605776025338,0.0,contact_alignment
473,-384.0587268893749,-2.2007677050462657,-386.25949459442114,False,0.0,0.0,False,1600,-1.0,1.0,0.4740726351737976,0.9372315406799316,1.0,215.0980544090271,1.0,46.44977271556854,hard,0.0,0.0,0.010421304812354249,0.010450512093811006,1.14484919568513,0.0,contact_alignment
474,2679.675556251256,499.25688122747346,3178.9324374787293,True,0.0,0.0,False,194,-1.0,0.27547702193260193,0.4815484285354614,0.9195864796638489,1.0,241.98090434074402,1.0,46.497358083724976,hard,0.07402324760874088,0.07380617228568301,0.0007271442868899635,0.0009250771710686935,1.059864081730593,0.0,success
475,4392.844643883571,499.2311557083556,4892.075799591927,True,0.0,0.0,False,287,-1.0,0.3078887462615967,0.47948116064071655,0.8998947143554688,1.0,241.97834730148315,1.0,46.496315002441406,hard,0.0384134095735313,0.03823550219118432,0.0004963916534602292,0.0005792923737983556,0.6522823547907872,0.0,success
476,-310.5399685816451,-1.8845763700119038,-312.424544951657,False,0.0,0.0,False,1600,-1.0,1.0,0.4778067469596863,0.9079079031944275,1.0,215.8113133907318,1.0,46.48565888404846,hard,0.0,0.0,0.00853247832397896,0.00887464310823224,1.021244528093545,0.0,contact_alignment
477,2782.2782927087696,499.2409679619149,3281.5192606706846,True,0.0,0.0,False,247,-1.0,0.43844354152679443,0.4828195869922638,0.9206039905548096,1.0,241.97585225105286,1.0,46.496381759643555,hard,0.05921309130724282,0.059046093211190476,0.0004947870798338638,0.000793624808233748,0.19958120438778415,0.0,success
478,4487.003217895023,499.2144658121769,4986.2176837072,True,0.0,0.0,False,297,-1.0,0.2739632725715637,0.4844009578227997,0.9014719128608704,1.0,241.9731092453003,1.0,46.49676352739334,hard,0.03702682399668797,0.03684344733421081,0.000598960207583598,0.0006060914009901964,0.7352998381678287,0.0,success
479,4973.77376694099,499.18267556967317,5472.956442510663,True,0.0,0.0,False,342,-1.0,0.6750178337097168,0.4814147353172302,0.9237905740737915,1.0,241.9822061061859,1.0,46.49691581726074,hard,0.03795183742076545,0.037819024978031635,0.000866884001391502,0.0008675409735746241,0.5530073267091148,0.0,success
480,4298.719467955875,499.2146983846389,4797.934166340514,True,0.0,0.0,False,300,-1.0,1.0,0.4800366759300232,0.9072346687316895,1.0,241.98031544685364,1.0,46.49693250656128,hard,0.03821190800751482,0.038013597442696445,0.0003290188316496961,0.00037922304701370146,0.7096138750779746,0.0,success
481,4183.628283611795,493.93262420345513,4677.56090781525,True,51.33885112726366,0.0,False,303,-1.0,0.6140251159667969,0.48199161887168884,0.9244507551193237,1.0,241.97789788246155,1.0,46.49762511253357,hard,0.038754468710382114,0.038562293165033526,0.0007123014081300322,0.0007845553960263463,0.6868851686065245,0.1694351522351936,success
482,4300.04421257602,499.2398852270916,4799.284097803112,True,0.0,0.0,False,283,-1.0,0.28212448954582214,0.481448233127594,0.9041253328323364,1.0,241.9773554801941,1.0,46.496498584747314,hard,0.03910512364323208,0.03892156216594367,0.0003876005172337453,0.0005000138539404094,0.7080595296504831,0.0,success
483,-331.4962733368326,-2.0041623900814485,-333.500435726914,False,0.0,0.0,False,1600,-1.0,1.0,0.4796657860279083,0.9259917736053467,1.0,215.5054759979248,1.0,46.48981660604477,hard,0.0,0.0,0.00904095740437082,0.009276308332064174,1.0253072442231623,0.0,contact_alignment
484,-223.11314718451115,-1.7777223944415266,-224.89086957895267,False,0.0,0.0,False,1600,-1.0,0.10419131070375443,0.479216068983078,0.9090532064437866,1.0,214.64600086212158,1.0,46.491489708423615,hard,0.0,0.0,0.006142266265828204,0.006212831328965163,0.7431434717400293,0.0,contact_alignment
485,-264.96996992527534,-1.7825414756197286,-266.75251140089506,False,0.0,0.0,False,1600,-1.0,0.05345587804913521,0.480050653219223,0.9142047762870789,1.0,215.130877494812,1.0,46.494376957416534,hard,0.0,0.0,0.0074169035051424494,0.007482121527161766,0.8983888954674736,0.0,contact_alignment
486,-382.4790731363813,-2.052849171885261,-384.5319223082666,False,0.0,0.0,False,1600,-1.0,1.0,0.47790274024009705,0.9280200600624084,1.0,215.23064851760864,1.0,46.48175984621048,hard,0.0,0.0,0.010578254709622547,0.010893863620934882,1.1584792967998492,0.0,contact_alignment
487,4501.333539747163,499.2116831042081,5000.545222851371,True,0.0,0.0,False,291,-1.0,1.0,0.4853978157043457,0.8999373912811279,1.0,241.98068737983704,1.0,46.49780869483948,hard,0.037009086165130614,0.036832794975668146,0.0005435834408860942,0.0005625175707910256,0.7588559894015425,0.0,success
488,-288.4918045257818,-1.8478754867055005,-290.3396800124873,False,0.0,0.0,False,1600,-1.0,1.0,0.47641468048095703,0.9093133807182312,1.0,215.67954063415527,1.0,46.4935028553009,hard,0.0,0.0,0.00807515974704043,0.008195829385669479,0.9569592787911158,0.0,contact_alignment
489,3724.5725347468215,499.1694816109472,4223.742016357769,True,0.0,0.0,False,326,-1.0,1.0,0.48404982686042786,0.9204025864601135,1.0,241.97782039642334,1.0,46.49795472621918,hard,0.0441226512967587,0.043959432638930374,0.0007432678432566667,0.000806796848953051,0.22863009267062914,0.0,success
490,-368.6985969259708,-2.1058034144587703,-370.80440034042954,False,0.0,0.0,False,1600,-1.0,1.0,0.4803590774536133,0.9346434473991394,1.0,215.3921139240265,1.0,46.45869314670563,hard,0.0,0.0,0.010240246219075454,0.010278349247608455,1.1370702691369183,0.0,contact_alignment
491,4329.469090454222,499.23370016247264,4828.702790616695,True,0.0,0.0,False,277,-1.0,0.23707006871700287,0.48236310482025146,0.8999390006065369,1.0,241.9788122177124,1.0,46.49786502122879,hard,0.03945660435799383,0.03929926190518773,0.00037574200986075694,0.00047166153536990423,0.6352057042669131,0.0,success
492,-283.30303302306754,-1.8657453599936729,-285.16877838306124,False,0.0,0.0,False,1600,-1.0,1.0,0.4772109389305115,0.9220632910728455,1.0,215.93521356582642,1.0,46.49204462766647,hard,0.0,0.0,0.007560189930016455,0.007701034640565309,0.9264127805164358,0.0,contact_alignment
493,-371.8708906149768,-2.0766200790051137,-373.94751069398194,False,0.0,0.0,False,1600,-1.0,1.0,0.47663235664367676,0.9232772588729858,1.0,215.3059184551239,1.0,46.49298757314682,hard,0.0,0.0,0.01036310487849501,0.010538094697640842,1.172562237600296,0.0,contact_alignment
494,3088.58193179006,499.2421342999002,3587.82406608996,True,0.0,0.0,False,234,-1.0,0.4198456108570099,0.4862137734889984,0.9053977131843567,1.0,241.97377562522888,1.0,46.497278809547424,hard,0.061686104626373625,0.0616060949862646,0.00041029304041974627,0.0006478543776298347,0.12033533716960841,0.0,success
495,-243.52765845542788,-1.754180330550721,-245.2818387859786,False,0.0,0.0,False,1600,-1.0,0.1586248278617859,0.47794103622436523,0.9123545289039612,1.0,215.86011409759521,1.0,46.49241179227829,hard,0.0,0.0,0.006850494030083292,0.006952417658388805,0.8362684514362902,0.0,contact_alignment
496,3721.6259668322027,498.7037291616008,4220.329695993803,True,0.0,0.0,False,1049,-1.0,1.0,0.48369231820106506,0.9111022353172302,1.0,241.98172569274902,1.0,46.49704307317734,hard,0.04455619321504228,0.04441898977873647,0.0003497500555256365,0.00043017318199306884,0.41930209872768753,0.0,success
497,4407.734339475211,499.24221683861754,4906.976556313828,True,0.0,0.0,False,285,-1.0,0.9914923310279846,0.48523232340812683,0.8999180197715759,1.0,241.97802186012268,1.0,46.49713069200516,hard,0.0384684569618991,0.038332464002523686,0.00041218406936271995,0.0004490286677347633,0.6574892713557249,0.0,success
498,-209.9825349358017,-1.7407417181441904,-211.7232766539459,False,0.0,0.0,False,1600,-1.0,0.6261088252067566,0.4766606390476227,0.9086886644363403,1.0,217.52671480178833,1.0,46.49287700653076,hard,0.0,0.0,0.005756104210362564,0.0059177370386534365,0.7510068901003709,0.0,contact_alignment
499,-311.09535180973893,-1.961988696627021,-313.05734050636596,False,0.0,0.0,False,1600,-1.0,1.0,0.4785441756248474,0.9243312478065491,1.0,215.72274684906006,1.0,46.47596448659897,hard,0.0,0.0,0.008540294394319154,0.008627313300726013,1.0029747866011378,0.0,contact_alignment
