episode,step,stage,stage_index,success,contact,jamming,Kx,Ky,Kz,Krx,Kry,Krz,Dx,Dy,Dz,Drx,Dry,Drz,Fx,Fy,Fz,Tx,Ty,Tz,peg1_lateral_error,peg2_lateral_error,peg1_depth,peg2_depth,relative_position_error,relative_orientation_error,agent1_action,impedance_action
0,0,LIFT,2,0,0,0,307.80000311136246,307.80000311136246,482.29999101161957,49.125,49.125,36.025,3.6999999999999997,3.6999999999999997,4.800000041723251,1.3440000116825104,1.3440000116825104,0.9600000083446503,0.0,0.0,0.0,0.0,0.0,0.0,0.005529133587666004,0.00626542818531611,0.0,0.0,0.015374651715616423,1.6223690513098672,"[-0.19926324486732483, 0.10426677763462067, -1.0, 0.07353775203227997, 0.13919492065906525, 0.12784069776535034]","[0.800000011920929, 0.800000011920929, 0.8999999761581421, 0.75, 0.75, 0.75, 0.75, 0.75, 0.800000011920929, 0.800000011920929, 0.800000011920929, 0.800000011920929]"
0,1,TRANSPORT,3,0,0,0,307.80000311136246,307.80000311136246,482.29999101161957,49.125,49.125,36.025,3.6999999999999997,3.6999999999999997,4.800000041723251,1.3440000116825104,1.3440000116825104,0.9600000083446503,0.0,0.0,0.0,0.0,0.0,0.0,0.0031387972381911166,0.0035568300585312614,0.0,0.0,0.029997476615648444,1.2274420638691863,"[3.367537138032617e-09, -1.7185527445562343e-09, -1.0, -7.543273228272085e-10, 1.2672276561431772e-09, -4.454407065423993e-09]","[0.800000011920929, 0.800000011920929, 0.8999999761581421, 0.75, 0.75, 0.75, 0.75, 0.75, 0.800000011920929, 0.800000011920929, 0.800000011920929, 0.800000011920929]"
0,2,COARSE_ALIGNMENT,4,0,0,0,307.80000311136246,307.80000311136246,482.29999101161957,49.125,49.125,36.025,3.6999999999999997,3.6999999999999997,4.800000041723251,1.3440000116825104,1.3440000116825104,0.9600000083446503,0.0,0.0,0.0,0.0,0.0,0.0,0.0017394772044860957,0.0019609465887155796,0.0,0.0,0.04461013897832471,0.6799303168967495,"[4.278984463785376e-17, -1.503427067658607e-17, -1.0, -2.2677221013229033e-17, 2.3250781432528402e-17, -4.4708933437478834e-17]","[0.800000011920929, 0.800000011920929, 0.8999999761581421, 0.75, 0.75, 0.75, 0.75, 0.75, 0.800000011920929, 0.800000011920929, 0.800000011920929, 0.800000011920929]"
0,3,APPROACH,5,0,0,0,307.80000311136246,307.80000311136246,482.29999101161957,49.125,49.125,36.025,3.6999999999999997,3.6999999999999997,4.800000041723251,1.3440000116825104,1.3440000116825104,0.9600000083446503,0.0,0.0,0.0,0.0,0.0,0.0,0.00099601068853144,0.0011108581858258698,0.0,0.0,0.05907220253072121,0.3536658730384382,"[1.223537956532149e-24, 4.566726134123818e-25, -1.0, 1.2678280343658137e-25, -4.138429882852174e-25, 1.5600910157293669e-25]","[0.800000011920929, 0.800000011920929, 0.8999999761581421, 0.75, 0.75, 0.75, 0.75, 0.75, 0.800000011920929, 0.800000011920929, 0.800000011920929, 0.800000011920929]"
0,4,APPROACH,5,0,0,0,307.80000311136246,307.80000311136246,482.29999101161957,49.125,49.125,36.025,3.6999999999999997,3.6999999999999997,4.800000041723251,1.3440000116825104,1.3440000116825104,0.9600000083446503,0.0,0.0,0.0,0.0,0.0,0.0,0.0005999635369391872,0.0006598408650529846,0.0,0.0,0.07324682619395975,0.18102129199314115,"[3.440994931929724e-32, 1.7461764339321626e-32, -1.0, 3.76985666817714e-33, 1.8250999649411608e-34, -2.7894521352631192e-33]","[0.800000011920929, 0.800000011920929, 0.8999999761581421, 0.75, 0.75, 0.75, 0.75, 0.75, 0.800000011920929, 0.800000011920929, 0.800000011920929, 0.800000011920929]"
0,5,APPROACH,5,0,0,0,307.80000311136246,307.80000311136246,482.29999101161957,49.125,49.125,36.025,3.6999999999999997,3.6999999999999997,4.800000041723251,1.3440000116825104,1.3440000116825104,0.9600000083446503,0.0,0.0,0.0,0.0,0.0,0.0,0.00038543668742203055,0.00041818956791005407,0.0,0.0,0.08704442758599171,0.09282126117056283,"[-8.877435966267365e-40, 4.821363548294539e-40, -1.0, -1.0503152379653801e-40, -4.388866790265327e-42, -1.2265565458235124e-41]","[0.800000011920929, 0.800000011920929, 0.8999999761581421, 0.75, 0.75, 0.75, 0.75, 0.75, 0.800000011920929, 0.800000011920929, 0.800000011920929, 0.800000011920929]"
0,6,APPROACH,5,0,0,0,307.80000311136246,307.80000311136246,482.29999101161957,49.125,49.125,36.025,3.6999999999999997,3.6999999999999997,4.800000041723251,1.3440000116825104,1.3440000116825104,0.9600000083446503,0.0,0.0,0.0,0.0,0.0,0.0,0.00026664748666811847,0.000286967316203922,0.0,0.0,0.10038956002802939,0.048797428685927895,"[0.0, 0.0, -1.0, 0.0, 0.0, 0.0]","[0.800000011920929, 0.800000011920929, 0.8999999761581421, 0.75, 0.75, 0.75, 0.75, 0.75, 0.800000011920929, 0.800000011920929, 0.800000011920929, 0.800000011920929]"
0,7,APPROACH,5,0,0,0,307.80000311136246,307.80000311136246,482.29999101161957,49.125,49.125,36.025,3.6999999999999997,3.6999999999999997,4.800000041723251,1.3440000116825104,1.3440000116825104,0.9600000083446503,0.0,0.0,0.0,0.0,0.0,0.0,0.00019892860940239065,0.00021454891679271461,0.0,0.0,0.1132133934191929,0.027564741271659948,"[0.0, 0.0, -1.0, 0.0, 0.0, 0.0]","[0.800000011920929, 0.800000011920929, 0.8999999761581421, 0.75, 0.75, 0.75, 0.75, 0.75, 0.800000011920929, 0.800000011920929, 0.800000011920929, 0.800000011920929]"
0,8,APPROACH,5,0,0,0,307.80000311136246,307.80000311136246,482.29999101161957,49.125,49.125,36.025,3.6999999999999997,3.6999999999999997,4.800000041723251,1.3440000116825104,1.3440000116825104,0.9600000083446503,0.0,0.0,0.0,0.0,0.0,0.0,0.00015894538523887893,0.00017384703355768786,0.0,0.0,0.12069948624688413,0.018278422423184077,"[0.0, 0.0, -0.6831515431404114, 0.0, 0.0, 0.0]","[0.800000011920929, 0.800000011920929, 0.8999999761581421, 0.75, 0.75, 0.75, 0.75, 0.75, 0.800000011920929, 0.800000011920929, 0.800000011920929, 0.800000011920929]"
0,9,APPROACH,5,0,0,0,307.80000311136246,307.80000311136246,482.29999101161957,49.125,49.125,36.025,3.6999999999999997,3.6999999999999997,4.800000041723251,1.3440000116825104,1.3440000116825104,0.9600000083446503,0.0,0.0,0.0,0.0,0.0,0.0,0.00013438003825383014,0.00015040512010581426,0.0,0.0,0.11730379302188995,0.015458755296132424,"[0.0, 0.0, -1.9430839159895186e-08, 0.0, 0.0, 0.0]","[0.800000011920929, 0.800000011920929, 0.8999999761581421, 0.75, 0.75, 0.75, 0.75, 0.75, 0.800000011920929, 0.800000011920929, 0.800000011920929, 0.800000011920929]"
0,10,APPROACH,5,0,0,0,307.80000311136246,307.80000311136246,482.29999101161957,49.125,49.125,36.025,3.6999999999999997,3.6999999999999997,4.800000041723251,1.3440000116825104,1.3440000116825104,0.9600000083446503,0.0,0.0,0.0,0.0,0.0,0.0,0.00011822946150501724,0.00013598894720822098,0.0,0.0,0.11326610144619993,0.016089199286720215,"[0.0, 0.0, 0.0, 0.0, 0.0, 0.0]","[0.800000011920929, 0.800000011920929, 0.8999999761581421, 0.75, 0.75, 0.75, 0.75, 0.75, 0.800000011920929, 0.800000011920929, 0.800000011920929, 0.800000011920929]"
0,11,APPROACH,5,0,0,0,307.80000311136246,307.80000311136246,482.29999101161957,49.125,49.125,36.025,3.6999999999999997,3.6999999999999997,4.800000041723251,1.3440000116825104,1.3440000116825104,0.9600000083446503,0.0,0.0,0.0,0.0,0.0,0.0,0.0001059369611349196,0.0001254010670133619,0.0,0.0,0.10862238191417593,0.018451692959042348,"[0.0, 0.0, 0.0, 0.0, 0.0, 0.0]","[0.800000011920929, 0.800000011920929, 0.8999999761581421, 0.75, 0.75, 0.75, 0.75, 0.75, 0.800000011920929, 0.800000011920929, 0.800000011920929, 0.800000011920929]"
0,12,APPROACH,5,0,0,0,307.80000311136246,307.80000311136246,482.29999101161957,49.125,49.125,36.025,3.6999999999999997,3.6999999999999997,4.800000041723251,1.3440000116825104,1.3440000116825104,0.9600000083446503,0.0,0.0,0.0,0.0,0.0,0.0,9.554267288312624e-05,0.00011623703583907858,0.0,0.0,0.10341979048776864,0.02159275875807504,"[0.0, 0.0, 0.0, 0.0, 0.0, 0.0]","[0.800000011920929, 0.800000011920929, 0.8999999761581421, 0.75, 0.75, 0.75, 0.75, 0.75, 0.800000011920929, 0.800000011920929, 0.800000011920929, 0.800000011920929]"
0,13,APPROACH,5,0,0,0,307.80000311136246,307.80000311136246,482.29999101161957,49.125,49.125,36.025,3.6999999999999997,3.6999999999999997,4.800000041723251,1.3440000116825104,1.3440000116825104,0.9600000083446503,0.0,0.0,0.0,0.0,0.0,0.0,8.690718540242804e-05,0.00010788754775980741,0.0,0.0,0.09771389643465118,0.025128850031767486,"[0.0, 0.0, 0.0, 0.0, 0.0, 0.0]","[0.800000011920929, 0.800000011920929, 0.8999999761581421, 0.75, 0.75, 0.75, 0.75, 0.75, 0.800000011920929, 0.800000011920929, 0.800000011920929, 0.800000011920929]"
0,14,APPROACH,5,0,0,0,307.80000311136246,307.80000311136246,482.29999101161957,49.125,49.125,36.025,3.6999999999999997,3.6999999999999997,4.800000041723251,1.3440000116825104,1.3440000116825104,0.9600000083446503,0.0,0.0,0.0,0.0,0.0,0.0,8.020135296669175e-05,0.00010008642891082193,0.0,0.0,0.09156257795243274,0.02896128890268835,"[0.0, 0.0, 0.0, 0.0, 0.0, 0.0]","[0.800000011920929, 0.800000011920929, 0.8999999761581421, 0.75, 0.75, 0.75, 0.75, 0.75, 0.800000011920929, 0.800000011920929, 0.800000011920929, 0.800000011920929]"
0,15,APPROACH,5,0,0,0,307.80000311136246,307.80000311136246,482.29999101161957,49.125,49.125,36.025,3.6999999999999997,3.6999999999999997,4.800000041723251,1.3440000116825104,1.3440000116825104,0.9600000083446503,0.0,0.0,0.0,0.0,0.0,0.0,7.559211517112492e-05,9.264201591460068e-05,0.0,0.0,0.08501780092279143,0.03301581556381436,"[0.0, 0.0, 0.0, 0.0, 0.0, 0.0]","[0.800000011920929, 0.800000011920929, 0.8999999761581421, 0.75, 0.75, 0.75, 0.75, 0.75, 0.800000011920929, 0.800000011920929, 0.800000011920929, 0.800000011920929]"
0,16,APPROACH,5,0,0,0,307.80000311136246,307.80000311136246,482.29999101161957,49.125,49.125,36.025,3.6999999999999997,3.6999999999999997,4.800000041723251,1.3440000116825104,1.3440000116825104,0.9600000083446503,0.0,0.0,0.0,0.0,0.0,0.0,7.319327901947879e-05,8.544540053034581e-05,0.0,0.0,0.07812223114703593,0.037214049800382586,"[0.0, 0.0, 0.0, 0.0, 0.0, 0.0]","[0.800000011920929, 0.800000011920929, 0.8999999761581421, 0.75, 0.75, 0.75, 0.75, 0.75, 0.800000011920929, 0.800000011920929, 0.800000011920929, 0.800000011920929]"
0,17,APPROACH,5,0,0,0,307.80000311136246,307.80000311136246,482.29999101161957,49.125,49.125,36.025,3.6999999999999997,3.6999999999999997,4.800000041723251,1.3440000116825104,1.3440000116825104,0.9600000083446503,0.0,0.0,0.0,0.0,0.0,0.0,7.295596555828847e-05,7.844098200185173e-05,0.0,0.0,0.07091309632218644,0.04147615377134864,"[0.0, 0.0, 0.0, 0.0, 0.0, 0.0]","[0.800000011920929, 0.800000011920929, 0.8999999761581421, 0.75, 0.75, 0.75, 0.75, 0.75, 0.800000011920929, 0.800000011920929, 0.800000011920929, 0.800000011920929]"
0,18,APPROACH,5,0,0,0,307.80000311136246,307.80000311136246,482.29999101161957,49.125,49.125,36.025,3.6999999999999997,3.6999999999999997,4.800000041723251,1.3440000116825104,1.3440000116825104,0.9600000083446503,0.0,0.0,0.0,0.0,0.0,0.0,7.46166738070289e-05,7.15999685509527e-05,0.0,0.0,0.06342628536823808,0.045713772329018076,"[0.0, 0.0, 0.0, 0.0, 0.0, 0.0]","[0.800000011920929, 0.800000011920929, 0.8999999761581421, 0.75, 0.75, 0.75, 0.75, 0.75, 0.800000011920929, 0.800000011920929, 0.800000011920929, 0.800000011920929]"
0,19,APPROACH,5,0,0,0,307.80000311136246,307.80000311136246,482.29999101161957,49.125,49.125,36.025,3.6999999999999997,3.6999999999999997,4.800000041723251,1.3440000116825104,1.3440000116825104,0.9600000083446503,0.0,0.0,0.0,0.0,0.0,0.0,7.774800210523026e-05,6.490736392546982e-05,0.0,0.0,0.0556970576578778,0.049828286197633055,"[0.0, 0.0, 0.0, 0.0, 0.0, 0.0]","[0.800000011920929, 0.800000011920929, 0.8999999761581421, 0.75, 0.75, 0.75, 0.75, 0.75, 0.800000011920929, 0.800000011920929, 0.800000011920929, 0.800000011920929]"
0,20,FIRST_CONTACT,6,0,1,0,307.80000311136246,307.80000311136246,482.29999101161957,49.125,49.125,36.025,3.6999999999999997,3.6999999999999997,4.800000041723251,1.3440000116825104,1.3440000116825104,0.9600000083446503,0.0,0.0,0.0,0.0,0.0,0.0,8.186325528011889e-05,5.8355875278925035e-05,0.0,0.0,0.04776034574432645,0.053712579249305226,"[0.0, 0.0, 0.0, 0.0, 0.0, 0.0]","[0.800000011920929, 0.800000011920929, 0.8999999761581421, 0.75, 0.75, 0.75, 0.75, 0.75, 0.800000011920929, 0.800000011920929, 0.800000011920929, 0.800000011920929]"
0,21,COMPLIANT_ALIGNMENT,7,0,0,0,145.9800018668175,145.9800018668175,388.05000000000007,23.025000259280205,23.025000259280205,16.88500019013882,4.119999933242798,4.119999933242798,5.324999958276749,1.4909999883174894,1.4909999883174894,1.0649999916553496,0.0,0.0,0.0,0.0,0.0,0.0,8.656121262635102e-05,5.1991848495544365e-05,0.0065977694575858545,0.006566845459299857,0.03965056099311199,0.05725531919379976,"[0.0, 0.0, 0.0, 0.0, 0.0, 0.0]","[0.18000000715255737, 0.18000000715255737, 0.8500000238418579, 0.15000000596046448, 0.15000000596046448, 0.15000000596046448, 0.8999999761581421, 0.8999999761581421, 0.949999988079071, 0.949999988079071, 0.949999988079071, 0.949999988079071]"
0,22,INSERTION,8,0,0,0,307.80000311136246,307.80000311136246,482.29999101161957,49.125,49.125,36.025,3.6999999999999997,3.6999999999999997,4.800000041723251,1.3440000116825104,1.3440000116825104,0.9600000083446503,0.0,0.0,0.0,0.0,0.0,0.0,9.149944467210814e-05,4.5865469779266996e-05,0.014912205396788246,0.014880809588398429,0.03141773675412744,0.0603783464579086,"[0.0, 0.0, 0.0, 0.0, 0.0, 0.0]","[0.800000011920929, 0.800000011920929, 0.8999999761581421, 0.75, 0.75, 0.75, 0.75, 0.75, 0.800000011920929, 0.800000011920929, 0.800000011920929, 0.800000011920929]"
0,23,INSERTION,8,0,0,0,307.80000311136246,307.80000311136246,482.29999101161957,49.125,49.125,36.025,3.6999999999999997,3.6999999999999997,4.800000041723251,1.3440000116825104,1.3440000116825104,0.9600000083446503,0.0,0.0,0.0,0.0,0.0,0.0,9.631144828769635e-05,3.9965293808065606e-05,0.023308601713672876,0.023276848090045203,0.023103579972488974,0.06300829062353498,"[0.0, 0.0, 0.0, 0.0, 0.0, 0.0]","[0.800000011920929, 0.800000011920929, 0.8999999761581421, 0.75, 0.75, 0.75, 0.75, 0.75, 0.800000011920929, 0.800000011920929, 0.800000011920929, 0.800000011920929]"
0,24,INSERTION,8,0,0,0,307.80000311136246,307.80000311136246,482.29999101161957,49.125,49.125,36.025,3.6999999999999997,3.6999999999999997,4.800000041723251,1.3440000116825104,1.3440000116825104,0.9600000083446503,0.0,0.0,0.0,0.0,0.0,0.0,0.00010078395864464907,3.4447217016461324e-05,0.03175177032452844,0.03171977202349382,0.014707460842328343,0.06501588775558967,"[0.0, 0.0, 0.0, 0.0, 0.0, 0.0]","[0.800000011920929, 0.800000011920929, 0.8999999761581421, 0.75, 0.75, 0.75, 0.75, 0.75, 0.800000011920929, 0.800000011920929, 0.800000011920929, 0.800000011920929]"
0,25,INSERTION,8,0,0,0,307.80000311136246,307.80000311136246,482.29999101161957,49.125,49.125,36.025,3.6999999999999997,3.6999999999999997,4.800000041723251,1.3440000116825104,1.3440000116825104,0.9600000083446503,0.0,0.0,0.0,0.0,0.0,0.0,0.00010475341847425752,2.9622307643880794e-05,0.040199582359897866,0.040167450162394,0.0062647890092790036,0.06633725114692549,"[0.0, 0.0, 0.0, 0.0, 0.0, 0.0]","[0.800000011920929, 0.800000011920929, 0.8999999761581421, 0.75, 0.75, 0.75, 0.75, 0.75, 0.800000011920929, 0.800000011920929, 0.800000011920929, 0.800000011920929]"
0,26,INSERTION,8,0,0,0,307.80000311136246,307.80000311136246,482.29999101161957,49.125,49.125,36.025,3.6999999999999997,3.6999999999999997,4.800000041723251,1.3440000116825104,1.3440000116825104,0.9600000083446503,0.0,0.0,0.0,0.0,0.0,0.0,0.00010809834847398843,2.603134676459254e-05,0.04860311166202221,0.04857095458851759,0.0021855027633545664,0.06692165798851268,"[0.0, 0.0, 0.0, 0.0, 0.0, 0.0]","[0.800000011920929, 0.800000011920929, 0.8999999761581421, 0.75, 0.75, 0.75, 0.75, 0.75, 0.800000011920929, 0.800000011920929, 0.800000011920929, 0.800000011920929]"
0,27,INSERTION,8,0,0,0,307.80000311136246,307.80000311136246,482.29999101161957,49.125,49.125,36.025,3.6999999999999997,3.6999999999999997,4.800000041723251,1.3440000116825104,1.3440000116825104,0.9600000083446503,0.0,0.0,0.0,0.0,0.0,0.0,0.00011073904500625806,2.4430093534307647e-05,0.05691025560531079,0.05687818131201829,0.010587525099004702,0.06672828765766844,"[0.0, 0.0, 0.0, 0.0, 0.0, 0.0]","[0.800000011920929, 0.800000011920929, 0.8999999761581421, 0.75, 0.75, 0.75, 0.75, 0.75, 0.800000011920929, 0.800000011920929, 0.800000011920929, 0.800000011920929]"
0,28,INSERTION,8,0,0,0,307.80000311136246,307.80000311136246,482.29999101161957,49.125,49.125,36.025,3.6999999999999997,3.6999999999999997,4.800000041723251,1.3440000116825104,1.3440000116825104,0.9600000083446503,0.0,0.0,0.0,0.0,0.0,0.0,0.00011263225872913053,2.5433912688377107e-05,0.06506887767576897,0.06503699209263109,0.018894541473585012,0.06572596648340964,"[0.0, 0.0, 0.0, 0.0, 0.0, 0.0]","[0.800000011920929, 0.800000011920929, 0.8999999761581421, 0.75, 0.75, 0.75, 0.75, 0.75, 0.800000011920929, 0.800000011920929, 0.800000011920929, 0.800000011920929]"
0,29,INSERTION,8,0,0,0,307.80000311136246,307.80000311136246,482.29999101161957,49.125,49.125,36.025,3.6999999999999997,3.6999999999999997,4.800000041723251,1.3440000116825104,1.3440000116825104,0.9600000083446503,0.0,0.0,0.0,0.0,0.0,0.0,0.00011376895029025667,2.901930543202523e-05,0.07302878547266614,0.07299719227049054,0.027053194024920044,0.06389013740647301,"[0.0, 0.0, 0.0, 0.0, 0.0, 0.0]","[0.800000011920929, 0.800000011920929, 0.8999999761581421, 0.75, 0.75, 0.75, 0.75, 0.75, 0.800000011920929, 0.800000011920929, 0.800000011920929, 0.800000011920929]"
0,30,INSERTION,8,0,0,0,307.80000311136246,307.80000311136246,482.29999101161957,49.125,49.125,36.025,3.6999999999999997,3.6999999999999997,4.800000041723251,1.3440000116825104,1.3440000116825104,0.9600000083446503,0.0,0.0,0.0,0.0,0.0,0.0,0.00011417579253085779,3.464086967197665e-05,0.08074350996690419,0.08071230953602598,0.035013215065159364,0.06120323302456713,"[0.0, 0.0, 0.0, 0.0, 0.0, 0.0]","[0.800000011920929, 0.800000011920929, 0.8999999761581421, 0.75, 0.75, 0.75, 0.75, 0.75, 0.800000011920929, 0.800000011920929, 0.800000011920929, 0.800000011920929]"
0,31,INSERTION,8,0,0,0,307.80000311136246,307.80000311136246,482.29999101161957,49.125,49.125,36.025,3.6999999999999997,3.6999999999999997,4.800000041723251,1.3440000116825104,1.3440000116825104,0.9600000083446503,0.0,0.0,0.0,0.0,0.0,0.0,0.0001139190405823154,4.173046090399101e-05,0.08817219387384101,0.0881414815518497,0.04272811620611466,0.0576587541300528,"[0.0, 0.0, 0.0, 0.0, 0.0, 0.0]","[0.800000011920929, 0.800000011920929, 0.8999999761581421, 0.75, 0.75, 0.75, 0.75, 0.75, 0.800000011920929, 0.800000011920929, 0.800000011920929, 0.800000011920929]"
0,32,INSERTION,8,0,0,0,307.80000311136246,307.80000311136246,482.29999101161957,49.125,49.125,36.025,3.6999999999999997,3.6999999999999997,4.800000041723251,1.3440000116825104,1.3440000116825104,0.9600000083446503,0.0,0.0,0.0,0.0,0.0,0.0,0.00011311033237136228,4.9906815752384275e-05,0.09528173320461505,0.09525159694418919,0.05015703126926248,0.05326885789682048,"[0.0, 0.0, 0.0, 0.0, 0.0, 0.0]","[0.800000011920929, 0.800000011920929, 0.8999999761581421, 0.75, 0.75, 0.75, 0.75, 0.75, 0.800000011920929, 0.800000011920929, 0.800000011920929, 0.800000011920929]"
0,33,INSERTION,8,0,0,0,307.80000311136246,307.80000311136246,482.29999101161957,49.125,49.125,36.025,3.6999999999999997,3.6999999999999997,4.800000041723251,1.3440000116825104,1.3440000116825104,0.9600000083446503,0.0,0.0,0.0,0.0,0.0,0.0,0.00011191408860121987,5.8942980129868874e-05,0.10204930657668815,0.10201982440119878,0.057266849737197846,0.04807707889849392,"[0.0, 0.0, 0.0, 0.0, 0.0, 0.0]","[0.800000011920929, 0.800000011920929, 0.8999999761581421, 0.75, 0.75, 0.75, 0.75, 0.75, 0.800000011920929, 0.800000011920929, 0.800000011920929, 0.800000011920929]"
0,34,INSERTION,8,0,0,0,307.80000311136246,307.80000311136246,482.29999101161957,49.125,49.125,36.025,3.6999999999999997,3.6999999999999997,4.800000041723251,1.3440000116825104,1.3440000116825104,0.9600000083446503,0.0,0.0,0.0,0.0,0.0,0.0,0.00011054599295166969,6.869700142295485e-05,0.10846391975197267,0.10843516063402509,0.0640347438187903,0.04218076992801493,"[0.0, 0.0, 0.0, 0.0, 0.0, 0.0]","[0.800000011920929, 0.800000011920929, 0.8999999761581421, 0.75, 0.75, 0.75, 0.75, 0.75, 0.800000011920929, 0.800000011920929, 0.800000011920929, 0.800000011920929]"
0,35,INSERTION,8,0,0,0,307.80000311136246,307.80000311136246,482.29999101161957,49.125,49.125,36.025,3.6999999999999997,3.6999999999999997,4.800000041723251,1.3440000116825104,1.3440000116825104,0.9600000083446503,0.0,0.0,0.0,0.0,0.0,0.0,0.00010925571753775985,7.906280268805446e-05,0.11452038064694117,0.11449241094410464,0.07044971393695766,0.03576531428080653,"[0.0, 0.0, 0.0, 0.0, 0.0, 0.0]","[0.800000011920929, 0.800000011920929, 0.8999999761581421, 0.75, 0.75, 0.75, 0.75, 0.75, 0.800000011920929, 0.800000011920929, 0.800000011920929, 0.800000011920929]"
0,36,INSERTION,8,0,0,0,307.80000311136246,307.80000311136246,482.29999101161957,49.125,49.125,36.025,3.6999999999999997,3.6999999999999997,4.800000041723251,1.3440000116825104,1.3440000116825104,0.9600000083446503,0.0,0.0,0.0,0.0,0.0,0.0,0.00010829230539075842,8.991898269788453e-05,0.12021176686850923,0.12018464869669909,0.07650656619907037,0.029167101873710764,"[0.0, 0.0, 0.0, 0.0, 0.0, 0.0]","[0.800000011920929, 0.800000011920929, 0.8999999761581421, 0.75, 0.75, 0.75, 0.75, 0.75, 0.800000011920929, 0.800000011920929, 0.800000011920929, 0.800000011920929]"
0,37,INSERTION,8,0,0,0,307.80000311136246,307.80000311136246,482.29999101161957,49.125,49.125,36.025,3.6999999999999997,3.6999999999999997,4.800000041723251,1.3440000116825104,1.3440000116825104,0.9600000083446503,0.0,0.0,0.0,0.0,0.0,0.0,0.0001078669948288056,0.00010111643439300643,0.12552674352511206,0.1255005333010876,0.08219837576438219,0.02302944753532628,"[0.0, 0.0, 0.0, 0.0, 0.0, 0.0]","[0.800000011920929, 0.800000011920929, 0.8999999761581421, 0.75, 0.75, 0.75, 0.75, 0.75, 0.800000011920929, 0.800000011920929, 0.800000011920929, 0.800000011920929]"
0,38,INSERTION,8,0,0,0,307.80000311136246,307.80000311136246,482.29999101161957,49.125,49.125,36.025,3.6999999999999997,3.6999999999999997,4.800000041723251,1.3440000116825104,1.3440000116825104,0.9600000083446503,0.0,0.0,0.0,0.0,0.0,0.0,0.00010812435916519202,0.00011248969465898256,0.13045018564858712,0.13042493411227365,0.08751380466452717,0.01861132747004088,"[0.0, 0.0, 0.0, 0.0, 0.0, 0.0]","[0.800000011920929, 0.800000011920929, 0.8999999761581421, 0.75, 0.75, 0.75, 0.75, 0.75, 0.800000011920929, 0.800000011920929, 0.800000011920929, 0.800000011920929]"
0,39,INSERTION,8,0,0,0,307.80000311136246,307.80000311136246,482.29999101161957,49.125,49.125,36.025,3.6999999999999997,3.6999999999999997,4.800000041723251,1.3440000116825104,1.3440000116825104,0.9600000083446503,0.0,0.0,0.0,0.0,0.0,0.0,0.00010913030794162182,0.0001238744769054892,0.13496471769265964,0.1349404700411075,0.09243772492520276,0.01777217278935327,"[0.0, 0.0, 0.0, 0.0, 0.0, 0.0]","[0.800000011920929, 0.800000011920929, 0.8999999761581421, 0.75, 0.75, 0.75, 0.75, 0.75, 0.800000011920929, 0.800000011920929, 0.800000011920929, 0.800000011920929]"
0,40,INSERTION,8,0,0,0,307.80000311136246,307.80000311136246,482.29999101161957,49.125,49.125,36.025,3.6999999999999997,3.6999999999999997,4.800000041723251,1.3440000116825104,1.3440000116825104,0.9600000083446503,0.0,0.0,0.0,0.0,0.0,0.0,0.00011087831156309854,0.00013512413818721813,0.1390519313029076,0.139028727296087,0.09695275810050609,0.021082322702270808,"[0.0, 0.0, 0.0, 0.0, 0.0, 0.0]","[0.800000011920929, 0.800000011920929, 0.8999999761581421, 0.75, 0.75, 0.75, 0.75, 0.75, 0.800000011920929, 0.800000011920929, 0.800000011920929, 0.800000011920929]"
0,41,INSERTION,8,0,0,0,307.80000311136246,307.80000311136246,482.29999101161957,49.125,49.125,36.025,3.6999999999999997,3.6999999999999997,4.800000041723251,1.3440000116825104,1.3440000116825104,0.9600000083446503,0.0,0.0,0.0,0.0,0.0,0.0,0.0001133090654346504,0.00014612162220819863,0.14269339293472008,0.14267126710595304,0.10104049301888596,0.02699714130898448,"[0.0, 0.0, 0.0, 0.0, 0.0, 0.0]","[0.800000011920929, 0.800000011920929, 0.8999999761581421, 0.75, 0.75, 0.75, 0.75, 0.75, 0.800000011920929, 0.800000011920929, 0.800000011920929, 0.800000011920929]"
0,42,INSERTION,8,0,0,0,307.80000311136246,307.80000311136246,482.29999101161957,49.125,49.125,36.025,3.6999999999999997,3.6999999999999997,4.800000041723251,1.3440000116825104,1.3440000116825104,0.9600000083446503,0.0,0.0,0.0,0.0,0.0,0.0,0.00011633542936045704,0.00015678479628020904,0.1458718495689231,0.1458508315253459,0.10468249344853975,0.03405883604305368,"[0.0, 0.0, 0.0, 0.0, 0.0, 0.0]","[0.800000011920929, 0.800000011920929, 0.8999999761581421, 0.75, 0.75, 0.75, 0.75, 0.75, 0.800000011920929, 0.800000011920929, 0.800000011920929, 0.800000011920929]"
0,43,INSERTION,8,0,0,0,307.80000311136246,307.80000311136246,482.29999101161957,49.125,49.125,36.025,3.6999999999999997,3.6999999999999997,4.800000041723251,1.3440000116825104,1.3440000116825104,0.9600000083446503,0.0,0.0,0.0,0.0,0.0,0.0,0.0001198641867848869,0.0001670645355207756,0.14857249652455973,0.1485526112466597,0.10786150385530516,0.041555293363682674,"[0.0, 0.0, 0.0, 0.0, 0.0, 0.0]","[0.800000011920929, 0.800000011920929, 0.8999999761581421, 0.75, 0.75, 0.75, 0.75, 0.75, 0.800000011920929, 0.800000011920929, 0.800000011920929, 0.800000011920929]"
0,44,INSERTION,8,0,0,0,307.80000311136246,307.80000311136246,482.29999101161957,49.125,49.125,36.025,3.6999999999999997,3.6999999999999997,4.800000041723251,1.3440000116825104,1.3440000116825104,0.9600000083446503,0.0,0.0,0.0,0.0,0.0,0.0,0.00012380974911499614,0.00017693722338781763,0.15078378912606266,0.15076505718946298,0.11056271721227041,0.049180647448600824,"[0.0, 0.0, 0.0, 0.0, 0.0, 0.0]","[0.800000011920929, 0.800000011920929, 0.8999999761581421, 0.75, 0.75, 0.75, 0.75, 0.75, 0.800000011920929, 0.800000011920929, 0.800000011920929, 0.800000011920929]"
0,45,INSERTION,8,0,0,0,307.80000311136246,307.80000311136246,482.29999101161957,49.125,49.125,36.025,3.6999999999999997,3.6999999999999997,4.800000041723251,1.3440000116825104,1.3440000116825104,0.9600000083446503,0.0,0.0,0.0,0.0,0.0,0.0,0.00012809956609595395,0.00018639360255076482,0.15249760331072346,0.15248004114009497,0.11277458662456513,0.05680486474189521,"[0.0, 0.0, 0.0, 0.0, 0.0, 0.0]","[0.800000011920929, 0.800000011920929, 0.8999999761581421, 0.75, 0.75, 0.75, 0.75, 0.75, 0.800000011920929, 0.800000011920929, 0.800000011920929, 0.800000011920929]"
0,46,INSERTION,8,0,0,0,307.80000311136246,307.80000311136246,482.29999101161957,49.125,49.125,36.025,3.6999999999999997,3.6999999999999997,4.800000041723251,1.3440000116825104,1.3440000116825104,0.9600000083446503,0.0,0.0,0.0,0.0,0.0,0.0,0.00013267475208948175,0.00019542976885587957,0.15370918855321872,0.15369280885310804,0.11448898594767017,0.06437243557574343,"[0.0, 0.0, 0.0, 0.0, 0.0, 0.0]","[0.800000011920929, 0.800000011920929, 0.8999999761581421, 0.75, 0.75, 0.75, 0.75, 0.75, 0.800000011920929, 0.800000011920929, 0.800000011920929, 0.800000011920929]"
0,47,INSERTION,8,0,0,0,307.80000311136246,307.80000311136246,482.29999101161957,49.125,49.125,36.025,3.6999999999999997,3.6999999999999997,4.800000041723251,1.3440000116825104,1.3440000116825104,0.9600000083446503,0.0,0.0,0.0,0.0,0.0,0.0,0.00013748845094651855,0.00020404190896413315,0.15441633067855187,0.15440114261680823,0.11570116279589779,0.07185827516371392,"[0.0, 0.0, 0.0, 0.0, 0.0, 0.0]","[0.800000011920929, 0.800000011920929, 0.8999999761581421, 0.75, 0.75, 0.75, 0.75, 0.75, 0.800000011920929, 0.800000011920929, 0.800000011920929, 0.800000011920929]"
0,48,INSERTION,8,0,0,0,307.80000311136246,307.80000311136246,482.29999101161957,49.125,49.125,36.025,3.6999999999999997,3.6999999999999997,4.800000041723251,1.3440000116825104,1.3440000116825104,0.9600000083446503,0.0,0.0,0.0,0.0,0.0,0.0,0.0001425036772928803,0.0002122230739644937,0.15461827775959316,0.15460428711402108,0.1164089012312246,0.07924863339927204,"[0.0, 0.0, 0.0, 0.0, 0.0, 0.0]","[0.800000011920929, 0.800000011920929, 0.8999999761581421, 0.75, 0.75, 0.75, 0.75, 0.75, 0.800000011920929, 0.800000011920929, 0.800000011920929, 0.800000011920929]"
0,49,SUCCESS,9,1,0,0,307.80000311136246,307.80000311136246,482.29999101161957,49.125,49.125,36.025,3.6999999999999997,3.6999999999999997,4.800000041723251,1.3440000116825104,1.3440000116825104,0.9600000083446503,0.0,0.0,0.0,0.0,0.0,0.0,0.00014769082614171625,0.0002199608823232065,0.15431491317666682,0.15430212245246305,0.11661144764313916,0.08653165660029569,"[0.0, 0.0, 0.0, 0.0, 0.0, 0.0]","[0.800000011920929, 0.800000011920929, 0.8999999761581421, 0.75, 0.75, 0.75, 0.75, 0.75, 0.800000011920929, 0.800000011920929, 0.800000011920929, 0.800000011920929]"
1,0,LIFT,2,0,0,0,307.80000311136246,307.80000311136246,482.29999101161957,49.125,49.125,36.025,3.6999999999999997,3.6999999999999997,4.800000041723251,1.3440000116825104,1.3440000116825104,0.9600000083446503,0.0,0.0,0.0,0.0,0.0,0.0,0.015844199694898854,0.01604736288236247,0.0,0.0,0.016176716114563068,5.552556626826082,"[-0.40379348397254944, 0.0005935541121289134, -1.0, 0.05796894058585167, 0.5310184359550476, 0.44316092133522034]","[0.800000011920929, 0.800000011920929, 0.8999999761581421, 0.75, 0.75, 0.75, 0.75, 0.75, 0.800000011920929, 0.800000011920929, 0.800000011920929, 0.800000011920929]"
1,1,TRANSPORT,3,0,0,0,307.80000311136246,307.80000311136246,482.29999101161957,49.125,49.125,36.025,3.6999999999999997,3.6999999999999997,4.800000041723251,1.3440000116825104,1.3440000116825104,0.9600000083446503,0.0,0.0,0.0,0.0,0.0,0.0,0.008848420693833618,0.009010917142842722,0.0,0.0,0.03054782130442812,4.198724496623687,"[7.525108869366193e-10, 2.217397706422153e-12, -1.0, 1.15227072328139e-09, 2.852462621660834e-08, -5.4324411635775505e-09]","[0.800000011920929, 0.800000011920929, 0.8999999761581421, 0.75, 0.75, 0.75, 0.75, 0.75, 0.800000011920929, 0.800000011920929, 0.800000011920929, 0.800000011920929]"
1,2,COARSE_ALIGNMENT,4,0,0,0,307.80000311136246,307.80000311136246,482.29999101161957,49.125,49.125,36.025,3.6999999999999997,3.6999999999999997,4.800000041723251,1.3440000116825104,1.3440000116825104,0.9600000083446503,0.0,0.0,0.0,0.0,0.0,0.0,0.004717343902155772,0.004812588389852285,0.0,0.0,0.04538733565809728,2.32079317809588,"[1.3877787807814457e-17, -7.228014698648314e-20, -1.0, -3.5259844159493686e-17, -8.57731714531951e-16, -1.0300705467577482e-16]","[0.800000011920929, 0.800000011920929, 0.8999999761581421, 0.75, 0.75, 0.75, 0.75, 0.75, 0.800000011920929, 0.800000011920929, 0.800000011920929, 0.800000011920929]"
1,3,APPROACH,5,0,0,0,307.80000311136246,307.80000311136246,482.29999101161957,49.125,49.125,36.025,3.6999999999999997,3.6999999999999997,4.800000041723251,1.3440000116825104,1.3440000116825104,0.9600000083446503,0.0,0.0,0.0,0.0,0.0,0.0,0.0025374235757183007,0.0025854812145980196,0.0,0.0,0.0600518519971052,1.1999330987342607,"[1.2924697071141057e-26, 2.086799983746985e-27, -1.0, 1.6211351926390516e-24, 1.7960916040982263e-23, 1.4765462578276764e-24]","[0.800000011920929, 0.800000011920929, 0.8999999761581421, 0.75, 0.75, 0.75, 0.75, 0.75, 0.800000011920929, 0.800000011920929, 0.800000011920929, 0.800000011920929]"
1,4,APPROACH,5,0,0,0,307.80000311136246,307.80000311136246,482.29999101161957,49.125,49.125,36.025,3.6999999999999997,3.6999999999999997,4.800000041723251,1.3440000116825104,1.3440000116825104,0.9600000083446503,0.0,0.0,0.0,0.0,0.0,0.0,0.0014149486883914368,0.0014365302244043832,0.0,0.0,0.07434872603850416,0.6106153272698295,"[5.135813338091789e-34, 6.770847460736376e-35, -1.0, -7.601978537433367e-33, -5.476359227373569e-31, 1.0951600383295354e-32]","[0.800000011920929, 0.800000011920929, 0.8999999761581421, 0.75, 0.75, 0.75, 0.75, 0.75, 0.800000011920929, 0.800000011920929, 0.800000011920929, 0.800000011920929]"
1,5,APPROACH,5,0,0,0,307.80000311136246,307.80000311136246,482.29999101161957,49.125,49.125,36.025,3.6999999999999997,3.6999999999999997,4.800000041723251,1.3440000116825104,1.3440000116825104,0.9600000083446503,0.0,0.0,0.0,0.0,0.0,0.0,0.0008409590992888117,0.0008496186372849161,0.0,0.0,0.08820761245866131,0.3093041075114051,"[-1.482713905102089e-41, 7.42688186092153e-44, -1.0, -1.019360554888445e-40, 2.140216737158397e-38, -1.3101860381744175e-40]","[0.800000011920929, 0.800000011920929, 0.8999999761581421, 0.75, 0.75, 0.75, 0.75, 0.75, 0.800000011920929, 0.800000011920929, 0.800000011920929, 0.800000011920929]"
1,6,APPROACH,5,0,0,0,307.80000311136246,307.80000311136246,482.29999101161957,49.125,49.125,36.025,3.6999999999999997,3.6999999999999997,4.800000041723251,1.3440000116825104,1.3440000116825104,0.9600000083446503,0.0,0.0,0.0,0.0,0.0,0.0,0.0005472146037126561,0.0005504191211082676,0.0,0.0,0.10157641081386924,0.15892201839261882,"[0.0, 0.0, -1.0, 0.0, 0.0, 0.0]","[0.800000011920929, 0.800000011920929, 0.8999999761581421, 0.75, 0.75, 0.75, 0.75, 0.75, 0.800000011920929, 0.800000011920929, 0.800000011920929, 0.800000011920929]"
1,7,APPROACH,5,0,0,0,307.80000311136246,307.80000311136246,482.29999101161957,49.125,49.125,36.025,3.6999999999999997,3.6999999999999997,4.800000041723251,1.3440000116825104,1.3440000116825104,0.9600000083446503,0.0,0.0,0.0,0.0,0.0,0.0,0.0003993943256237482,0.0004006608450977772,0.0,0.0,0.11440195085573925,0.08664429836621636,"[0.0, 0.0, -1.0, 0.0, 0.0, 0.0]","[0.800000011920929, 0.800000011920929, 0.8999999761581421, 0.75, 0.75, 0.75, 0.75, 0.75, 0.800000011920929, 0.800000011920929, 0.800000011920929, 0.800000011920929]"
1,8,APPROACH,5,0,0,0,307.80000311136246,307.80000311136246,482.29999101161957,49.125,49.125,36.025,3.6999999999999997,3.6999999999999997,4.800000041723251,1.3440000116825104,1.3440000116825104,0.9600000083446503,0.0,0.0,0.0,0.0,0.0,0.0,0.0003295721511301828,0.00033043364336260563,0.0,0.0,0.12049663601113962,0.0547260706192515,"[0.0, 0.0, -0.5912468433380127, 0.0, 0.0, 0.0]","[0.800000011920929, 0.800000011920929, 0.8999999761581421, 0.75, 0.75, 0.75, 0.75, 0.75, 0.800000011920929, 0.800000011920929, 0.800000011920929, 0.800000011920929]"
1,9,APPROACH,5,0,0,0,307.80000311136246,307.80000311136246,482.29999101161957,49.125,49.125,36.025,3.6999999999999997,3.6999999999999997,4.800000041723251,1.3440000116825104,1.3440000116825104,0.9600000083446503,0.0,0.0,0.0,0.0,0.0,0.0,0.00030189243851837374,0.00030317038263851334,0.0,0.0,0.11707970297718999,0.043830565621934145,"[0.0, 0.0, -2.6708407929731948e-08, 0.0, 0.0, 0.0]","[0.800000011920929, 0.800000011920929, 0.8999999761581421, 0.75, 0.75, 0.75, 0.75, 0.75, 0.800000011920929, 0.800000011920929, 0.800000011920929, 0.800000011920929]"
1,10,APPROACH,5,0,0,0,307.80000311136246,307.80000311136246,482.29999101161957,49.125,49.125,36.025,3.6999999999999997,3.6999999999999997,4.800000041723251,1.3440000116825104,1.3440000116825104,0.9600000083446503,0.0,0.0,0.0,0.0,0.0,0.0,0.00029529814669582903,0.0002975749907947994,0.0,0.0,0.11301850987410395,0.043770571143393465,"[0.0, 0.0, 0.0, 0.0, 0.0, 0.0]","[0.800000011920929, 0.800000011920929, 0.8999999761581421, 0.75, 0.75, 0.75, 0.75, 0.75, 0.800000011920929, 0.800000011920929, 0.800000011920929, 0.800000011920929]"
1,11,APPROACH,5,0,0,0,307.80000311136246,307.80000311136246,482.29999101161957,49.125,49.125,36.025,3.6999999999999997,3.6999999999999997,4.800000041723251,1.3440000116825104,1.3440000116825104,0.9600000083446503,0.0,0.0,0.0,0.0,0.0,0.0,0.0002955755596504103,0.00029923504585674404,0.0,0.0,0.10834922583431249,0.04895739807671564,"[0.0, 0.0, 0.0, 0.0, 0.0, 0.0]","[0.800000011920929, 0.800000011920929, 0.8999999761581421, 0.75, 0.75, 0.75, 0.75, 0.75, 0.800000011920929, 0.800000011920929, 0.800000011920929, 0.800000011920929]"
1,12,APPROACH,5,0,0,0,307.80000311136246,307.80000311136246,482.29999101161957,49.125,49.125,36.025,3.6999999999999997,3.6999999999999997,4.800000041723251,1.3440000116825104,1.3440000116825104,0.9600000083446503,0.0,0.0,0.0,0.0,0.0,0.0,0.0002961901256677287,0.00030151628107010034,0.0,0.0,0.1031184467936594,0.056012695899027604,"[0.0, 0.0, 0.0, 0.0, 0.0, 0.0]","[0.800000011920929, 0.800000011920929, 0.8999999761581421, 0.75, 0.75, 0.75, 0.75, 0.75, 0.800000011920929, 0.800000011920929, 0.800000011920929, 0.800000011920929]"
1,13,APPROACH,5,0,0,0,307.80000311136246,307.80000311136246,482.29999101161957,49.125,49.125,36.025,3.6999999999999997,3.6999999999999997,4.800000041723251,1.3440000116825104,1.3440000116825104,0.9600000083446503,0.0,0.0,0.0,0.0,0.0,0.0,0.0002962108655410615,0.00030349943829649853,0.0,0.0,0.09738129415465603,0.0634369657296902,"[0.0, 0.0, 0.0, 0.0, 0.0, 0.0]","[0.800000011920929, 0.800000011920929, 0.8999999761581421, 0.75, 0.75, 0.75, 0.75, 0.75, 0.800000011920929, 0.800000011920929, 0.800000011920929, 0.800000011920929]"
1,14,APPROACH,5,0,0,0,307.80000311136246,307.80000311136246,482.29999101161957,49.125,49.125,36.025,3.6999999999999997,3.6999999999999997,4.800000041723251,1.3440000116825104,1.3440000116825104,0.9600000083446503,0.0,0.0,0.0,0.0,0.0,0.0,0.00029542805256759923,0.0003049883408809309,0.0,0.0,0.09119605232582106,0.07099105403719541,"[0.0, 0.0, 0.0, 0.0, 0.0, 0.0]","[0.800000011920929, 0.800000011920929, 0.8999999761581421, 0.75, 0.75, 0.75, 0.75, 0.75, 0.800000011920929, 0.800000011920929, 0.800000011920929, 0.800000011920929]"
1,15,APPROACH,5,0,0,0,307.80000311136246,307.80000311136246,482.29999101161957,49.125,49.125,36.025,3.6999999999999997,3.6999999999999997,4.800000041723251,1.3440000116825104,1.3440000116825104,0.9600000083446503,0.0,0.0,0.0,0.0,0.0,0.0,0.00029352732122927096,0.00030566808395417373,0.0,0.0,0.08461616147639058,0.0785972583152623,"[0.0, 0.0, 0.0, 0.0, 0.0, 0.0]","[0.800000011920929, 0.800000011920929, 0.8999999761581421, 0.75, 0.75, 0.75, 0.75, 0.75, 0.800000011920929, 0.800000011920929, 0.800000011920929, 0.800000011920929]"
1,16,APPROACH,5,0,0,0,307.80000311136246,307.80000311136246,482.29999101161957,49.125,49.125,36.025,3.6999999999999997,3.6999999999999997,4.800000041723251,1.3440000116825104,1.3440000116825104,0.9600000083446503,0.0,0.0,0.0,0.0,0.0,0.0,0.0002903053734520086,0.00030532974435526494,0.0,0.0,0.07768601027544912,0.08614847302571316,"[0.0, 0.0, 0.0, 0.0, 0.0, 0.0]","[0.800000011920929, 0.800000011920929, 0.8999999761581421, 0.75, 0.75, 0.75, 0.75, 0.75, 0.800000011920929, 0.800000011920929, 0.800000011920929, 0.800000011920929]"
1,17,APPROACH,5,0,0,0,307.80000311136246,307.80000311136246,482.29999101161957,49.125,49.125,36.025,3.6999999999999997,3.6999999999999997,4.800000041723251,1.3440000116825104,1.3440000116825104,0.9600000083446503,0.0,0.0,0.0,0.0,0.0,0.0,0.00028566400464219086,0.0003038649583522459,0.0,0.0,0.07044378236911815,0.09354623850300117,"[0.0, 0.0, 0.0, 0.0, 0.0, 0.0]","[0.800000011920929, 0.800000011920929, 0.8999999761581421, 0.75, 0.75, 0.75, 0.75, 0.75, 0.800000011920929, 0.800000011920929, 0.800000011920929, 0.800000011920929]"
1,18,APPROACH,5,0,0,0,307.80000311136246,307.80000311136246,482.29999101161957,49.125,49.125,36.025,3.6999999999999997,3.6999999999999997,4.800000041723251,1.3440000116825104,1.3440000116825104,0.9600000083446503,0.0,0.0,0.0,0.0,0.0,0.0,0.0002795619912077987,0.0003012167238552328,0.0,0.0,0.06292594666393321,0.10069586328876223,"[0.0, 0.0, 0.0, 0.0, 0.0, 0.0]","[0.800000011920929, 0.800000011920929, 0.8999999761581421, 0.75, 0.75, 0.75, 0.75, 0.75, 0.800000011920929, 0.800000011920929, 0.800000011920929, 0.800000011920929]"
1,19,APPROACH,5,0,0,0,307.80000311136246,307.80000311136246,482.29999101161957,49.125,49.125,36.025,3.6999999999999997,3.6999999999999997,4.800000041723251,1.3440000116825104,1.3440000116825104,0.9600000083446503,0.0,0.0,0.0,0.0,0.0,0.0,0.00027198853889978664,0.00029735274687922136,0.0,0.0,0.05516831388721483,0.1074982213207424,"[0.0, 0.0, 0.0, 0.0, 0.0, 0.0]","[0.800000011920929, 0.800000011920929, 0.8999999761581421, 0.75, 0.75, 0.75, 0.75, 0.75, 0.800000011920929, 0.800000011920929, 0.800000011920929, 0.800000011920929]"
1,20,FIRST_CONTACT,6,0,1,0,307.80000311136246,307.80000311136246,482.29999101161957,49.125,49.125,36.025,3.6999999999999997,3.6999999999999997,4.800000041723251,1.3440000116825104,1.3440000116825104,0.9600000083446503,0.0,0.0,0.0,0.0,0.0,0.0,0.00026294759776627417,0.00029225071615824027,0.0,0.0,0.0472063288057208,0.11384792113382705,"[0.0, 0.0, 0.0, 0.0, 0.0, 0.0]","[0.800000011920929, 0.800000011920929, 0.8999999761581421, 0.75, 0.75, 0.75, 0.75, 0.75, 0.800000011920929, 0.800000011920929, 0.800000011920929, 0.800000011920929]"
1,21,COMPLIANT_ALIGNMENT,7,0,0,0,145.9800018668175,145.9800018668175,388.05000000000007,23.025000259280205,23.025000259280205,16.88500019013882,4.119999933242798,4.119999933242798,5.324999958276749,1.4909999883174894,1.4909999883174894,1.0649999916553496,0.0,0.0,0.0,0.0,0.0,0.0,0.0002526880865566648,0.0002861429061957219,0.0072491093647954405,0.007102541129149924,0.03907482606426715,0.11963523901972324,"[0.0, 0.0, 0.0, 0.0, 0.0, 0.0]","[0.18000000715255737, 0.18000000715255737, 0.8500000238418579, 0.15000000596046448, 0.15000000596046448, 0.15000000596046448, 0.8999999761581421, 0.8999999761581421, 0.949999988079071, 0.949999988079071, 0.949999988079071, 0.949999988079071]"
1,22,INSERTION,8,0,0,0,307.80000311136246,307.80000311136246,482.29999101161957,49.125,49.125,36.025,3.6999999999999997,3.6999999999999997,4.800000041723251,1.3440000116825104,1.3440000116825104,0.9600000083446503,0.0,0.0,0.0,0.0,0.0,0.0,0.00024140889363725925,0.00027920557173179427,0.0155791306281002,0.015428769529531365,0.030824025540234654,0.1248240486542505,"[0.0, 0.0, 0.0, 0.0, 0.0, 0.0]","[0.800000011920929, 0.800000011920929, 0.8999999761581421, 0.75, 0.75, 0.75, 0.75, 0.75, 0.800000011920929, 0.800000011920929, 0.800000011920929, 0.800000011920929]"
1,23,INSERTION,8,0,0,0,307.80000311136246,307.80000311136246,482.29999101161957,49.125,49.125,36.025,3.6999999999999997,3.6999999999999997,4.800000041723251,1.3440000116825104,1.3440000116825104,0.9600000083446503,0.0,0.0,0.0,0.0,0.0,0.0,0.0002287854454800064,0.00027106337729634807,0.02398619805249288,0.02383267005345501,0.022495899415003497,0.12937283445515396,"[0.0, 0.0, 0.0, 0.0, 0.0, 0.0]","[0.800000011920929, 0.800000011920929, 0.8999999761581421, 0.75, 0.75, 0.75, 0.75, 0.75, 0.800000011920929, 0.800000011920929, 0.800000011920929, 0.800000011920929]"
1,24,INSERTION,8,0,0,0,307.80000311136246,307.80000311136246,482.29999101161957,49.125,49.125,36.025,3.6999999999999997,3.6999999999999997,4.800000041723251,1.3440000116825104,1.3440000116825104,0.9600000083446503,0.0,0.0,0.0,0.0,0.0,0.0,0.00021488511731198993,0.0002617619746410198,0.032435069864317594,0.032279008301807514,0.014090448787761662,0.13308337824921973,"[0.0, 0.0, 0.0, 0.0, 0.0, 0.0]","[0.800000011920929, 0.800000011920929, 0.8999999761581421, 0.75, 0.75, 0.75, 0.75, 0.75, 0.800000011920929, 0.800000011920929, 0.800000011920929, 0.800000011920929]"
1,25,INSERTION,8,0,0,0,307.80000311136246,307.80000311136246,482.29999101161957,49.125,49.125,36.025,3.6999999999999997,3.6999999999999997,4.800000041723251,1.3440000116825104,1.3440000116825104,0.9600000083446503,0.0,0.0,0.0,0.0,0.0,0.0,0.00019979283023211124,0.00025137434923691625,0.0408837646045842,0.04072580090182439,0.005643064808122346,0.13589025852329048,"[0.0, 0.0, 0.0, 0.0, 0.0, 0.0]","[0.800000011920929, 0.800000011920929, 0.8999999761581421, 0.75, 0.75, 0.75, 0.75, 0.75, 0.800000011920929, 0.800000011920929, 0.800000011920929, 0.800000011920929]"
1,26,INSERTION,8,0,0,0,307.80000311136246,307.80000311136246,482.29999101161957,49.125,49.125,36.025,3.6999999999999997,3.6999999999999997,4.800000041723251,1.3440000116825104,1.3440000116825104,0.9600000083446503,0.0,0.0,0.0,0.0,0.0,0.0,0.00018358790295027887,0.000239979734716669,0.04928357203435451,0.04912433697660725,0.0028059567155458566,0.13774417184120344,"[0.0, 0.0, 0.0, 0.0, 0.0, 0.0]","[0.800000011920929, 0.800000011920929, 0.8999999761581421, 0.75, 0.75, 0.75, 0.75, 0.75, 0.800000011920929, 0.800000011920929, 0.800000011920929, 0.800000011920929]"
1,27,INSERTION,8,0,0,0,307.80000311136246,307.80000311136246,482.29999101161957,49.125,49.125,36.025,3.6999999999999997,3.6999999999999997,4.800000041723251,1.3440000116825104,1.3440000116825104,0.9600000083446503,0.0,0.0,0.0,0.0,0.0,0.0,0.00016634937633523746,0.00022767219263817226,0.05758255031505515,0.05742267521150426,0.0112045281897739,0.13860421095576178,"[0.0, 0.0, 0.0, 0.0, 0.0, 0.0]","[0.800000011920929, 0.800000011920929, 0.8999999761581421, 0.75, 0.75, 0.75, 0.75, 0.75, 0.800000011920929, 0.800000011920929, 0.800000011920929, 0.800000011920929]"
1,28,INSERTION,8,0,0,0,307.80000311136246,307.80000311136246,482.29999101161957,49.125,49.125,36.025,3.6999999999999997,3.6999999999999997,4.800000041723251,1.3440000116825104,1.3440000116825104,0.9600000083446503,0.0,0.0,0.0,0.0,0.0,0.0,0.00014817024520130388,0.00021457535016179919,0.06572873159084222,0.06556884505970506,0.01950312230896372,0.13843865031549846,"[0.0, 0.0, 0.0, 0.0, 0.0, 0.0]","[0.800000011920929, 0.800000011920929, 0.8999999761581421, 0.75, 0.75, 0.75, 0.75, 0.75, 0.800000011920929, 0.800000011920929, 0.800000011920929, 0.800000011920929]"
1,29,INSERTION,8,0,0,0,307.80000311136246,307.80000311136246,482.29999101161957,49.125,49.125,36.025,3.6999999999999997,3.6999999999999997,4.800000041723251,1.3440000116825104,1.3440000116825104,0.9600000083446503,0.0,0.0,0.0,0.0,0.0,0.0,0.0001291683090078542,0.00020085332944557441,0.07367211597563403,0.07351283994718216,0.02764928617221,0.13722437891844813,"[0.0, 0.0, 0.0, 0.0, 0.0, 0.0]","[0.800000011920929, 0.800000011920929, 0.8999999761581421, 0.75, 0.75, 0.75, 0.75, 0.75, 0.800000011920929, 0.800000011920929, 0.800000011920929, 0.800000011920929]"
1,30,INSERTION,8,0,0,0,307.80000311136246,307.80000311136246,482.29999101161957,49.125,49.125,36.025,3.6999999999999997,3.6999999999999997,4.800000041723251,1.3440000116825104,1.3440000116825104,0.9600000083446503,0.0,0.0,0.0,0.0,0.0,0.0,0.00010950984475547183,0.00018672930399746336,0.08136644317590969,0.08120838676022615,0.035592979394119637,0.1349475207688451,"[0.0, 0.0, 0.0, 0.0, 0.0, 0.0]","[0.800000011920929, 0.800000011920929, 0.8999999761581421, 0.75, 0.75, 0.75, 0.75, 0.75, 0.800000011920929, 0.800000011920929, 0.800000011920929, 0.800000011920929]"
1,31,INSERTION,8,0,0,0,307.80000311136246,307.80000311136246,482.29999101161957,49.125,49.125,36.025,3.6999999999999997,3.6999999999999997,4.800000041723251,1.3440000116825104,1.3440000116825104,0.9600000083446503,0.0,0.0,0.0,0.0,0.0,0.0,8.946363252836228e-05,0.00017251290369182611,0.08877105652190567,0.08861480636206928,0.043287925972077625,0.131607213442005,"[0.0, 0.0, 0.0, 0.0, 0.0, 0.0]","[0.800000011920929, 0.800000011920929, 0.8999999761581421, 0.75, 0.75, 0.75, 0.75, 0.75, 0.800000011920929, 0.800000011920929, 0.800000011920929, 0.800000011920929]"
1,32,INSERTION,8,0,0,0,307.80000311136246,307.80000311136246,482.29999101161957,49.125,49.125,36.025,3.6999999999999997,3.6999999999999997,4.800000041723251,1.3440000116825104,1.3440000116825104,0.9600000083446503,0.0,0.0,0.0,0.0,0.0,0.0,6.953703959538666e-05,0.00015863428368450926,0.09585299904296493,0.09569910659375344,0.05069345457427755,0.12722199825233874,"[0.0, 0.0, 0.0, 0.0, 0.0, 0.0]","[0.800000011920929, 0.800000011920929, 0.8999999761581421, 0.75, 0.75, 0.75, 0.75, 0.75, 0.800000011920929, 0.800000011920929, 0.800000011920929, 0.800000011920929]"
1,33,INSERTION,8,0,0,0,307.80000311136246,307.80000311136246,482.29999101161957,49.125,49.125,36.025,3.6999999999999997,3.6999999999999997,4.800000041723251,1.3440000116825104,1.3440000116825104,0.9600000083446503,0.0,0.0,0.0,0.0,0.0,0.0,5.088837779678048e-05,0.00014567956737749155,0.10258946064257851,0.10243842873173964,0.05777658907147418,0.12183857826073782,"[0.0, 0.0, 0.0, 0.0, 0.0, 0.0]","[0.800000011920929, 0.800000011920929, 0.8999999761581421, 0.75, 0.75, 0.75, 0.75, 0.75, 0.800000011920929, 0.800000011920929, 0.800000011920929, 0.800000011920929]"
1,34,INSERTION,8,0,0,0,307.80000311136246,307.80000311136246,482.29999101161957,49.125,49.125,36.025,3.6999999999999997,3.6999999999999997,4.800000041723251,1.3440000116825104,1.3440000116825104,0.9600000083446503,0.0,0.0,0.0,0.0,0.0,0.0,3.66846476426466e-05,0.00013440242075526894,0.10896946850573347,0.10882174985935608,0.06451449421278996,0.1155435081505656,"[0.0, 0.0, 0.0, 0.0, 0.0, 0.0]","[0.800000011920929, 0.800000011920929, 0.8999999761581421, 0.75, 0.75, 0.75, 0.75, 0.75, 0.800000011920929, 0.800000011920929, 0.800000011920929, 0.800000011920929]"
1,35,INSERTION,8,0,0,0,307.80000311136246,307.80000311136246,482.29999101161957,49.125,49.125,36.025,3.6999999999999997,3.6999999999999997,4.800000041723251,1.3440000116825104,1.3440000116825104,0.9600000083446503,0.0,0.0,0.0,0.0,0.0,0.0,3.401204801215659e-05,0.00012569000411975816,0.11498827610115606,0.11484429777465102,0.07089617157959019,0.1084704888999076,"[0.0, 0.0, 0.0, 0.0, 0.0, 0.0]","[0.800000011920929, 0.800000011920929, 0.8999999761581421, 0.75, 0.75, 0.75, 0.75, 0.75, 0.800000011920929, 0.800000011920929, 0.800000011920929, 0.800000011920929]"
1,36,INSERTION,8,0,0,0,307.80000311136246,307.80000311136246,482.29999101161957,49.125,49.125,36.025,3.6999999999999997,3.6999999999999997,4.800000041723251,1.3440000116825104,1.3440000116825104,0.9600000083446503,0.0,0.0,0.0,0.0,0.0,0.0,4.5289139063463496e-05,0.00012047591031546633,0.1206396650981971,0.12049982524518027,0.07691686138580045,0.10079452950886256,"[0.0, 0.0, 0.0, 0.0, 0.0, 0.0]","[0.800000011920929, 0.800000011920929, 0.8999999761581421, 0.75, 0.75, 0.75, 0.75, 0.75, 0.800000011920929, 0.800000011920929, 0.800000011920929, 0.800000011920929]"
1,37,INSERTION,8,0,0,0,307.80000311136246,307.80000311136246,482.29999101161957,49.125,49.125,36.025,3.6999999999999997,3.6999999999999997,4.800000041723251,1.3440000116825104,1.3440000116825104,0.9600000083446503,0.0,0.0,0.0,0.0,0.0,0.0,6.348248391640606e-05,0.00011948852485692312,0.12591303881607455,0.12577770122325904,0.0825703306292347,0.09274000350580713,"[0.0, 0.0, 0.0, 0.0, 0.0, 0.0]","[0.800000011920929, 0.800000011920929, 0.8999999761581421, 0.75, 0.75, 0.75, 0.75, 0.75, 0.800000011920929, 0.800000011920929, 0.800000011920929, 0.800000011920929]"
1,38,INSERTION,8,0,0,0,307.80000311136246,307.80000311136246,482.29999101161957,49.125,49.125,36.025,3.6999999999999997,3.6999999999999997,4.800000041723251,1.3440000116825104,1.3440000116825104,0.9600000083446503,0.0,0.0,0.0,0.0,0.0,0.0,8.40750498247463e-05,0.0001229624029654146,0.13079392026478454,0.13066341414026153,0.08784596539665647,0.0845704142132635,"[0.0, 0.0, 0.0, 0.0, 0.0, 0.0]","[0.800000011920929, 0.800000011920929, 0.8999999761581421, 0.75, 0.75, 0.75, 0.75, 0.75, 0.800000011920929, 0.800000011920929, 0.800000011920929, 0.800000011920929]"
1,39,INSERTION,8,0,0,0,307.80000311136246,307.80000311136246,482.29999101161957,49.125,49.125,36.025,3.6999999999999997,3.6999999999999997,4.800000041723251,1.3440000116825104,1.3440000116825104,0.9600000083446503,0.0,0.0,0.0,0.0,0.0,0.0,0.00010544558615395148,0.00013054502494925203,0.13526546692255376,0.13514008743760828,0.09272927147393986,0.07657290960411514,"[0.0, 0.0, 0.0, 0.0, 0.0, 0.0]","[0.800000011920929, 0.800000011920929, 0.8999999761581421, 0.75, 0.75, 0.75, 0.75, 0.75, 0.800000011920929, 0.800000011920929, 0.800000011920929, 0.800000011920929]"
1,40,INSERTION,8,0,0,0,307.80000311136246,307.80000311136246,482.29999101161957,49.125,49.125,36.025,3.6999999999999997,3.6999999999999997,4.800000041723251,1.3440000116825104,1.3440000116825104,0.9600000083446503,0.0,0.0,0.0,0.0,0.0,0.0,0.0001269426036812981,0.00014148194649051262,0.13930969968467494,0.1391897086513874,0.09720338946025085,0.06905215237187909,"[0.0, 0.0, 0.0, 0.0, 0.0, 0.0]","[0.800000011920929, 0.800000011920929, 0.8999999761581421, 0.75, 0.75, 0.75, 0.75, 0.75, 0.800000011920929, 0.800000011920929, 0.800000011920929, 0.800000011920929]"
1,41,INSERTION,8,0,0,0,307.80000311136246,307.80000311136246,482.29999101161957,49.125,49.125,36.025,3.6999999999999997,3.6999999999999997,4.800000041723251,1.3440000116825104,1.3440000116825104,0.9600000083446503,0.0,0.0,0.0,0.0,0.0,0.0,0.00014824944963925973,0.0001549086181344947,0.142908507853976,0.14279413505615807,0.10125032375943702,0.06233331377312894,"[0.0, 0.0, 0.0, 0.0, 0.0, 0.0]","[0.800000011920929, 0.800000011920929, 0.8999999761581421, 0.75, 0.75, 0.75, 0.75, 0.75, 0.800000011920929, 0.800000011920929, 0.800000011920929, 0.800000011920929]"
1,42,INSERTION,8,0,0,0,307.80000311136246,307.80000311136246,482.29999101161957,49.125,49.125,36.025,3.6999999999999997,3.6999999999999997,4.800000041723251,1.3440000116825104,1.3440000116825104,0.9600000083446503,0.0,0.0,0.0,0.0,0.0,0.0,0.00016919273726961683,0.00017005435828129913,0.1460448421616693,0.14593628737410103,0.10485194787895033,0.05676686763548993,"[0.0, 0.0, 0.0, 0.0, 0.0, 0.0]","[0.800000011920929, 0.800000011920929, 0.8999999761581421, 0.75, 0.75, 0.75, 0.75, 0.75, 0.800000011920929, 0.800000011920929, 0.800000011920929, 0.800000011920929]"
1,43,INSERTION,8,0,0,0,307.80000311136246,307.80000311136246,482.29999101161957,49.125,49.125,36.025,3.6999999999999997,3.6999999999999997,4.800000041723251,1.3440000116825104,1.3440000116825104,0.9600000083446503,0.0,0.0,0.0,0.0,0.0,0.0,0.00018967280536588932,0.00018631665886166283,0.14870399003775023,0.1486014253355693,0.10799119777904458,0.052718418594378334,"[0.0, 0.0, 0.0, 0.0, 0.0, 0.0]","[0.800000011920929, 0.800000011920929, 0.8999999761581421, 0.75, 0.75, 0.75, 0.75, 0.75, 0.800000011920929, 0.800000011920929, 0.800000011920929, 0.800000011920929]"
1,44,INSERTION,8,0,0,0,307.80000311136246,307.80000311136246,482.29999101161957,49.125,49.125,36.025,3.6999999999999997,3.6999999999999997,4.800000041723251,1.3440000116825104,1.3440000116825104,0.9600000083446503,0.0,0.0,0.0,0.0,0.0,0.0,0.00020963193119937951,0.00020325598415721688,0.15087442443218196,0.15077799628604413,0.11065334727579225,0.0505182373539687,"[0.0, 0.0, 0.0, 0.0, 0.0, 0.0]","[0.800000011920929, 0.800000011920929, 0.8999999761581421, 0.75, 0.75, 0.75, 0.75, 0.75, 0.800000011920929, 0.800000011920929, 0.800000011920929, 0.800000011920929]"
1,45,INSERTION,8,0,0,0,307.80000311136246,307.80000311136246,482.29999101161957,49.125,49.125,36.025,3.6999999999999997,3.6999999999999997,4.800000041723251,1.3440000116825104,1.3440000116825104,0.9600000083446503,0.0,0.0,0.0,0.0,0.0,0.0,0.00022903508289940684,0.00022056068657252959,0.152548000488759,0.152457831587543,0.11282685674895226,0.05036488920243078,"[0.0, 0.0, 0.0, 0.0, 0.0, 0.0]","[0.800000011920929, 0.800000011920929, 0.8999999761581421, 0.75, 0.75, 0.75, 0.75, 0.75, 0.800000011920929, 0.800000011920929, 0.800000011920929, 0.800000011920929]"
1,46,INSERTION,8,0,0,0,307.80000311136246,307.80000311136246,482.29999101161957,49.125,49.125,36.025,3.6999999999999997,3.6999999999999997,4.800000041723251,1.3440000116825104,1.3440000116825104,0.9600000083446503,0.0,0.0,0.0,0.0,0.0,0.0,0.00024786071122251564,0.00023801303454535564,0.15371993305370985,0.15363612444182628,0.11450356967381861,0.05223797485153273,"[0.0, 0.0, 0.0, 0.0, 0.0, 0.0]","[0.800000011920929, 0.800000011920929, 0.8999999761581421, 0.75, 0.75, 0.75, 0.75, 0.75, 0.800000011920929, 0.800000011920929, 0.800000011920929, 0.800000011920929]"
1,47,INSERTION,8,0,0,0,307.80000311136246,307.80000311136246,482.29999101161957,49.125,49.125,36.025,3.6999999999999997,3.6999999999999997,4.800000041723251,1.3440000116825104,1.3440000116825104,0.9600000083446503,0.0,0.0,0.0,0.0,0.0,0.0,0.0002660972117859294,0.000255462892530749,0.15438799719613253,0.1543106295875676,0.11567869029070381,0.0559024378332698,"[0.0, 0.0, 0.0, 0.0, 0.0, 0.0]","[0.800000011920929, 0.800000011920929, 0.8999999761581421, 0.75, 0.75, 0.75, 0.75, 0.75, 0.800000011920929, 0.800000011920929, 0.800000011920929, 0.800000011920929]"
1,48,INSERTION,8,0,0,0,307.80000311136246,307.80000311136246,482.29999101161957,49.125,49.125,36.025,3.6999999999999997,3.6999999999999997,4.800000041723251,1.3440000116825104,1.3440000116825104,0.9600000083446503,0.0,0.0,0.0,0.0,0.0,0.0,0.00028374088249872003,0.00027280845266761355,0.15455145346988705,0.1544805885138097,0.1163499837324189,0.06100736288535182,"[0.0, 0.0, 0.0, 0.0, 0.0, 0.0]","[0.800000011920929, 0.800000011920929, 0.8999999761581421, 0.75, 0.75, 0.75, 0.75, 0.75, 0.800000011920929, 0.800000011920929, 0.800000011920929, 0.800000011920929]"
1,49,SUCCESS,9,1,0,0,307.80000311136246,307.80000311136246,482.29999101161957,49.125,49.125,36.025,3.6999999999999997,3.6999999999999997,4.800000041723251,1.3440000116825104,1.3440000116825104,0.9600000083446503,0.0,0.0,0.0,0.0,0.0,0.0,0.0003007939242789136,0.00028998190411753255,0.15421022144976698,0.15414590283496182,0.11651670127653505,0.06719372841249455,"[0.0, 0.0, 0.0, 0.0, 0.0, 0.0]","[0.800000011920929, 0.800000011920929, 0.8999999761581421, 0.75, 0.75, 0.75, 0.75, 0.75, 0.800000011920929, 0.800000011920929, 0.800000011920929, 0.800000011920929]"
2,0,LIFT,2,0,0,0,307.80000311136246,307.80000311136246,482.29999101161957,49.125,49.125,36.025,3.6999999999999997,3.6999999999999997,4.800000041723251,1.3440000116825104,1.3440000116825104,0.9600000083446503,0.0,0.0,0.0,0.0,0.0,0.0,0.004962714787997451,0.007286732419607553,0.0,0.0,0.021911038204175233,9.186650753577815,"[1.0, 0.3657175302505493, -1.0, -0.1673593521118164, 0.7310413122177124, 0.8696173429489136]","[0.800000011920929, 0.800000011920929, 0.8999999761581421, 0.75, 0.75, 0.75, 0.75, 0.75, 0.800000011920929, 0.800000011920929, 0.800000011920929, 0.800000011920929]"
2,1,TRANSPORT,3,0,0,0,307.80000311136246,307.80000311136246,482.29999101161957,49.125,49.125,36.025,3.6999999999999997,3.6999999999999997,4.800000041723251,1.3440000116825104,1.3440000116825104,0.9600000083446503,0.0,0.0,0.0,0.0,0.0,0.0,0.0023581163682966076,0.004021788357930035,0.0,0.0,0.030051315657695254,6.941490224542713,"[0.13451868295669556, -2.9303426352100814e-09, -1.0, 7.252709099958565e-09, 1.492192203134124e-10, -2.5698604133594927e-08]","[0.800000011920929, 0.800000011920929, 0.8999999761581421, 0.75, 0.75, 0.75, 0.75, 0.75, 0.800000011920929, 0.800000011920929, 0.800000011920929, 0.800000011920929]"
2,2,COARSE_ALIGNMENT,4,0,0,0,307.80000311136246,307.80000311136246,482.29999101161957,49.125,49.125,36.025,3.6999999999999997,3.6999999999999997,4.800000041723251,1.3440000116825104,1.3440000116825104,0.9600000083446503,0.0,0.0,0.0,0.0,0.0,0.0,0.0008817891938898996,0.002262299718177628,0.0,0.0,0.03827004950753038,3.8166088458645344,"[-4.537974884755158e-09, -8.095376441806596e-17, -1.0, -1.7930277977609748e-16, -3.170816759643648e-18, 1.0894267114088384e-16]","[0.800000011920929, 0.800000011920929, 0.8999999761581421, 0.75, 0.75, 0.75, 0.75, 0.75, 0.800000011920929, 0.800000011920929, 0.800000011920929, 0.800000011920929]"
2,3,APPROACH,5,0,0,0,307.80000311136246,307.80000311136246,482.29999101161957,49.125,49.125,36.025,3.6999999999999997,3.6999999999999997,4.800000041723251,1.3440000116825104,1.3440000116825104,0.9600000083446503,0.0,0.0,0.0,0.0,0.0,0.0,0.0005417065864849221,0.0014674124687431797,0.0,0.0,0.04978625222317238,1.9510729349665927,"[2.0122792321330962e-16, 2.2919795482106054e-24, -1.0, -4.509588840151047e-24, -9.075904803582006e-27, -1.6045671414771473e-24]","[0.800000011920929, 0.800000011920929, 0.8999999761581421, 0.75, 0.75, 0.75, 0.75, 0.75, 0.800000011920929, 0.800000011920929, 0.800000011920929, 0.800000011920929]"
2,4,APPROACH,5,0,0,0,307.80000311136246,307.80000311136246,482.29999101161957,49.125,49.125,36.025,3.6999999999999997,3.6999999999999997,4.800000041723251,1.3440000116825104,1.3440000116825104,0.9600000083446503,0.0,0.0,0.0,0.0,0.0,0.0,0.0006587452904509681,0.0011158798556495314,0.0,0.0,0.062640530356243,0.9749749482453589,"[2.4126100377733198e-25, 6.265692281655532e-32, -1.0, 1.5453349662463602e-31, -3.461128321626028e-34, -4.350124613844383e-32]","[0.800000011920929, 0.800000011920929, 0.8999999761581421, 0.75, 0.75, 0.75, 0.75, 0.75, 0.800000011920929, 0.800000011920929, 0.800000011920929, 0.800000011920929]"
2,5,APPROACH,5,0,0,0,307.80000311136246,307.80000311136246,482.29999101161957,49.125,49.125,36.025,3.6999999999999997,3.6999999999999997,4.800000041723251,1.3440000116825104,1.3440000116825104,0.9600000083446503,0.0,0.0,0.0,0.0,0.0,0.0,0.0007094717545189616,0.0009294859935865041,0.0,0.0,0.07589464030663619,0.4849482990249868,"[9.244463733058732e-33, -2.0203809154758067e-39, -1.0, 4.3762929391449405e-39, 1.9393970746255468e-42, 1.4415003159678317e-39]","[0.800000011920929, 0.800000011920929, 0.8999999761581421, 0.75, 0.75, 0.75, 0.75, 0.75, 0.800000011920929, 0.800000011920929, 0.800000011920929, 0.800000011920929]"
2,6,APPROACH,5,0,0,0,307.80000311136246,307.80000311136246,482.29999101161957,49.125,49.125,36.025,3.6999999999999997,3.6999999999999997,4.800000041723251,1.3440000116825104,1.3440000116825104,0.9600000083446503,0.0,0.0,0.0,0.0,0.0,0.0,0.0006761244057611995,0.0007911393456246862,0.0,0.0,0.08910395022260884,0.243966954905921,"[3.252553865544333e-41, 0.0, -1.0, 0.0, 0.0, 0.0]","[0.800000011920929, 0.800000011920929, 0.8999999761581421, 0.75, 0.75, 0.75, 0.75, 0.75, 0.800000011920929, 0.800000011920929, 0.800000011920929, 0.800000011920929]"
2,7,APPROACH,5,0,0,0,307.80000311136246,307.80000311136246,482.29999101161957,49.125,49.125,36.025,3.6999999999999997,3.6999999999999997,4.800000041723251,1.3440000116825104,1.3440000116825104,0.9600000083446503,0.0,0.0,0.0,0.0,0.0,0.0,0.0005920442509634446,0.0006636458272168642,0.0,0.0,0.10201633402258424,0.12973026702490262,"[0.0, 0.0, -1.0, 0.0, 0.0, 0.0]","[0.800000011920929, 0.800000011920929, 0.8999999761581421, 0.75, 0.75, 0.75, 0.75, 0.75, 0.800000011920929, 0.800000011920929, 0.800000011920929, 0.800000011920929]"
2,8,APPROACH,5,0,0,0,307.80000311136246,307.80000311136246,482.29999101161957,49.125,49.125,36.025,3.6999999999999997,3.6999999999999997,4.800000041723251,1.3440000116825104,1.3440000116825104,0.9600000083446503,0.0,0.0,0.0,0.0,0.0,0.0,0.0004813140749181634,0.0005374898890393048,0.0,0.0,0.11448340038336338,0.08063247062109077,"[0.0, 0.0, -1.0, 0.0, 0.0, 0.0]","[0.800000011920929, 0.800000011920929, 0.8999999761581421, 0.75, 0.75, 0.75, 0.75, 0.75, 0.800000011920929, 0.800000011920929, 0.800000011920929, 0.800000011920929]"
2,9,APPROACH,5,0,0,0,307.80000311136246,307.80000311136246,482.29999101161957,49.125,49.125,36.025,3.6999999999999997,3.6999999999999997,4.800000041723251,1.3440000116825104,1.3440000116825104,0.9600000083446503,0.0,0.0,0.0,0.0,0.0,0.0,0.00035679318972106514,0.00041015405889699154,0.0,0.0,0.12025749641856658,0.06447247194221567,"[0.0, 0.0, -0.5901599526405334, 0.0, 0.0, 0.0]","[0.800000011920929, 0.800000011920929, 0.8999999761581421, 0.75, 0.75, 0.75, 0.75, 0.75, 0.800000011920929, 0.800000011920929, 0.800000011920929, 0.800000011920929]"
2,10,APPROACH,5,0,0,0,307.80000311136246,307.80000311136246,482.29999101161957,49.125,49.125,36.025,3.6999999999999997,3.6999999999999997,4.800000041723251,1.3440000116825104,1.3440000116825104,0.9600000083446503,0.0,0.0,0.0,0.0,0.0,0.0,0.00022682091826398267,0.00028256054459765664,0.0,0.0,0.11656943859771737,0.06452844288759357,"[0.0, 0.0, -1.0113510029441386e-08, 0.0, 0.0, 0.0]","[0.800000011920929, 0.800000011920929, 0.8999999761581421, 0.75, 0.75, 0.75, 0.75, 0.75, 0.800000011920929, 0.800000011920929, 0.800000011920929, 0.800000011920929]"
2,11,APPROACH,5,0,0,0,307.80000311136246,307.80000311136246,482.29999101161957,49.125,49.125,36.025,3.6999999999999997,3.6999999999999997,4.800000041723251,1.3440000116825104,1.3440000116825104,0.9600000083446503,0.0,0.0,0.0,0.0,0.0,0.0,0.0001072088033572374,0.00016139335951022063,0.0,0.0,0.11226116292652981,0.0730972801900016,"[0.0, 0.0, 0.0, 0.0, 0.0, 0.0]","[0.800000011920929, 0.800000011920929, 0.8999999761581421, 0.75, 0.75, 0.75, 0.75, 0.75, 0.800000011920929, 0.800000011920929, 0.800000011920929, 0.800000011920929]"
2,12,APPROACH,5,0,0,0,307.80000311136246,307.80000311136246,482.29999101161957,49.125,49.125,36.025,3.6999999999999997,3.6999999999999997,4.800000041723251,1.3440000116825104,1.3440000116825104,0.9600000083446503,0.0,0.0,0.0,0.0,0.0,0.0,9.088593141987449e-05,7.578750381919307e-05,0.0,0.0,0.1073676733923209,0.0862362266034586,"[0.0, 0.0, 0.0, 0.0, 0.0, 0.0]","[0.800000011920929, 0.800000011920929, 0.8999999761581421, 0.75, 0.75, 0.75, 0.75, 0.75, 0.800000011920929, 0.800000011920929, 0.800000011920929, 0.800000011920929]"
2,13,APPROACH,5,0,0,0,307.80000311136246,307.80000311136246,482.29999101161957,49.125,49.125,36.025,3.6999999999999997,3.6999999999999997,4.800000041723251,1.3440000116825104,1.3440000116825104,0.9600000083446503,0.0,0.0,0.0,0.0,0.0,0.0,0.00019305618690585794,0.0001187023676850955,0.0,0.0,0.1019383880318962,0.10109471664620405,"[0.0, 0.0, 0.0, 0.0, 0.0, 0.0]","[0.800000011920929, 0.800000011920929, 0.8999999761581421, 0.75, 0.75, 0.75, 0.75, 0.75, 0.800000011920929, 0.800000011920929, 0.800000011920929, 0.800000011920929]"
2,14,APPROACH,5,0,0,0,307.80000311136246,307.80000311136246,482.29999101161957,49.125,49.125,36.025,3.6999999999999997,3.6999999999999997,4.800000041723251,1.3440000116825104,1.3440000116825104,0.9600000083446503,0.0,0.0,0.0,0.0,0.0,0.0,0.0003062435134808099,0.00021609402725301978,0.0,0.0,0.09603114250788221,0.11633762588665428,"[0.0, 0.0, 0.0, 0.0, 0.0, 0.0]","[0.800000011920929, 0.800000011920929, 0.8999999761581421, 0.75, 0.75, 0.75, 0.75, 0.75, 0.800000011920929, 0.800000011920929, 0.800000011920929, 0.800000011920929]"
2,15,APPROACH,5,0,0,0,307.80000311136246,307.80000311136246,482.29999101161957,49.125,49.125,36.025,3.6999999999999997,3.6999999999999997,4.800000041723251,1.3440000116825104,1.3440000116825104,0.9600000083446503,0.0,0.0,0.0,0.0,0.0,0.0,0.00041655287944139714,0.00031597424405156943,0.0,0.0,0.08970274259091306,0.13157724098999984,"[0.0, 0.0, 0.0, 0.0, 0.0, 0.0]","[0.800000011920929, 0.800000011920929, 0.8999999761581421, 0.75, 0.75, 0.75, 0.75, 0.75, 0.800000011920929, 0.800000011920929, 0.800000011920929, 0.800000011920929]"
2,16,APPROACH,5,0,0,0,307.80000311136246,307.80000311136246,482.29999101161957,49.125,49.125,36.025,3.6999999999999997,3.6999999999999997,4.800000041723251,1.3440000116825104,1.3440000116825104,0.9600000083446503,0.0,0.0,0.0,0.0,0.0,0.0,0.000521722459855403,0.00041216514339927697,0.0,0.0,0.08300060504118384,0.14658584593391347,"[0.0, 0.0, 0.0, 0.0, 0.0, 0.0]","[0.800000011920929, 0.800000011920929, 0.8999999761581421, 0.75, 0.75, 0.75, 0.75, 0.75, 0.800000011920929, 0.800000011920929, 0.800000011920929, 0.800000011920929]"
2,17,APPROACH,5,0,0,0,307.80000311136246,307.80000311136246,482.29999101161957,49.125,49.125,36.025,3.6999999999999997,3.6999999999999997,4.800000041723251,1.3440000116825104,1.3440000116825104,0.9600000083446503,0.0,0.0,0.0,0.0,0.0,0.0,0.0006209030675516409,0.0005031824950113155,0.0,0.0,0.07596358772182195,0.1611819694543728,"[0.0, 0.0, 0.0, 0.0, 0.0, 0.0]","[0.800000011920929, 0.800000011920929, 0.8999999761581421, 0.75, 0.75, 0.75, 0.75, 0.75, 0.800000011920929, 0.800000011920929, 0.800000011920929, 0.800000011920929]"
2,18,APPROACH,5,0,0,0,307.80000311136246,307.80000311136246,482.29999101161957,49.125,49.125,36.025,3.6999999999999997,3.6999999999999997,4.800000041723251,1.3440000116825104,1.3440000116825104,0.9600000083446503,0.0,0.0,0.0,0.0,0.0,0.0,0.0007135991619397123,0.0005883876246620218,0.0,0.0,0.06862804688465797,0.1752193454202934,"[0.0, 0.0, 0.0, 0.0, 0.0, 0.0]","[0.800000011920929, 0.800000011920929, 0.8999999761581421, 0.75, 0.75, 0.75, 0.75, 0.75, 0.800000011920929, 0.800000011920929, 0.800000011920929, 0.800000011920929]"
2,19,APPROACH,5,0,0,0,307.80000311136246,307.80000311136246,482.29999101161957,49.125,49.125,36.025,3.6999999999999997,3.6999999999999997,4.800000041723251,1.3440000116825104,1.3440000116825104,0.9600000083446503,0.0,0.0,0.0,0.0,0.0,0.0,0.0007994622343885496,0.0006674081570346203,0.0,0.0,0.06102947165721831,0.1885666549264797,"[0.0, 0.0, 0.0, 0.0, 0.0, 0.0]","[0.800000011920929, 0.800000011920929, 0.8999999761581421, 0.75, 0.75, 0.75, 0.75, 0.75, 0.800000011920929, 0.800000011920929, 0.800000011920929, 0.800000011920929]"
2,20,APPROACH,5,0,0,0,307.80000311136246,307.80000311136246,482.29999101161957,49.125,49.125,36.025,3.6999999999999997,3.6999999999999997,4.800000041723251,1.3440000116825104,1.3440000116825104,0.9600000083446503,0.0,0.0,0.0,0.0,0.0,0.0,0.0008782385875041949,0.0007400058906519384,0.0,0.0,0.05320276180256759,0.20109680222544501,"[0.0, 0.0, 0.0, 0.0, 0.0, 0.0]","[0.800000011920929, 0.800000011920929, 0.8999999761581421, 0.75, 0.75, 0.75, 0.75, 0.75, 0.800000011920929, 0.800000011920929, 0.800000011920929, 0.800000011920929]"
2,21,FIRST_CONTACT,6,0,1,0,307.80000311136246,307.80000311136246,482.29999101161957,49.125,49.125,36.025,3.6999999999999997,3.6999999999999997,4.800000041723251,1.3440000116825104,1.3440000116825104,0.9600000083446503,0.0,0.0,0.0,0.0,0.0,0.0,0.0009497466545846321,0.0008060272758015546,0.0011520630188849787,0.0008438304809433514,0.04518254927200539,0.21268419062295157,"[0.0, 0.0, 0.0, 0.0, 0.0, 0.0]","[0.800000011920929, 0.800000011920929, 0.8999999761581421, 0.75, 0.75, 0.75, 0.75, 0.75, 0.800000011920929, 0.800000011920929, 0.800000011920929, 0.800000011920929]"
2,22,COMPLIANT_ALIGNMENT,7,0,0,0,145.9800018668175,145.9800018668175,388.05000000000007,23.025000259280205,23.025000259280205,16.88500019013882,4.119999933242798,4.119999933242798,5.324999958276749,1.4909999883174894,1.4909999883174894,1.0649999916553496,0.0,0.0,0.0,0.0,0.0,0.0,0.001014588770340239,0.000866018016808377,0.009450607708124552,0.009128018743644405,0.037002998215631244,0.22320397766773253,"[0.0, 0.0, 0.0, 0.0, 0.0, 0.0]","[0.18000000715255737, 0.18000000715255737, 0.8500000238418579, 0.15000000596046448, 0.15000000596046448, 0.15000000596046448, 0.8999999761581421, 0.8999999761581421, 0.949999988079071, 0.949999988079071, 0.949999988079071, 0.949999988079071]"
2,23,INSERTION,8,0,0,0,307.80000311136246,307.80000311136246,482.29999101161957,49.125,49.125,36.025,3.6999999999999997,3.6999999999999997,4.800000041723251,1.3440000116825104,1.3440000116825104,0.9600000083446503,0.0,0.0,0.0,0.0,0.0,0.0,0.0010732340567440168,0.0009204255704797105,0.01781953120653628,0.017483813735576885,0.028712544809432756,0.23268230693193384,"[0.0, 0.0, 0.0, 0.0, 0.0, 0.0]","[0.800000011920929, 0.800000011920929, 0.8999999761581421, 0.75, 0.75, 0.75, 0.75, 0.75, 0.800000011920929, 0.800000011920929, 0.800000011920929, 0.800000011920929]"
2,24,INSERTION,8,0,0,0,307.80000311136246,307.80000311136246,482.29999101161957,49.125,49.125,36.025,3.6999999999999997,3.6999999999999997,4.800000041723251,1.3440000116825104,1.3440000116825104,0.9600000083446503,0.0,0.0,0.0,0.0,0.0,0.0,0.0011244801013163689,0.0009682786124154454,0.02625726699691177,0.02591006265362055,0.02035191109887898,0.2411297544245191,"[0.0, 0.0, 0.0, 0.0, 0.0, 0.0]","[0.800000011920929, 0.800000011920929, 0.8999999761581421, 0.75, 0.75, 0.75, 0.75, 0.75, 0.800000011920929, 0.800000011920929, 0.800000011920929, 0.800000011920929]"
2,25,INSERTION,8,0,0,0,307.80000311136246,307.80000311136246,482.29999101161957,49.125,49.125,36.025,3.6999999999999997,3.6999999999999997,4.800000041723251,1.3440000116825104,1.3440000116825104,0.9600000083446503,0.0,0.0,0.0,0.0,0.0,0.0,0.001168349371863659,0.0010096817294055643,0.034727417072018256,0.034370415109536,0.011924146324402984,0.24822476781152827,"[0.0, 0.0, 0.0, 0.0, 0.0, 0.0]","[0.800000011920929, 0.800000011920929, 0.8999999761581421, 0.75, 0.75, 0.75, 0.75, 0.75, 0.800000011920929, 0.800000011920929, 0.800000011920929, 0.800000011920929]"
2,26,INSERTION,8,0,0,0,307.80000311136246,307.80000311136246,482.29999101161957,49.125,49.125,36.025,3.6999999999999997,3.6999999999999997,4.800000041723251,1.3440000116825104,1.3440000116825104,0.9600000083446503,0.0,0.0,0.0,0.0,0.0,0.0,0.0012049328586929739,0.0010448019712594456,0.043185924177570105,0.04282084001687294,0.003483791505218717,0.25389976221161287,"[0.0, 0.0, 0.0, 0.0, 0.0, 0.0]","[0.800000011920929, 0.800000011920929, 0.8999999761581421, 0.75, 0.75, 0.75, 0.75, 0.75, 0.800000011920929, 0.800000011920929, 0.800000011920929, 0.800000011920929]"
2,27,INSERTION,8,0,0,0,307.80000311136246,307.80000311136246,482.29999101161957,49.125,49.125,36.025,3.6999999999999997,3.6999999999999997,4.800000041723251,1.3440000116825104,1.3440000116825104,0.9600000083446503,0.0,0.0,0.0,0.0,0.0,0.0,0.001234350056514093,0.0010738162732155138,0.051582276459944086,0.05121085897971397,0.0050299654638425,0.25810720814723154,"[0.0, 0.0, 0.0, 0.0, 0.0, 0.0]","[0.800000011920929, 0.800000011920929, 0.8999999761581421, 0.75, 0.75, 0.75, 0.75, 0.75, 0.800000011920929, 0.800000011920929, 0.800000011920929, 0.800000011920929]"
2,28,INSERTION,8,0,0,0,307.80000311136246,307.80000311136246,482.29999101161957,49.125,49.125,36.025,3.6999999999999997,3.6999999999999997,4.800000041723251,1.3440000116825104,1.3440000116825104,0.9600000083446503,0.0,0.0,0.0,0.0,0.0,0.0,0.001256789503428725,0.001096951543498823,0.0598638276224509,0.059487854716701365,0.013407947972519351,0.26080460195723565,"[0.0, 0.0, 0.0, 0.0, 0.0, 0.0]","[0.800000011920929, 0.800000011920929, 0.8999999761581421, 0.75, 0.75, 0.75, 0.75, 0.75, 0.800000011920929, 0.800000011920929, 0.800000011920929, 0.800000011920929]"
2,29,INSERTION,8,0,0,0,307.80000311136246,307.80000311136246,482.29999101161957,49.125,49.125,36.025,3.6999999999999997,3.6999999999999997,4.800000041723251,1.3440000116825104,1.3440000116825104,0.9600000083446503,0.0,0.0,0.0,0.0,0.0,0.0,0.0012725215109842516,0.0011145017659865402,0.067978594439557,0.06759986130355794,0.02168370626168898,0.2619595557157078,"[0.0, 0.0, 0.0, 0.0, 0.0, 0.0]","[0.800000011920929, 0.800000011920929, 0.8999999761581421, 0.75, 0.75, 0.75, 0.75, 0.75, 0.800000011920929, 0.800000011920929, 0.800000011920929, 0.800000011920929]"
2,30,INSERTION,8,0,0,0,307.80000311136246,307.80000311136246,482.29999101161957,49.125,49.125,36.025,3.6999999999999997,3.6999999999999997,4.800000041723251,1.3440000116825104,1.3440000116825104,0.9600000083446503,0.0,0.0,0.0,0.0,0.0,0.0,0.0012818999981213269,0.0011268305793394556,0.07587722899721974,0.07549753160765849,0.02979550547205612,0.2615513145064492,"[0.0, 0.0, 0.0, 0.0, 0.0, 0.0]","[0.800000011920929, 0.800000011920929, 0.8999999761581421, 0.75, 0.75, 0.75, 0.75, 0.75, 0.800000011920929, 0.800000011920929, 0.800000011920929, 0.800000011920929]"
2,31,INSERTION,8,0,0,0,307.80000311136246,307.80000311136246,482.29999101161957,49.125,49.125,36.025,3.6999999999999997,3.6999999999999997,4.800000041723251,1.3440000116825104,1.3440000116825104,0.9600000083446503,0.0,0.0,0.0,0.0,0.0,0.0,0.0012853716649157002,0.0011343797135891108,0.08351496509773565,0.08313607365845743,0.03769273504893774,0.25957351698456443,"[0.0, 0.0, 0.0, 0.0, 0.0, 0.0]","[0.800000011920929, 0.800000011920929, 0.8999999761581421, 0.75, 0.75, 0.75, 0.75, 0.75, 0.800000011920929, 0.800000011920929, 0.800000011920929, 0.800000011920929]"
2,32,INSERTION,8,0,0,0,307.80000311136246,307.80000311136246,482.29999101161957,49.125,49.125,36.025,3.6999999999999997,3.6999999999999997,4.800000041723251,1.3440000116825104,1.3440000116825104,0.9600000083446503,0.0,0.0,0.0,0.0,0.0,0.0,0.0012834932816215194,0.0011376838707943789,0.09085382575940273,0.0904774449865082,0.04533025723234557,0.2560407397942856,"[0.0, 0.0, 0.0, 0.0, 0.0, 0.0]","[0.800000011920929, 0.800000011920929, 0.8999999761581421, 0.75, 0.75, 0.75, 0.75, 0.75, 0.800000011920929, 0.800000011920929, 0.800000011920929, 0.800000011920929]"
2,33,INSERTION,8,0,0,0,307.80000311136246,307.80000311136246,482.29999101161957,49.125,49.125,36.025,3.6999999999999997,3.6999999999999997,4.800000041723251,1.3440000116825104,1.3440000116825104,0.9600000083446503,0.0,0.0,0.0,0.0,0.0,0.0,0.001276950175118935,0.0011373819981403042,0.09786530088547232,0.09749302214091929,0.05266992244527717,0.2509979293334431,"[0.0, 0.0, 0.0, 0.0, 0.0, 0.0]","[0.800000011920929, 0.800000011920929, 0.8999999761581421, 0.75, 0.75, 0.75, 0.75, 0.75, 0.800000011920929, 0.800000011920929, 0.800000011920929, 0.800000011920929]"
2,34,INSERTION,8,0,0,0,307.80000311136246,307.80000311136246,482.29999101161957,49.125,49.125,36.025,3.6999999999999997,3.6999999999999997,4.800000041723251,1.3440000116825104,1.3440000116825104,0.9600000083446503,0.0,0.0,0.0,0.0,0.0,0.0,0.0012665539735142333,0.0011342061180879361,0.10453344943794943,0.1041667047593256,0.05968309905381394,0.244530652845978,"[0.0, 0.0, 0.0, 0.0, 0.0, 0.0]","[0.800000011920929, 0.800000011920929, 0.8999999761581421, 0.75, 0.75, 0.75, 0.75, 0.75, 0.800000011920929, 0.800000011920929, 0.800000011920929, 0.800000011920929]"
2,35,INSERTION,8,0,0,0,307.80000311136246,307.80000311136246,482.29999101161957,49.125,49.125,36.025,3.6999999999999997,3.6999999999999997,4.800000041723251,1.3440000116825104,1.3440000116825104,0.9600000083446503,0.0,0.0,0.0,0.0,0.0,0.0,0.0012530223848347055,0.0011287528755304281,0.1108522511458197,0.11049238645030154,0.06635373295202056,0.236774087965273,"[0.0, 0.0, 0.0, 0.0, 0.0, 0.0]","[0.800000011920929, 0.800000011920929, 0.8999999761581421, 0.75, 0.75, 0.75, 0.75, 0.75, 0.800000011920929, 0.800000011920929, 0.800000011920929, 0.800000011920929]"
2,36,INSERTION,8,0,0,0,307.80000311136246,307.80000311136246,482.29999101161957,49.125,49.125,36.025,3.6999999999999997,3.6999999999999997,4.800000041723251,1.3440000116825104,1.3440000116825104,0.9600000083446503,0.0,0.0,0.0,0.0,0.0,0.0,0.0012369458906562284,0.0011214828638782235,0.11681637022654762,0.11646466342414849,0.07267574159143804,0.2278734112216602,"[0.0, 0.0, 0.0, 0.0, 0.0, 0.0]","[0.800000011920929, 0.800000011920929, 0.8999999761581421, 0.75, 0.75, 0.75, 0.75, 0.75, 0.800000011920929, 0.800000011920929, 0.800000011920929, 0.800000011920929]"
2,37,INSERTION,8,0,0,0,307.80000311136246,307.80000311136246,482.29999101161957,49.125,49.125,36.025,3.6999999999999997,3.6999999999999997,4.800000041723251,1.3440000116825104,1.3440000116825104,0.9600000083446503,0.0,0.0,0.0,0.0,0.0,0.0,0.0012188046057078257,0.0011127557414145285,0.12241598958255404,0.12207362455453205,0.07864374307009188,0.21799810270002173,"[0.0, 0.0, 0.0, 0.0, 0.0, 0.0]","[0.800000011920929, 0.800000011920929, 0.8999999761581421, 0.75, 0.75, 0.75, 0.75, 0.75, 0.800000011920929, 0.800000011920929, 0.800000011920929, 0.800000011920929]"
2,38,INSERTION,8,0,0,0,307.80000311136246,307.80000311136246,482.29999101161957,49.125,49.125,36.025,3.6999999999999997,3.6999999999999997,4.800000041723251,1.3440000116825104,1.3440000116825104,0.9600000083446503,0.0,0.0,0.0,0.0,0.0,0.0,0.001198948792171443,0.0011028111087001248,0.12763646191949296,0.12730452237221465,0.08424786510084585,0.20734723492093007,"[0.0, 0.0, 0.0, 0.0, 0.0, 0.0]","[0.800000011920929, 0.800000011920929, 0.8999999761581421, 0.75, 0.75, 0.75, 0.75, 0.75, 0.800000011920929, 0.800000011920929, 0.800000011920929, 0.800000011920929]"
2,39,INSERTION,8,0,0,0,307.80000311136246,307.80000311136246,482.29999101161957,49.125,49.125,36.025,3.6999999999999997,3.6999999999999997,4.800000041723251,1.3440000116825104,1.3440000116825104,0.9600000083446503,0.0,0.0,0.0,0.0,0.0,0.0,0.0011776154327200646,0.001091784610732308,0.1324600366999497,0.13213950542295705,0.08947340438844648,0.19612550339790732,"[0.0, 0.0, 0.0, 0.0, 0.0, 0.0]","[0.800000011920929, 0.800000011920929, 0.8999999761581421, 0.75, 0.75, 0.75, 0.75, 0.75, 0.800000011920929, 0.800000011920929, 0.800000011920929, 0.800000011920929]"
2,40,INSERTION,8,0,0,0,307.80000311136246,307.80000311136246,482.29999101161957,49.125,49.125,36.025,3.6999999999999997,3.6999999999999997,4.800000041723251,1.3440000116825104,1.3440000116825104,0.9600000083446503,0.0,0.0,0.0,0.0,0.0,0.0,0.0011549536684107569,0.0010797330682886337,0.13686743695856343,0.13655919543832895,0.09430255548397541,0.18452706781080683,"[0.0, 0.0, 0.0, 0.0, 0.0, 0.0]","[0.800000011920929, 0.800000011920929, 0.8999999761581421, 0.75, 0.75, 0.75, 0.75, 0.75, 0.800000011920929, 0.800000011920929, 0.800000011920929, 0.800000011920929]"
2,41,INSERTION,8,0,0,0,307.80000311136246,307.80000311136246,482.29999101161957,49.125,49.125,36.025,3.6999999999999997,3.6999999999999997,4.800000041723251,1.3440000116825104,1.3440000116825104,0.9600000083446503,0.0,0.0,0.0,0.0,0.0,0.0,0.0011310476371824215,0.001066657260208528,0.14083889550123624,0.1405437262031032,0.09871598736043088,0.17272826213424797,"[0.0, 0.0, 0.0, 0.0, 0.0, 0.0]","[0.800000011920929, 0.800000011920929, 0.8999999761581421, 0.75, 0.75, 0.75, 0.75, 0.75, 0.800000011920929, 0.800000011920929, 0.800000011920929, 0.800000011920929]"
2,42,INSERTION,8,0,0,0,307.80000311136246,307.80000311136246,482.29999101161957,49.125,49.125,36.025,3.6999999999999997,3.6999999999999997,4.800000041723251,1.3440000116825104,1.3440000116825104,0.9600000083446503,0.0,0.0,0.0,0.0,0.0,0.0,0.0011059407740518752,0.0010525255660347537,0.14435525722246656,0.1440738494768467,0.1026938807048066,0.16088653350603485,"[0.0, 0.0, 0.0, 0.0, 0.0, 0.0]","[0.800000011920929, 0.800000011920929, 0.8999999761581421, 0.75, 0.75, 0.75, 0.75, 0.75, 0.800000011920929, 0.800000011920929, 0.800000011920929, 0.800000011920929]"
2,43,INSERTION,8,0,0,0,307.80000311136246,307.80000311136246,482.29999101161957,49.125,49.125,36.025,3.6999999999999997,3.6999999999999997,4.800000041723251,1.3440000116825104,1.3440000116825104,0.9600000083446503,0.0,0.0,0.0,0.0,0.0,0.0,0.001079660119120774,0.0010372962426827778,0.14739938470487635,0.14713234287647778,0.10621703190136526,0.14914607447579528,"[0.0, 0.0, 0.0, 0.0, 0.0, 0.0]","[0.800000011920929, 0.800000011920929, 0.8999999761581421, 0.75, 0.75, 0.75, 0.75, 0.75, 0.800000011920929, 0.800000011920929, 0.800000011920929, 0.800000011920929]"
2,44,INSERTION,8,0,0,0,307.80000311136246,307.80000311136246,482.29999101161957,49.125,49.125,36.025,3.6999999999999997,3.6999999999999997,4.800000041723251,1.3440000116825104,1.3440000116825104,0.9600000083446503,0.0,0.0,0.0,0.0,0.0,0.0,0.0010522333073874827,0.00102093125803179,0.1499573617505615,0.14970521366782394,0.1092682596752091,0.13765064402219276,"[0.0, 0.0, 0.0, 0.0, 0.0, 0.0]","[0.800000011920929, 0.800000011920929, 0.8999999761581421, 0.75, 0.75, 0.75, 0.75, 0.75, 0.800000011920929, 0.800000011920929, 0.800000011920929, 0.800000011920929]"
2,45,INSERTION,8,0,0,0,307.80000311136246,307.80000311136246,482.29999101161957,49.125,49.125,36.025,3.6999999999999997,3.6999999999999997,4.800000041723251,1.3440000116825104,1.3440000116825104,0.9600000083446503,0.0,0.0,0.0,0.0,0.0,0.0,0.0010236964342146644,0.001003400334942965,0.1520189316683447,0.15178213454399317,0.11183360864048014,0.12656189544544136,"[0.0, 0.0, 0.0, 0.0, 0.0, 0.0]","[0.800000011920929, 0.800000011920929, 0.8999999761581421, 0.75, 0.75, 0.75, 0.75, 0.75, 0.800000011920929, 0.800000011920929, 0.800000011920929, 0.800000011920929]"
2,46,INSERTION,8,0,0,0,307.80000311136246,307.80000311136246,482.29999101161957,49.125,49.125,36.025,3.6999999999999997,3.6999999999999997,4.800000041723251,1.3440000116825104,1.3440000116825104,0.9600000083446503,0.0,0.0,0.0,0.0,0.0,0.0,0.0009940889583815895,0.0009846701372389522,0.15357747426608673,0.15335642060046267,0.11390278619828355,0.11608088856698427,"[0.0, 0.0, 0.0, 0.0, 0.0, 0.0]","[0.800000011920929, 0.800000011920929, 0.8999999761581421, 0.75, 0.75, 0.75, 0.75, 0.75, 0.800000011920929, 0.800000011920929, 0.800000011920929, 0.800000011920929]"
2,47,INSERTION,8,0,0,0,307.80000311136246,307.80000311136246,482.29999101161957,49.125,49.125,36.025,3.6999999999999997,3.6999999999999997,4.800000041723251,1.3440000116825104,1.3440000116825104,0.9600000083446503,0.0,0.0,0.0,0.0,0.0,0.0,0.0009634465600626062,0.0009646921646932755,0.1546295592309965,0.1544245819818847,0.11546913934504444,0.10646756879496375,"[0.0, 0.0, 0.0, 0.0, 0.0, 0.0]","[0.800000011920929, 0.800000011920929, 0.8999999761581421, 0.75, 0.75, 0.75, 0.75, 0.75, 0.800000011920929, 0.800000011920929, 0.800000011920929, 0.800000011920929]"
2,48,INSERTION,8,0,0,0,307.80000311136246,307.80000311136246,482.29999101161957,49.125,49.125,36.025,3.6999999999999997,3.6999999999999997,4.800000041723251,1.3440000116825104,1.3440000116825104,0.9600000083446503,0.0,0.0,0.0,0.0,0.0,0.0,0.0009318001277992552,0.0009433974583069718,0.15517378621016062,0.15498516400328677,0.1165292075653998,0.09805354687552095,"[0.0, 0.0, 0.0, 0.0, 0.0, 0.0]","[0.800000011920929, 0.800000011920929, 0.8999999761581421, 0.75, 0.75, 0.75, 0.75, 0.75, 0.800000011920929, 0.800000011920929, 0.800000011920929, 0.800000011920929]"
2,49,INSERTION,8,0,0,0,307.80000311136246,307.80000311136246,482.29999101161957,49.125,49.125,36.025,3.6999999999999997,3.6999999999999997,4.800000041723251,1.3440000116825104,1.3440000116825104,0.9600000083446503,0.0,0.0,0.0,0.0,0.0,0.0,0.0008991793618291917,0.0009206958420740792,0.1552097624941307,0.15503772523721418,0.11708156289435791,0.09123833696413111,"[0.0, 0.0, 0.0, 0.0, 0.0, 0.0]","[0.800000011920929, 0.800000011920929, 0.8999999761581421, 0.75, 0.75, 0.75, 0.75, 0.75, 0.800000011920929, 0.800000011920929, 0.800000011920929, 0.800000011920929]"
2,50,INSERTION,8,0,0,0,307.80000311136246,307.80000311136246,482.29999101161957,49.125,49.125,36.025,3.6999999999999997,3.6999999999999997,4.800000041723251,1.3440000116825104,1.3440000116825104,0.9600000083446503,0.0,0.0,0.0,0.0,0.0,0.0,0.000865620386246742,0.0008964783640439471,0.15473731103489713,0.15458204495420946,0.11712578779418126,0.08645159608820699,"[0.0, 0.0, 0.0, 0.0, 0.0, 0.0]","[0.800000011920929, 0.800000011920929, 0.8999999761581421, 0.75, 0.75, 0.75, 0.75, 0.75, 0.800000011920929, 0.800000011920929, 0.800000011920929, 0.800000011920929]"
2,51,INSERTION,8,0,0,0,307.80000311136246,307.80000311136246,482.29999101161957,49.125,49.125,36.025,3.6999999999999997,3.6999999999999997,4.800000041723251,1.3440000116825104,1.3440000116825104,0.9600000083446503,0.0,0.0,0.0,0.0,0.0,0.0,0.0008311761591989281,0.0008706209827928756,0.15375581757471823,0.15361746931896408,0.1166616828919298,0.08406667392547236,"[0.0, 0.0, 0.0, 0.0, 0.0, 0.0]","[0.800000011920929, 0.800000011920929, 0.8999999761581421, 0.75, 0.75, 0.75, 0.75, 0.75, 0.800000011920929, 0.800000011920929, 0.800000011920929, 0.800000011920929]"
2,52,INSERTION,8,0,0,0,307.80000311136246,307.80000311136246,482.29999101161957,49.125,49.125,36.025,3.6999999999999997,3.6999999999999997,4.800000041723251,1.3440000116825104,1.3440000116825104,0.9600000083446503,0.0,0.0,0.0,0.0,0.0,0.0,0.0007959293092080039,0.0008429885443094151,0.15226368852387828,0.15214236844475865,0.11568861366118623,0.08428174754645035,"[0.0, 0.0, 0.0, 0.0, 0.0, 0.0]","[0.800000011920929, 0.800000011920929, 0.8999999761581421, 0.75, 0.75, 0.75, 0.75, 0.75, 0.800000011920929, 0.800000011920929, 0.800000011920929, 0.800000011920929]"
2,53,INSERTION,8,0,0,0,307.80000311136246,307.80000311136246,482.29999101161957,49.125,49.125,36.025,3.6999999999999997,3.6999999999999997,4.800000041723251,1.3440000116825104,1.3440000116825104,0.9600000083446503,0.0,0.0,0.0,0.0,0.0,0.0,0.0007600077684722051,0.0008134390779313333,0.1502579712246818,0.15015375616060167,0.11420496791706906,0.08703416861670346,"[0.0, 0.0, 0.0, 0.0, 0.0, 0.0]","[0.800000011920929, 0.800000011920929, 0.8999999761581421, 0.75, 0.75, 0.75, 0.75, 0.75, 0.800000011920929, 0.800000011920929, 0.800000011920929, 0.800000011920929]"
2,54,INSERTION,8,0,0,0,307.80000311136246,307.80000311136246,482.29999101161957,49.125,49.125,36.025,3.6999999999999997,3.6999999999999997,4.800000041723251,1.3440000116825104,1.3440000116825104,0.9600000083446503,0.0,0.0,0.0,0.0,0.0,0.0,0.0007236063342462097,0.0007818331712090269,0.14773448709085812,0.14764742263406122,0.11220777587245852,0.09201353771550876,"[0.0, 0.0, 0.0, 0.0, 0.0, 0.0]","[0.800000011920929, 0.800000011920929, 0.8999999761581421, 0.75, 0.75, 0.75, 0.75, 0.75, 0.800000011920929, 0.800000011920929, 0.800000011920929, 0.800000011920929]"
2,55,INSERTION,8,0,0,0,307.80000311136246,307.80000311136246,482.29999101161957,49.125,49.125,36.025,3.6999999999999997,3.6999999999999997,4.800000041723251,1.3440000116825104,1.3440000116825104,0.9600000083446503,0.0,0.0,0.0,0.0,0.0,0.0,0.0006870183113309394,0.0007480650935274963,0.14468973714345112,0.14461983999507652,0.1096928430906043,0.09876289966340339,"[0.0, 0.0, 0.0, 0.0, 0.0, 0.0]","[0.800000011920929, 0.800000011920929, 0.8999999761581421, 0.75, 0.75, 0.75, 0.75, 0.75, 0.800000011920929, 0.800000011920929, 0.800000011920929, 0.800000011920929]"
2,56,INSERTION,8,0,0,0,307.80000311136246,307.80000311136246,482.29999101161957,49.125,49.125,36.025,3.6999999999999997,3.6999999999999997,4.800000041723251,1.3440000116825104,1.3440000116825104,0.9600000083446503,0.0,0.0,0.0,0.0,0.0,0.0,0.0006506667345511014,0.0007121048546780156,0.14112368076854187,0.1410709359041929,0.10665665623503898,0.10679942896967794,"[0.0, 0.0, 0.0, 0.0, 0.0, 0.0]","[0.800000011920929, 0.800000011920929, 0.8999999761581421, 0.75, 0.75, 0.75, 0.75, 0.75, 0.800000011920929, 0.800000011920929, 0.800000011920929, 0.800000011920929]"
2,57,INSERTION,8,0,0,0,307.80000311136246,307.80000311136246,482.29999101161957,49.125,49.125,36.025,3.6999999999999997,3.6999999999999997,4.800000041723251,1.3440000116825104,1.3440000116825104,0.9600000083446503,0.0,0.0,0.0,0.0,0.0,0.0,0.0006151158990015891,0.0006740172122967152,0.13704211861452972,0.1370064732190047,0.10309915938112214,0.1157013296320387,"[0.0, 0.0, 0.0, 0.0, 0.0, 0.0]","[0.800000011920929, 0.800000011920929, 0.8999999761581421, 0.75, 0.75, 0.75, 0.75, 0.75, 0.800000011920929, 0.800000011920929, 0.800000011920929, 0.800000011920929]"
2,58,INSERTION,8,0,0,0,307.80000311136246,307.80000311136246,482.29999101161957,49.125,49.125,36.025,3.6999999999999997,3.6999999999999997,4.800000041723251,1.3440000116825104,1.3440000116825104,0.9600000083446503,0.0,0.0,0.0,0.0,0.0,0.0,0.0005810614321952717,0.0006339544151572562,0.1324577350780706,0.13243909435815002,0.09902613533771006,0.12514091547230757,"[0.0, 0.0, 0.0, 0.0, 0.0, 0.0]","[0.800000011920929, 0.800000011920929, 0.8999999761581421, 0.75, 0.75, 0.75, 0.75, 0.75, 0.800000011920929, 0.800000011920929, 0.800000011920929, 0.800000011920929]"
2,59,INSERTION,8,0,0,0,307.80000311136246,307.80000311136246,482.29999101161957,49.125,49.125,36.025,3.6999999999999997,3.6999999999999997,4.800000041723251,1.3440000116825104,1.3440000116825104,0.9600000083446503,0.0,0.0,0.0,0.0,0.0,0.0,0.0005493078531804723,0.0005921355985806476,0.12739009584047484,0.1273883202892222,0.09445024905974655,0.13487952596024683,"[0.0, 0.0, 0.0, 0.0, 0.0, 0.0]","[0.800000011920929, 0.800000011920929, 0.8999999761581421, 0.75, 0.75, 0.75, 0.75, 0.75, 0.800000011920929, 0.800000011920929, 0.800000011920929, 0.800000011920929]"
2,60,INSERTION,8,0,0,0,307.80000311136246,307.80000311136246,482.29999101161957,49.125,49.125,36.025,3.6999999999999997,3.6999999999999997,4.800000041723251,1.3440000116825104,1.3440000116825104,0.9600000083446503,0.0,0.0,0.0,0.0,0.0,0.0,0.0005207348028005939,0.0005488217348010118,0.12186517250926784,0.12188007554359498,0.08939104588529796,0.14474703199060587,"[0.0, 0.0, 0.0, 0.0, 0.0, 0.0]","[0.800000011920929, 0.800000011920929, 0.8999999761581421, 0.75, 0.75, 0.75, 0.75, 0.75, 0.800000011920929, 0.800000011920929, 0.800000011920929, 0.800000011920929]"
2,61,INSERTION,8,0,0,0,307.80000311136246,307.80000311136246,482.29999101161957,49.125,49.125,36.025,3.6999999999999997,3.6999999999999997,4.800000041723251,1.3440000116825104,1.3440000116825104,0.9600000083446503,0.0,0.0,0.0,0.0,0.0,0.0,0.0004962491294936406,0.0005042926639803842,0.11591457776004699,0.11594592341995388,0.08387447637519989,0.15461937051408373,"[0.0, 0.0, 0.0, 0.0, 0.0, 0.0]","[0.800000011920929, 0.800000011920929, 0.8999999761581421, 0.75, 0.75, 0.75, 0.75, 0.75, 0.800000011920929, 0.800000011920929, 0.800000011920929, 0.800000011920929]"
2,62,INSERTION,8,0,0,0,307.80000311136246,307.80000311136246,482.29999101161957,49.125,49.125,36.025,3.6999999999999997,3.6999999999999997,4.800000041723251,1.3440000116825104,1.3440000116825104,0.9600000083446503,0.0,0.0,0.0,0.0,0.0,0.0,0.0004767190370133009,0.00045883210681262564,0.10957455144046574,0.10962205229709207,0.07793213159946115,0.1643996137128244,"[0.0, 0.0, 0.0, 0.0, 0.0, 0.0]","[0.800000011920929, 0.800000011920929, 0.8999999761581421, 0.75, 0.75, 0.75, 0.75, 0.75, 0.800000011920929, 0.800000011920929, 0.800000011920929, 0.800000011920929]"
2,63,INSERTION,8,0,0,0,307.80000311136246,307.80000311136246,482.29999101161957,49.125,49.125,36.025,3.6999999999999997,3.6999999999999997,4.800000041723251,1.3440000116825104,1.3440000116825104,0.9600000083446503,0.0,0.0,0.0,0.0,0.0,0.0,0.00046288789583916065,0.00041272516308972946,0.1028847870875009,0.10294810292621068,0.07160022965084022,0.17400402973743592,"[0.0, 0.0, 0.0, 0.0, 0.0, 0.0]","[0.800000011920929, 0.800000011920929, 0.8999999761581421, 0.75, 0.75, 0.75, 0.75, 0.75, 0.800000011920929, 0.800000011920929, 0.800000011920929, 0.800000011920929]"
2,64,INSERTION,8,0,0,0,307.80000311136246,307.80000311136246,482.29999101161957,49.125,49.125,36.025,3.6999999999999997,3.6999999999999997,4.800000041723251,1.3440000116825104,1.3440000116825104,0.9600000083446503,0.0,0.0,0.0,0.0,0.0,0.0,0.0004552710016861489,0.0003662732361606855,0.09588651461309625,0.09596525141165543,0.06491844318211638,0.183353098331393,"[0.0, 0.0, 0.0, 0.0, 0.0, 0.0]","[0.800000011920929, 0.800000011920929, 0.8999999761581421, 0.75, 0.75, 0.75, 0.75, 0.75, 0.800000011920929, 0.800000011920929, 0.800000011920929, 0.800000011920929]"
2,65,INSERTION,8,0,0,0,307.80000311136246,307.80000311136246,482.29999101161957,49.125,49.125,36.025,3.6999999999999997,3.6999999999999997,4.800000041723251,1.3440000116825104,1.3440000116825104,0.9600000083446503,0.0,0.0,0.0,0.0,0.0,0.0,0.0004540565753689618,0.00031983525181535007,0.08862192187654055,0.08871562888710674,0.05792798346736103,0.1923644189265703,"[0.0, 0.0, 0.0, 0.0, 0.0, 0.0]","[0.800000011920929, 0.800000011920929, 0.8999999761581421, 0.75, 0.75, 0.75, 0.75, 0.75, 0.800000011920929, 0.800000011920929, 0.800000011920929, 0.800000011920929]"
2,66,INSERTION,8,0,0,0,307.80000311136246,307.80000311136246,482.29999101161957,49.125,49.125,36.025,3.6999999999999997,3.6999999999999997,4.800000041723251,1.3440000116825104,1.3440000116825104,0.9600000083446503,0.0,0.0,0.0,0.0,0.0,0.0,0.00045904683856349616,0.00027388808007411104,0.08113513149915205,0.08124329971510763,0.05067102335006159,0.2009492653451743,"[0.0, 0.0, 0.0, 0.0, 0.0, 0.0]","[0.800000011920929, 0.800000011920929, 0.8999999761581421, 0.75, 0.75, 0.75, 0.75, 0.75, 0.800000011920929, 0.800000011920929, 0.800000011920929, 0.800000011920929]"
2,67,INSERTION,8,0,0,0,307.80000311136246,307.80000311136246,482.29999101161957,49.125,49.125,36.025,3.6999999999999997,3.6999999999999997,4.800000041723251,1.3440000116825104,1.3440000116825104,0.9600000083446503,0.0,0.0,0.0,0.0,0.0,0.0,0.0004696730828745871,0.00022913776785000743,0.073472641732302,0.07359470251480058,0.04319167944030536,0.20901576602945773,"[0.0, 0.0, 0.0, 0.0, 0.0, 0.0]","[0.800000011920929, 0.800000011920929, 0.8999999761581421, 0.75, 0.75, 0.75, 0.75, 0.75, 0.800000011920929, 0.800000011920929, 0.800000011920929, 0.800000011920929]"
2,68,INSERTION,8,0,0,0,307.80000311136246,307.80000311136246,482.29999101161957,49.125,49.125,36.025,3.6999999999999997,3.6999999999999997,4.800000041723251,1.3440000116825104,1.3440000116825104,0.9600000083446503,0.0,0.0,0.0,0.0,0.0,0.0,0.0004850774999641238,0.00018675024887095497,0.06568355834924583,0.06581888232194338,0.03553646387027287,0.21647255750389116,"[0.0, 0.0, 0.0, 0.0, 0.0, 0.0]","[0.800000011920929, 0.800000011920929, 0.8999999761581421, 0.75, 0.75, 0.75, 0.75, 0.75, 0.800000011920929, 0.800000011920929, 0.800000011920929, 0.800000011920929]"
2,69,INSERTION,8,0,0,0,307.80000311136246,307.80000311136246,482.29999101161957,49.125,49.125,36.025,3.6999999999999997,3.6999999999999997,4.800000041723251,1.3440000116825104,1.3440000116825104,0.9600000083446503,0.0,0.0,0.0,0.0,0.0,0.0,0.0005042263494856858,0.00014885515812216115,0.057819823624457416,0.05796772125003221,0.027754545393373117,0.2232321168642982,"[0.0, 0.0, 0.0, 0.0, 0.0, 0.0]","[0.800000011920929, 0.800000011920929, 0.8999999761581421, 0.75, 0.75, 0.75, 0.75, 0.75, 0.800000011920929, 0.800000011920929, 0.800000011920929, 0.800000011920929]"
2,70,SUCCESS,9,1,0,0,307.80000311136246,307.80000311136246,482.29999101161957,49.125,49.125,36.025,3.6999999999999997,3.6999999999999997,4.800000041723251,1.3440000116825104,1.3440000116825104,0.9600000083446503,0.0,0.0,0.0,0.0,0.0,0.0,0.0005260148889789256,0.00011951483393398444,0.04993660671089616,0.05009633315985639,0.019898076917783083,0.22921432059173952,"[0.0, 0.0, 0.0, 0.0, 0.0, 0.0]","[0.800000011920929, 0.800000011920929, 0.8999999761581421, 0.75, 0.75, 0.75, 0.75, 0.75, 0.800000011920929, 0.800000011920929, 0.800000011920929, 0.800000011920929]"
0,0,LIFT,2,0,0,0,304.11106288433075,307.3552805185318,485.63447791337967,49.301699459552765,49.16402426362038,36.17351172566414,3.6942134857177735,3.6945764780044557,4.8454141318798065,1.3411024570465087,1.3399214136600492,0.9603675067424774,0.0,0.0,0.0,0.0,0.0,0.0,0.0055297923125888476,0.0062661468064018205,0.0,0.0,0.015371069884295699,1.4860834955050464,"[-0.1983998715877533, 0.10356371849775314, -1.0, 0.06786936521530151, 0.1264955997467041, 0.11789636313915253]","[0.7858661413192749, 0.7982960939407349, 0.9088447690010071, 0.7540620565414429, 0.7508971095085144, 0.7546555399894714, 0.7479333877563477, 0.7480630278587341, 0.8129754662513733, 0.7970433235168457, 0.7958381772041321, 0.8005250096321106]"
0,1,TRANSPORT,3,0,0,0,307.7869665026665,302.8142003417015,479.65617126226425,48.99056839942932,48.46308097243309,36.010688251256944,3.687276911735535,3.716063952445984,4.819892644882202,1.3462645494937895,1.3492237877845763,0.9681045830249786,0.0,0.0,0.0,0.0,0.0,0.0,0.003141244648653651,0.0035594567611222858,0.0,0.0,0.029994164980570923,1.2186893373180558,"[0.007707803975790739, 0.010568910278379917, -1.0, 0.012943954207003117, 0.012302668765187263, 0.004006868228316307]","[0.7999500632286072, 0.780897319316864, 0.8929871916770935, 0.7469096183776855, 0.7347834706306458, 0.7495513558387756, 0.7454560399055481, 0.7557371258735657, 0.8056836128234863, 0.8023107647895813, 0.8053303956985474, 0.8115779757499695]"
0,2,COARSE_ALIGNMENT,4,0,0,0,307.93806982040405,305.9557274580002,483.2451192140579,49.191946148872375,49.2574118077755,36.058578515052794,3.699321746826172,3.701542592048645,4.7675343453884125,1.341452932357788,1.3433584666252136,0.9583235263824462,0.0,0.0,0.0,0.0,0.0,0.0,0.0017435948364390907,0.0019651245759644766,0.0,0.0,0.04460800243327238,0.7449945563774347,"[-0.007347019389271736, -0.015019536949694157, -1.0, 0.014506572857499123, -0.004738213028758764, 0.007775014266371727]","[0.8005290031433105, 0.7929338216781616, 0.902506947517395, 0.7515389919281006, 0.7530439496040344, 0.7510526180267334, 0.7497577667236328, 0.7505509257316589, 0.7907240986824036, 0.797400951385498, 0.7993453741073608, 0.797605037689209]"
0,3,APPROACH,5,0,0,0,306.9397113919258,309.1083154678345,478.93939286470413,48.945720702409744,49.31024792790413,36.04048300385475,3.727555537223816,3.691145491600037,4.817237377166748,1.3394645690917968,1.3337458050251008,0.9622037887573242,0.0,0.0,0.0,0.0,0.0,0.0,0.001000806851052213,0.0011154807336948957,0.0,0.0,0.05907713795654516,0.41681788642122974,"[-0.019792161881923676, 0.012492258101701736, -1.0, -0.027142971754074097, 0.013676980510354042, 0.0030193531420081854]","[0.7967038750648499, 0.8050127029418945, 0.8910859227180481, 0.7458786368370056, 0.7542585730552673, 0.750485360622406, 0.75984126329422, 0.7468376755714417, 0.8049249649047852, 0.7953720092773438, 0.7895365357398987, 0.8031482696533203]"
0,4,APPROACH,5,0,0,0,309.8976836800575,308.36449760198593,480.465170443058,49.25382336974144,48.900966346263885,36.28661960363388,3.719384288787842,3.716320466995239,4.789338082075119,1.3477367794513702,1.3516376280784606,0.9510988116264343,0.0,0.0,0.0,0.0,0.0,0.0,0.0006038659434937115,0.0006636502146257028,0.0,0.0,0.07324613921578615,0.29176455569749443,"[0.026246441528201103, -0.016432326287031174, -1.0, 0.0011713802814483643, 0.003296859562397003, 0.004306120332330465]","[0.8080371022224426, 0.8021628260612488, 0.8951330780982971, 0.7529614567756653, 0.7448498010635376, 0.7582012414932251, 0.7569229602813721, 0.7558287382125854, 0.7969537377357483, 0.8038130402565002, 0.8077934980392456, 0.7872840166091919]"
0,5,APPROACH,5,0,0,0,306.99573147296906,307.5706334710121,478.05583506822586,49.147241055965424,48.934436827898026,36.28761973381042,3.7006316900253293,3.7057793378829955,4.788422465324402,1.3477506232261656,1.3460803163051605,0.960354071855545,0.0,0.0,0.0,0.0,0.0,0.0,0.00038783747178430924,0.0004207145219055644,0.0,0.0,0.08704794783504771,0.0678132359802344,"[-0.004944607615470886, 0.022383056581020355, -1.0, 0.0032883412204682827, -0.012624521739780903, -0.017469407990574837]","[0.796918511390686, 0.7991212010383606, 0.8887422680854797, 0.7505112886428833, 0.7456192374229431, 0.758232593536377, 0.7502256035804749, 0.752064049243927, 0.7966921329498291, 0.803827166557312, 0.8021227717399597, 0.8005058169364929]"
0,6,APPROACH,5,0,0,0,309.02679777145386,309.7034568786621,483.9683692455292,48.613287180662155,48.833750545978546,36.30899513959885,3.6944224357604982,3.6995276927948,4.813101351261139,1.33192058801651,1.347753894329071,0.9546913921833038,0.0,0.0,0.0,0.0,0.0,0.0,0.0002670283569876221,0.00028772959011785006,0.0,0.0,0.10039752037068991,0.1938449580177114,"[-0.0038636960089206696, -0.011496474035084248, -1.0, 0.022024603560566902, -0.000666490406729281, -0.0020154155790805817]","[0.8047003746032715, 0.8072929382324219, 0.9044253826141357, 0.7382364869117737, 0.7433046102523804, 0.7589026689529419, 0.7480080127716064, 0.7498313188552856, 0.8037432432174683, 0.787674069404602, 0.8038305044174194, 0.7924162745475769]"
0,7,APPROACH,5,0,0,0,308.96889531612396,308.4246869087219,485.054907143116,48.404561430215836,48.65631991624832,35.922266095876694,3.6794681549072266,3.698951077461243,4.82176747918129,1.353638024330139,1.3414819633960724,0.9591057538986206,0.0,0.0,0.0,0.0,0.0,0.0,0.000197000134558181,0.0002129465462812518,0.0,0.0,0.1132284562685424,0.05986268843249445,"[-0.0030028638429939747, 0.009487360715866089, -1.0, -0.020183909684419632, -0.006943671498447657, 0.012365800328552723]","[0.8044785261154175, 0.8023934364318848, 0.9073074460029602, 0.7334381937980652, 0.7392257452011108, 0.7467795014381409, 0.7426671981811523, 0.7496253848075867, 0.8062192797660828, 0.8098347187042236, 0.7974305748939514, 0.798722505569458]"
0,8,APPROACH,5,0,0,0,308.23816072940826,307.970443546772,479.1375866532326,48.75994125008583,49.32807084918022,36.07230843901634,3.7040509939193726,3.707642030715942,4.797882378101349,1.3509292590618132,1.343987511396408,0.9668616890907288,0.0,0.0,0.0,0.0,0.0,0.0,0.00015595658065675007,0.00017011880707041262,0.0,0.0,0.12076937466470178,0.15700908101710223,"[0.00706139113754034, -0.01324174739420414, -0.6865524053573608, 0.011145266704261303, 0.00782624538987875, 0.011303441599011421]","[0.8016787767410278, 0.8006530404090881, 0.891611635684967, 0.7416078448295593, 0.7546682953834534, 0.7514830231666565, 0.7514467835426331, 0.7527292966842651, 0.799394965171814, 0.8070706725120544, 0.799987256526947, 0.8098024129867554]"
0,9,APPROACH,5,0,0,0,306.84822177886963,311.00890678167343,479.7783233523369,48.99742117524147,49.21616291999817,35.85426104664803,3.7050630331039427,3.6827254056930543,4.811150997877121,1.34768829703331,1.3221335065364836,0.9484727501869201,0.0,0.0,0.0,0.0,0.0,0.0,0.0001324607568111973,0.00014508670952951522,0.0,0.0,0.11717391086010327,0.1285621447141228,"[-0.0006263689137995243, 0.003357501234859228, 0.01354776881635189, -0.0017902394756674767, -0.009772690013051033, -0.02356496825814247]","[0.7963533401489258, 0.8122946619987488, 0.8933112025260925, 0.7470671534538269, 0.7520956993103027, 0.7446476817131042, 0.751808226108551, 0.7438305020332336, 0.8031859993934631, 0.8037635684013367, 0.7776872515678406, 0.7835325002670288]"
0,10,APPROACH,5,0,0,0,305.98989021778107,306.635513484478,484.9305304288864,48.92301294207573,49.55176484584808,36.16733221411705,3.7077643632888795,3.675870108604431,4.823887228965759,1.3447858357429503,1.3353796625137329,0.955135703086853,0.0,0.0,0.0,0.0,0.0,0.0,0.0001203277961722048,0.0001303477476740069,0.0,0.0,0.11329051790522247,0.11341452361234207,"[0.0044292788952589035, -0.008240366354584694, -0.00980901438742876, -0.013036105781793594, 0.022452259436249733, 0.0046190316788852215]","[0.7930647134780884, 0.7955383658409119, 0.9069775342941284, 0.7453566193580627, 0.7598106861114502, 0.7544618248939514, 0.7527729868888855, 0.7413821816444397, 0.8068249225616455, 0.8008018732070923, 0.7912037372589111, 0.79305100440979]"
0,11,APPROACH,5,0,0,0,308.82662826776505,307.5064460635185,482.5384976863861,48.9829948246479,48.47464746236801,36.15721873044968,3.6929514408111572,3.668917012214661,4.766794592142105,1.3396968173980712,1.3571096575260162,0.9652636051177979,0.0,0.0,0.0,0.0,0.0,0.0,0.00011356246459973773,0.00011899751098293348,0.0,0.0,0.1082450747179722,0.14879828631356778,"[-0.01863238960504532, 0.011427883058786392, 0.027368081733584404, 0.018862538039684296, -0.0036446014419198036, 0.001904315548017621]","[0.8039334416389465, 0.7988752722740173, 0.9006326198577881, 0.7467355132102966, 0.7350493669509888, 0.7541447877883911, 0.7474826574325562, 0.7388989329338074, 0.79051274061203, 0.7956089973449707, 0.8133772015571594, 0.8075194358825684]"
0,12,APPROACH,5,0,0,0,308.6334437727928,309.59410804510117,485.2315512895584,49.39492365717888,49.09782484173775,36.628608983755115,3.679983687400818,3.6966272592544556,4.772050261497498,1.3511786806583403,1.3510530352592467,0.9542089462280273,0.0,0.0,0.0,0.0,0.0,0.0,0.0001111748248920986,0.00010838652906662166,0.0,0.0,0.10322972958584231,0.2041426928989602,"[-0.0015688510611653328, -1.1597294360399246e-05, -0.012033119797706604, -0.0032807607203722, -0.010864615440368652, 0.023303283378481865]","[0.8031932711601257, 0.8068739771842957, 0.9077759981155396, 0.756205141544342, 0.7493752837181091, 0.7689219117164612, 0.7428513169288635, 0.7487954497337341, 0.7920143604278564, 0.8073251843452454, 0.8071969747543335, 0.7917270660400391]"
0,13,APPROACH,5,0,0,0,306.2380213737488,309.0520153641701,480.6968908905983,48.614132434129715,48.93663293123245,36.15866948962211,3.6834715843200683,3.7158363103866576,4.803407788276672,1.3509456729888916,1.3350779032707214,0.9605422019958496,0.0,0.0,0.0,0.0,0.0,0.0,0.00011371302991317925,9.936244594662998e-05,0.0,0.0,0.09758161495712978,0.12786073961739686,"[0.031515609472990036, -0.006564493291079998, -0.003435513935983181, -0.022602297365665436, 0.012723488733172417, -0.024705931544303894]","[0.7940154075622559, 0.8047969937324524, 0.895747721195221, 0.7382559180259705, 0.7456697225570679, 0.7541902661323547, 0.7440969944000244, 0.755655825138092, 0.800973653793335, 0.8070874214172363, 0.7908958196640015, 0.8007745742797852]"
0,14,APPROACH,5,0,0,0,305.2999922633171,308.29015159606934,485.4903492331505,48.96830400824547,49.55652004480362,36.082140517234805,3.7084197521209714,3.6700807571411134,4.78912279009819,1.339569536447525,1.3332622659206388,0.964544129371643,0.0,0.0,0.0,0.0,0.0,0.0,0.00012036762551513793,9.265071595640166e-05,0.0,0.0,0.0916929761027518,0.12011745774844973,"[-0.01523674838244915, 0.00472278892993927, -0.017159225419163704, 0.009180992841720581, -0.02679184079170227, -0.00042901793494820595]","[0.7904214262962341, 0.8018779754638672, 0.9084624648094177, 0.7463977932929993, 0.7599200010299683, 0.75179123878479, 0.7530070543289185, 0.7393145561218262, 0.7968922257423401, 0.7954791188240051, 0.789043128490448, 0.8064916133880615]"
0,15,APPROACH,5,0,0,0,308.95405411720276,306.55119556188583,480.7981674671173,48.89090886712074,49.00090590119362,36.15506065487862,3.697722244262695,3.67434504032135,4.805581986904144,1.3447269558906554,1.3567233753204344,0.9604115664958953,0.0,0.0,0.0,0.0,0.0,0.0,0.00013130676466497547,8.920671649644362e-05,0.0,0.0,0.08523359348906218,0.0758935126815519,"[0.006435500457882881, 0.001092075603082776, -0.005330068990588188, 0.006153484806418419, 0.010898090898990631, 0.008702890016138554]","[0.8044216632843018, 0.7952153086662292, 0.8960163593292236, 0.7446185946464539, 0.747147262096405, 0.754077136516571, 0.7491865158081055, 0.7408375144004822, 0.8015948534011841, 0.8007417917251587, 0.8129830360412598, 0.8005879521369934]"
0,16,APPROACH,5,0,0,0,308.74221700429916,306.13697987794876,479.51527839899063,49.45487183332443,48.96874737739563,35.78891413807869,3.6947238445281982,3.7244683504104614,4.828573167324066,1.3559471893310546,1.334830117225647,0.9605693221092224,0.0,0.0,0.0,0.0,0.0,0.0,0.00014420384361872872,8.733908585367455e-05,0.0,0.0,0.07800199458489188,0.18030197145852547,"[-0.0006584888324141502, 0.010171247646212578, 0.022607551887631416, -0.008011898025870323, 0.018287939950823784, 0.00885532982647419]","[0.8036100268363953, 0.7936282753944397, 0.8926134705543518, 0.7575832605361938, 0.7464079856872559, 0.7425991892814636, 0.7481156587600708, 0.7587386965751648, 0.8081637620925903, 0.8121910095214844, 0.7906429767608643, 0.8008133172988892]"
0,17,APPROACH,5,0,0,0,306.14968979358673,304.5150577425957,480.2193382382393,49.314271956682205,49.34459736943245,35.88906215429306,3.713639497756958,3.6506926298141478,4.762447029352188,1.3529798901081085,1.346454507112503,0.9611462712287903,0.0,0.0,0.0,0.0,0.0,0.0,0.00015779278755022837,8.588527162631964e-05,0.0,0.0,0.07103364634945891,0.12463014166229705,"[-0.004033382050693035, -0.0008826730772852898, -0.0157700777053833, 0.012557373382151127, -0.0017126426100730896, -0.01651868037879467]","[0.7936769723892212, 0.787414014339447, 0.8944810032844543, 0.7543510794639587, 0.7550482153892517, 0.7457386255264282, 0.7548712491989136, 0.7323902249336243, 0.7892705798149109, 0.8091631531715393, 0.8025045990943909, 0.8016375303268433]"
0,18,APPROACH,5,0,0,0,307.7569885253906,305.12958294153214,483.7932531237602,48.570451498031616,48.66053840517998,35.88605986237526,3.6578211307525637,3.6897220611572266,4.783961206674576,1.349263333082199,1.3367396819591522,0.9647765696048737,0.0,0.0,0.0,0.0,0.0,0.0,0.00017287546420950155,8.590019552240075e-05,0.0,0.0,0.06324892084500523,0.0875267502082772,"[-0.02613474801182747, -0.003401530906558037, 0.020361389964818954, -0.002060074359178543, -0.011402958072721958, 0.007334994617849588]","[0.799835205078125, 0.7897685170173645, 0.9039608836174011, 0.7372517585754395, 0.7393227219581604, 0.7456445097923279, 0.7349361181259155, 0.7463293075561523, 0.7954174876213074, 0.8053707480430603, 0.7925915122032166, 0.8068236708641052]"
0,19,APPROACH,5,0,0,0,309.3543620109558,308.02963721752167,480.005235016346,48.947810500860214,48.97510492801666,35.95681241750717,3.719952392578125,3.6903969764709474,4.776261806488037,1.3514539790153501,1.3353103852272032,0.962242841720581,0.0,0.0,0.0,0.0,0.0,0.0,0.000188406642401829,8.757905665464203e-05,0.0,0.0,0.055631576471164054,0.055124062260587005,"[0.016522493213415146, -0.020721368491649628, -0.0070267245173454285, -0.007707689423114061, 0.002327391877770424, -0.014693252742290497]","[0.8059554100036621, 0.8008798360824585, 0.8939130902290344, 0.7459266781806946, 0.7465541362762451, 0.7478624582290649, 0.7571258544921875, 0.746570348739624, 0.793217658996582, 0.8076061010360718, 0.7911330461502075, 0.8032040596008301]"
0,20,FIRST_CONTACT,6,0,1,0,306.1055084466934,307.7712696790695,478.2082555294037,49.283129811286926,49.46408146619797,35.7622528731823,3.689411473274231,3.7154709815979,4.834762394428253,1.3361850547790526,1.3440011799335478,0.962911331653595,0.0,0.0,0.0,0.0,0.0,0.0,0.00020364709043036496,9.071135483789989e-05,0.0,0.0,0.04780228430991672,0.12700423961994572,"[0.011152520775794983, 0.0059521314688026905, -0.00668531097471714, 0.007165026850998402, -0.018629254773259163, 0.0030640531331300735]","[0.7935076951980591, 0.7998899221420288, 0.8891465663909912, 0.7536351680755615, 0.757794976234436, 0.7417634129524231, 0.7462183833122253, 0.7555253505706787, 0.8099321126937866, 0.7920255661010742, 0.8000012040138245, 0.8041590452194214]"
0,21,COMPLIANT_ALIGNMENT,7,0,0,0,147.23321199417114,145.03241698443892,388.05000000000007,22.72978122532368,23.017112307250503,17.017405731976034,4.112883281707763,4.1080632448196415,5.333338558673859,1.4873518323898314,1.5050103557109829,1.0622152984142303,0.0,0.0,0.0,0.0,0.0,0.0,0.00021911170431237263,9.582792430245315e-05,0.00648958764587431,0.006454846008076741,0.039650842824343696,0.15485314265479802,"[-0.0008215173147618771, 0.007119679823517799, 0.0033775942865759134, -0.000998285599052906, 0.017921341583132744, -0.017083387821912766]","[0.18480157852172852, 0.17636941373348236, 0.8466312289237976, 0.14321336150169373, 0.14981867372989655, 0.15415064990520477, 0.8974583148956299, 0.8957368731498718, 0.9523824453353882, 0.946277379989624, 0.964296281337738, 0.9460218548774719]"
0,22,INSERTION,8,0,0,0,308.59445840120316,308.1501713991165,482.85520327091217,48.98569652438164,49.519593358039856,35.905047124624254,3.6893815994262695,3.665442132949829,4.801424264907837,1.3472477495670319,1.3483540832996368,0.953213346004486,0.0,0.0,0.0,0.0,0.0,0.0,0.00023322465296528335,0.00010131625912974628,0.014793373829541927,0.014757802182089434,0.03131309805426142,0.17036032343109347,"[0.009898273274302483, -0.01710072159767151, 0.007864901795983315, -0.01424882747232914, -0.013223838061094284, 0.03403592109680176]","[0.8030439019203186, 0.8013416528701782, 0.9014726877212524, 0.7467976212501526, 0.7590711116790771, 0.7462397217750549, 0.7462077140808105, 0.737657904624939, 0.8004069328308105, 0.8033140301704407, 0.8044429421424866, 0.7903047800064087]"
0,23,INSERTION,8,0,0,0,308.4605920314789,306.16313087940216,484.42412507534027,48.880822867155075,49.09258219599724,35.920185977220534,3.696248412132263,3.6610376596450807,4.797758877277374,1.3435243582725525,1.353215059041977,0.9684985756874084,0.0,0.0,0.0,0.0,0.0,0.0,0.0002448734192017499,0.00010641502189557761,0.023179651387449894,0.023143105475920904,0.023259520471901773,0.07211159085912079,"[-0.046489957720041275, 0.021326158195734024, -0.016531309112906456, 0.01358338724821806, 0.018274175003170967, -0.016857095062732697]","[0.8025310039520264, 0.7937284708023071, 0.9056342840194702, 0.7443867325782776, 0.7492547631263733, 0.7467142939567566, 0.748660147190094, 0.7360848784446716, 0.7993596792221069, 0.799514651298523, 0.809403121471405, 0.8121408224105835]"
0,24,INSERTION,8,0,0,0,305.2658295035362,306.9361799955368,484.08569008111954,48.87745741009712,49.15455016493797,36.38630177974701,3.721196413040161,3.703221035003662,4.777783453464508,1.3429796612262725,1.337089923620224,0.9611991345882416,0.0,0.0,0.0,0.0,0.0,0.0,0.0002559347876309578,0.00011213248216252001,0.03161431552960655,0.03157734962145133,0.014976021858893119,0.10327171573498924,"[0.0499105267226696, -0.006647743284702301, -0.006871577352285385, 0.0059283641166985035, 0.000652083195745945, -0.0008757282048463821]","[0.7902905344963074, 0.7966903448104858, 0.9047365784645081, 0.7443093657493591, 0.7506793141365051, 0.7613260746002197, 0.7575701475143433, 0.751150369644165, 0.7936524152755737, 0.7989588379859924, 0.7929489016532898, 0.8017130494117737]"
0,25,INSERTION,8,0,0,0,307.82352501153946,308.50491338968277,479.8561627268791,48.867449194192886,49.18958929181099,36.294757544994354,3.6865479230880736,3.689683675765991,4.783899039030075,1.3327532589435576,1.3480643570423125,0.9617244720458984,0.0,0.0,0.0,0.0,0.0,0.0,0.00026548194518321986,0.0001183684682895986,0.04005596823719606,0.040019068716919313,0.00677209935572306,0.27364876977749697,"[-0.02928955852985382, -0.001031894120387733, -0.015450787730515003, -0.022721191868185997, -0.00045094313099980354, 0.030988724902272224]","[0.8000901341438293, 0.8027008175849915, 0.8935176730155945, 0.7440792918205261, 0.7514848113059998, 0.7584563493728638, 0.7451956868171692, 0.746315598487854, 0.7953997254371643, 0.7885237336158752, 0.8041473031044006, 0.8024635314941406]"
0,26,INSERTION,8,0,0,0,308.20264452695847,308.63269704580307,482.4748824238777,48.55707263946533,49.33331349492073,36.257315409183505,3.7232093095779417,3.730416417121887,4.812314033508301,1.3397403347492216,1.3497119998931884,0.9620337665081024,0.0,0.0,0.0,0.0,0.0,0.0,0.00027155170516273927,0.0001239692113616878,0.048455550066121865,0.04841925471478733,0.0019485242820972283,0.12441886879295135,"[0.007497869431972504, 0.0028696502558887005, 0.018307996913790703, 0.005718208849430084, 0.0007719099521636963, -0.020943358540534973]","[0.8015426993370056, 0.8031904101371765, 0.900463879108429, 0.7369441986083984, 0.7547888159751892, 0.7572826147079468, 0.7582890391349792, 0.7608630061149597, 0.8035182952880859, 0.7956534028053284, 0.8058285713195801, 0.8029053807258606]"
0,27,INSERTION,8,0,0,0,307.7502524256706,309.0195327401161,485.1139158606529,49.24348846077919,49.20291370153427,36.042304533720014,3.6868481636047363,3.7228593349456784,4.781156152486801,1.3469292843341827,1.3409538555145262,0.9542036473751068,0.0,0.0,0.0,0.0,0.0,0.0,0.0002751528085390717,0.00012929658712358848,0.056759922585146914,0.056724936520511575,0.010315147009484505,0.16598176193213549,"[0.008479811251163483, 0.0038417743053287268, -0.0021441979333758354, -0.0008555091917514801, 0.008958042599260807, -0.005897328723222017]","[0.7998093962669373, 0.8046725392341614, 0.9074639678001404, 0.7527238726615906, 0.7517911195755005, 0.7505424618721008, 0.7453029155731201, 0.7581640481948853, 0.7946160435676575, 0.8029890656471252, 0.7968916893005371, 0.7917194962501526]"
0,28,INSERTION,8,0,0,0,306.99503141641617,305.86815816164017,483.1815488934517,49.06650638580322,49.14833262562752,36.24293711185455,3.7062204360961912,3.674528789520264,4.8054046630859375,1.3443509542942047,1.3303109717369077,0.95477175116539,0.0,0.0,0.0,0.0,0.0,0.0,0.0002776810910023548,0.00013548352688423304,0.06491669287959823,0.06488361294280723,0.01881201046247381,0.1298427911043705,"[-0.011467929929494858, -0.004189235623925924, 0.012830069288611412, 0.02508072555065155, -0.020768968388438225, -0.005743818357586861]","[0.7969158291816711, 0.792598307132721, 0.9023383259773254, 0.7486553192138672, 0.7505363821983337, 0.7568318843841553, 0.7522215843200684, 0.7409031391143799, 0.801544189453125, 0.8003581166267395, 0.7860316038131714, 0.7925310730934143]"
0,29,INSERTION,8,0,0,0,307.79135352373123,306.9757876396179,486.3290774822235,48.885666221380234,49.03394079208374,36.05731979608536,3.7136203050613403,3.721273350715637,4.81595104932785,1.3435764038562774,1.3451767325401305,0.965277749300003,0.0,0.0,0.0,0.0,0.0,0.0,0.0002803050093117526,0.0001438568271306698,0.0728752168164126,0.07284425487572965,0.02669417312607616,0.2274796752416866,"[0.021075664088129997, -0.008057495579123497, -0.018520265817642212, -0.012462110258638859, 0.02004230208694935, 0.02491292729973793]","[0.7999668717384338, 0.796842098236084, 0.9106872081756592, 0.744498074054718, 0.7479066848754883, 0.7510131597518921, 0.7548643946647644, 0.7575976252555847, 0.8045574426651001, 0.7995677590370178, 0.8012007474899292, 0.8075396418571472]"
0,30,INSERTION,8,0,0,0,308.7953590750694,308.45489823818207,484.7630094885826,48.90388843417168,49.24348846077919,35.78598029613495,3.7008745193481443,3.690826392173767,4.811356693506241,1.3406955552101134,1.3317249059677123,0.9621025681495666,0.0,0.0,0.0,0.0,0.0,0.0,0.0002813914917583676,0.00015336036324959897,0.08058856671964593,0.08056015462250948,0.034978549895574515,0.10231901646542593,"[-0.007777835242450237, 0.01258813962340355, 0.02178841456770897, -0.009248610585927963, -0.022636156529188156, -0.012079563923180103]","[0.803813636302948, 0.8025091886520386, 0.9065331816673279, 0.7449169754981995, 0.7527238726615906, 0.7425072193145752, 0.750312328338623, 0.7467237114906311, 0.8032447695732117, 0.7966281175613403, 0.7874743938446045, 0.8030036687850952]"
0,31,INSERTION,8,0,0,0,311.2382297515869,306.8813577890396,477.39307683706284,49.418634831905365,48.78811204433441,36.15567100048065,3.6589526653289797,3.7278397560119627,4.785669773817062,1.3516285157203674,1.3478684413433073,0.9569995641708374,0.0,0.0,0.0,0.0,0.0,0.0,0.00028088352776440255,0.00016330012417680532,0.08801728598065708,0.08799092670072703,0.04238659151004249,0.14190899580517552,"[-0.015485350042581558, 0.0002524754963815212, -0.02040766552090645, 0.008665090426802635, -0.007511541713029146, 0.0022349131759256124]","[0.8131732940673828, 0.7964802980422974, 0.8869842886924744, 0.756750226020813, 0.742255449295044, 0.754096269607544, 0.7353402376174927, 0.7599427700042725, 0.7959056496620178, 0.8077841997146606, 0.803947389125824, 0.7957136631011963]"
0,32,INSERTION,8,0,0,0,309.23796594142914,306.7471958398819,484.9204859137535,49.540273547172546,49.48038500547409,36.241746842861176,3.7183370351791383,3.7015544414520263,4.835861802101135,1.3348462975025177,1.338729155063629,0.9587934970855713,0.0,0.0,0.0,0.0,0.0,0.0,0.0002806687448991488,0.00017523859184638354,0.09513004839231262,0.09510534240034543,0.049709932678939264,0.2196933842892784,"[0.017953820526599884, 0.006420686841011047, -0.007131035439670086, 0.023824401199817657, 0.02090766839683056, -0.009791526943445206]","[0.8055094480514526, 0.7959662675857544, 0.9069508910179138, 0.7595465183258057, 0.7581697702407837, 0.7567945718765259, 0.7565489411354065, 0.750555157661438, 0.8102462291717529, 0.790659487247467, 0.7946215867996216, 0.798276424407959]"
0,33,INSERTION,8,0,0,0,310.663825571537,308.5997632741928,476.7434416413307,49.146312832832336,49.415907204151154,35.863408625125885,3.6888498783111574,3.712926697731018,4.801974385976791,1.3425841498374937,1.3441881585121154,0.9588995158672332,0.0,0.0,0.0,0.0,0.0,0.0,0.0002819776598566779,0.00019044244616211038,0.10190237390269419,0.10187989947502274,0.05710056281323392,0.23596865941427375,"[-0.013006108812987804, -0.025382187217473984, 0.018448377028107643, -0.0184682197868824, 0.010905792936682701, 0.020924588665366173]","[0.8109725117683411, 0.803064227104187, 0.8852611184120178, 0.7504899501800537, 0.7566875219345093, 0.7449344396591187, 0.7460178136825562, 0.7546166777610779, 0.8005641102790833, 0.7985552549362183, 0.8001919984817505, 0.7984278798103333]"
0,34,INSERTION,8,0,0,0,308.7568870782852,310.5316082239151,481.1840161681175,48.89604780077934,48.80583903193474,36.06487971544266,3.737526559829712,3.6992890357971193,4.85600683093071,1.3399265539646148,1.3480916941165924,0.9702544152736664,0.0,0.0,0.0,0.0,0.0,0.0,0.0002820487599653731,0.00020624270790439478,0.10832437565525113,0.10830477717957238,0.06373444924423484,0.13601995385288526,"[0.00311905425041914, 0.022852526977658272, -0.009248575195670128, -0.02410128340125084, -0.018207484856247902, -0.02481401525437832]","[0.8036662340164185, 0.810465931892395, 0.8970398306846619, 0.7447367310523987, 0.7426629662513733, 0.751250147819519, 0.7634023427963257, 0.7497460842132568, 0.8160019516944885, 0.7958434224128723, 0.8041751980781555, 0.8146491646766663]"
0,35,INSERTION,8,0,0,0,308.0953958630562,308.55290615558624,482.8530910015106,49.24178498983383,49.09021237492561,35.54273190498352,3.699049210548401,3.7026268959045407,4.773228943347931,1.3394553399085998,1.344800146818161,0.9648173332214355,0.0,0.0,0.0,0.0,0.0,0.0,0.00028105041528788674,0.0002215295967911373,0.11438822248729977,0.11437157189504454,0.07066221472422622,0.09310660118244556,"[0.005158417392522097, 0.004068869166076183, 0.03360810875892639, 0.020237915217876434, 0.007638117298483849, -0.0031775329262018204]","[0.8011317849159241, 0.8028846979141235, 0.9014670848846436, 0.7526847124099731, 0.7492002844810486, 0.7348818778991699, 0.7496604323387146, 0.7509381771087646, 0.7923511266708374, 0.7953625917434692, 0.8008164763450623, 0.8068819046020508]"
0,36,INSERTION,8,0,0,0,306.89868807792664,311.1821474432945,483.11809092760086,49.4076309800148,48.94744232296944,36.169598668813705,3.7068763256072996,3.6935270547866823,4.851285636425018,1.3472061598300933,1.3334875631332397,0.9611400127410888,0.0,0.0,0.0,0.0,0.0,0.0,0.00028008734308100863,0.0002370132533026168,0.12008548550158157,0.12007158894405165,0.07638455957862655,0.14843655668501293,"[-0.0018000334966927767, -0.013855128549039364, -0.022864267230033875, -0.008573682978749275, -0.025202693417668343, 0.008009310811758041]","[0.7965466976165771, 0.8129584193229675, 0.9021700024604797, 0.7564972639083862, 0.7459182143211365, 0.7545328736305237, 0.7524558305740356, 0.7476882338523865, 0.8146530389785767, 0.8032715916633606, 0.7892730236053467, 0.801628589630127]"
0,37,INSERTION,8,0,0,0,306.42042499780655,307.33315873146057,484.2305378317833,48.74465408921242,48.65502351522446,36.018516266345976,3.713566732406616,3.708280563354492,4.829574108123779,1.3401286029815673,1.3427996921539305,0.960185968875885,0.0,0.0,0.0,0.0,0.0,0.0,0.0002775490874900983,0.00025066814612807146,0.12540591565947617,0.12539374570069398,0.08192580746758495,0.23297380957370087,"[-0.011095420457422733, -0.0027612808626145124, -0.010486326180398464, -0.006086414214223623, 0.001204509288072586, -0.018855351954698563]","[0.7947142720222473, 0.7982113361358643, 0.9051207900047302, 0.7412564158439636, 0.7391959428787231, 0.7497967481613159, 0.7548452615737915, 0.7529573440551758, 0.8084497451782227, 0.7960495948791504, 0.7987751960754395, 0.8002656698226929]"
0,38,INSERTION,8,0,0,0,310.8236873745918,309.07511723041534,484.8876333832741,49.10694891214371,49.2552986741066,36.021453911066054,3.6892515897750853,3.730499196052551,4.80174657702446,1.3464944612979888,1.356228036880493,0.9661727964878082,0.0,0.0,0.0,0.0,0.0,0.0,0.00027484665682489594,0.0002636419777812137,0.13033396537630076,0.1303231587134658,0.08724361290101998,0.21272071489485758,"[0.009345348924398422, -0.004424510523676872, -0.00024999119341373444, 0.033852145075798035, 0.029499681666493416, 0.028669323772192]","[0.811585009098053, 0.8048855066299438, 0.9068637490272522, 0.7495850324630737, 0.7529953718185425, 0.7498888373374939, 0.7461612820625305, 0.7608925700187683, 0.8004990220069885, 0.8025453686714172, 0.8124775886535645, 0.8088182806968689]"
0,39,INSERTION,8,0,0,0,307.32942509651184,306.8579759001732,483.2961732149124,49.161846309900284,48.77411350607872,35.973926812410355,3.7234638214111326,3.6845882654190065,4.820814937353134,1.3472964656352995,1.3466166019439696,0.9602965354919434,0.0,0.0,0.0,0.0,0.0,0.0,0.0002737014274178759,0.0002781277621605899,0.13485198769651285,0.13484281458277905,0.09228885197412925,0.06286430635970174,"[0.005697356071323156, 0.011414719745516777, 0.007774988189339638, -0.021419521421194077, -0.018713967874646187, -0.010466564446687698]","[0.7981970310211182, 0.7963907122612, 0.9026423692703247, 0.7508470416069031, 0.7419336438179016, 0.7483989596366882, 0.7583799362182617, 0.7444958090782166, 0.8059471249580383, 0.8033637404441833, 0.8026700019836426, 0.8004236221313477]"
0,40,INSERTION,8,0,0,0,309.8772731423378,306.8247621059418,486.9752296805382,48.641139060258865,48.94437503814697,35.67510464787483,3.7210931062698362,3.7209293842315674,4.784212380647659,1.330873601436615,1.3414678859710691,0.9551457166671753,0.0,0.0,0.0,0.0,0.0,0.0,0.0002728545531333584,0.000292551530850555,0.13894120255964867,0.13893328574881608,0.0967533245800947,0.09302608264493403,"[-0.01121445745229721, -0.0019294586963951588, -0.00360825564712286, 0.009247461333870888, 0.0009921672753989697, 0.008361414074897766]","[0.8079589009284973, 0.7962634563446045, 0.9124011397361755, 0.7388767600059509, 0.7458477020263672, 0.7390314936637878, 0.7575332522392273, 0.7574747800827026, 0.7954892516136169, 0.786605715751648, 0.7974162101745605, 0.7930653095245361]"
0,41,INSERTION,8,0,0,0,309.68995356559753,304.8236115574837,478.16603261232376,49.30272880196571,49.40845289826393,36.19142280220986,3.7128350734710693,3.6840867519378664,4.7998344004154205,1.352758798599243,1.3536738312244414,0.9586836397647858,0.0,0.0,0.0,0.0,0.0,0.0,0.0002720344965205249,0.00030713485001051865,0.14258430883194884,0.14257727634013015,0.10098743331953357,0.1696049887902677,"[0.01031224150210619, 0.007666831836104393, 0.00960527267307043, -0.015870612114667892, -0.0011662538163363934, 0.017698775976896286]","[0.8072412014007568, 0.7885962128639221, 0.8890345692634583, 0.7540857195854187, 0.75651615858078, 0.7552170157432556, 0.7545839548110962, 0.7443166971206665, 0.7999526858329773, 0.8089375495910645, 0.809871256351471, 0.7981194853782654]"
0,42,INSERTION,8,0,0,0,305.9969374537468,308.41816860437393,478.7290647625923,48.806321293115616,49.712788224220276,35.773009026050566,3.690821385383606,3.681273603439331,4.768943130970001,1.3391014182567595,1.3484173440933227,0.9562549293041229,0.0,0.0,0.0,0.0,0.0,0.0,0.0002711507440706369,0.00032192266616799293,0.1457693403198233,0.14576311788775975,0.10436598354483012,0.13222186707359918,"[-0.0015490581281483173, 0.0011026635766029358, -0.017663665115833282, 0.018863845616579056, 0.016476737335324287, -0.021939851343631744]","[0.7930917143821716, 0.8023684620857239, 0.8905280232429504, 0.7426740527153015, 0.763512372970581, 0.7421005964279175, 0.7467219233512878, 0.7433120012283325, 0.7911266088485718, 0.7950014472007751, 0.8045074939727783, 0.7946498990058899]"
0,43,INSERTION,8,0,0,0,306.7010854482651,309.0977835059166,482.70298504829407,49.038880079984665,49.35210093855858,35.88923327922821,3.698270153999329,3.6727967739105223,4.777995824813843,1.3366035223007202,1.3565693998336792,0.964166909456253,0.0,0.0,0.0,0.0,0.0,0.0,0.0002718225734227399,0.0003374901386061483,0.14847966313806946,0.1484747883656294,0.10772157949872915,0.20590116980884954,"[-0.013097982853651047, -0.006851761136204004, 0.011356102302670479, -0.014290522783994675, 0.0006301915273070335, -0.018693720921874046]","[0.7957895994186401, 0.8049723505973816, 0.901068925857544, 0.7480202317237854, 0.7552207112312317, 0.745743989944458, 0.7493821978569031, 0.7402845621109009, 0.7937130928039551, 0.7924525737762451, 0.8128259181976318, 0.8059527277946472]"
0,44,INSERTION,8,0,0,0,304.2017590999603,305.6019499897957,483.84644186496735,48.958726197481155,48.94319012761116,36.26417561769485,3.696179819107056,3.689796495437622,4.7967314422130585,1.3349868381023406,1.348320904970169,0.9637290656566619,0.0,0.0,0.0,0.0,0.0,0.0,0.0002725000916434982,0.00035198312254635104,0.15069965613544578,0.15069680997979806,0.11052589351563603,0.19088784650795812,"[-0.0014088349416851997, -0.006139093544334173, 0.006214471999555826, -0.01565326564013958, 0.005395863205194473, 0.02765602245926857]","[0.7862136363983154, 0.7915783524513245, 0.9041019678115845, 0.746177613735199, 0.7458204627037048, 0.7574976682662964, 0.7486356496810913, 0.7463558912277222, 0.7990661263465881, 0.7908028960227966, 0.8044090867042542, 0.8053272366523743]"
0,45,INSERTION,8,0,0,0,307.4472368359566,308.6387330889702,480.6880822777748,49.15559247136116,48.66030505299568,35.747562748193744,3.6615610361099242,3.682128596305847,4.7831083834171295,1.3601640498638152,1.3389201056957243,0.9589094877243042,0.0,0.0,0.0,0.0,0.0,0.0,0.0002713394311283999,0.00036439094437153136,0.15242198889461947,0.15242149051134263,0.11253619401045728,0.1365785045560385,"[0.0033950861543416977, -0.008194769732654095, -0.01406426727771759, 0.0069991848431527615, -0.026974912732839584, 0.004815238062292337]","[0.7986484169960022, 0.8032135367393494, 0.895724356174469, 0.7507032752037048, 0.7393173575401306, 0.7413029074668884, 0.7362717986106873, 0.7436173558235168, 0.7951738238334656, 0.8164939284324646, 0.7948164343833923, 0.7984421253204346]"
0,46,INSERTION,8,0,0,0,309.1374222636223,306.3214681148529,480.14068990945816,49.40807953476906,49.17471179366112,36.20995753407478,3.704477739334106,3.693783903121948,4.797335177659988,1.3376347374916076,1.335847371816635,0.9578356981277466,0.0,0.0,0.0,0.0,0.0,0.0,0.0002687812780439475,0.0003750681897673988,0.1536445227578656,0.15364638878233203,0.11462826384454672,0.246460672434926,"[0.013071304187178612, 0.031309790909290314, 0.024568576365709305, -0.0034243357367813587, 0.034416936337947845, -0.020897703245282173]","[0.8051242232322693, 0.794335126876831, 0.8942723870277405, 0.7565075755119324, 0.7511427998542786, 0.7557980418205261, 0.7515991926193237, 0.7477799654006958, 0.7992386221885681, 0.7935048341751099, 0.7916809916496277, 0.7969081401824951]"
0,47,INSERTION,8,0,0,0,308.74898421764374,308.9337991476059,484.25512105226517,49.22139000892639,48.59415489435196,35.91129698753357,3.7078231096267698,3.688438320159912,4.781013041734695,1.3372087931632994,1.3529394686222076,0.9657589018344879,0.0,0.0,0.0,0.0,0.0,0.0,0.0002670703236304182,0.00038536405949103435,0.15436238532243896,0.15436779153997782,0.11556038638489473,0.20573776231554897,"[-0.02120966836810112, -0.0028231851756572723, -0.019419731572270393, 0.0012068543583154678, -0.002579841762781143, 0.006793573033064604]","[0.8036359548568726, 0.8043440580368042, 0.9051859974861145, 0.7522158622741699, 0.7377966642379761, 0.7464356422424316, 0.7527939677238464, 0.74587082862854, 0.7945751547813416, 0.7930701971054077, 0.8091219067573547, 0.808227002620697]"
0,48,INSERTION,8,0,0,0,305.458282828331,306.74623131752014,480.27248203754425,49.169461369514465,49.38293454051018,35.98153997063637,3.7061580181121827,3.7017794132232664,4.777593612670898,1.3449402785301208,1.342923468351364,0.9658708870410919,0.0,0.0,0.0,0.0,0.0,0.0,0.00026583833555392835,0.0003947972055078799,0.1545747921326097,0.154584632463011,0.11614674448066249,0.22301573006277983,"[0.021921901032328606, -0.012429171241819859, -0.008897688239812851, -0.0047268797643482685, -0.01045228075236082, -0.00936389621347189]","[0.7910279035568237, 0.7959625720977783, 0.8946219682693481, 0.7510221004486084, 0.7559295296669006, 0.7486376166343689, 0.7521992921829224, 0.7506355047225952, 0.7935981750488281, 0.8009594678878784, 0.7989014983177185, 0.8083869814872742]"
0,49,SUCCESS,9,1,0,0,309.16347992420197,307.4728122353554,483.0080506801605,49.13543343544006,48.91205835342407,36.05171640515327,3.731510233879089,3.7088965654373167,4.786698043346405,1.3411335909366606,1.3435422325134276,0.9637548923492432,0.0,0.0,0.0,0.0,0.0,0.0,0.00026371604029313183,0.00040199099996137886,0.15428348491738683,0.1542979405074128,0.11672385143456951,0.12635227832900287,"[0.008473578840494156, -0.010524531826376915, 0.024130521342158318, 0.004295995458960533, -0.013990392908453941, 0.013163459487259388]","[0.8052240610122681, 0.7987464070320129, 0.9018781185150146, 0.7502398490905762, 0.7451047897338867, 0.750837504863739, 0.7612536549568176, 0.7531773447990417, 0.7961994409561157, 0.797075092792511, 0.7995328903198242, 0.8053641319274902]"
