episode,reward_agent1,reward_agent2,reward_total,success,peak_force_N,peak_torque_Nm,jamming,steps,action1_min,action1_max,action2_min,action2_max,kp_min,kp_max,kd_min,kd_max,curriculum,mean_depth_m,min_depth_m,mean_lateral_error_m,max_lateral_error_m,orientation_error_deg,mean_force_all_steps_N,failure_reason
0,3118.0051856783125,499.19550882120893,3617.2006944995214,True,0.0,0.0,False,204,-1.0,0.9852691292762756,0.4828824996948242,0.9193012714385986,1.0,233.63195419311523,1.0,45.357645750045776,easy,0.06584024831284885,0.06581625650845246,0.0009160397659704878,0.0009165469282726477,0.5370586233119149,0.0,success
1,2396.0660140261894,499.2247484401745,2895.290762466364,True,0.0,0.0,False,184,-1.0,0.9753026962280273,0.4850912094116211,0.9213271737098694,1.0,232.7389895915985,1.0,45.302892327308655,easy,0.07479504781277996,0.07475488853271217,0.0009185214765484495,0.000991214782379902,1.1762727095666852,0.0,success
2,3117.9092811251676,499.2035188355233,3617.112799960691,True,0.0,0.0,False,204,-1.0,1.0,0.48261699080467224,0.9169147610664368,1.0,233.62513542175293,1.0,45.135769844055176,easy,0.06571761466821721,0.06570815185336515,0.0009043610135552224,0.0009113477989160386,0.5179101628989439,0.0,success
3,3146.295870524264,496.30538645655196,3642.601256980816,True,38.01720297617081,0.0,False,204,-1.0,0.9942938089370728,0.48070403933525085,0.916610598564148,1.0,232.92797803878784,1.0,45.46830624341965,easy,0.0678097415698637,0.06778584535404211,0.0005804599368040901,0.0007298256788185871,0.5973628748610285,0.18635883811848436,success
4,1696.5581846301825,499.24525085337564,2195.803435483558,True,0.0,0.0,False,166,-1.0,0.370419442653656,0.48248618841171265,0.9173868894577026,1.0,233.4564173221588,1.0,45.31822979450226,easy,0.07353617952981258,0.07345414625234661,0.0006701909408164388,0.0007236154075895508,1.369839354061773,0.0,success
5,3260.2254813201753,499.18801094841155,3759.4134922685867,True,0.0,0.0,False,214,-1.0,0.9929777383804321,0.48479658365249634,0.9182431697845459,1.0,234.62479829788208,1.0,45.4390749335289,easy,0.06394171585609022,0.06389312971061192,0.000888179512478279,0.0009512674321965469,0.3207190915755729,0.0,success
6,-216.37413114409614,-2.337520979381929,-218.71165212347807,False,0.0,0.0,False,1600,-1.0,0.6659648418426514,0.4754973351955414,0.9253139495849609,1.0,216.53490900993347,1.0,45.50165355205536,easy,0.0,0.0,0.006420348240931026,0.006451328433846858,0.6889503703573865,0.0,contact_alignment
7,1631.7809672442256,499.2477290011606,2131.028696245386,True,0.0,0.0,False,164,-1.0,0.994428813457489,0.4874466359615326,0.9173786640167236,1.0,233.42539191246033,1.0,45.26276707649231,easy,0.07267414256455461,0.072543719154093,0.0009130448539987866,0.0009575167175364161,1.3642718624590329,0.0,success
8,3133.793317667301,499.1933141433165,3632.9866318106174,True,0.0,0.0,False,212,-1.0,1.0,0.4843263626098633,0.9170034527778625,1.0,233.4666919708252,1.0,45.409607887268066,easy,0.06236952218731641,0.06231016216249405,0.0007937246493564238,0.0009152133946279123,0.3667988089097597,0.0,success
9,4180.287022675549,499.1541908113754,4679.441213486924,True,0.0,0.0,False,242,-1.0,1.0,0.48403242230415344,0.9244301915168762,1.0,234.20611023902893,1.0,45.26788026094437,easy,0.04340977622746631,0.043300028071193916,0.000823582320343211,0.000833038211707971,0.5588013343615371,0.0,success
10,3447.205892251135,499.1942967927568,3946.4001890438917,True,0.0,0.0,False,215,-1.0,1.0,0.48273035883903503,0.9210909008979797,1.0,234.3431055545807,1.0,45.31019181013107,easy,0.057270607646405014,0.05722889198728265,0.000758198362249818,0.0008408804663000741,0.10169298576928026,0.0,success
11,2749.1755885273064,499.2016947483454,3248.3772832756517,True,0.0,0.0,False,194,-1.0,0.7097678184509277,0.4839658737182617,0.9200010895729065,1.0,233.71951341629028,1.0,45.26499301195145,easy,0.07563120561120128,0.07555757802330348,0.0007566603131314269,0.0008535812028877469,1.1303940817127494,0.0,success
12,1556.7188058606648,499.23976079057604,2055.9585666512407,True,0.0,0.0,False,162,-1.0,0.4601735472679138,0.4810577630996704,0.9195048213005066,1.0,233.3475649356842,1.0,45.12164652347565,easy,0.0716561223299462,0.07153023974378367,0.0007649125243519236,0.0007809583412795806,1.2439053624128875,0.0,success
13,-249.39587347121648,-2.356886483349177,-251.75275995456565,False,0.0,0.0,False,1600,-1.0,0.40521565079689026,0.48183369636535645,0.9209428429603577,1.0,216.6166877746582,1.0,45.45591652393341,easy,0.0,0.0,0.007488579311904178,0.0075741688587245065,0.7898078167327708,0.0,contact_alignment
14,-280.0391298431945,-2.346706611717302,-282.3858364549118,False,0.0,0.0,False,1600,-1.0,0.5279463529586792,0.4815109670162201,0.9251704216003418,1.0,215.37083625793457,1.0,45.39543658494949,easy,0.0,0.0,0.008324154179867517,0.008405456416789771,0.8702424750477491,0.0,contact_alignment
15,-255.55154870591832,-2.3263760917586955,-257.877924797677,False,0.0,0.0,False,1600,-1.0,0.4530816674232483,0.4804324507713318,0.9275883436203003,1.0,216.33831143379211,1.0,45.3786826133728,easy,0.0,0.0,0.007649898479019607,0.007684136571157315,0.7794470387816966,0.0,contact_alignment
16,-257.2457526925726,-2.3355674417366776,-259.58132013430924,False,0.0,0.0,False,1600,-1.0,0.7376285791397095,0.4828954339027405,0.9230336546897888,1.0,215.43415784835815,1.0,45.352396965026855,easy,0.0,0.0,0.007728369007674869,0.007888445055772141,0.788176163730492,0.0,contact_alignment
17,4091.5400327866664,494.45549717564063,4585.995529962307,True,48.50243556723262,0.0,False,238,-1.0,1.0,0.48652368783950806,0.9216224551200867,1.0,234.520982503891,1.0,45.25936871767044,easy,0.0458327762196737,0.04560092986571218,0.0004223888989468792,0.000424338138594629,0.598751152489012,0.20379174608080933,success
18,2473.4109731089534,499.211723020889,2972.6226961298426,True,0.0,0.0,False,186,-1.0,0.5823469161987305,0.48531925678253174,0.9201517701148987,1.0,233.3385145664215,1.0,45.227767527103424,easy,0.07496203080948188,0.07495009649113607,0.0008542801762796625,0.000986326955894575,1.1041061048611387,0.0,success
19,-234.95239983109784,-2.3235357002901322,-237.27593553138797,False,0.0,0.0,False,1600,-1.0,0.26856905221939087,0.47986581921577454,0.9257315397262573,1.0,216.3329029083252,1.0,45.41585385799408,easy,0.0,0.0,0.0070400206601686915,0.0071009496472160755,0.7200607929906435,0.0,contact_alignment
20,-238.1382645786322,-2.3231528284042344,-240.46141740703644,False,0.0,0.0,False,1600,-1.0,0.5855703949928284,0.4806579053401947,0.9245982766151428,1.0,215.72955012321472,1.0,45.45142710208893,easy,0.0,0.0,0.007094100849370608,0.007171860325379596,0.719047376812577,0.0,contact_alignment
21,3193.8450341309544,499.2069624887306,3693.0519966196853,True,0.0,0.0,False,206,-1.0,1.0,0.48304566740989685,0.9258426427841187,1.0,232.66209244728088,1.0,45.214862525463104,easy,0.06499366561089125,0.06498195032620305,0.0005925998119800022,0.0007434959715363576,0.41308014186144604,0.0,success
22,-233.8549696071414,-2.3306323958955844,-236.185602003037,False,0.0,0.0,False,1600,-1.0,0.43676456809043884,0.4787149429321289,0.9267827272415161,1.0,215.4848027229309,1.0,45.47125816345215,easy,0.0,0.0,0.007054865071410246,0.007181281961780773,0.7259535811081466,0.0,contact_alignment
23,2924.6135498486237,499.1963552509892,3423.809905099613,True,0.0,0.0,False,199,-1.0,0.9973217248916626,0.4767499566078186,0.9251105785369873,1.0,233.07799100875854,1.0,45.25894731283188,easy,0.06725502189180513,0.06721596371547661,0.0005866356245312333,0.0007124590245139545,0.6370330417339285,0.0,success
24,3368.3172609811386,499.1978984506262,3867.515159431765,True,0.0,0.0,False,212,-1.0,1.0,0.4797236919403076,0.9233815670013428,1.0,233.0289888381958,1.0,45.19260108470917,easy,0.06004156700180212,0.060026472232328515,0.0008568789939601613,0.0009046284165023406,0.17078119656691024,0.0,success
25,2589.016913234741,499.22198641558845,3088.2388996503296,True,0.0,0.0,False,189,-1.0,0.23423093557357788,0.48329949378967285,0.922408401966095,1.0,234.0921437740326,1.0,45.25597035884857,easy,0.07656179094032509,0.07648212817538905,0.0004348358692621001,0.00046933091267771325,1.1607958975986672,0.0,success
26,3281.9385170188425,499.1932894200634,3781.131806438906,True,0.0,0.0,False,208,-1.0,1.0,0.48068106174468994,0.923454999923706,1.0,232.83702492713928,1.0,45.24693101644516,easy,0.06504044120812316,0.0649632599337888,0.0007838775268351996,0.0008184247036235047,0.3334088151746019,0.0,success
27,-245.7853921011088,-2.3232415727089846,-248.1086336738178,False,0.0,0.0,False,1600,-1.0,0.44748353958129883,0.48014727234840393,0.9253737926483154,1.0,215.764000415802,1.0,45.47536164522171,easy,0.0,0.0,0.007353912251122419,0.007360742407962636,0.7560820927765879,0.0,contact_alignment
28,3233.417728625928,496.1207523593832,3729.538480985311,True,39.25194960381664,0.0,False,207,-1.0,0.991260290145874,0.48123669624328613,0.9210190773010254,1.0,232.7733314037323,1.0,45.387845039367676,easy,0.0646310859246889,0.06453850274400233,0.000684765158928102,0.000872233939847465,0.431672251509025,0.18962294494597412,success
29,2783.0814546622287,499.2028128325183,3282.284267494747,True,0.0,0.0,False,195,-1.0,0.3117656409740448,0.4818609356880188,0.9232183694839478,1.0,232.97558546066284,1.0,45.26367247104645,easy,0.07546717309886501,0.07539161166834552,0.0006239990068869121,0.0007435370942432701,1.0339148388035981,0.0,success
30,-217.33982737778035,-2.313796954444305,-219.65362433222467,False,0.0,0.0,False,1600,-1.0,0.38652634620666504,0.47677546739578247,0.9225272536277771,1.0,215.45490860939026,1.0,45.44744461774826,easy,0.0,0.0,0.006533964280124224,0.006543279097349478,0.6615743459067633,0.0,contact_alignment
31,2025.3654696948643,499.2072941509394,2524.572763845804,True,0.0,0.0,False,180,-1.0,0.17610318958759308,0.4781053066253662,0.9193397164344788,1.0,234.72814917564392,1.0,45.28891086578369,easy,0.0816925842714732,0.08155515237556371,0.0002065314803559542,0.00031436423836052823,1.8290278838392828,0.0,success
32,-268.4996962361318,-2.3150703105526604,-270.81476654668444,False,0.0,0.0,False,1600,-1.0,0.5441088080406189,0.47882694005966187,0.9243960976600647,1.0,215.1966941356659,1.0,45.25088220834732,easy,0.0,0.0,0.007935449623151292,0.007983917538692549,0.8114508827954761,0.0,contact_alignment
33,-238.5888957718588,-2.319084208918416,-240.9079799807772,False,0.0,0.0,False,1600,-1.0,0.2765401303768158,0.47963792085647583,0.9229573607444763,1.0,216.6916787624359,1.0,45.48832714557648,easy,0.0,0.0,0.0071324196276872105,0.0071552184689051435,0.7269605052077044,0.0,contact_alignment
34,3095.3637513109084,499.190844412532,3594.5545957234403,True,0.0,0.0,False,207,-1.0,1.0,0.48466792702674866,0.9187520742416382,1.0,234.83165502548218,1.0,45.15705704689026,easy,0.0658291809996589,0.06582424932613057,0.0006739446286419568,0.000747220609007709,0.4421830660490114,0.0,success
35,-236.18467306514762,-2.2912881763533663,-238.47596124150098,False,0.0,0.0,False,1600,-1.0,0.5250307321548462,0.4830986261367798,0.9242518544197083,1.0,216.5719473361969,1.0,45.374919176101685,easy,0.0,0.0,0.007087186600609625,0.007127989301337927,0.7210557139597906,0.0,contact_alignment
36,-259.5563905219682,-2.3189348495975373,-261.87532537156574,False,0.0,0.0,False,1600,-1.0,0.620392382144928,0.48012635111808777,0.9257804155349731,1.0,217.07842707633972,1.0,45.30925512313843,easy,0.0,0.0,0.007659074300280313,0.007711616188188628,0.7758716892185851,0.0,contact_alignment
37,-288.3097518652807,-2.34349666988715,-290.65324853516785,False,0.0,0.0,False,1600,-1.0,0.44687947630882263,0.48259246349334717,0.9243602752685547,1.0,215.9910809993744,1.0,45.35696983337402,easy,0.0,0.0,0.008506743614991437,0.008519243781062046,0.8823763765508512,0.0,contact_alignment
38,4095.234128483407,497.0696614714376,4592.303789954844,True,32.32827552074283,0.0,False,237,-1.0,0.9990578293800354,0.48614150285720825,0.9211860299110413,1.0,233.5815727710724,1.0,45.18355965614319,easy,0.045450506074383334,0.045444057410325756,0.0009195238788064859,0.0009212920727138734,0.5597746322415025,0.1364062258259191,success
39,2924.086125560716,499.1948472065692,3423.280972767285,True,0.0,0.0,False,198,-1.0,0.3740653991699219,0.4891694188117981,0.9241676926612854,1.0,234.24028158187866,1.0,45.10808438062668,easy,0.07411736444329661,0.07410549990665018,0.0006252969362102439,0.0007440804337979155,0.9254111008440276,0.0,success
40,1852.2167145690703,499.2361111141799,2351.45282568325,True,0.0,0.0,False,170,-1.0,0.6706120371818542,0.4857194721698761,0.9199302792549133,1.0,234.32920455932617,1.0,45.13759106397629,easy,0.07514482557767677,0.07498251221439726,0.0009635709079883429,0.0009656662887763878,1.436172935099908,0.0,success
41,3131.470819250448,496.9733245313859,3628.444143781834,True,33.30632120063434,0.0,False,204,-1.0,0.16513416171073914,0.48656749725341797,0.9181353449821472,1.0,234.90577816963196,1.0,45.241123139858246,easy,0.07011085653931268,0.07000547924028011,0.0004986732734916399,0.0006595643866135168,0.7103477767328014,0.1632662803952664,success
42,3118.7148054947006,499.19794810367307,3617.9127535983735,True,0.0,0.0,False,204,-1.0,0.9266936779022217,0.48466789722442627,0.9203472137451172,1.0,233.2454228401184,1.0,45.141631960868835,easy,0.06555131013532786,0.06553514589951165,0.0007475064746105854,0.0008659687027363659,0.45034489663534666,0.0,success
43,3864.774762455837,498.30948658044986,4363.084249036287,True,0.0,0.0,False,1010,-1.0,0.984303891658783,0.47939926385879517,0.9242220520973206,1.0,234.70146298408508,1.0,45.334126353263855,easy,0.04332729979901919,0.04322417112063004,0.00029258860930590503,0.0002956517200179067,0.46144657795604216,0.0,success
44,3358.631901931796,499.1791180756023,3857.8110200073984,True,0.0,0.0,False,211,-1.0,1.0,0.4851331114768982,0.9243161678314209,1.0,233.3857810497284,1.0,45.16479045152664,easy,0.06404112398314471,0.06384694025101043,0.0007914588492021243,0.000830336355884832,0.30086092718154944,0.0,success
45,-273.48039863725785,-2.31054177862959,-275.79094041588746,False,0.0,0.0,False,1600,-1.0,0.5770143270492554,0.47868239879608154,0.9271453022956848,1.0,216.4564311504364,1.0,45.29603511095047,easy,0.0,0.0,0.008132361142763288,0.008187728033871826,0.8385556659077531,0.0,contact_alignment
46,-250.16725759480016,-2.311955538328027,-252.47921313312818,False,0.0,0.0,False,1600,-1.0,0.6020803451538086,0.47793930768966675,0.9215596914291382,1.0,215.70579290390015,1.0,45.31147480010986,easy,0.0,0.0,0.0074024807192596435,0.007418643269458673,0.7802501651382513,0.0,contact_alignment
47,3120.695013448398,499.18887243766056,3619.8838858860586,True,0.0,0.0,False,204,-1.0,0.994046151638031,0.48400357365608215,0.9210583567619324,1.0,234.74356889724731,1.0,45.29359012842178,easy,0.06916271877669083,0.06913486717076216,0.00095814135097738,0.000981141901177182,0.6162796204684106,0.0,success
48,3097.742069451554,499.2040986657533,3596.9461681173075,True,0.0,0.0,False,203,-1.0,1.0,0.484646737575531,0.9167917370796204,1.0,235.6741762161255,1.0,45.198509097099304,easy,0.06707399468633789,0.06703819590011467,0.0007913641991564881,0.0007944898573553228,0.5376912851198632,0.0,success
49,1795.2869789494634,499.2412023106758,2294.5281812601393,True,0.0,0.0,False,169,-1.0,0.1501283198595047,0.4853391647338867,0.9193201661109924,1.0,234.46263551712036,1.0,45.20338237285614,easy,0.07732660960286984,0.0771760771521529,0.0008452286060295609,0.0008752326633289051,1.5219220382484744,0.0,success
50,-229.06546595212848,-2.333543324414678,-231.39900927654315,False,0.0,0.0,False,1600,-1.0,0.7279711365699768,0.47642549872398376,0.9214682579040527,1.0,215.77291131019592,1.0,45.228635370731354,easy,0.0,0.0,0.006769169780598679,0.006853447010024039,0.707062982942449,0.0,contact_alignment
51,-227.67450472211775,-2.3242575669967525,-229.9987622891145,False,0.0,0.0,False,1600,-1.0,0.525581419467926,0.4762255549430847,0.9222739338874817,1.0,215.01980900764465,1.0,45.345128774642944,easy,0.0,0.0,0.006751941735473187,0.006778643805013093,0.7180006928954688,0.0,contact_alignment
52,3051.276306801299,491.60443408697506,3542.880740888274,True,61.61796242376163,0.0,False,202,-1.0,0.3904518187046051,0.4770506024360657,0.9195954203605652,1.0,234.3634533882141,1.0,45.286749601364136,easy,0.071342709091147,0.07122090744772036,0.0004824674159008806,0.0007540642255636677,0.7891380494306157,0.305039417939414,success
53,-236.59755054608038,-2.331035084175335,-238.92858563025572,False,0.0,0.0,False,1600,-1.0,0.5043542981147766,0.48202240467071533,0.924976110458374,1.0,215.86188077926636,1.0,45.324158668518066,easy,0.0,0.0,0.006998100643370368,0.00706585317384913,0.7502902241646241,0.0,contact_alignment
54,-212.1786252121109,-2.3113126018747647,-214.48993781398565,False,0.0,0.0,False,1600,-1.0,0.5976949334144592,0.47745397686958313,0.9231746196746826,1.0,215.5371057987213,1.0,45.38890480995178,easy,0.0,0.0,0.006318232747578898,0.0063589612975731395,0.6733467796841652,0.0,contact_alignment
55,2250.144461833184,499.22964426371783,2749.374106096902,True,0.0,0.0,False,180,-1.0,1.0,0.48677128553390503,0.9178033471107483,1.0,234.69140529632568,1.0,45.194628834724426,easy,0.07550052630451298,0.07549015004847534,0.00059298024717866,0.0006052699198233885,1.4304815321691773,0.0,success
56,3183.631255604394,499.1958923944389,3682.827147998833,True,0.0,0.0,False,205,-1.0,1.0,0.48391109704971313,0.9205554127693176,1.0,234.612478017807,1.0,45.162768959999084,easy,0.06613489550179466,0.06612345841892617,0.0008786590800338788,0.0009322375918351712,0.485672062664777,0.0,success
57,3045.7176339193916,499.2028274132222,3544.9204613326137,True,0.0,0.0,False,202,-1.0,1.0,0.4820494055747986,0.9198554158210754,1.0,236.28188371658325,1.0,45.10852873325348,easy,0.06639443196452724,0.06629982612888777,0.0007325735093999465,0.0008495985316971677,0.556965347621775,0.0,success
58,-228.98169648367528,-2.285251551241252,-231.26694803491654,False,0.0,0.0,False,1600,-1.0,0.33322063088417053,0.4833347201347351,0.9232142567634583,1.0,215.98807454109192,1.0,45.32025337219238,easy,0.0,0.0,0.0068127229236523935,0.00687174322728621,0.7088221926841187,0.0,contact_alignment
59,5743.031192863372,499.0463506083799,6242.077543471752,True,0.0,0.0,False,330,-1.0,0.9934766888618469,0.48085060715675354,0.9215338826179504,1.0,235.10552167892456,1.0,45.19590765237808,easy,0.03894818615272813,0.038853420223440766,0.0006862844461024574,0.0006989512628871544,0.20195690398425561,0.0,success
60,-240.97669877813857,-2.3265135684964204,-243.30321234663498,False,0.0,0.0,False,1600,-1.0,0.6119279265403748,0.4824838638305664,0.9230076670646667,1.0,216.01437330245972,1.0,45.20606726408005,easy,0.0,0.0,0.007192092097749117,0.0072456423819777455,0.7163061631299105,0.0,contact_alignment
61,1590.1943314172254,499.24901596885394,2089.4433473860795,True,0.0,0.0,False,163,-1.0,0.5532196164131165,0.48476794362068176,0.9246329665184021,1.0,235.24986267089844,1.0,45.10443568229675,easy,0.07386758526763061,0.07362347002491397,0.0008773831253432394,0.0009203907589568173,1.3841284740097706,0.0,success
62,3417.4006039938217,499.1964962229655,3916.597100216787,True,0.0,0.0,False,212,-1.0,0.996984601020813,0.4864649474620819,0.9198173880577087,1.0,233.87927412986755,1.0,45.13699024915695,easy,0.061429331527235606,0.06134402391550345,0.0008700459997869905,0.0009907197834808062,0.1998721215529707,0.0,success
63,3836.0621425059985,499.17332951339233,4335.235472019391,True,0.0,0.0,False,230,-1.0,1.0,0.4873464107513428,0.9238641858100891,1.0,236.4653241634369,1.0,45.199266374111176,easy,0.0485936882190367,0.04846079276985872,0.0006047511734050548,0.0006316970493345758,0.28705945991592136,0.0,success
64,-250.19021797303026,-2.3254711865574356,-252.51568915958768,False,0.0,0.0,False,1600,-1.0,0.52482008934021,0.4827572703361511,0.9271000027656555,1.0,216.91290140151978,1.0,45.311714708805084,easy,0.0,0.0,0.007436755284793292,0.007463796834158271,0.7530109018855606,0.0,contact_alignment
65,3914.0759816280015,481.3725217819396,4395.448503409941,True,77.93424221805736,0.0,False,230,-1.0,1.0,0.48907095193862915,0.9282838702201843,1.0,233.3399248123169,1.0,45.17405092716217,easy,0.04995900469025283,0.04973907406590761,0.0004430791407017971,0.00046825006042440303,0.5181845549322267,0.6618791398156924,success
66,-246.32947754681777,-2.310489979523248,-248.63996752634102,False,0.0,0.0,False,1600,-1.0,0.27804404497146606,0.48349273204803467,0.928277313709259,1.0,216.70037269592285,1.0,45.34029304981232,easy,0.0,0.0,0.007413267803685826,0.007450226226429702,0.7543492315776226,0.0,contact_alignment
67,3417.380174052326,499.1826017974408,3916.5627758497667,True,0.0,0.0,False,213,-1.0,0.9944738149642944,0.48494046926498413,0.9226293563842773,1.0,233.311425447464,1.0,45.139474868774414,easy,0.059422373750728216,0.059334528478167364,0.0008357753646170141,0.0008911136606789887,0.15820288538980398,0.0,success
68,-217.38837635826866,-2.3234227920284938,-219.71179915029714,False,0.0,0.0,False,1600,-1.0,0.3941193222999573,0.48313334584236145,0.9298518300056458,1.0,216.2030053138733,1.0,45.2603742480278,easy,0.0,0.0,0.006593807284358457,0.006627969564989154,0.6604606006304525,0.0,contact_alignment
69,-221.40050738283716,-2.3006587552637083,-223.70116613810086,False,0.0,0.0,False,1600,-1.0,0.4541403651237488,0.4803503453731537,0.9296977519989014,1.0,216.35080218315125,1.0,45.39896011352539,easy,0.0,0.0,0.006693230638032829,0.006707097744508558,0.6641913470381428,0.0,contact_alignment
70,-223.16634929130768,-2.311218115393692,-225.47756740670138,False,0.0,0.0,False,1600,-1.0,0.6405077576637268,0.4822576642036438,0.925388514995575,1.0,216.92391991615295,1.0,45.400685369968414,easy,0.0,0.0,0.006678460944017619,0.006736583881025411,0.6567871963485057,0.0,contact_alignment
71,-285.7148362537895,-2.3226110682759584,-288.0374473220654,False,0.0,0.0,False,1600,-1.0,0.5072872638702393,0.4814860224723816,0.92789226770401,1.0,215.9862768650055,1.0,45.30331790447235,easy,0.0,0.0,0.008510471258241663,0.008634272323988425,0.8623503950925712,0.0,contact_alignment
72,-233.42100406855718,-2.292649617094241,-235.71365368565142,False,0.0,0.0,False,1600,-1.0,0.3686158061027527,0.47448065876960754,0.9266877174377441,1.0,216.0466229915619,1.0,45.34957230091095,easy,0.0,0.0,0.007086654246053769,0.007232233955198005,0.7327224713306658,0.0,contact_alignment
73,3397.22876047507,499.1974754252514,3896.4262359003214,True,0.0,0.0,False,212,-1.0,1.0,0.4855474829673767,0.9244723916053772,1.0,234.1538381576538,1.0,45.19013524055481,easy,0.06055557575174696,0.06044821582917628,0.000814871573691437,0.0008700120858409709,0.2156307642734326,0.0,success
74,-249.45429731760905,-2.3180206579286633,-251.7723179755377,False,0.0,0.0,False,1600,-1.0,0.49835410714149475,0.4744096100330353,0.9272297620773315,1.0,215.41134595870972,1.0,45.51556408405304,easy,0.0,0.0,0.007484344447626176,0.00758138369644878,0.7547163838532657,0.0,contact_alignment
75,3181.25784877731,499.2022436429389,3680.4600924202487,True,0.0,0.0,False,210,-1.0,0.7322483658790588,0.4808562397956848,0.9260832071304321,1.0,235.0275707244873,1.0,45.14075994491577,easy,0.06367074019611688,0.06362798575776991,0.0007406271874957438,0.0008740614357862992,0.2946105925566031,0.0,success
76,-192.14441696534857,-2.3170573338341054,-194.46147429918267,False,0.0,0.0,False,1600,-1.0,0.23006924986839294,0.48010188341140747,0.9257852435112,1.0,216.05860233306885,1.0,45.390454828739166,easy,0.0,0.0,0.005835333953421876,0.005893937031249571,0.6007484433841819,0.0,contact_alignment
77,4269.349632552305,499.13115873566653,4768.480791287971,True,0.0,0.0,False,258,-1.0,0.9884980916976929,0.4856549799442291,0.9219562411308289,1.0,232.7405858039856,1.0,45.360883474349976,easy,0.041186715253393257,0.04111949801196385,0.0009912421652122471,0.0009979750401408183,0.6754963246167648,0.0,success
78,2951.009112535789,499.20896762124795,3450.218080157037,True,0.0,0.0,False,199,-1.0,0.9991315007209778,0.4883395731449127,0.9251139760017395,1.0,232.90398836135864,1.0,45.262973606586456,easy,0.06906395809000895,0.06898260311178295,0.00046504519421994414,0.0005622980370050513,0.6050726281011908,0.0,success
79,-293.0505992076449,-2.328084869581647,-295.3786840772265,False,0.0,0.0,False,1600,-1.0,0.6245719790458679,0.48269906640052795,0.9243478775024414,1.0,216.20147109031677,1.0,45.457923412323,easy,0.0,0.0,0.008723758021441392,0.008844785401248887,0.8953725556453005,0.0,contact_alignment
80,-290.46003519992587,-2.3136637578037114,-292.7736989577296,False,0.0,0.0,False,1600,-1.0,0.3826504051685333,0.4830274283885956,0.9262689352035522,1.0,216.4089322090149,1.0,45.49794644117355,easy,0.0,0.0,0.008582821960092137,0.008624772675745712,0.8767596049822863,0.0,contact_alignment
81,1650.689728407057,499.234573355527,2149.924301762584,True,0.0,0.0,False,165,-1.0,0.2687491178512573,0.4877760708332062,0.9276615381240845,1.0,232.39812850952148,1.0,45.36523520946503,easy,0.07585141652239714,0.07562926700186887,0.0007847944382385046,0.0007915755775348488,1.4424620134558626,0.0,success
82,3075.6873304954124,499.2035207874903,3574.8908512829025,True,0.0,0.0,False,203,-1.0,1.0,0.4891849756240845,0.9227882623672485,1.0,231.44038558006287,1.0,45.35300612449646,easy,0.06548407014124903,0.06541016167734232,0.0006908936954206823,0.0007443472053657592,0.447345835468568,0.0,success
83,-258.36546427546335,-2.300101555105236,-260.6655658305686,False,0.0,0.0,False,1600,-1.0,0.6244528889656067,0.4841923713684082,0.924242377281189,1.0,216.78012132644653,1.0,45.5386683344841,easy,0.0,0.0,0.007717541877970719,0.007787423699761931,0.782485974451355,0.0,contact_alignment
84,2686.806032930323,499.219233253882,3186.025266184205,True,0.0,0.0,False,191,-1.0,1.0,0.48762184381484985,0.9193939566612244,1.0,232.02670693397522,1.0,45.24233937263489,easy,0.07465007832452478,0.07457099768312948,0.0008112270199556399,0.0008148900952785068,0.9159545753034017,0.0,success
85,3210.173722595427,499.1966751773051,3709.3703977727323,True,0.0,0.0,False,206,-1.0,0.9972345232963562,0.48840782046318054,0.9223204255104065,1.0,233.40293645858765,1.0,45.310730040073395,easy,0.06525634183756748,0.06519020145455096,0.0007998659537188388,0.0008356540269882571,0.35457425494999123,0.0,success
86,1720.6454922546638,499.23667396246793,2219.8821662171317,True,0.0,0.0,False,167,-1.0,0.15566149353981018,0.4878617525100708,0.9226592183113098,1.0,231.15230798721313,1.0,45.29167711734772,easy,0.07714484092886423,0.07694027518010155,0.0008285460064275785,0.0008386527095121849,1.4349357610368343,0.0,success
87,-267.2455847958955,-2.3176345039830863,-269.5632192998786,False,0.0,0.0,False,1600,-1.0,0.6725547909736633,0.48601609468460083,0.9253582954406738,1.0,216.2278938293457,1.0,45.43960899114609,easy,0.0,0.0,0.008030197046594877,0.008150414611020201,0.7957097027638222,0.0,contact_alignment
88,-222.15645369519507,-2.2989765847421464,-224.45543027993722,False,0.0,0.0,False,1600,-1.0,0.5215536952018738,0.48520898818969727,0.9273682236671448,1.0,216.6995668411255,1.0,45.47568291425705,easy,0.0,0.0,0.006748201914406372,0.006786758511842846,0.6839203794360088,0.0,contact_alignment
89,1364.516451785537,499.25390722351,1863.7703590090468,True,0.0,0.0,False,157,-1.0,0.14773130416870117,0.48665401339530945,0.9188589453697205,1.0,230.4236137866974,1.0,45.400802195072174,easy,0.06935627973133762,0.06910587228236331,0.0001989475573204347,0.0002043875381027072,1.2920462374121842,0.0,success
90,-282.71387556566185,-2.3142235305138135,-285.02809909617565,False,0.0,0.0,False,1600,-1.0,0.48711898922920227,0.4830856919288635,0.9274382591247559,1.0,216.04009866714478,1.0,45.51712453365326,easy,0.0,0.0,0.008420554263739041,0.008422593536791126,0.8614299433230179,0.0,contact_alignment
91,-287.2244418259617,-2.3141292338567663,-289.5385710598185,False,0.0,0.0,False,1600,-1.0,0.500026285648346,0.48334628343582153,0.9252446889877319,1.0,216.49638295173645,1.0,45.417322516441345,easy,0.0,0.0,0.008576908475974941,0.008590892221581837,0.8707589395138137,0.0,contact_alignment
92,3297.4860255167814,499.19287894895734,3796.678904465739,True,0.0,0.0,False,216,-1.0,1.0,0.4872632324695587,0.9207199811935425,1.0,231.01377844810486,1.0,45.357931554317474,easy,0.0625261829390113,0.06245519099351787,0.00086340646262289,0.0009018003336867073,0.16752767560334755,0.0,success
93,-242.2234952213438,-2.3059558720785107,-244.5294510934223,False,0.0,0.0,False,1600,-1.0,0.3748854100704193,0.4765873849391937,0.9253075122833252,1.0,216.4691698551178,1.0,45.690949857234955,easy,0.0,0.0,0.007291910138296294,0.007388039723166538,0.7366716657574279,0.0,contact_alignment
94,-275.4858338451354,-2.307642259986538,-277.79347610512195,False,0.0,0.0,False,1600,-1.0,0.4057613015174866,0.4830438792705536,0.9241370558738708,1.0,216.27309918403625,1.0,45.5690199136734,easy,0.0,0.0,0.008272978770571262,0.008295321274780571,0.8402496798497929,0.0,contact_alignment
95,2928.998694502406,499.21191603829226,3428.2106105406983,True,0.0,0.0,False,198,-1.0,0.23044589161872864,0.4879903197288513,0.9192513227462769,1.0,231.14051461219788,1.0,45.52305966615677,easy,0.07101525985089197,0.07097086446690905,0.0005329434790347838,0.0005968522793336913,0.6453548661889723,0.0,success
96,-204.60511382968792,-2.309334491660881,-206.9144483213488,False,0.0,0.0,False,1600,-1.0,0.6412582397460938,0.48343968391418457,0.9238240718841553,1.0,216.56835198402405,1.0,45.549856424331665,easy,0.0,0.0,0.006216106896612792,0.006281948643135075,0.6331617111390664,0.0,contact_alignment
97,-243.69956301699997,-2.328453104650638,-246.0280161216506,False,0.0,0.0,False,1600,-1.0,0.3139749765396118,0.48681724071502686,0.9229946732521057,1.0,216.50795936584473,1.0,45.45415997505188,easy,0.0,0.0,0.007295881523382902,0.007359408743767425,0.7402570940164738,0.0,contact_alignment
98,3021.713645857525,499.19415897828264,3520.907804835808,True,0.0,0.0,False,201,-1.0,1.0,0.4877377450466156,0.9200022220611572,1.0,231.70774340629578,1.0,45.40601760149002,easy,0.07180911757469599,0.07169044619789433,0.0007321893612626217,0.0007418717672637688,0.6433039650279624,0.0,success
99,-230.95754453246718,-2.311846066211334,-233.2693905986785,False,0.0,0.0,False,1600,-1.0,0.4920716881752014,0.48032158613204956,0.9228920340538025,1.0,216.3187849521637,1.0,45.45097440481186,easy,0.0,0.0,0.007014865730438011,0.007136839820997736,0.7071650176687684,0.0,contact_alignment
100,-243.29211303999531,-2.311632308902248,-245.60374534889758,False,0.0,0.0,False,1600,-1.0,0.5647299885749817,0.48067575693130493,0.9229992628097534,1.0,215.78062891960144,1.0,45.547275841236115,easy,0.0,0.0,0.00728222835075038,0.0073815993886777,0.7238591967232356,0.0,contact_alignment
101,2959.5549144194943,499.205413954575,3458.760328374069,True,0.0,0.0,False,199,-1.0,0.16257575154304504,0.4851907789707184,0.9218451976776123,1.0,233.70321035385132,1.0,45.30151963233948,easy,0.07034286943510487,0.07030589320427916,0.0005508760359515967,0.0005908770167135822,0.5538066921815068,0.0,success
102,-262.18548860420447,-2.278497966089125,-264.46398657029357,False,0.0,0.0,False,1600,-1.0,0.4239705801010132,0.4813701808452606,0.9257027506828308,1.0,216.05302333831787,1.0,45.4183155298233,easy,0.0,0.0,0.007823730067829788,0.00785934196120458,0.8084381841628464,0.0,contact_alignment
103,1622.6000694225554,499.2420248901368,2121.842094312692,True,0.0,0.0,False,164,-1.0,0.7509556412696838,0.47982826828956604,0.9173620939254761,1.0,234.17792081832886,1.0,45.26807218790054,easy,0.07339579638929848,0.07316953052606626,0.0009077689181470578,0.0009573331211986096,1.3902754923548213,0.0,success
104,3460.7018078899027,499.1853656967918,3959.8871735866946,True,0.0,0.0,False,215,-1.0,1.0,0.4858335852622986,0.9206819534301758,1.0,234.15157556533813,1.0,45.30936777591705,easy,0.05792140992975417,0.05781488844494481,0.0008412219664489043,0.000927499472562358,0.11310281369603713,0.0,success
105,-226.106385661044,-2.2982856501996265,-228.40467131124362,False,0.0,0.0,False,1600,-1.0,0.5260082483291626,0.4804064631462097,0.9213524460792542,1.0,215.76883554458618,1.0,45.42782634496689,easy,0.0,0.0,0.006768150325462046,0.0068987224839245,0.7023330456954298,0.0,contact_alignment
106,2586.8929446506154,499.2155331425446,3086.10847779316,True,0.0,0.0,False,189,-1.0,0.8205931782722473,0.48272505402565,0.9206385612487793,1.0,233.11733841896057,1.0,45.38915932178497,easy,0.07366233056933903,0.07365294155130461,0.0007627509185401716,0.0007841751442016451,0.8801136906354563,0.0,success
107,3351.243176147791,499.19282661444015,3850.436002762231,True,0.0,0.0,False,211,-1.0,0.9970554709434509,0.48307666182518005,0.9198861122131348,1.0,232.45700240135193,1.0,45.359781980514526,easy,0.06128470702468439,0.06124274294190393,0.0006828225699016079,0.0007057445519478162,0.16026082553491866,0.0,success
108,1475.9103378893453,499.2440066039931,1975.1543444933384,True,0.0,0.0,False,160,-1.0,0.32845884561538696,0.48314574360847473,0.9178295731544495,1.0,232.05157995224,1.0,45.461672246456146,easy,0.07097760650552051,0.07079724781195705,0.0008481903850904937,0.0008513370378271356,1.1586933390328134,0.0,success
109,3127.654503454014,499.20956683279474,3626.864070286809,True,0.0,0.0,False,204,-1.0,1.0,0.48367443680763245,0.9191758036613464,1.0,231.7825174331665,1.0,45.44097125530243,easy,0.06693596429997661,0.06691833044979728,0.0008186222824676525,0.0008623686185149877,0.3776517717142799,0.0,success
110,-288.9797310723965,-2.3174509843800952,-291.2971820567766,False,0.0,0.0,False,1600,-1.0,0.4026426374912262,0.48307332396507263,0.9204882383346558,1.0,216.22188091278076,1.0,45.51044672727585,easy,0.0,0.0,0.008634966509013506,0.00874097008458024,0.8800625451564343,0.0,contact_alignment
111,3401.968620667303,499.19057758704156,3901.1591982543446,True,0.0,0.0,False,214,-1.0,1.0,0.4776843190193176,0.919439971446991,1.0,233.06057214736938,1.0,45.39569526910782,easy,0.05760454737863148,0.05757953124390594,0.0008285136444424516,0.0008339277419542678,0.03260395856757784,0.0,success
112,-214.27318621294324,-2.3293775025907184,-216.60256371553396,False,0.0,0.0,False,1600,-1.0,0.5683070421218872,0.4839738607406616,0.9245132803916931,1.0,216.46340489387512,1.0,45.57647168636322,easy,0.0,0.0,0.006477254542361934,0.006483344955165497,0.6665083074621674,0.0,contact_alignment
113,-232.64696106148162,-2.300252906348039,-234.94721396782967,False,0.0,0.0,False,1600,-1.0,0.7047023177146912,0.48281317949295044,0.9245216250419617,1.0,216.25957012176514,1.0,45.5868461728096,easy,0.0,0.0,0.0069748059669695085,0.007031380120298733,0.7129046563386414,0.0,contact_alignment
114,1839.0514766720262,499.22329665339623,2338.2747733254223,True,0.0,0.0,False,172,-1.0,0.3634628355503082,0.48933643102645874,0.920245885848999,1.0,233.8091802597046,1.0,45.43071150779724,easy,0.08174733546458665,0.0814408395347396,0.0008521756473075964,0.0008615060163094714,1.851283902873927,0.0,success
115,2969.542461050776,499.19016022743205,3468.732621278208,True,0.0,0.0,False,200,-1.0,0.6568775177001953,0.47925707697868347,0.9189246892929077,1.0,233.5076355934143,1.0,45.49868494272232,easy,0.07191743364492711,0.0718677818737152,0.0004908391248016665,0.0005239218771249956,0.5083976265455699,0.0,success
116,-203.74967196993322,-2.3296245988873667,-206.07929656882058,False,0.0,0.0,False,1600,-1.0,0.5434619784355164,0.48122575879096985,0.9220842719078064,1.0,217.68980741500854,1.0,45.62820225954056,easy,0.0,0.0,0.006143020242849756,0.006222519366601048,0.625128747241492,0.0,contact_alignment
117,-250.17473223152834,-2.290897558860932,-252.46562979038927,False,0.0,0.0,False,1600,-1.0,0.5465245842933655,0.4819049537181854,0.9218246340751648,1.0,215.72208046913147,1.0,45.751018822193146,easy,0.0,0.0,0.007541933442256111,0.007569166814158112,0.7480646956432816,0.0,contact_alignment
118,3411.5471661138386,499.1912608567362,3910.738426970575,True,0.0,0.0,False,214,-1.0,1.0,0.48360776901245117,0.9207344055175781,1.0,233.85130167007446,1.0,45.45038193464279,easy,0.058035093020845904,0.05798124787491141,0.0008704251104049599,0.0008718080063575719,0.06494405399564801,0.0,success
119,3326.5019126619054,499.19148593590324,3825.6933985978085,True,0.0,0.0,False,211,-1.0,0.9958720803260803,0.4791196286678314,0.9182704091072083,1.0,232.61680960655212,1.0,45.622415244579315,easy,0.060002645224323664,0.05991478554404289,0.0006646972475331137,0.0007236365076338163,0.12145066490421674,0.0,success
120,1424.447636113889,499.24888706171083,1923.6965231755999,True,0.0,0.0,False,159,-1.0,0.08726741373538971,0.4869762659072876,0.9251423478126526,1.0,232.69418716430664,1.0,45.52458882331848,easy,0.07130375830481427,0.0711373796079017,0.000721484811821834,0.0007742766909740237,1.2600751423182222,0.0,success
121,-210.10346944293047,-2.2853209383609654,-212.38879038129144,False,0.0,0.0,False,1600,-1.0,0.36842110753059387,0.4797680675983429,0.9234055876731873,1.0,215.17470359802246,1.0,45.56369811296463,easy,0.0,0.0,0.006403182156052869,0.006522345225671139,0.6472865336512268,0.0,contact_alignment
122,-230.9373338994945,-2.2852160171697258,-233.2225499166642,False,0.0,0.0,False,1600,-1.0,0.3302244246006012,0.47791123390197754,0.9297558069229126,1.0,215.78045845031738,1.0,45.55777758359909,easy,0.0,0.0,0.006965791535437505,0.006997926474292962,0.6978973409143651,0.0,contact_alignment
123,2245.891596442367,499.2274010994945,2745.118997541861,True,0.0,0.0,False,180,-1.0,0.8271541595458984,0.48459434509277344,0.9226843118667603,1.0,233.28711032867432,1.0,45.32115042209625,easy,0.07407432842289219,0.07401749167855703,0.0006552966081187651,0.0007438356916505916,0.9209802784517481,0.0,success
124,-254.73826414636633,-2.268861402223946,-257.0071255485903,False,0.0,0.0,False,1600,-1.0,0.5427715182304382,0.48091423511505127,0.9278101325035095,1.0,215.43947339057922,1.0,45.52288442850113,easy,0.0,0.0,0.007681623755303145,0.00775025411153104,0.7600305716755816,0.0,contact_alignment
125,-266.32342029294904,-2.2901795929208832,-268.6135998858699,False,0.0,0.0,False,1600,-1.0,0.4981634318828583,0.48213961720466614,0.9229517579078674,1.0,216.815904378891,1.0,45.49039036035538,easy,0.0,0.0,0.008039834133062385,0.008121439127550884,0.8157499941687784,0.0,contact_alignment
126,2629.1552029916716,499.2248194361288,3128.3800224278,True,0.0,0.0,False,190,-1.0,0.5123876929283142,0.48404374718666077,0.922200620174408,1.0,231.54869556427002,1.0,45.30974119901657,easy,0.07462639284300454,0.07459571108118615,0.0005398663717908087,0.0005916410089154349,0.7273881624885611,0.0,success
127,5760.158912216791,499.06961864638595,6259.228530863176,True,0.0,0.0,False,325,-1.0,1.0,0.48485425114631653,0.919325590133667,1.0,232.7821183204651,1.0,45.314163863658905,easy,0.03908021414098216,0.038999636430522844,0.0007002785888131854,0.0007285789627605594,0.17766634810331372,0.0,success
128,-236.31311761145162,-2.335536212145824,-238.64865382359744,False,0.0,0.0,False,1600,-1.0,0.6684880256652832,0.4748224914073944,0.9238362908363342,1.0,216.0955011844635,1.0,45.48454284667969,easy,0.0,0.0,0.007081012748378309,0.007216681119180644,0.7100873927638077,0.0,contact_alignment
129,1497.055372536607,499.2519384186813,1996.3073109552881,True,0.0,0.0,False,161,-1.0,0.20860563218593597,0.4846416115760803,0.9171464443206787,1.0,233.2833755016327,1.0,45.20160913467407,easy,0.07307196148585689,0.07285474041735848,0.0008019807807439769,0.0008099035610473802,1.37005766695488,0.0,success
130,2638.799004715253,499.2178765766272,3138.01688129188,True,0.0,0.0,False,190,-1.0,0.7143062353134155,0.48545369505882263,0.9214645028114319,1.0,232.1616566181183,1.0,45.43623358011246,easy,0.07589989445677592,0.07584345670700585,0.0007289204356549512,0.000798385266894331,0.807955840384008,0.0,success
131,-278.01971447324127,-2.292308879034633,-280.3120233522759,False,0.0,0.0,False,1600,-1.0,0.2214908003807068,0.4793443977832794,0.9235544204711914,1.0,214.65689539909363,1.0,45.40778458118439,easy,0.0,0.0,0.008304689842897785,0.008421003279316979,0.8419537037634391,0.0,contact_alignment
132,3333.669672872871,499.20512936900224,3832.8748022418736,True,0.0,0.0,False,209,-1.0,0.9923982620239258,0.48250260949134827,0.9200621843338013,1.0,233.6788022518158,1.0,45.26844769716263,easy,0.06425954217390578,0.06422117774986903,0.0009014685092961297,0.0009022331513454,0.11570074757275713,0.0,success
133,3109.4832636224232,499.2070239797777,3608.690287602201,True,0.0,0.0,False,204,-1.0,1.0,0.48694321513175964,0.9225925803184509,1.0,233.2514202594757,1.0,45.204385817050934,easy,0.06484803547125062,0.0648427543518991,0.0008044857356668218,0.0008129545825582625,0.2900503497248775,0.0,success
134,-228.79514881252064,-2.270672665825368,-231.065821478346,False,0.0,0.0,False,1600,-1.0,0.7008149027824402,0.47830313444137573,0.9266366958618164,1.0,215.90527296066284,1.0,45.44692724943161,easy,0.0,0.0,0.006836195228239816,0.006925937383616201,0.6943718725163556,0.0,contact_alignment
135,-305.5624161502358,-2.2660285630346495,-307.8284447132704,False,0.0,0.0,False,1600,-1.0,0.7273937463760376,0.48059725761413574,0.9242545366287231,1.0,216.50084614753723,1.0,45.50400257110596,easy,0.0,0.0,0.00906407761341245,0.009179520878461649,0.9064459299556133,0.0,contact_alignment
136,2941.700310047481,499.2057564919279,3440.9060665394086,True,0.0,0.0,False,199,-1.0,0.6082366108894348,0.48549342155456543,0.9269994497299194,1.0,232.59060382843018,1.0,45.352849662303925,easy,0.07284002654636552,0.0728372491300194,0.0005311031465424031,0.000593982421865902,0.5292087831764271,0.0,success
137,3272.331963708111,499.18915813307495,3771.521121841186,True,0.0,0.0,False,209,-1.0,0.6690877079963684,0.47793617844581604,0.9196169972419739,1.0,232.91695952415466,1.0,45.37709712982178,easy,0.06614760398615878,0.06614277914368175,0.0005614397746211129,0.0005904085330177049,0.14259337681596837,0.0,success
138,3092.9551155645845,499.2079711986876,3592.163086763272,True,0.0,0.0,False,203,-1.0,1.0,0.4837002456188202,0.9265810251235962,1.0,232.79022336006165,1.0,45.550738871097565,easy,0.06672417182630104,0.06670708343632725,0.0009548554641487235,0.0009569302065549586,0.37134352062914694,0.0,success
139,-278.64173988521077,-2.2738227560344724,-280.91556264124523,False,0.0,0.0,False,1600,-1.0,0.4251391589641571,0.4773874878883362,0.9244144558906555,1.0,215.7336723804474,1.0,45.60923904180527,easy,0.0,0.0,0.00837211053118718,0.008478323719206267,0.8509378566177646,0.0,contact_alignment
140,-218.79333017286422,-2.2730107708041025,-221.0663409436683,False,0.0,0.0,False,1600,-1.0,0.33707788586616516,0.4809627830982208,0.9233173131942749,1.0,215.5565083026886,1.0,45.515238642692566,easy,0.0,0.0,0.006575931541265699,0.006600881963608655,0.6754087440346578,0.0,contact_alignment
141,-263.5893427927968,-2.268448681872904,-265.8577914746697,False,0.0,0.0,False,1600,-1.0,0.500846266746521,0.48020246624946594,0.9236990809440613,1.0,215.54649710655212,1.0,45.62857359647751,easy,0.0,0.0,0.007936306332154858,0.007994208765997763,0.8183088407740049,0.0,contact_alignment
142,3511.852965056803,499.1959085057,4011.048873562503,True,0.0,0.0,False,215,-1.0,1.0,0.4872504472732544,0.9218623638153076,1.0,232.6663076877594,1.0,45.345558524131775,easy,0.05948745957347451,0.05940408897971483,0.0008817939483325105,0.0009767482197738937,0.13310753284795446,0.0,success
143,2819.8702926549518,499.2177212705534,3319.088013925505,True,0.0,0.0,False,196,-1.0,1.0,0.48320627212524414,0.919134795665741,1.0,232.0703625679016,1.0,45.40411502122879,easy,0.0677223144289521,0.06769130972264813,0.0005055685555783787,0.0005523726525513037,0.49967334820330883,0.0,success
144,-262.64085302513956,-2.284436155824461,-264.925289180964,False,0.0,0.0,False,1600,-1.0,0.4748874008655548,0.479848176240921,0.9246655106544495,1.0,215.58071494102478,1.0,45.50202488899231,easy,0.0,0.0,0.0079119905454008,0.008005645190520048,0.8006099066720487,0.0,contact_alignment
145,3506.874151613094,499.18882080759863,4006.062972420693,True,0.0,0.0,False,216,-1.0,1.0,0.4873465597629547,0.9221194982528687,1.0,232.6114010810852,1.0,45.46488702297211,easy,0.05753918252880619,0.05746869605067567,0.0008524865697033526,0.0008871755895262281,0.10644885316382936,0.0,success
146,3008.386061243256,499.2123093285096,3507.5983705717654,True,0.0,0.0,False,200,-1.0,1.0,0.48554307222366333,0.9193987846374512,1.0,231.4340627193451,1.0,45.61187595129013,easy,0.07023826137585729,0.07021506983518774,0.0005220998166325977,0.0005272235998207682,0.4373166259403546,0.0,success
147,2779.2116766937056,499.21882362793275,3278.430500321638,True,0.0,0.0,False,194,-1.0,0.6096011996269226,0.4860683083534241,0.9210193157196045,1.0,231.8636453151703,1.0,45.538468062877655,easy,0.07253313698109792,0.07249074317044721,0.000555715937225989,0.0006858373704628223,0.6613401457035323,0.0,success
148,3010.2817193567557,499.2056446901786,3509.487364046934,True,0.0,0.0,False,202,-1.0,0.6877260804176331,0.4877295196056366,0.9214332103729248,1.0,231.70859575271606,1.0,45.61887085437775,easy,0.06469513285934703,0.06461636509934554,0.0005714840881827875,0.0005938786203233607,0.32128078475474725,0.0,success
149,3238.281081730972,499.1938669502424,3737.4749486812143,True,0.0,0.0,False,212,-1.0,1.0,0.48399803042411804,0.9196394681930542,1.0,231.4867067337036,1.0,45.74745565652847,easy,0.06293542854009111,0.0629021137576257,0.0009279727018275973,0.000930063258592653,0.12121906764296335,0.0,success
150,-235.1353098904539,-2.2581808884912142,-237.3934907789451,False,0.0,0.0,False,1600,-1.0,0.3975493311882019,0.4832397997379303,0.9200387001037598,1.0,216.7622685432434,1.0,45.7452067732811,easy,0.0,0.0,0.007133611341100084,0.007218000014719642,0.738453857097648,0.0,contact_alignment
151,2814.981618477436,499.2031983780108,3314.1848168554466,True,0.0,0.0,False,196,-1.0,1.0,0.49006977677345276,0.9227494597434998,1.0,232.564537525177,1.0,45.58672517538071,easy,0.07350908985657151,0.0734426680251624,0.0008023493556767246,0.0009056099698274029,0.7029237353108378,0.0,success
152,4218.39000915628,470.1223033625935,4688.512312518874,True,120.36720529861725,0.0,False,245,-1.0,1.0,0.48363810777664185,0.9179300665855408,1.0,232.3932158946991,1.0,45.51724553108215,easy,0.04155988976497832,0.04153612705044965,0.000942545191575645,0.0009443012667056659,0.6721359047307943,0.5141857841491699,success
153,2864.6150069809596,499.2180246631416,3363.833031644101,True,0.0,0.0,False,197,-1.0,1.0,0.48789384961128235,0.9243586659431458,1.0,231.25613927841187,1.0,45.52297204732895,easy,0.06880575661878333,0.06878967734488481,0.0005456762402938514,0.0006548729147101581,0.5378772802367124,0.0,success
154,-284.68161112173243,-2.2503473636437192,-286.93195848537613,False,0.0,0.0,False,1600,-1.0,0.574590802192688,0.4837106466293335,0.9240872859954834,1.0,216.5703821182251,1.0,45.621839463710785,easy,0.0,0.0,0.008572165154614914,0.008600964116088863,0.8611048727947442,0.0,contact_alignment
155,2973.2165686640683,499.2100794589031,3472.4266481229715,True,0.0,0.0,False,199,-1.0,1.0,0.49051713943481445,0.9207944869995117,1.0,232.26731657981873,1.0,45.60514807701111,easy,0.0705372890280416,0.07046820337926019,0.0005486414813217997,0.0005838408869927078,0.46699659702840307,0.0,success
156,3512.9433750110816,499.1968207829625,4012.1401957940443,True,0.0,0.0,False,217,-1.0,1.0,0.48896580934524536,0.9223057627677917,1.0,232.02771425247192,1.0,45.58741569519043,easy,0.05630995016679473,0.0562602724536205,0.0007914538643763176,0.0009023672706300137,0.11951378864118611,0.0,success
157,-277.7878686838211,-2.2291203626910763,-280.01698904651215,False,0.0,0.0,False,1600,-1.0,0.36177563667297363,0.48330992460250854,0.9253259897232056,1.0,216.77345752716064,1.0,45.640408396720886,easy,0.0,0.0,0.008381007802860493,0.008434493053401585,0.8419342012673475,0.0,contact_alignment
158,2998.965237417222,499.20789583920197,3498.173133256424,True,0.0,0.0,False,201,-1.0,1.0,0.4855377674102783,0.9215916395187378,1.0,231.60995602607727,1.0,45.5486798286438,easy,0.06603551050182604,0.06600993645956732,0.0006747556746402495,0.0007144065057201057,0.35149812979954986,0.0,success
159,2779.3366089838473,499.2109742659908,3278.547583249838,True,0.0,0.0,False,195,-1.0,0.34022340178489685,0.4878982603549957,0.9268575310707092,1.0,230.91890454292297,1.0,45.48188924789429,easy,0.07472516057415698,0.07461569769232601,0.00022513792540463927,0.00025137557391357646,0.7465079276198562,0.0,success
160,2990.2603269806377,499.21184907091293,3489.472176051551,True,0.0,0.0,False,201,-1.0,0.6815376877784729,0.48503944277763367,0.9221715331077576,1.0,231.80377960205078,1.0,45.42488902807236,easy,0.0658743553440439,0.06586183825256767,0.0005520169541766119,0.0007014669785551733,0.35472965530815787,0.0,success
161,-266.9213497455024,-2.2723870724117647,-269.1937368179142,False,0.0,0.0,False,1600,-1.0,0.5748443007469177,0.4829108715057373,0.9285653829574585,1.0,216.73025131225586,1.0,45.685409009456635,easy,0.0,0.0,0.008034736888587917,0.008074144594102429,0.7904593278905977,0.0,contact_alignment
162,-293.53675055448457,-2.23810215238956,-295.7748527068741,False,0.0,0.0,False,1600,-1.0,0.6513217687606812,0.48064303398132324,0.9247165322303772,1.0,216.02343916893005,1.0,45.70688605308533,easy,0.0,0.0,0.008745190642097042,0.008753561510446645,0.8538487763843452,0.0,contact_alignment
163,2927.448586754024,499.2036343947621,3426.652221148786,True,0.0,0.0,False,199,-1.0,1.0,0.4862130582332611,0.9224415421485901,1.0,232.04638838768005,1.0,45.447682440280914,easy,0.07298217255264965,0.0729048991616553,0.0006938839235204144,0.0007475402646959655,0.6008092944210923,0.0,success
164,-216.41761821743293,-2.2341837776753084,-218.65180199510823,False,0.0,0.0,False,1600,-1.0,0.25189417600631714,0.4817032516002655,0.9271331429481506,1.0,215.863538980484,1.0,45.663777589797974,easy,0.0,0.0,0.006570463323062445,0.00665243218457885,0.6476668512388006,0.0,contact_alignment
165,4112.501224521786,499.1738127624303,4611.675037284216,True,0.0,0.0,False,240,-1.0,1.0,0.48499244451522827,0.9240270256996155,1.0,232.29519605636597,1.0,45.61445236206055,easy,0.043929692629724564,0.0438110423183625,0.0005475161948195386,0.0006359730117917445,0.5252041606903782,0.0,success
166,-179.16567603424363,-2.281781161987366,-181.447457196231,False,0.0,0.0,False,1600,-1.0,0.29892244935035706,0.4786278307437897,0.9245320558547974,1.0,216.7243778705597,1.0,45.68009555339813,easy,0.0,0.0,0.005497228009031591,0.005514681021623739,0.5669684208673363,0.0,contact_alignment
167,4407.737106660709,499.1336244594081,4906.870731120118,True,0.0,0.0,False,282,-1.0,0.26472488045692444,0.4866268038749695,0.9217709898948669,1.0,232.52395033836365,1.0,45.567238330841064,medium,0.03791545416184148,0.0377800805697117,0.00033564557051591037,0.00040295425266187825,0.5373125545436377,0.0,success
168,-266.4333583396681,-2.254507822275549,-268.68786616194365,False,0.0,0.0,False,1600,-1.0,0.4116298258304596,0.48495998978614807,0.9259181618690491,1.0,216.60969853401184,1.0,45.626126527786255,medium,0.0,0.0,0.00793135890225245,0.008001533970656546,0.7844937485697361,0.0,contact_alignment
169,-257.2082483672791,-2.257954081859043,-259.46620244913817,False,0.0,0.0,False,1600,-1.0,0.5385364890098572,0.48368576169013977,0.9277873635292053,1.0,216.49553060531616,1.0,45.56687533855438,medium,0.0,0.0,0.007649729332841686,0.00774924572633132,0.769732901936388,0.0,contact_alignment
170,-277.81256536211555,-2.254775407914724,-280.0673407700303,False,0.0,0.0,False,1600,-1.0,0.3842160701751709,0.4847375452518463,0.9281868934631348,1.0,217.43463039398193,1.0,45.62842130661011,medium,0.0,0.0,0.008181492376758111,0.008221445842825942,0.8266707445816247,0.0,contact_alignment
171,3819.968371065871,499.15813232622617,4319.126503392097,True,0.0,0.0,False,248,-1.0,1.0,0.48193126916885376,0.9221897125244141,1.0,231.81151270866394,1.0,45.50857961177826,medium,0.04765919333636396,0.04756436123839626,0.0009157970695766432,0.0009501115145207297,0.32675297609761966,0.0,success
172,-249.06484259285406,-2.2747575609630433,-251.33960015381712,False,0.0,0.0,False,1600,-1.0,0.8609135746955872,0.4778911769390106,0.92630535364151,1.0,216.92804217338562,1.0,45.56422173976898,medium,0.0,0.0,0.00747122477435991,0.00770310109362807,0.7388955619520482,0.0,contact_alignment
173,-194.4240475607374,-2.2686699507065002,-196.6927175114439,False,0.0,0.0,False,1600,-1.0,0.21134427189826965,0.48251229524612427,0.9254782199859619,1.0,216.59756422042847,1.0,45.6314879655838,medium,0.0,0.0,0.005907627033960876,0.006042563574433468,0.6121522902367464,0.0,contact_alignment
174,3329.7562026074975,499.1546291303722,3828.9108317378696,True,0.0,0.0,False,238,-1.0,0.46560534834861755,0.48559969663619995,0.9218688011169434,1.0,233.11394453048706,1.0,45.54433226585388,medium,0.05873228554751843,0.05864059692155091,0.0005759708459387035,0.0005962838955536461,0.12464910959755114,0.0,success
175,-273.4565408488264,-2.288970642646064,-275.7455114914725,False,0.0,0.0,False,1600,-1.0,1.0,0.4846316874027252,0.9251388311386108,1.0,217.1237564086914,1.0,45.57655096054077,medium,0.0,0.0,0.008113548285101182,0.008213231161114306,0.8117902365154387,0.0,contact_alignment
176,-308.96649686613875,-2.26887810307322,-311.235374969212,False,0.0,0.0,False,1600,-1.0,1.0,0.4853760898113251,0.9222713112831116,1.0,217.02178478240967,1.0,45.71828901767731,medium,0.0,0.0,0.008953068152665904,0.008962333529482731,0.8974971389155072,0.0,contact_alignment
177,-274.08995198700086,-2.2597849806857093,-276.34973696768657,False,0.0,0.0,False,1600,-1.0,0.493170827627182,0.48693180084228516,0.9235045313835144,1.0,217.28858470916748,1.0,45.61074107885361,medium,0.0,0.0,0.008139223217487453,0.008164799169919003,0.8394555674379156,0.0,contact_alignment
178,4534.196150382094,499.0921753511009,5033.288325733195,True,0.0,0.0,False,298,-1.0,0.4755207598209381,0.48947611451148987,0.9226833581924438,1.0,233.55074882507324,1.0,45.52782446146011,medium,0.03597129335160944,0.03582856371691537,0.00010834099330458805,0.00013386178289929418,0.5723136156676983,0.0,success
179,3061.43293216242,499.20908940362403,3560.642021566044,True,0.0,0.0,False,203,-1.0,0.20590318739414215,0.4853329062461853,0.9172426462173462,1.0,233.56156587600708,1.0,45.490523874759674,medium,0.06413821448919034,0.06408210793551503,0.0007311918227237606,0.0007589741388644088,0.3146426387160881,0.0,success
180,3373.780047311865,499.1580666801963,3872.9381139920615,True,0.0,0.0,False,231,-1.0,0.23780812323093414,0.490132600069046,0.9239166378974915,1.0,234.0028953552246,1.0,45.54737389087677,medium,0.06009513586612156,0.05993859516009925,0.00043650432809849243,0.0006298408757649853,0.15456210733627695,0.0,success
181,-326.41199821234795,-2.254463704881541,-328.66646191722947,False,0.0,0.0,False,1600,-1.0,0.930738091468811,0.4891558587551117,0.9238579869270325,1.0,217.31372117996216,1.0,45.589679181575775,medium,0.0,0.0,0.00953030554977379,0.00955074326181093,0.9761883281725946,0.0,contact_alignment
182,-235.40165403845145,-2.2650723976229283,-237.66672643607438,False,0.0,0.0,False,1600,-1.0,1.0,0.49107691645622253,0.9215610027313232,1.0,217.30671644210815,1.0,45.580076575279236,medium,0.0,0.0,0.006931711148463884,0.006988278637214679,0.7195452252151703,0.0,contact_alignment
183,-267.94960851567475,-2.274047636521974,-270.2236561521967,False,0.0,0.0,False,1600,-1.0,0.5445206165313721,0.48846155405044556,0.9196047186851501,1.0,218.79151940345764,1.0,45.689193308353424,medium,0.0,0.0,0.007904706666806718,0.00808993159160846,0.8039982566240645,0.0,contact_alignment
184,3172.888920031155,499.200108787068,3672.089028818223,True,0.0,0.0,False,211,-1.0,0.9799574017524719,0.4887233078479767,0.9208683371543884,1.0,234.56693172454834,1.0,45.45356333255768,medium,0.06316181948328234,0.06315478707658728,0.000704000289552241,0.0007270326646431782,0.19180175057129617,0.0,success
185,-286.5166736253356,-2.2758349134542852,-288.7925085387899,False,0.0,0.0,False,1600,-1.0,1.0,0.49134206771850586,0.9218721389770508,1.0,217.45113492012024,1.0,45.70076107978821,medium,0.0,0.0,0.008311397020412836,0.00834490662823902,0.8692712150455096,0.0,contact_alignment
186,4503.060249686114,499.10458044711015,5002.164830133224,True,0.0,0.0,False,285,-1.0,1.0,0.4943680763244629,0.9199175834655762,1.0,233.71252417564392,1.0,45.6116047501564,medium,0.03640530871944808,0.03627951337307725,0.00026854488175778496,0.0003034870572976038,0.6258087063785366,0.0,success
187,3112.784553294742,499.2052893513055,3611.9898426460477,True,0.0,0.0,False,203,-1.0,1.0,0.4912867248058319,0.9172825217247009,1.0,232.7109396457672,1.0,45.489633083343506,medium,0.06628365423441976,0.06611377135404141,0.000328446187500829,0.0003364951565844372,0.3650376132341995,0.0,success
188,-226.90133466689758,-2.262769405873887,-229.16410407277147,False,0.0,0.0,False,1600,-1.0,0.40256062150001526,0.48798123002052307,0.9213233590126038,1.0,217.59961366653442,1.0,45.60674399137497,medium,0.0,0.0,0.006740064484115083,0.006750795376840329,0.752197888177941,0.0,contact_alignment
189,4456.41252812398,499.1189372170328,4955.531465341013,True,0.0,0.0,False,284,-1.0,0.2884633243083954,0.4900074601173401,0.9188781976699829,1.0,233.11944603919983,1.0,45.50897181034088,medium,0.037438533374337654,0.03732272750456497,0.0003377484820730328,0.00047388706251128975,0.5379818936122773,0.0,success
190,3358.5320474669234,499.1766185232472,3857.7086659901706,True,0.0,0.0,False,224,-1.0,0.9802525043487549,0.48508280515670776,0.9199762344360352,1.0,232.91215538978577,1.0,45.452319979667664,medium,0.06160995193653408,0.06160301320734354,0.0009484928727962515,0.0009527489823263136,0.13082353192374535,0.0,success
191,4504.789551873506,499.11189901321865,5003.901450886725,True,0.0,0.0,False,298,-1.0,1.0,0.4889879822731018,0.9196957945823669,1.0,233.22803497314453,1.0,45.514598190784454,medium,0.036351184881017226,0.03618147446283443,5.7666799871131176e-05,5.9842966411669786e-05,0.5819467800019704,0.0,success
192,-340.9556756120233,-2.2729373363095347,-343.22861294833285,False,0.0,0.0,False,1600,-1.0,1.0,0.48920753598213196,0.922985851764679,1.0,217.77166366577148,1.0,45.58159530162811,medium,0.0,0.0,0.009933458966758086,0.010040085221660451,1.0143942086100721,0.0,contact_alignment
193,-249.0797668700862,-2.274095413583316,-251.3538622836695,False,0.0,0.0,False,1600,-1.0,1.0,0.49054059386253357,0.9229151010513306,1.0,217.72754311561584,1.0,45.523754358291626,medium,0.0,0.0,0.007331338114481877,0.007485351297724153,0.7370505428804928,0.0,contact_alignment
194,-330.757898838388,-2.2888385408930034,-333.04673737928096,False,0.0,0.0,False,1600,-1.0,1.0,0.48908358812332153,0.918952465057373,1.0,217.88604855537415,1.0,45.5485400557518,medium,0.0,0.0,0.00956891223074205,0.009575703976466577,0.9880757537709611,0.0,contact_alignment
195,3380.5732558743866,499.2024991970335,3879.77575507142,True,0.0,0.0,False,213,-1.0,0.9984385371208191,0.4920509159564972,0.9201544523239136,1.0,233.56106996536255,1.0,45.47883093357086,medium,0.057646336229660824,0.057633695282857084,0.0005398921698111284,0.0005898012410408489,0.01640666830184489,0.0,success
196,-260.8875616718749,-2.275382727822016,-263.1629443996969,False,0.0,0.0,False,1600,-1.0,0.24944835901260376,0.48669546842575073,0.9181085228919983,1.0,217.5824272632599,1.0,45.672437250614166,medium,0.0,0.0,0.007719700815645363,0.007941887774846832,0.8173962940248686,0.0,contact_alignment
197,4119.983969992144,499.14097216841725,4619.124942160562,True,0.0,0.0,False,256,-1.0,0.18027319014072418,0.49257466197013855,0.9160975813865662,1.0,233.2640504837036,1.0,45.560182929039,medium,0.04239411659409269,0.04223183251435558,0.0009381741342810975,0.0009819565576897425,0.5579829614247758,0.0,success
198,-333.912772420581,-2.266766481957424,-336.1795389025384,False,0.0,0.0,False,1600,-1.0,1.0,0.48644891381263733,0.9226628541946411,1.0,217.56956458091736,1.0,45.62189370393753,medium,0.0,0.0,0.009726214186839121,0.00985289535643429,0.9964414341345921,0.0,contact_alignment
199,2885.8063925664146,499.2110676517901,3385.0174602182046,True,0.0,0.0,False,197,-1.0,0.3469069004058838,0.48891937732696533,0.916408360004425,1.0,233.22352528572083,1.0,45.480360090732574,medium,0.06937676733307993,0.06935033270334234,0.00047485506732079905,0.000618007712111337,0.4497314390268155,0.0,success
200,-211.55032476011235,-2.274141285486396,-213.82446604559874,False,0.0,0.0,False,1600,-1.0,0.4660259783267975,0.48241496086120605,0.9208696484565735,1.0,217.71119356155396,1.0,45.67997246980667,medium,0.0,0.0,0.006228144236712892,0.006356200093146325,0.6583183251804469,0.0,contact_alignment
201,-230.1413294584097,-2.2662884364243836,-232.4076178948341,False,0.0,0.0,False,1600,-1.0,0.6064682602882385,0.486480712890625,0.9209946393966675,1.0,217.7751660346985,1.0,45.51710158586502,medium,0.0,0.0,0.006718411875824962,0.006722987921143322,0.7195958213921838,0.0,contact_alignment
202,3324.9919651543364,499.16881749462624,3824.1607826489626,True,0.0,0.0,False,231,-1.0,0.7055521607398987,0.48694974184036255,0.917434811592102,1.0,233.82731199264526,1.0,45.358215272426605,medium,0.059866341243291404,0.05984359400629588,0.0006676713627755551,0.0007036593941381723,0.04693804027017901,0.0,success
203,-233.46873238453776,-2.278229617548732,-235.7469620020865,False,0.0,0.0,False,1600,-1.0,1.0,0.4891689419746399,0.9206595420837402,1.0,217.59880781173706,1.0,45.7039737701416,medium,0.0,0.0,0.006866988878431112,0.007037862851906588,0.7364852389422759,0.0,contact_alignment
204,-292.08524431202164,-2.2709548243055675,-294.35619913632723,False,0.0,0.0,False,1600,-1.0,0.3713501989841461,0.489102303981781,0.9250596761703491,1.0,217.53708243370056,1.0,45.65953642129898,medium,0.0,0.0,0.008506768844660888,0.008511753937628083,0.9045851481846636,0.0,contact_alignment
205,3850.3244066700086,499.15336490481235,4349.4777715748205,True,0.0,0.0,False,250,-1.0,0.9880879521369934,0.4909699857234955,0.9171846508979797,1.0,233.4527289867401,1.0,45.51753759384155,medium,0.0467141354755633,0.04656567269955941,0.0008708569318714697,0.0009413508633338481,0.3509393319683935,0.0,success
206,-305.0963429577549,-2.273452830747876,-307.3697957885028,False,0.0,0.0,False,1600,-1.0,1.0,0.48515939712524414,0.9189977645874023,1.0,218.41304659843445,1.0,45.66751390695572,medium,0.0,0.0,0.008916739308688765,0.009045717778937614,0.9257791948380091,0.0,contact_alignment
207,4523.7973050126975,499.1021378476177,5022.8994428603155,True,0.0,0.0,False,298,-1.0,1.0,0.49222442507743835,0.9194053411483765,1.0,233.46075654029846,1.0,45.64191669225693,medium,0.03592134893770453,0.0357514250072985,0.00014809840777756447,0.00014974275722902484,0.6347663270522927,0.0,success
208,-333.2859299967761,-2.253554316051294,-335.53948431282737,False,0.0,0.0,False,1600,-1.0,1.0,0.48258379101753235,0.926790177822113,1.0,217.31110215187073,1.0,45.61754822731018,medium,0.0,0.0,0.009529088968047005,0.00961933073010974,0.9866014564187066,0.0,contact_alignment
209,-368.53832413178145,-2.262930000308989,-370.80125413209043,False,0.0,0.0,False,1600,-1.0,1.0,0.4875178039073944,0.9193971157073975,1.0,217.53457188606262,1.0,45.65694332122803,medium,0.0,0.0,0.010592552476970793,0.01066551785333541,1.0844478866422522,0.0,contact_alignment
210,3344.641820181539,499.1731752057697,3843.814995387309,True,0.0,0.0,False,231,-1.0,0.6404542922973633,0.4845649302005768,0.9182904362678528,1.0,232.7811884880066,1.0,45.45655906200409,medium,0.059666617544929634,0.059655392090014414,0.0006457472613956015,0.0006643107447056902,0.06305063661456718,0.0,success
211,-305.66591415214845,-2.2673938699270932,-307.93330802207555,False,0.0,0.0,False,1600,-1.0,0.9937757253646851,0.489421010017395,0.9185755848884583,1.0,217.61534333229065,1.0,45.70461839437485,medium,0.0,0.0,0.008821649552151489,0.008906159254754839,0.9262855171981571,0.0,contact_alignment
212,-229.3732422659251,-2.257971472942974,-231.63121373886807,False,0.0,0.0,False,1600,-1.0,0.6543204188346863,0.48922017216682434,0.9147827625274658,1.0,217.63889908790588,1.0,45.55868715047836,medium,0.0,0.0,0.006731602942437654,0.006859845527235421,0.7311856362771176,0.0,contact_alignment
213,4462.323444833053,499.12262663798657,4961.446071471039,True,0.0,0.0,False,283,-1.0,0.27074724435806274,0.4864457845687866,0.9166028499603271,1.0,233.44990849494934,1.0,45.4822313785553,medium,0.03715073786785154,0.03702890080950075,0.00032207324448146765,0.0004382442858206547,0.5261826075099476,0.0,success
214,-277.97151501551053,-2.26948475930012,-280.24099977481063,False,0.0,0.0,False,1600,-1.0,1.0,0.4881278872489929,0.9202561974525452,1.0,217.58899807929993,1.0,45.609577000141144,medium,0.0,0.0,0.00796367355849589,0.008107559752617335,0.8620167362717989,0.0,contact_alignment
215,4534.474778459725,499.11193384420847,5033.586712303933,True,0.0,0.0,False,296,-1.0,0.994346559047699,0.4892708361148834,0.9143504500389099,1.0,234.49528813362122,1.0,45.56196868419647,medium,0.03675679308176208,0.0366148990905972,0.0004298263987214918,0.0004548143089633754,0.5131677410609676,0.0,success
216,-256.3567443760263,-2.2860660147737892,-258.6428103908001,False,0.0,0.0,False,1600,-1.0,0.7534690499305725,0.4885615408420563,0.919551432132721,1.0,217.84778594970703,1.0,45.69737106561661,medium,0.0,0.0,0.0075034453897164215,0.007766472881444277,0.8215004153047822,0.0,contact_alignment
217,4489.459511818517,499.1120421400444,4988.571553958562,True,0.0,0.0,False,293,-1.0,1.0,0.4902665317058563,0.9192755222320557,1.0,233.94905805587769,1.0,45.477095246315,medium,0.03642376682416548,0.036260323739186556,0.0001132596964718058,0.00016001940091572522,0.5519699452185681,0.0,success
218,4534.7447046290845,499.10265189777084,5033.847356526855,True,0.0,0.0,False,298,-1.0,0.9923005700111389,0.4928610324859619,0.9159634709358215,1.0,234.1413938999176,1.0,45.560137033462524,medium,0.03554730717527997,0.035395855155260086,0.00022042599041011097,0.00022730784920373833,0.605900718791324,0.0,success
219,3945.71558362735,499.1537833274252,4444.869366954776,True,0.0,0.0,False,254,-1.0,0.9913026690483093,0.4911639094352722,0.9167699217796326,1.0,234.3626630306244,1.0,45.54754078388214,medium,0.044693751998327154,0.04459966250006414,0.0009478990788305594,0.0009754136959632308,0.35905571883430865,0.0,success
220,-354.9054744350867,-2.287046002021655,-357.1925204371084,False,0.0,0.0,False,1600,-1.0,1.0,0.48605048656463623,0.9198651909828186,1.0,217.30484127998352,1.0,45.6039360165596,medium,0.0,0.0,0.010150859786300648,0.010337974214748894,1.0616471968267531,0.0,contact_alignment
221,4367.425278354295,499.123611098039,4866.548889452334,True,0.0,0.0,False,286,-1.0,0.9867963194847107,0.4870816469192505,0.9174308180809021,1.0,234.02387857437134,1.0,45.57483613491058,medium,0.038248944301613776,0.03806680533893114,0.0003605035656849247,0.0003768310954382153,0.5125858307864795,0.0,success
222,3080.6907077121537,499.214279541726,3579.90498725388,True,0.0,0.0,False,202,-1.0,0.5377205610275269,0.4847317636013031,0.9167608022689819,1.0,234.7520613670349,1.0,45.51043212413788,medium,0.06739816224745138,0.0673416155056232,0.0007389204746639978,0.0007874888224708332,0.38607797680230665,0.0,success
223,-236.45640550961602,-2.2654866030434198,-238.72189211265945,False,0.0,0.0,False,1600,-1.0,0.5979310870170593,0.48936882615089417,0.9186175465583801,1.0,218.385089635849,1.0,45.69694548845291,medium,0.0,0.0,0.006843268604453296,0.006849813890398375,0.7296647471686166,0.0,contact_alignment
224,-284.4368062713628,-2.2692843447870303,-286.7060906161498,False,0.0,0.0,False,1600,-1.0,1.0,0.4872741997241974,0.917578399181366,1.0,217.21340775489807,1.0,45.614323019981384,medium,0.0,0.0,0.008256387065714615,0.008526226251688359,0.8635069495254409,0.0,contact_alignment
225,3385.769511121781,499.1637895142957,3884.9333006360766,True,0.0,0.0,False,237,-1.0,0.2850693464279175,0.49045947194099426,0.915230929851532,1.0,233.5621702671051,1.0,45.681245028972626,medium,0.058108496399651904,0.05805618456328979,0.00039554067677230914,0.0005171627088134748,0.1445124757200744,0.0,success
226,4448.041820177518,499.1209689323156,4947.162789109834,True,0.0,0.0,False,287,-1.0,0.9882839322090149,0.4898862838745117,0.9138748049736023,1.0,233.20866346359253,1.0,45.820859372615814,medium,0.03736544177343902,0.037229732381569985,0.0002269350682664759,0.0003560653025881353,0.5327391793090754,0.0,success
227,-271.3844221287369,-2.245863960779415,-273.6302860895163,False,0.0,0.0,False,1600,-1.0,0.5121877193450928,0.48901963233947754,0.9170624613761902,1.0,217.3029661178589,1.0,45.663135051727295,medium,0.0,0.0,0.007854410925088949,0.007993302517380379,0.8408597563354518,0.0,contact_alignment
228,-275.09652893148757,-2.269722378320366,-277.3662513098079,False,0.0,0.0,False,1600,-1.0,0.38669857382774353,0.4849691390991211,0.9162471890449524,1.0,217.36120462417603,1.0,45.73481768369675,medium,0.0,0.0,0.007986770054411958,0.008141573608361404,0.8463235560952257,0.0,contact_alignment
229,-268.692895491175,-2.2722689733687034,-270.9651644645437,False,0.0,0.0,False,1600,-1.0,1.0,0.48349905014038086,0.9154584407806396,1.0,217.05175638198853,1.0,45.71404159069061,medium,0.0,0.0,0.007687036516755024,0.007721044201745981,0.8018922614577186,0.0,contact_alignment
230,-192.93003611406584,-2.2731826212367694,-195.2032187353026,False,0.0,0.0,False,1600,-1.0,0.2634701728820801,0.48669862747192383,0.9176886081695557,1.0,216.83975458145142,1.0,45.630217492580414,medium,0.0,0.0,0.005700846093009707,0.005954017078002764,0.6323403932824462,0.0,contact_alignment
231,4391.025917463811,499.1183427625047,4890.144260226316,True,0.0,0.0,False,283,-1.0,1.0,0.48901355266571045,0.9102075099945068,1.0,233.781316280365,1.0,45.628204345703125,medium,0.03738528927966972,0.03727455839096219,0.000707421171588804,0.0007195548924333972,0.6126710697427266,0.0,success
232,-239.1374718088284,-2.2716594200665474,-241.40913122889495,False,0.0,0.0,False,1600,-1.0,0.8209581971168518,0.4876040518283844,0.9158957004547119,1.0,217.90103435516357,1.0,45.69985777139664,medium,0.0,0.0,0.006999695370151486,0.007137826010592646,0.7759271935246823,0.0,contact_alignment
233,1604.5044498966959,499.24750975213635,2103.7519596488323,True,0.0,0.0,False,163,-1.0,0.29114654660224915,0.4913729131221771,0.9124529957771301,1.0,233.94577264785767,1.0,45.531118512153625,medium,0.07352031890624629,0.07332947512844402,0.0007123660567937447,0.0007660754303622328,1.525227789426589,0.0,success
234,5613.422998852546,490.2999040373163,6103.722902889862,True,59.69580263417096,0.0,False,320,-1.0,1.0,0.48838645219802856,0.9148350954055786,1.0,235.6575632095337,1.0,45.598174035549164,medium,0.03902398742758231,0.038844071356981744,0.0006689017603364961,0.0006844947158616209,0.18738836765264424,0.3599904613941069,success
235,-221.3014638399819,-2.267237750316217,-223.5687015902981,False,0.0,0.0,False,1600,-1.0,0.4264146685600281,0.4916774332523346,0.9190009832382202,1.0,217.56043672561646,1.0,45.69022387266159,medium,0.0,0.0,0.006479360631232807,0.006633748555988699,0.719969165186595,0.0,contact_alignment
236,3849.9274383473794,499.156213977131,4349.083652324511,True,0.0,0.0,False,250,-1.0,0.26124751567840576,0.48730185627937317,0.9170622825622559,1.0,235.0356137752533,1.0,45.68057745695114,medium,0.04790910866511039,0.047803612276698215,0.0009873532981331955,0.0009931135065084507,0.42888352932144874,0.0,success
237,-359.9929559647625,-2.2530874457434646,-362.24604341050593,False,0.0,0.0,False,1600,-1.0,1.0,0.4881249964237213,0.9177776575088501,1.0,217.0426905155182,1.0,45.64112186431885,medium,0.0,0.0,0.010377327345998746,0.010635669224608858,1.069317461457747,0.0,contact_alignment
238,4439.8193605254955,499.1330243797269,4938.952384905222,True,0.0,0.0,False,287,-1.0,1.0,0.49517616629600525,0.9144918918609619,1.0,235.55548310279846,1.0,45.7586270570755,medium,0.0370015325098645,0.036874943565150586,0.0003127624421272015,0.00039639706842840226,0.5492389586640901,0.0,success
239,3882.606372334919,499.18110315915754,4381.787475494077,True,0.0,0.0,False,235,-1.0,0.20929639041423798,0.4938165843486786,0.9135563373565674,1.0,235.80768465995789,1.0,45.67796975374222,medium,0.04685436131766939,0.04670246928398518,0.0007654187562465306,0.0008070469210528883,0.39170426189032237,0.0,success
240,3243.854650796504,499.1963691650254,3743.051019961529,True,0.0,0.0,False,221,-1.0,0.2115633487701416,0.4895009696483612,0.9135925769805908,1.0,235.00855565071106,1.0,45.74942082166672,medium,0.061696982529047366,0.061609484070012294,0.00057385041302429,0.0007507887337367717,0.09585017339946414,0.0,success
241,-272.78550104303565,-2.2486881887013235,-275.034189231737,False,0.0,0.0,False,1600,-1.0,0.42564666271209717,0.4943532943725586,0.9144204258918762,1.0,218.6164629459381,1.0,45.80488979816437,medium,0.0,0.0,0.007898573755712898,0.007970056865613032,0.8529729848182565,0.0,contact_alignment
242,4644.20615158572,499.12668403920645,5143.332835624927,True,0.0,0.0,False,298,-1.0,1.0,0.49329397082328796,0.9099776148796082,1.0,235.96013069152832,1.0,45.850190818309784,medium,0.03597964837000821,0.03587795548896108,0.0007184687926685884,0.0008476508167209353,0.5182303863657761,0.0,success
243,-212.72955581460948,-2.2224849947156793,-214.95204080932515,False,0.0,0.0,False,1600,-1.0,0.1004791334271431,0.4896681308746338,0.9145000576972961,1.0,218.42530488967896,1.0,45.747476518154144,medium,0.0,0.0,0.0063441347870582376,0.006655793626439454,0.6919982472896948,0.0,contact_alignment
244,2839.674875630884,499.2175209242611,3338.892396555145,True,0.0,0.0,False,195,-1.0,1.0,0.49753206968307495,0.9126826524734497,1.0,234.81707215309143,1.0,45.74172079563141,medium,0.07151056674710449,0.07142670645750596,0.0008039993832804656,0.0008479575989224936,0.795116292140459,0.0,success
245,3319.3214227585663,499.17920978889754,3818.5006325474637,True,0.0,0.0,False,233,-1.0,0.6039122939109802,0.48930609226226807,0.9110166430473328,1.0,234.5015025138855,1.0,45.65817832946777,medium,0.05922080459013625,0.05908040888086763,0.0005239569761026539,0.0005640394704033246,0.15744780905633324,0.0,success
246,-274.29793353448565,-2.261357918752145,-276.5592914532378,False,0.0,0.0,False,1600,-1.0,1.0,0.4876452088356018,0.9145573377609253,1.0,218.3247435092926,1.0,45.71408122777939,medium,0.0,0.0,0.007842857523677488,0.007925249652766394,0.8432071747191247,0.0,contact_alignment
247,4403.800899913207,499.14292674681394,4902.943826660021,True,0.0,0.0,False,282,-1.0,0.27426472306251526,0.4916631877422333,0.9108837246894836,1.0,236.1203408241272,1.0,45.772126615047455,medium,0.03770526830875243,0.037560921208692935,0.0003181423710084944,0.0005047411890677482,0.5861460053987384,0.0,success
248,3123.97243532374,499.2033547948177,3623.1757901185574,True,0.0,0.0,False,224,-1.0,0.2470638006925583,0.4898156225681305,0.9116027355194092,1.0,234.81558442115784,1.0,45.804512202739716,medium,0.06084091237064526,0.06066810312215906,0.0007797935384897753,0.0008250623445964835,0.314837885768333,0.0,success
249,4462.36826410662,499.12371416203484,4961.491978268655,True,0.0,0.0,False,289,-1.0,0.3135480582714081,0.4829743504524231,0.9143732190132141,1.0,234.48524594306946,1.0,45.888634622097015,medium,0.03672859755738517,0.03657966586605357,0.0003054385360046297,0.00035782139932683476,0.5870308908947688,0.0,success
250,3209.3290943111297,499.1846927644954,3708.5137870756253,True,0.0,0.0,False,232,-1.0,0.4824577867984772,0.4893491566181183,0.9090514183044434,1.0,234.78118062019348,1.0,45.81673085689545,medium,0.059289272140559235,0.05914322908149319,0.0006271322328531452,0.000711180884974828,0.17219343092687847,0.0,success
251,3943.373590961719,499.17710806397815,4442.550699025697,True,0.0,0.0,False,243,-1.0,0.1565234214067459,0.4971040189266205,0.9116140604019165,1.0,234.41657781600952,1.0,45.88965058326721,medium,0.04489874780361294,0.04477304953767394,0.0007198458196581356,0.0008137733546917956,0.4780113512046475,0.0,success
252,-320.12773114095756,-2.2486601222600164,-322.37639126321756,False,0.0,0.0,False,1600,-1.0,1.0,0.4885593354701996,0.9130004644393921,1.0,219.13166761398315,1.0,45.89409828186035,medium,0.0,0.0,0.009233574956220854,0.009405787621469259,0.941969685384403,0.0,contact_alignment
253,3310.2801849975563,499.1951326120004,3809.4753176095564,True,0.0,0.0,False,219,-1.0,1.0,0.49212634563446045,0.9084395170211792,1.0,235.2728295326233,1.0,45.91338485479355,medium,0.06198410239923618,0.06196107583278704,0.0009746531269429036,0.0009750842777334575,0.16663764678214302,0.0,success
254,5614.489050065961,499.0169584147082,6113.506008480669,True,6.056777866174139,0.0,False,323,-1.0,0.18375808000564575,0.4915033280849457,0.9115696549415588,1.0,235.35479426383972,1.0,45.901401937007904,medium,0.03908612044253529,0.038980814742862774,0.0006514054983092039,0.0006682593064228629,0.14879860820616053,0.01875163426060105,success
255,3201.62042098457,499.215472185288,3700.835893169858,True,0.0,0.0,False,212,-1.0,0.20363359153270721,0.49569225311279297,0.9089734554290771,1.0,234.26695227622986,1.0,45.91550439596176,medium,0.062404508163617325,0.062391369891331344,0.0005920629702792436,0.0006409414817872533,0.2055814663378998,0.0,success
256,2386.426491277654,499.2298934079649,2885.656384685619,True,0.0,0.0,False,184,-1.0,0.7839604616165161,0.5000066757202148,0.9107887148857117,1.0,235.57504057884216,1.0,46.033126413822174,medium,0.07760160774931746,0.07745438179127281,0.0005791197762414237,0.0006969152663082778,1.352895299376591,0.0,success
257,-284.75550144383953,-2.209751860868387,-286.9652533047079,False,0.0,0.0,False,1600,-1.0,0.9995238184928894,0.4896599352359772,0.9152119159698486,1.0,219.09851908683777,1.0,45.79964518547058,medium,0.0,0.0,0.008270291324010923,0.008430582532388632,0.8440665618441416,0.0,contact_alignment
258,-340.11672733842255,-2.172309621452093,-342.28903695987464,False,0.0,0.0,False,1600,-1.0,1.0,0.49168676137924194,0.9146977663040161,1.0,218.73303294181824,1.0,45.82797318696976,medium,0.0,0.0,0.009882014046385503,0.010135063259595765,1.0078213104025455,0.0,contact_alignment
259,-254.21640108607687,-2.194118630127696,-256.4105197162046,False,0.0,0.0,False,1600,-1.0,1.0,0.4831640422344208,0.911950945854187,1.0,219.189875125885,1.0,45.84236353635788,medium,0.0,0.0,0.007347658359872203,0.007425606615734394,0.7562293978739396,0.0,contact_alignment
260,4393.676957616517,499.1470393796796,4892.823996996197,True,0.0,0.0,False,290,-1.0,1.0,0.4941299855709076,0.9122627973556519,1.0,235.46014428138733,1.0,45.894590616226196,medium,0.03749722368136604,0.03737471596322327,0.0002694756108195252,0.00034738115062229617,0.5928882748752643,0.0,success
261,-320.74512330552756,-2.224235320596688,-322.96935862612423,False,0.0,0.0,False,1600,-1.0,1.0,0.48983609676361084,0.9120489358901978,1.0,219.28107619285583,1.0,45.78512340784073,medium,0.0,0.0,0.009373841407296371,0.009490963795059777,0.9647954498943541,0.0,contact_alignment
262,3906.031974668281,499.18637129317835,4405.218345961459,True,0.0,0.0,False,246,-1.0,0.2085433453321457,0.4985997974872589,0.9127729535102844,1.0,235.2188527584076,1.0,45.89512050151825,medium,0.04538304912586564,0.04528446593535451,0.0008640173770204764,0.0009134184869754523,0.4813261748033876,0.0,success
263,3476.804334703291,499.2102050747579,3976.014539778049,True,0.0,0.0,False,216,-1.0,1.0,0.4949426054954529,0.9039943814277649,1.0,235.93834161758423,1.0,45.80749750137329,medium,0.0551080705284866,0.0550421730345394,0.000723231228255125,0.0007604493052269285,0.07172656742347062,0.0,success
264,-316.6321157688268,-2.2119383221524878,-318.8440540909793,False,0.0,0.0,False,1600,-1.0,1.0,0.4929695725440979,0.9172338247299194,1.0,218.84360551834106,1.0,45.761679112911224,medium,0.0,0.0,0.00918944462134747,0.009391964043469802,0.934101825263545,0.0,contact_alignment
265,3275.6150938483097,499.0534946304576,3774.668588478767,True,8.233354396801314,0.0,False,234,-1.0,0.2700883448123932,0.48574015498161316,0.91118985414505,1.0,234.57974791526794,1.0,45.76282858848572,medium,0.05922686905589636,0.05914524220425277,0.000398066335455841,0.0005547479974312752,0.10313539530543558,0.03518527520000562,success
266,-272.38138757869524,-2.2071076664567975,-274.58849524515205,False,0.0,0.0,False,1600,-1.0,1.0,0.4960767328739166,0.9112767577171326,1.0,218.93069982528687,1.0,45.75056612491608,medium,0.0,0.0,0.007970878479397658,0.008061685061941002,0.8231859013346208,0.0,contact_alignment
267,-235.74207728703414,-2.221802410907884,-237.96387969794202,False,0.0,0.0,False,1600,-1.0,0.9714893102645874,0.4908674657344818,0.9127835035324097,1.0,218.88285994529724,1.0,45.764172077178955,medium,0.0,0.0,0.006948648695832466,0.007032632940409375,0.7376533736487972,0.0,contact_alignment
268,4415.431336145862,499.14517252961963,4914.576508675481,True,0.0,0.0,False,286,-1.0,0.9922688603401184,0.48827189207077026,0.9103174805641174,1.0,234.1590452194214,1.0,45.79301327466965,medium,0.036964787125136324,0.03683222925360427,0.00028340320146311713,0.0003559840928847457,0.5727905268768005,0.0,success
269,4481.598266190283,499.13944722928966,4980.737713419572,True,0.0,0.0,False,287,-1.0,0.2977747321128845,0.48369795083999634,0.9136924743652344,1.0,235.14373779296875,1.0,45.799860060214996,medium,0.036289998127985404,0.036138160491554105,0.00026978110040341,0.00032793575343125663,0.6760928775999883,0.0,success
270,-289.116325493497,-2.272350493778159,-291.3886759872752,False,0.0,0.0,False,1600,-1.0,0.5967080593109131,0.4930512309074402,0.913644552230835,1.0,218.814594745636,1.0,45.6939435005188,medium,0.0,0.0,0.008439444596010173,0.008621489098476461,0.8823564917030348,0.0,contact_alignment
271,-371.2036186739221,-2.2961005580754947,-373.49971923199763,False,0.0,0.0,False,1600,-1.0,1.0,0.485137939453125,0.9129132628440857,1.0,218.306782245636,1.0,45.709971487522125,medium,0.0,0.0,0.01069877343227087,0.010768079062445889,1.0770374433399597,0.0,contact_alignment
272,-276.59222861404896,-2.2398447276822733,-278.83207334173125,False,0.0,0.0,False,1600,-1.0,0.9899469614028931,0.4818918704986572,0.9183342456817627,1.0,219.87505316734314,1.0,45.68426162004471,medium,0.0,0.0,0.008083539837101944,0.008254698364298926,0.8178699962540098,0.0,contact_alignment
273,-237.20739505467915,-2.2809468454425987,-239.48834190012175,False,0.0,0.0,False,1600,-1.0,1.0,0.48983684182167053,0.9157136082649231,1.0,218.91188621520996,1.0,45.68258225917816,medium,0.0,0.0,0.0069524940919854054,0.007028178567668236,0.7145180138551738,0.0,contact_alignment
274,-240.39499163932146,-2.252003010494046,-242.6469946498155,False,0.0,0.0,False,1600,-1.0,0.3405509889125824,0.4951018989086151,0.9155425429344177,1.0,218.9582073688507,1.0,45.72358995676041,medium,0.0,0.0,0.007150350913128758,0.007420985182486865,0.7278211458658926,0.0,contact_alignment
275,4433.301522679833,499.1348313962196,4932.436354076053,True,0.0,0.0,False,288,-1.0,0.31505006551742554,0.48870205879211426,0.9108447432518005,1.0,234.93497490882874,1.0,45.89321166276932,medium,0.03683670708196371,0.03668761586079,0.00031834396680141617,0.0003595677450768438,0.6304076521209565,0.0,success
276,-239.28003667430636,-2.2883393259815543,-241.5683760002879,False,0.0,0.0,False,1600,-1.0,0.7432933449745178,0.4908461570739746,0.9173150062561035,1.0,219.21707272529602,1.0,45.703416764736176,medium,0.0,0.0,0.00715882177238084,0.0073053355786175675,0.7466213356129496,0.0,contact_alignment
277,-284.69855699995884,-2.2831751295712643,-286.9817321295301,False,0.0,0.0,False,1600,-1.0,0.9975967407226562,0.48648977279663086,0.9178473353385925,1.0,218.2499074935913,1.0,45.58002024888992,medium,0.0,0.0,0.008279196529808318,0.008361352026280642,0.8424698237767997,0.0,contact_alignment
278,-265.7430737316162,-2.3156800168574136,-268.05875374847363,False,0.0,0.0,False,1600,-1.0,0.7212055921554565,0.48516708612442017,0.9272075891494751,1.0,218.53124380111694,1.0,45.66076099872589,medium,0.0,0.0,0.007804300075261174,0.007944403499207787,0.8071385366706022,0.0,contact_alignment
279,-209.8781526563825,-2.2909030021677808,-212.1690556585503,False,0.0,0.0,False,1600,-1.0,0.555588960647583,0.4870101511478424,0.9170727133750916,1.0,219.03671622276306,1.0,45.65568745136261,medium,0.0,0.0,0.006023273799856543,0.006077520995801861,0.6489150028018408,0.0,contact_alignment
280,4355.7849864089085,499.13498098111455,4854.919967390023,True,0.0,0.0,False,281,-1.0,1.0,0.49003997445106506,0.9094126224517822,1.0,234.4021499156952,1.0,45.83648681640625,medium,0.03795687150135141,0.0377795969228515,0.0005125444491226947,0.0005357457540160189,0.6135430570542363,0.0,success
281,-244.5443227279879,-2.283783412648372,-246.82810614063627,False,0.0,0.0,False,1600,-1.0,0.4969213604927063,0.4817512631416321,0.9144836664199829,1.0,218.0410361289978,1.0,45.59867888689041,medium,0.0,0.0,0.007317936418278407,0.007556724292685769,0.7429878004927462,0.0,contact_alignment
282,-338.95674781266433,-2.3315599037675163,-341.28830771643186,False,0.0,0.0,False,1600,-1.0,1.0,0.48272839188575745,0.9252978563308716,1.0,217.20638751983643,1.0,45.55226385593414,medium,0.0,0.0,0.009837488523126176,0.01003050855110161,1.0067306497447064,0.0,contact_alignment
283,5601.691770171055,497.052051558599,6098.743821729654,True,27.136652522031866,0.0,False,319,-1.0,0.830116331577301,0.48387348651885986,0.9173686504364014,1.0,232.50764727592468,1.0,46.00728929042816,medium,0.03901057158970153,0.03890085239827121,0.0007759193193154015,0.0007980925379983382,0.13781839712009697,0.15362793615781817,success
284,4310.2603617268705,499.1534235310102,4809.413785257881,True,0.0,0.0,False,276,-1.0,0.9985783696174622,0.4908202290534973,0.920111358165741,1.0,232.48320817947388,1.0,45.821040868759155,medium,0.03834904072005768,0.03818877258939149,0.0005637623233814786,0.0005647274071515617,0.6059080065467574,0.0,success
285,4402.5347535955525,499.1309604610561,4901.6657140566085,True,0.0,0.0,False,292,-1.0,0.5888933539390564,0.48411768674850464,0.9128997921943665,1.0,232.29649782180786,1.0,45.87144047021866,medium,0.03740562285462711,0.037224165006343166,0.0003951677800150058,0.00044336450399060383,0.5959123421345682,0.0,success
286,4615.965539445709,498.3803006168424,5114.345840062551,True,19.220909246704796,0.0,False,308,-1.0,1.0,0.4911351501941681,0.9124130010604858,1.0,232.6236593723297,1.0,45.838393568992615,medium,0.03616884536896765,0.03598605040031283,0.0008757142683100285,0.0009988624273823334,0.5757481572602325,0.0624055495022883,success
287,4436.024416582777,499.1499349785676,4935.174351561344,True,0.0,0.0,False,288,-1.0,0.2955145835876465,0.4983271658420563,0.911267101764679,1.0,232.60441184043884,1.0,45.81970572471619,medium,0.03694234550324138,0.036752349967532405,0.0003017317649399761,0.0003855968516565091,0.6224159853915835,0.0,success
288,-283.0485398433844,-2.284600274970266,-285.33314011835466,False,0.0,0.0,False,1600,-1.0,1.0,0.48626863956451416,0.9210967421531677,1.0,218.01963448524475,1.0,45.67062437534332,medium,0.0,0.0,0.008222283766006856,0.008353188055741919,0.8213800543574001,0.0,contact_alignment
289,4413.481103153783,499.0768779194626,4912.557981073245,True,5.229311365003339,0.0,False,297,-1.0,1.0,0.4928954243659973,0.9095107913017273,1.0,232.28007078170776,1.0,45.84655046463013,medium,0.03667693318331347,0.03654142611310113,0.00022907152481339843,0.0002448519038918688,0.6401441495388552,0.017607108973075214,success
290,4415.133406484417,499.1484535294104,4914.281860013827,True,0.0,0.0,False,285,-1.0,0.282006174325943,0.49377793073654175,0.9188268184661865,1.0,232.67909288406372,1.0,45.82409292459488,medium,0.03715687570338938,0.03698649607353857,0.00032354320675863325,0.0003499712214854663,0.599070356702959,0.0,success
291,-336.878486609986,-2.3252341654287116,-339.2037207754147,False,0.0,0.0,False,1600,-1.0,1.0,0.4828072190284729,0.9200193881988525,1.0,219.09634947776794,1.0,45.5586975812912,medium,0.0,0.0,0.009783119213350854,0.009956817833544672,0.9913829165852696,0.0,contact_alignment
292,3292.2849775234336,499.1724217289505,3791.457399252384,True,0.0,0.0,False,238,-1.0,0.2761033773422241,0.4913583993911743,0.911017656326294,1.0,233.06238532066345,1.0,45.81714391708374,medium,0.05772690794806197,0.057558727163763757,0.0005438132424019091,0.0005737138298469321,0.19081052056438078,0.0,success
293,2890.3626209663266,499.22554417865484,3389.5881651449813,True,1.0863419898756803,0.0,False,196,-1.0,0.16465194523334503,0.49072936177253723,0.911553680896759,1.0,232.35228776931763,1.0,46.02923363447189,medium,0.07085881611851513,0.07072632246027521,0.00030070774736800905,0.0005605372527252901,0.8758339538990441,0.0055425611728351035,success
294,2963.857107541293,499.1813137545789,3463.0384212958716,True,2.651444191913562,0.0,False,219,-1.0,0.27814602851867676,0.48991426825523376,0.9100325107574463,1.0,232.8219771385193,1.0,45.92565983533859,medium,0.06740359445119067,0.06723398397625069,0.00031708855274433314,0.0003548938031747902,0.6415491535473972,0.012107051104628137,success
295,-286.85751622678384,-2.291621268090571,-289.1491374948744,False,0.0,0.0,False,1600,-1.0,1.0,0.4848746061325073,0.9163053035736084,1.0,218.75899076461792,1.0,45.64549446105957,medium,0.0,0.0,0.008247279993203903,0.008365200783955045,0.8201202320584441,0.0,contact_alignment
296,4392.191937555724,499.1239508350345,4891.315888390758,True,2.067944520914709,0.0,False,295,-1.0,0.3283989429473877,0.4964178502559662,0.9100900292396545,1.0,234.8223102092743,1.0,45.884172320365906,medium,0.036818353765352446,0.036687605933839934,0.0003119794065520575,0.00037673144588735194,0.5942867880350456,0.007009981426829522,success
297,4544.059073866884,499.13873344864203,5043.197807315526,True,0.0,0.0,False,284,-1.0,0.26637354493141174,0.49158456921577454,0.9101584553718567,1.0,232.15378403663635,1.0,45.92990726232529,medium,0.03562832817448123,0.03549322302381708,0.00010762455464874475,0.00011104388780824046,0.71027544460754,0.0,success
298,3310.4468862470044,499.18242821258497,3809.6293144595893,True,0.05395916031445414,0.0,False,238,-1.0,0.6444604396820068,0.49374258518218994,0.9096095561981201,1.0,231.8753147125244,1.0,46.02848470211029,medium,0.05748132466695072,0.05734975643671206,0.00043371025164249495,0.0005791244133438251,0.13790198223906971,0.00022671916098510143,success
299,-260.83957947811166,-2.251428323873336,-263.091007801985,False,0.0,0.0,False,1600,-1.0,0.9933925867080688,0.49028393626213074,0.9153584837913513,1.0,219.06978726387024,1.0,45.67614644765854,medium,0.0,0.0,0.0076673762111295445,0.007905345775538062,0.7792902237988236,0.0,contact_alignment
300,3263.613928123673,499.19558619678617,3762.809514320459,True,0.0,0.0,False,222,-1.0,0.5632656812667847,0.5045934319496155,0.9099422097206116,1.0,233.8908040523529,1.0,45.86125373840332,medium,0.05872151131690541,0.058674915806929545,0.0005985338971092511,0.0007297858294456145,0.14231502414872385,0.0,success
301,-374.2250001041168,-2.2911497632170144,-376.5161498673338,False,0.0,0.0,False,1600,-1.0,1.0,0.4864489436149597,0.920304000377655,1.0,218.5069441795349,1.0,45.60129702091217,medium,0.0,0.0,0.010894241761687923,0.01107667252612375,1.094124563779908,0.0,contact_alignment
302,-283.99594057067134,-2.282873221988454,-286.2788137926598,False,0.0,0.0,False,1600,-1.0,0.48396036028862,0.48975902795791626,0.9141188263893127,1.0,219.89051938056946,1.0,45.714667439460754,medium,0.0,0.0,0.008412741941567829,0.008710840432364154,0.8592878505220032,0.0,contact_alignment
303,3361.133027643005,499.1399975735494,3860.2730252165543,True,4.302767555117816,0.0,False,244,-1.0,0.991500198841095,0.49438783526420593,0.9125972986221313,1.0,231.90657258033752,1.0,45.90862423181534,medium,0.05551334243434686,0.05537528762504182,0.0005021154338499942,0.0005323470777859759,0.15593405889573905,0.017634293258679573,success
304,-182.07212327669947,-2.1995649282771152,-184.27168820497658,False,0.0,0.0,False,1600,-1.0,0.21546974778175354,0.48574507236480713,0.9155333638191223,1.0,219.91742253303528,1.0,45.84554076194763,medium,0.0,0.0,0.005548487256784856,0.005697585803871364,0.5903060780166878,0.0,contact_alignment
305,-284.5473543149102,-2.253155603743209,-286.8005099186534,False,0.0,0.0,False,1600,-1.0,0.3034043610095978,0.4910281002521515,0.9124516248703003,1.0,219.6830117702484,1.0,45.61928391456604,medium,0.0,0.0,0.008456931266418569,0.008773891986564256,0.8759168163045721,0.0,contact_alignment
306,3284.375886901143,499.20647473766326,3783.582361638806,True,0.0,0.0,False,223,-1.0,1.0,0.4960852265357971,0.9084071516990662,1.0,232.4893605709076,1.0,45.78384041786194,medium,0.05956598664281731,0.05941831662504461,0.0005315485370657713,0.0006115216921727136,0.32382068234653655,0.0,success
307,3199.002589924853,499.19794977394747,3698.2005396988006,True,0.0,0.0,False,233,-1.0,0.28731420636177063,0.49319979548454285,0.9116328358650208,1.0,233.61844062805176,1.0,45.77503681182861,medium,0.059003960690437895,0.05879273154851475,0.0006991885377269054,0.000831503256745647,0.2237831738301472,0.0,success
308,-234.8795749618209,-2.2388269141687704,-237.1184018759897,False,0.0,0.0,False,1600,-1.0,1.0,0.48548129200935364,0.918256402015686,1.0,220.00398993492126,1.0,45.5981969833374,medium,0.0,0.0,0.006950305173928488,0.007298215488006045,0.7328516387949072,0.0,contact_alignment
309,-322.70200859995043,-2.3093904655034,-325.0113990654538,False,0.0,0.0,False,1600,-1.0,1.0,0.4838554859161377,0.9172201752662659,1.0,218.66166830062866,1.0,45.53780049085617,medium,0.0,0.0,0.00933206509550183,0.00950395673173619,0.9574623095888949,0.0,contact_alignment
310,2490.3784381235364,496.041120639101,2986.4195587626373,True,39.95883359064274,0.0,False,185,-1.0,1.0,0.48491907119750977,0.9174760580062866,1.0,233.4643054008484,1.0,45.862912237644196,medium,0.07635179088619701,0.07615518036077046,0.000274296438467915,0.0004581222678517221,1.409547532705677,0.21599369508455535,success
311,3309.3695455331335,499.1874664262069,3808.5570119593403,True,0.0,0.0,False,232,-1.0,0.23841173946857452,0.49019762873649597,0.9093021750450134,1.0,232.2029411792755,1.0,45.810038447380066,medium,0.05920955137211738,0.05911563424253105,0.0004196929575220311,0.0006576290943813689,0.11470163025432942,0.0,success
312,4399.036431454036,499.14854289743886,4898.184974351475,True,0.0,0.0,False,292,-1.0,1.0,0.5020846724510193,0.9118794798851013,1.0,232.16130018234253,1.0,45.936791598796844,medium,0.0374362723098249,0.03728352351510812,0.00034556996189594375,0.00037776318279105246,0.5841513807642364,0.0,success
313,2926.8220711892727,498.45836599306205,3425.280437182335,True,19.709149116019688,0.0,False,197,-1.0,0.9815737009048462,0.4980705678462982,0.9135572910308838,1.0,232.5837540626526,1.0,45.92331498861313,medium,0.06838694723418125,0.06830912608486038,0.000704541591169384,0.0007635324773756511,0.8171945557264947,0.1000464422132979,success
314,3309.1922992560626,499.1903840698944,3808.382683325957,True,2.250185607389751,0.0,False,231,-1.0,0.25575628876686096,0.5005879998207092,0.9118675589561462,1.0,232.01215505599976,1.0,45.795946419239044,medium,0.058907153704095334,0.058774546682957854,0.0006510438743183588,0.000816219436107245,0.20124518096511362,0.010318704199833119,success
315,-281.2352725486757,-2.2423420621763044,-283.477614610852,False,0.0,0.0,False,1600,-1.0,1.0,0.4880240261554718,0.9165274500846863,1.0,218.9705741405487,1.0,45.64678996801376,medium,0.0,0.0,0.008144538478772213,0.008212816522046166,0.8203879038390582,0.0,contact_alignment
316,-367.3062013660554,-2.3099845115918045,-369.6161858776472,False,0.0,0.0,False,1600,-1.0,1.0,0.48555639386177063,0.9179137349128723,1.0,218.36657047271729,1.0,45.61699539422989,medium,0.0,0.0,0.010689207904927486,0.01095229432242044,1.0795519587918798,0.0,contact_alignment
317,-343.83232363110733,-2.3099295964414535,-346.1422532275488,False,0.0,0.0,False,1600,-1.0,0.9971590042114258,0.49070820212364197,0.9154437184333801,1.0,220.4381287097931,1.0,45.512985587120056,medium,0.0,0.0,0.009913739376701116,0.010096240898335185,0.9986531574140928,0.0,contact_alignment
318,4138.519167170286,499.1851444317832,4637.7043116020695,True,0.0,0.0,False,253,-1.0,1.0,0.5012392997741699,0.9115330576896667,1.0,231.8333637714386,1.0,45.83204120397568,medium,0.04109436441086567,0.04097860827027325,0.0007691219424882365,0.0007702825766492095,0.5261616791261735,0.0,success
319,-232.5826273110073,-2.2585780237564936,-234.84120533476377,False,0.0,0.0,False,1600,-1.0,0.3534727990627289,0.48840540647506714,0.9163252115249634,1.0,220.77094674110413,1.0,45.673743188381195,medium,0.0,0.0,0.006922774833372334,0.007076147453133146,0.7156395626720338,0.0,contact_alignment
320,5640.538837831272,499.123110549046,6139.661948380318,True,0.941291200054952,0.0,False,321,-1.0,1.0,0.48244595527648926,0.9146516919136047,1.0,232.85538911819458,1.0,45.91611564159393,medium,0.039229549840157724,0.039111782604838094,0.0006365344558537949,0.0007002446269822616,0.1317859236592548,0.002932371339735053,success
321,-286.4258728347495,-2.2900533674070003,-288.7159262021565,False,0.0,0.0,False,1600,-1.0,1.0,0.4806722104549408,0.9165797233581543,1.0,218.53930234909058,1.0,45.662559270858765,medium,0.0,0.0,0.00831332620403265,0.008533791447718181,0.871692562090876,0.0,contact_alignment
322,3636.4587516115557,495.1313124928051,4131.590064104361,True,45.150097663285116,0.0,False,220,-1.0,0.18042413890361786,0.48445966839790344,0.918997049331665,1.0,232.67489314079285,1.0,45.7671844959259,medium,0.053324970627616,0.053144239730652465,0.0005770329138375386,0.0007212488723571856,0.3218399231071505,0.205227716651296,success
323,-290.123260191988,-2.2786067219726363,-292.4018669139606,False,0.0,0.0,False,1600,-1.0,0.5672712326049805,0.4875413775444031,0.9169224500656128,1.0,220.31071066856384,1.0,45.60380458831787,medium,0.0,0.0,0.008644846130096992,0.009025794031697664,0.8731847229732843,0.0,contact_alignment
324,-342.73791144712106,-2.311589040724279,-345.04950048784536,False,0.0,0.0,False,1600,-1.0,1.0,0.47907641530036926,0.9174790978431702,1.0,217.77759909629822,1.0,45.50872564315796,medium,0.0,0.0,0.009837054790161358,0.009947586244307229,0.9869592700486226,0.0,contact_alignment
325,-229.17654715525364,-2.274029039089985,-231.45057619434363,False,0.0,0.0,False,1600,-1.0,0.43391093611717224,0.48506832122802734,0.9194360375404358,1.0,220.32758712768555,1.0,45.58158278465271,medium,0.0,0.0,0.006655089711236718,0.006780698244185869,0.6883334240223065,0.0,contact_alignment
326,4439.9062394835255,499.15301133845355,4939.059250821979,True,0.0,0.0,False,290,-1.0,0.28757452964782715,0.4943431615829468,0.9116532802581787,1.0,232.24878191947937,1.0,45.89494735002518,medium,0.036867823387925325,0.03669807242366693,0.00026189087668326415,0.00027598673725760553,0.6519731045848947,0.0,success
327,-230.2627782339281,-2.2931242060220742,-232.55590243995016,False,0.0,0.0,False,1600,-1.0,0.8368561267852783,0.48590657114982605,0.9166724681854248,1.0,220.86236476898193,1.0,45.70333540439606,medium,0.0,0.0,0.0069035773997891976,0.007190468061184657,0.6972112779790122,0.0,contact_alignment
328,-242.47606021850257,-2.277818198791389,-244.75387841729395,False,0.0,0.0,False,1600,-1.0,0.4128492772579193,0.48908722400665283,0.916078507900238,1.0,220.48617005348206,1.0,45.70888042449951,medium,0.0,0.0,0.007122630585951254,0.007287150640057505,0.7411736557752202,0.0,contact_alignment
329,-237.5840103097159,-2.2865550325708197,-239.8705653422867,False,0.0,0.0,False,1600,-1.0,0.9240570068359375,0.4834914803504944,0.9219363927841187,1.0,220.1502525806427,1.0,45.58622658252716,medium,0.0,0.0,0.007031455727389864,0.007231823187190799,0.7199577848581945,0.0,contact_alignment
330,3287.303298305261,499.08362268121056,3786.3869209864715,True,7.652754448651438,0.0,False,229,-1.0,0.26455506682395935,0.4923194646835327,0.9128180146217346,1.0,231.37726545333862,1.0,46.0009828209877,medium,0.058511908008507016,0.05850551112928143,0.000504385440825776,0.0007491784249384808,0.26879148717051693,0.03341814169716785,success
331,-291.8496968247494,-2.317660230711981,-294.16735705546137,False,0.0,0.0,False,1600,-1.0,0.4919559955596924,0.4795636534690857,0.9150514006614685,1.0,219.94666576385498,1.0,45.780043601989746,medium,0.0,0.0,0.008582597332610718,0.008990658891702282,0.880282823422238,0.0,contact_alignment
332,3105.2186297740204,499.2301208810815,3604.448750655102,True,0.0,0.0,False,203,-1.0,0.9848212003707886,0.48808345198631287,0.9128881692886353,1.0,233.14529538154602,1.0,46.10404133796692,medium,0.06376867865959691,0.06373394484049702,0.0008505615645236708,0.0009566991885711818,0.5089178085957183,0.0,success
333,4291.679868824768,499.1682324482053,4790.8481012729735,True,0.0,0.0,False,267,-1.0,0.9820539355278015,0.49257373809814453,0.9099477529525757,1.0,231.9725751876831,1.0,46.043334007263184,hard,0.03876060107255341,0.038603880820577585,0.0006272062499034064,0.0006998030952172345,0.6126334831311268,0.0,success
334,-286.27186847894575,-2.317591117747844,-288.5894595966936,False,0.0,0.0,False,1600,-1.0,1.0,0.48065245151519775,0.9246467351913452,1.0,218.13990831375122,1.0,45.61367839574814,hard,0.0,0.0,0.008372207236263161,0.008789874515363753,0.8566428590421354,0.0,contact_alignment
335,-277.6750333530239,-2.3220794263660114,-279.9971127793899,False,0.0,0.0,False,1600,-1.0,0.42480844259262085,0.48426273465156555,0.9174532890319824,1.0,217.47569799423218,1.0,45.529543459415436,hard,0.0,0.0,0.008113269430561261,0.008390403573725455,0.8513086142941187,0.0,contact_alignment
336,-206.8603486517871,-2.2881190743999342,-209.14846772618702,False,0.0,0.0,False,1600,-1.0,0.3172769844532013,0.47684812545776367,0.9191749691963196,1.0,218.78299593925476,1.0,45.90976119041443,hard,0.0,0.0,0.005976379472878553,0.006034361608641677,0.6261201898794533,0.0,contact_alignment
337,-224.9238184091957,-2.297471134330709,-227.2212895435264,False,0.0,0.0,False,1600,-1.0,0.4563227891921997,0.48517102003097534,0.918953537940979,1.0,220.07089138031006,1.0,46.04182779788971,hard,0.0,0.0,0.0064845171938545275,0.006808204199330409,0.7124496818920188,0.0,contact_alignment
338,-391.4393135048185,-2.3442979349493185,-393.7836114397678,False,0.0,0.0,False,1600,-1.0,1.0,0.46933794021606445,0.9269718527793884,1.0,216.57365202903748,1.0,45.58361053466797,hard,0.0,0.0,0.010983956612724794,0.011456647747224389,1.1167238857258246,0.0,contact_alignment
339,-323.0143422323863,-2.3585821906418927,-325.37292442302817,False,0.0,0.0,False,1600,-1.0,1.0,0.47784027457237244,0.9224660992622375,1.0,217.9713761806488,1.0,45.53973227739334,hard,0.0,0.0,0.009392132628987127,0.009769921057944542,0.9568124015940742,0.0,contact_alignment
340,4485.86644916964,499.13301485477854,4984.999464024419,True,1.7432697195056734,0.0,False,296,-1.0,0.3210311532020569,0.48350292444229126,0.9205948710441589,1.0,231.71025395393372,1.0,46.00591242313385,hard,0.03593049142939943,0.03575530728331186,0.0003929240993357953,0.00041953644524198367,0.7059320748537313,0.005889424728059708,success
341,-251.24732145956344,-2.3265277265954674,-253.5738491861589,False,0.0,0.0,False,1600,-1.0,1.0,0.4727441966533661,0.9288312196731567,1.0,219.83421802520752,1.0,45.610939264297485,hard,0.0,0.0,0.0071921807668438665,0.007684482388022407,0.7304166556734332,0.0,contact_alignment
342,-348.7442765436491,-2.3310574245418434,-351.07533396819093,False,0.0,0.0,False,1600,-1.0,1.0,0.47441667318344116,0.9262625575065613,1.0,218.02197456359863,1.0,45.486163794994354,hard,0.0,0.0,0.009909455228181954,0.010427686786103616,1.0098088193384165,0.0,contact_alignment
343,-469.17880712465745,-2.3478433903982827,-471.52665051505574,False,0.0,0.0,False,1600,-1.0,1.0,0.4669536352157593,0.9353904128074646,1.0,215.26827573776245,1.0,45.33106803894043,hard,0.0,0.0,0.013276910615778395,0.013951499541652639,1.3067521857663351,0.0,coarse_alignment
344,4547.357669253737,499.08220660273696,5046.439875856474,True,3.5923780841056008,0.0,False,318,-1.0,0.8726133704185486,0.4708612561225891,0.9260780215263367,1.0,231.4513111114502,1.0,45.97162842750549,hard,0.035681584928481405,0.03551151649238335,0.000775944856156085,0.000987574627577135,0.6785003349993669,0.011296786428005034,success
345,-367.859889441158,-2.3293591552950974,-370.18924859645307,False,0.0,0.0,False,1600,-1.0,1.0,0.47001639008522034,0.9321561455726624,1.0,217.43180990219116,1.0,45.4545584321022,hard,0.0,0.0,0.01052981086927842,0.011206881795208703,1.0309394541224577,0.0,contact_alignment
346,5533.9389631728245,498.7910973616766,6032.730060534501,True,12.349528940091245,0.0,False,352,-1.0,0.9991165995597839,0.48562678694725037,0.9135108590126038,1.0,231.80381059646606,1.0,45.92867851257324,hard,0.03965871079902171,0.03959598204630774,0.0008570946041795535,0.0008655147298756228,0.2257392635011586,0.03508388903435013,success
347,-424.40190494544606,-2.3531720663756124,-426.7550770118217,False,0.0,0.0,False,1600,-1.0,1.0,0.4664563238620758,0.9277051687240601,1.0,216.8326723575592,1.0,45.35135805606842,hard,0.0,0.0,0.012009326908044064,0.012417239584921793,1.179687684663701,0.0,coarse_alignment
348,4497.595647685509,499.0899810877531,4996.685628773262,True,4.745979186598428,0.0,False,307,-1.0,0.9752841591835022,0.4921928346157074,0.9121096730232239,1.0,231.50124311447144,1.0,45.887950360774994,hard,0.03671084861571691,0.03655211522612965,0.0005112008932442648,0.0006584719438564211,0.5482386267247105,0.015459215591525825,success
349,-309.29567539773126,-2.3336578114361037,-311.6293332091674,False,0.0,0.0,False,1600,-1.0,0.7208817601203918,0.4821944236755371,0.9199485182762146,1.0,219.52600955963135,1.0,45.46615123748779,hard,0.0,0.0,0.009049907331336926,0.009290167967750096,0.9165207449089109,0.0,contact_alignment
350,-383.75549729986267,-2.3435101019940103,-386.0990074018567,False,0.0,0.0,False,1600,-1.0,1.0,0.47163286805152893,0.9260812997817993,1.0,218.61836910247803,1.0,45.25145798921585,hard,0.0,0.0,0.010921914005078692,0.011000032780560602,1.0546405234812637,0.0,contact_alignment
351,3280.3791714941094,499.15795826874677,3779.5371297628562,True,2.5080742275123358,0.0,False,254,-1.0,0.35894256830215454,0.4708045721054077,0.9252226948738098,1.0,230.6404972076416,1.0,45.99525213241577,hard,0.05392114675900933,0.05377172405643024,0.00022344156003808855,0.0002753133574480359,0.16147054543627906,0.00987430798233203,success
352,-371.51664792525094,-2.3163405997254682,-373.83298852497643,False,0.0,0.0,False,1600,-1.0,1.0,0.4774895906448364,0.9225922226905823,1.0,216.95152044296265,1.0,45.46307414770126,hard,0.0,0.0,0.010674420593133758,0.011146395075784469,1.0521114726399057,0.0,contact_alignment
353,4391.386962976036,499.160193967707,4890.547156943742,True,0.0,0.0,False,291,-1.0,0.9823562502861023,0.5017013549804688,0.914711058139801,1.0,230.82964062690735,1.0,46.069965958595276,hard,0.03756462523642204,0.03739663136850138,0.0004841940634557591,0.0005278661597841909,0.6368800566107214,0.0,success
354,4588.174221316926,498.8494639503832,5087.02368526731,True,12.312983807069308,0.0,False,306,-1.0,0.9811506271362305,0.48857083916664124,0.9145139455795288,1.0,230.3579831123352,1.0,46.01286143064499,hard,0.0360380889754152,0.03575472025000129,0.0006656843193787531,0.000781374220315005,0.6481787449644073,0.04023850917342911,success
355,-256.5225719601135,-2.2681793409237923,-258.7907513010373,False,0.0,0.0,False,1600,-1.0,1.0,0.47718673944473267,0.9213647842407227,1.0,219.7342610359192,1.0,45.75558960437775,hard,0.0,0.0,0.00759987050848277,0.008048428273425268,0.7412898804787557,0.0,contact_alignment
356,4523.705080381201,498.08879680795076,5021.793877189151,True,23.041411488693793,0.0,False,313,-1.0,1.0,0.4781742990016937,0.9219443798065186,1.0,230.3224015235901,1.0,46.032746732234955,hard,0.036614171979044846,0.03638613747266417,0.0008204862829855118,0.0009633126990051736,0.6259085373192388,0.07361473319071499,success
357,4519.494061530027,499.01853898545033,5018.512600515477,True,7.478912654069395,0.0,False,315,-1.0,1.0,0.4752950668334961,0.9289023280143738,1.0,231.25150561332703,1.0,46.1357781291008,hard,0.03544463920133058,0.03520251974816338,0.0005753872475709283,0.0006483727764766739,0.7010078202200447,0.023742579854188556,success
358,4077.1857758488036,498.9580294468282,4576.143805295632,True,10.75054220415233,0.0,False,260,-1.0,1.0,0.49659112095832825,0.9084428548812866,1.0,231.5328574180603,1.0,45.95987915992737,hard,0.041160431904064036,0.04115319590627471,0.0007979647873444851,0.0008542957565376491,0.6826094341159118,0.04134823924673973,success
359,-448.8603320525975,-2.3430198699612292,-451.20335192255874,False,0.0,0.0,False,1600,-1.0,1.0,0.4631577432155609,0.9357002973556519,1.0,218.73094081878662,1.0,45.430642664432526,hard,0.0,0.0,0.012606281218315474,0.013101888735479987,1.211293131337058,0.0,coarse_alignment
360,-407.78733381724646,-2.333093221225701,-410.12042703847214,False,0.0,0.0,False,1600,-1.0,1.0,0.4679555892944336,0.9282387495040894,1.0,218.817058801651,1.0,45.39884328842163,hard,0.0,0.0,0.011479925490856156,0.011530431754122293,1.127720994113687,0.0,contact_alignment
361,4486.589716596015,499.1336601793553,4985.7233767753705,True,0.0,0.0,False,319,-1.0,0.3693859279155731,0.46475955843925476,0.9289209246635437,1.0,230.99749088287354,1.0,46.055064499378204,hard,0.035562913185449595,0.03550294890003583,0.0005303836245790022,0.0006793731751575013,0.6900087928704581,0.0,success
362,-311.4233907384968,-2.3219951991428114,-313.7453859376396,False,0.0,0.0,False,1600,-1.0,0.9799888134002686,0.4780391752719879,0.9241811633110046,1.0,221.0529339313507,1.0,45.69842666387558,hard,0.0,0.0,0.009072325871421209,0.009157197380742393,0.9183438507827383,0.0,contact_alignment
363,3004.279434989949,499.2387351928376,3503.518170182787,True,0.0,0.0,False,199,-1.0,0.7787790298461914,0.47622978687286377,0.9220482707023621,1.0,233.835711479187,1.0,45.98851799964905,hard,0.06758634528559712,0.06757131196040003,0.00045881813033305527,0.00076141432979262,0.7256216500910725,0.0,success
364,4436.410766134848,499.1687850583812,4935.579551193229,True,0.0,0.0,False,304,-1.0,0.3317861557006836,0.48548370599746704,0.9111458659172058,1.0,228.81556153297424,1.0,46.002468168735504,hard,0.03695586573369588,0.03681176079219689,0.00039641043742783135,0.000442534761960217,0.6230608454164296,0.0,success
365,-342.03517711283894,-2.3272811406067406,-344.36245825344565,False,0.0,0.0,False,1600,-1.0,1.0,0.47077903151512146,0.9321514368057251,1.0,221.4933955669403,1.0,45.66749304533005,hard,0.0,0.0,0.009780011097930644,0.010139971175214885,0.9688526466218256,0.0,contact_alignment
366,3852.473778675999,499.21106679338703,4351.684845469385,True,0.0,0.0,False,240,-1.0,0.24358895421028137,0.48380574584007263,0.9139437079429626,1.0,231.8515419960022,1.0,45.98866403102875,hard,0.04640033874344451,0.046395036332153,0.0006321815498138357,0.0008741384645569952,0.4905893495057684,0.0,success
367,-381.1547727128086,-2.336008333029943,-383.49078104583856,False,0.0,0.0,False,1600,-1.0,1.0,0.46252772212028503,0.9319586753845215,1.0,219.58668112754822,1.0,45.437510311603546,hard,0.0,0.0,0.010705295780118237,0.010732935751287033,1.051588256178706,0.0,contact_alignment
368,1319.092480281531,494.4767632103235,1813.5692434918544,True,48.657417362653604,0.0,False,202,-1.0,0.5315041542053223,0.4638395607471466,0.9313223958015442,1.0,230.29049277305603,1.0,45.946634113788605,hard,0.06452433143670877,0.06444965318062999,0.000754732619176555,0.0008024802237464314,0.7808664812628687,0.2408783037755129,success
369,4470.024110689136,499.1848165233485,4969.208927212485,True,0.0,0.0,False,287,-1.0,0.2887328863143921,0.5066174268722534,0.9074578881263733,1.0,231.6959810256958,1.0,45.98189026117325,hard,0.036975322741946995,0.036808529591873,0.00037550340031853636,0.00044619772440159574,0.6117087378349558,0.0,success
370,-279.1947189931338,-2.240601134941514,-281.4353201280753,False,0.0,0.0,False,1600,-1.0,1.0,0.4745042026042938,0.9254287481307983,1.0,221.89934492111206,1.0,45.63718318939209,hard,0.0,0.0,0.008195046614055755,0.008465582633736186,0.8537361919299594,0.0,contact_alignment
371,4282.032564914933,499.0946600284631,4781.127224943396,True,6.3464635192746135,0.0,False,290,-1.0,1.0,0.5026106238365173,0.9066718816757202,1.0,228.9179515838623,1.0,46.00932955741882,hard,0.037942955225737464,0.0377924086099687,0.000567893811079005,0.000571745643113353,0.6030398622917125,0.021884356963015907,success
372,4200.9154873304,499.21642588273716,4700.131913213137,True,0.0,0.0,False,244,-1.0,0.9907569885253906,0.48175889253616333,0.9100894927978516,1.0,232.48671054840088,1.0,46.06973439455032,hard,0.04077844663745802,0.040610143245561836,0.000769470066724633,0.0008260571485018963,0.6368032104027691,0.0,success
373,-391.515849563743,-2.3222940329270703,-393.8381435966701,False,0.0,0.0,False,1600,-1.0,1.0,0.47795435786247253,0.9261673092842102,1.0,219.36826348304749,1.0,45.47200083732605,hard,0.0,0.0,0.011160340463804423,0.011563047220576885,1.0995321027904645,0.0,contact_alignment
374,-309.52675322582024,-2.2378972829071837,-311.7646505087274,False,0.0,0.0,False,1600,-1.0,1.0,0.4817204475402832,0.9218167066574097,1.0,221.625896692276,1.0,45.645016729831696,hard,0.0,0.0,0.008997086074726412,0.009498159082051531,0.8888257938425872,0.0,contact_alignment
375,-211.74504682450538,-2.151173386955233,-213.89622021146062,False,0.0,0.0,False,1600,-1.0,0.2991124987602234,0.4880041778087616,0.9162877798080444,1.0,221.77392601966858,1.0,45.812861025333405,hard,0.0,0.0,0.0063058584193639,0.006788225095683602,0.658266173731394,0.0,contact_alignment
376,4407.421375181208,499.17923865360825,4906.600613834816,True,0.0,0.0,False,293,-1.0,0.9872491955757141,0.5024908781051636,0.9069401025772095,1.0,229.03067827224731,1.0,46.10161513090134,hard,0.03716790945877933,0.03703003949016062,0.00026674032074201906,0.0003105695190937325,0.577711365263104,0.0,success
377,3129.596702614924,498.7649429824535,3628.361645597378,True,14.561952520580235,0.0,False,254,-1.0,0.3928421437740326,0.4660745859146118,0.9292038679122925,1.0,229.77094888687134,1.0,46.12910449504852,hard,0.05508897187207216,0.05496509780833335,0.0004784820734289355,0.0004830759562692559,0.18013011677612042,0.05733052173456785,success
378,3205.1889871211247,499.18825082133236,3704.377237942457,True,0.7245213809307302,0.0,False,249,-1.0,0.34352636337280273,0.46986451745033264,0.9266326427459717,1.0,230.8339488506317,1.0,46.07500821352005,hard,0.055982353964540585,0.05588424233330694,0.0005531658492918033,0.0005940067334579114,0.11988944702900803,0.002909724421408555,success
379,-319.20846359816164,-2.2948295134923753,-321.50329311165405,False,0.0,0.0,False,1600,-1.0,1.0,0.47601550817489624,0.9275519251823425,1.0,220.2271807193756,1.0,45.73699355125427,hard,0.0,0.0,0.009286677436335058,0.009612864070305089,0.9265284031818719,0.0,contact_alignment
380,-362.47182191077525,-2.3357714244515275,-364.8075933352268,False,0.0,0.0,False,1600,-1.0,0.9887626767158508,0.4777470529079437,0.9232137203216553,1.0,220.8990776538849,1.0,45.6977903842926,hard,0.0,0.0,0.01045656759003009,0.010814833704922543,1.073548676457281,0.0,contact_alignment
381,5476.807870954286,499.1410041568765,5975.948875111162,True,0.6071792634137387,0.0,False,351,-1.0,0.9956840872764587,0.4926377236843109,0.9095034599304199,1.0,230.81316709518433,1.0,46.18197828531265,hard,0.03947184490469737,0.03941867768094985,0.0006469645387268564,0.0006867572691517399,0.23359046340805756,0.001729855451321193,success
382,3155.091244576854,499.2014009322278,3654.292645509082,True,0.2385927759742634,0.0,False,247,-1.0,0.6599609851837158,0.4873656630516052,0.9166700839996338,1.0,228.99763822555542,1.0,46.14395588636398,hard,0.055542642478350876,0.05546425523398579,0.0006053476147851763,0.000734185859368672,0.08117418221484965,0.0009659626557662486,success
383,4423.616313693481,499.05881253662426,4922.675126230105,True,8.30474140567903,0.0,False,291,-1.0,0.9839879870414734,0.49321410059928894,0.9099698662757874,1.0,230.73400735855103,1.0,46.10006719827652,hard,0.03672070568672244,0.03651637583902638,0.00040596461352813897,0.00041299032648614445,0.6906091484145325,0.028538630260065395,success
384,3272.299271243463,498.41006259597333,3770.709333839436,True,20.159511150153957,0.0,False,229,-1.0,0.311238557100296,0.49076828360557556,0.9131770730018616,1.0,231.57184839248657,1.0,46.06490284204483,hard,0.060245401322765235,0.06020038864089847,0.0005836015923697481,0.0007209571440726671,0.11099869741565556,0.0880327997823317,success
385,4453.520308500688,499.1762092436104,4952.696517744298,True,0.0,0.0,False,312,-1.0,0.3551504611968994,0.47240114212036133,0.9230815172195435,1.0,228.606938123703,1.0,46.15211695432663,hard,0.036074876753122265,0.03599238317547229,0.00013755646041353179,0.00017165801748710683,0.5759341137841948,0.0,success
386,3247.741065901009,499.1135979637155,3746.8546638647244,True,6.6604956204940065,0.0,False,248,-1.0,0.836779773235321,0.4887247681617737,0.9105349779129028,1.0,228.33587646484375,1.0,46.102745831012726,hard,0.055416900555845416,0.05540768350449993,0.0008766527777898114,0.0008994824220940877,0.03715377011145744,0.026856837179411317,success
387,-398.59417305914764,-2.3114482347673455,-400.905621293915,False,0.0,0.0,False,1600,-1.0,1.0,0.46299320459365845,0.9371790289878845,1.0,217.99753546714783,1.0,45.5909663438797,hard,0.0,0.0,0.011304808001486012,0.011409312112137563,1.0967189205025671,0.0,contact_alignment
388,-210.36834902508315,-2.0568546005224144,-212.42520362560558,False,0.0,0.0,False,1600,-1.0,0.4857931435108185,0.48463746905326843,0.917033314704895,1.0,221.47382259368896,1.0,46.015619337558746,hard,0.0,0.0,0.006182313139591613,0.006371672658843362,0.6052482372733706,0.0,contact_alignment
389,3969.6054609993366,498.62220400206274,4468.227665001399,True,0.0,0.0,False,960,-1.0,0.9868544340133667,0.48556360602378845,0.9197216629981995,1.0,227.59814739227295,1.0,46.195267140865326,hard,0.04094521379068828,0.04090871339494477,0.00029298350617806997,0.0002977163946743956,0.55848790997388,0.0,success
390,-241.00956945402305,-2.125942432829378,-243.13551188685244,False,0.0,0.0,False,1600,-1.0,1.0,0.47538870573043823,0.9238061904907227,1.0,221.91981673240662,1.0,45.799933075904846,hard,0.0,0.0,0.006825103590298683,0.006973979285898212,0.6929710145319458,0.0,contact_alignment
391,-433.9638856941394,-2.3415167425453776,-436.30540243668474,False,0.0,0.0,False,1600,-1.0,1.0,0.47034022212028503,0.9290435314178467,1.0,218.5960066318512,1.0,45.378645062446594,hard,0.0,0.0,0.012293620721035872,0.0125831040155563,1.221358951946657,0.0,coarse_alignment
392,4490.30163191137,498.3132078131358,4988.614839724506,True,20.888408507739747,0.0,False,310,-1.0,1.0,0.4829765260219574,0.9209882616996765,1.0,227.82356977462769,1.0,46.14010274410248,hard,0.03670886272340504,0.03647846918388213,0.00041444697962930124,0.00043003709422589464,0.6214242373370249,0.06738196292819273,success
393,-402.62716767088557,-2.3191117983295677,-404.94627946921514,False,0.0,0.0,False,1600,-1.0,1.0,0.4603809714317322,0.940700888633728,1.0,219.74314093589783,1.0,45.57916700839996,hard,0.0,0.0,0.011315082629517676,0.011337109163050257,1.115648032231334,0.0,contact_alignment
394,-377.4819971869321,-2.291846741831713,-379.7738439287638,False,0.0,0.0,False,1600,-1.0,1.0,0.46731483936309814,0.9321935176849365,1.0,220.49864530563354,1.0,45.578173995018005,hard,0.0,0.0,0.010729717643912815,0.011246166340772893,1.0541655350214585,0.0,contact_alignment
395,4439.378726432867,499.1968784991957,4938.575604932063,True,0.0,0.0,False,286,-1.0,1.0,0.5048032402992249,0.9060935378074646,1.0,231.59249067306519,1.0,46.14019453525543,hard,0.03617056697344141,0.036042099727615545,0.0004122008006012508,0.00042229827510218673,0.6115180573632294,0.0,success
396,4609.271564587725,499.16451778217976,5108.436082369905,True,2.7370132812903494,0.0,False,314,-1.0,0.9930878281593323,0.48091843724250793,0.9169244766235352,1.0,228.93913626670837,1.0,46.22393727302551,hard,0.03514953634197137,0.035009812469703264,0.0004965575876395196,0.0005101727468577086,0.6395642743153623,0.008716602806657163,success
397,-345.6678635620154,-2.238687108266188,-347.90655067028155,False,0.0,0.0,False,1600,-1.0,1.0,0.4686090052127838,0.9283719062805176,1.0,220.61819076538086,1.0,45.71890026330948,hard,0.0,0.0,0.0097875111290881,0.010228587437488886,0.9857350856612707,0.0,contact_alignment
398,3234.2904270764066,499.1948914253419,3733.485318501748,True,4.271063104440687,0.0,False,247,-1.0,0.5325853824615479,0.4893481135368347,0.9134493470191956,1.0,227.59117364883423,1.0,46.192569732666016,hard,0.054691304999492096,0.05452164724972461,0.0003334845156946441,0.0005060620114359251,0.22138878454142108,0.017351821511999706,success
399,-274.00534658926085,-2.171448947124377,-276.1767955363852,False,0.0,0.0,False,1600,-1.0,0.27703794836997986,0.4853578507900238,0.9185818433761597,1.0,221.83954119682312,1.0,45.869779884815216,hard,0.0,0.0,0.007991995958539371,0.008097617274163792,0.825462983784618,0.0,contact_alignment
400,4518.788326617233,498.78053512481864,5017.568861742052,True,14.142235214138832,0.0,False,311,-1.0,0.6290435194969177,0.4698133170604706,0.9298283457756042,1.0,229.24646139144897,1.0,46.233631670475006,hard,0.035776200830109114,0.03558804059057552,0.0004425115530135576,0.0005278156400137973,0.6778372986484278,0.04547342512584834,success
401,-290.6324090235022,-2.206548703675657,-292.83895772717784,False,0.0,0.0,False,1600,-1.0,0.909779965877533,0.4850095510482788,0.9187644720077515,1.0,222.36517548561096,1.0,46.04013592004776,hard,0.0,0.0,0.008187510101411844,0.008367679314434736,0.8600429042585394,0.0,contact_alignment
402,-253.93825415264422,-2.1221560942845925,-256.0604102469288,False,0.0,0.0,False,1600,-1.0,1.0,0.4761069118976593,0.9276708960533142,1.0,221.47177696228027,1.0,45.81158846616745,hard,0.0,0.0,0.007287792498217859,0.007811851525586385,0.717671292311315,0.0,contact_alignment
403,-230.32214926486395,-2.1677562108612207,-232.48990547572518,False,0.0,0.0,False,1600,-1.0,0.573243260383606,0.48451969027519226,0.9154383540153503,1.0,221.6916823387146,1.0,45.774947106838226,hard,0.0,0.0,0.006588330877624829,0.006739128761659348,0.7117849945793933,0.0,contact_alignment
404,-333.93595963985786,-2.262754476991479,-336.1987141168493,False,0.0,0.0,False,1600,-1.0,1.0,0.46807587146759033,0.9305549263954163,1.0,220.55441975593567,1.0,46.01686477661133,hard,0.0,0.0,0.009587921424372052,0.010133657025085,0.9702144976960175,0.0,contact_alignment
405,4482.827463241155,499.17556819782817,4982.003031438983,True,1.392189112177007,0.0,False,319,-1.0,0.7455862164497375,0.46202588081359863,0.9337618947029114,1.0,228.7177586555481,1.0,46.16817623376846,hard,0.03600462955089884,0.035914497485718705,0.0007547160741323119,0.0008671257283154297,0.631747106397079,0.004364229191777451,success
406,-344.62329778204264,-2.307730752822547,-346.93102853486516,False,0.0,0.0,False,1600,-1.0,1.0,0.45948827266693115,0.9411247968673706,1.0,218.9158070087433,1.0,45.901139080524445,hard,0.0,0.0,0.00968485021340677,0.009808710379384312,0.9701955985739121,0.0,contact_alignment
407,-280.91670167871837,-2.242586000843684,-283.15928767956206,False,0.0,0.0,False,1600,-1.0,1.0,0.4696284830570221,0.9291850924491882,1.0,221.52886867523193,1.0,45.582753121852875,hard,0.0,0.0,0.008030262851296772,0.008234271454741003,0.8132744659412852,0.0,contact_alignment
408,3961.031909170462,498.5458687151428,4459.5777778856045,True,0.0,0.0,False,1020,-1.0,0.987065315246582,0.4785272479057312,0.9196112155914307,1.0,229.00468945503235,1.0,46.18030309677124,hard,0.041027015430468605,0.0409251893015595,0.0002769274427807749,0.0003148873945686178,0.5753730642181376,0.0,success
409,-327.24980203977987,-2.246738984640953,-329.4965410244208,False,0.0,0.0,False,1600,-1.0,1.0,0.47221389412879944,0.9296630024909973,1.0,221.08670234680176,1.0,45.57788610458374,hard,0.0,0.0,0.009411361969905345,0.009786827095161295,0.9512369395530581,0.0,contact_alignment
410,4480.222419823631,499.1884669233682,4979.410886746999,True,0.0,0.0,False,307,-1.0,0.35527342557907104,0.48689740896224976,0.9213414192199707,1.0,229.75972890853882,1.0,46.17302030324936,hard,0.03609404804987481,0.036030665156666045,0.00011176481317381866,0.00014543608391301503,0.6021993269364398,0.0,success
411,4428.561009441556,499.2101240455884,4927.771133487145,True,0.0,0.0,False,286,-1.0,0.2781263291835785,0.5013830065727234,0.9025335311889648,1.0,228.76683831214905,1.0,46.22390389442444,hard,0.03736653975442209,0.03721541199717518,0.0003442460031850542,0.00045001029538030223,0.5746764969598893,0.0,success
412,-311.3429827181606,-2.245451157773701,-313.5884338759343,False,0.0,0.0,False,1600,-1.0,1.0,0.4767041802406311,0.925025463104248,1.0,221.200932264328,1.0,45.606011748313904,hard,0.0,0.0,0.009137181945719188,0.009661247356150536,0.9165568167117137,0.0,contact_alignment
413,-319.25120445083996,-2.2945114114087124,-321.5457158622487,False,0.0,0.0,False,1600,-1.0,1.0,0.4739658832550049,0.9256806969642639,1.0,220.82239747047424,1.0,45.85237294435501,hard,0.0,0.0,0.009334468143166887,0.009684853928858298,0.9406211116581031,0.0,contact_alignment
414,-359.47817156552145,-2.2953052996465626,-361.773476865168,False,0.0,0.0,False,1600,-1.0,1.0,0.471310555934906,0.9238632321357727,1.0,221.12891674041748,1.0,45.636626183986664,hard,0.0,0.0,0.01029560248926282,0.010846429736036578,1.0655961594374657,0.0,contact_alignment
415,4440.106419008401,499.1717108134195,4939.278129821821,True,3.295556020381881,0.0,False,308,-1.0,0.9527140855789185,0.47794753313064575,0.9263728260993958,1.0,227.44920372962952,1.0,46.194910407066345,hard,0.036774354897263745,0.03658368335621895,0.00019789539975309615,0.0002856650010126474,0.6551570227441624,0.010699857209032082,success
416,-377.950005876545,-2.3492575167726444,-380.29926339331763,False,0.0,0.0,False,1600,-1.0,1.0,0.4654187858104706,0.9378138780593872,1.0,220.59424757957458,1.0,45.69007366895676,hard,0.0,0.0,0.0106894785290934,0.011042529938338033,1.0784156202406339,0.0,contact_alignment
417,4463.647044125667,499.2199319673703,4962.866976093037,True,0.0,0.0,False,289,-1.0,0.2699044644832611,0.5003775954246521,0.8981526494026184,1.0,230.2790868282318,1.0,46.10741674900055,hard,0.03705838688507193,0.03695802395195602,0.0002809687736003499,0.00042076695830277333,0.5851643391229189,0.0,success
418,-307.23337437088986,-2.2853300143014272,-309.5187043851913,False,0.0,0.0,False,1600,-1.0,0.31936466693878174,0.48427850008010864,0.9158985614776611,1.0,221.9731891155243,1.0,45.95032662153244,hard,0.0,0.0,0.009007342731792867,0.009424367531504607,0.9227942130933934,0.0,contact_alignment
419,-222.0216014362502,-2.176223369158638,-224.19782480540883,False,0.0,0.0,False,1600,-1.0,0.582402765750885,0.4785430431365967,0.9218092560768127,1.0,222.11106777191162,1.0,45.72198987007141,hard,0.0,0.0,0.006262262518127528,0.006311930001634244,0.6942074312979077,0.0,contact_alignment
420,4206.314498029179,499.2106279469968,4705.525125976176,True,0.0,0.0,False,272,-1.0,0.202984020113945,0.49021682143211365,0.9155437350273132,1.0,232.51779794692993,1.0,46.09599709510803,hard,0.03863812063623863,0.03857412115347861,0.0007883592367942498,0.0008302224825838699,0.717888627492305,0.0,success
421,-227.30041817645437,-2.1001822267958685,-229.40060040325025,False,0.0,0.0,False,1600,-1.0,0.9632700085639954,0.4799625277519226,0.922342836856842,1.0,222.05701351165771,1.0,45.83321988582611,hard,0.0,0.0,0.006878961655887904,0.007483547434999062,0.6774101028194174,0.0,contact_alignment
422,-387.0872274409124,-2.318367389692661,-389.405594830605,False,0.0,0.0,False,1600,-1.0,1.0,0.462140291929245,0.9388437867164612,1.0,221.24579668045044,1.0,45.78401565551758,hard,0.0,0.0,0.011071121305210263,0.01146278409941242,1.1422596186040852,0.0,contact_alignment
423,3391.752048333238,499.1685559559506,3890.9206042891883,True,0.0,0.0,False,303,-1.0,1.0,0.45922866463661194,0.9420462846755981,1.0,232.60610103607178,1.0,46.097242534160614,hard,0.048835731422263454,0.04873938258142031,0.0005380223938601214,0.000582657924891072,0.24589839717158404,0.0,success
424,-277.82778518136456,-2.2217151064499365,-280.0495002878145,False,0.0,0.0,False,1600,-1.0,0.22641490399837494,0.48373350501060486,0.9171473979949951,1.0,222.04464673995972,1.0,45.86831957101822,hard,0.0,0.0,0.00823498566530462,0.0086960102213814,0.8348858838797659,0.0,contact_alignment
425,-231.38530328712545,-2.126248331160553,-233.511551618286,False,0.0,0.0,False,1600,-1.0,0.05929546803236008,0.48001664876937866,0.9185329079627991,1.0,222.32455730438232,1.0,45.861892104148865,hard,0.0,0.0,0.006797662989918205,0.007306716284242512,0.7004306536306433,0.0,contact_alignment
426,3286.005396570633,499.21805950793976,3785.223456078573,True,0.0,0.0,False,242,-1.0,0.2743801772594452,0.49128779768943787,0.9146296977996826,1.0,231.74337148666382,1.0,46.1418154835701,hard,0.056805511272957306,0.05666868890508217,0.0006593403046516244,0.0007431470987069993,0.1629145656640017,0.0,success
427,-347.2547718807916,-2.325456542664071,-349.5802284234557,False,0.0,0.0,False,1600,-1.0,1.0,0.47803762555122375,0.9252312183380127,1.0,221.84295058250427,1.0,45.51104962825775,hard,0.0,0.0,0.010006188848391873,0.010403797262310985,1.0206588693564087,0.0,contact_alignment
428,4510.598578763525,499.13695893225866,5009.735537695784,True,4.939076705563773,0.0,False,307,-1.0,0.3578920066356659,0.4730241894721985,0.9255386590957642,1.0,230.40029048919678,1.0,46.14169239997864,hard,0.035695241090786756,0.03555859707131251,0.00032250558335611526,0.00033224965453416847,0.6174067254364469,0.016632010605381668,success
429,2734.261552615674,498.4872914273814,3232.7488440430557,True,19.35721142109991,0.0,False,210,-1.0,0.20890997350215912,0.4810977280139923,0.9265663623809814,1.0,234.63837385177612,1.0,46.07758671045303,hard,0.07169127293744987,0.0714244288882906,0.0003394733750400257,0.000376802016237269,0.8654097949351583,0.09217719724333291,success
430,-321.94980190513627,-2.2778941323695814,-324.22769603750584,False,0.0,0.0,False,1600,-1.0,1.0,0.4745466709136963,0.925429105758667,1.0,222.08518743515015,1.0,45.694748759269714,hard,0.0,0.0,0.009329269288706869,0.009695031372737598,0.9647257119227237,0.0,contact_alignment
431,4552.3032006020285,499.1650901178715,5051.4682907199,True,3.1182635100029645,0.0,False,317,-1.0,0.3787027597427368,0.462662011384964,0.9388392567634583,1.0,228.13605546951294,1.0,46.15306615829468,hard,0.03553453183963469,0.035435234478204236,0.0007024104851357018,0.0008029472932714089,0.6253505880444677,0.009845137241203065,success
432,6176.810462440903,499.138151953358,6675.948614394261,True,0.0,0.0,False,404,-1.0,0.44338852167129517,0.4609631597995758,0.9419903755187988,1.0,227.73608803749084,1.0,46.13463282585144,hard,0.042679341752184935,0.04262626086516616,0.0008225359144733245,0.0008706665362940908,0.16942386603487625,0.0,success
433,5562.936366767319,493.2284093378375,6056.164776105156,True,42.75740673949344,0.0,False,317,-1.0,1.0,0.4524890184402466,0.9479992389678955,1.0,239.96333837509155,1.0,46.14996403455734,hard,0.03887704635163107,0.03879721138818561,0.0008994058462707191,0.0009205044705441523,0.10249100069009387,0.3399731897500508,success
434,-241.71879796359468,-2.1481578330020215,-243.8669557965967,False,0.0,0.0,False,1600,-1.0,0.6741503477096558,0.4839765727519989,0.9187280535697937,1.0,222.15838074684143,1.0,45.861483216285706,hard,0.0,0.0,0.007148707101569125,0.007496541843732849,0.7266859674095747,0.0,contact_alignment
435,4659.419092229547,499.03727902314563,5158.456371252692,True,8.86586902904405,0.0,False,315,-1.0,0.995665967464447,0.49225255846977234,0.912316083908081,1.0,226.5684199333191,1.0,46.08650505542755,hard,0.03640039008242334,0.036220997579009456,0.0008645969838817011,0.0008776714108733093,0.556890103033162,0.02814561596521921,success
436,-382.7558477051855,-2.340924012366415,-385.0967717175519,False,0.0,0.0,False,1600,-1.0,1.0,0.46342572569847107,0.9348071217536926,1.0,220.4412591457367,1.0,45.60536712408066,hard,0.0,0.0,0.011004610856338028,0.011398490907678624,1.0695601655853975,0.0,contact_alignment
437,-473.66647465760065,-2.2640276976335763,-475.93050235523424,False,0.0,0.0,False,1600,-1.0,1.0,0.45581644773483276,0.9438956379890442,1.0,219.3249487876892,1.0,45.46855449676514,hard,0.0,0.0,0.013504013993378874,0.013792583943242407,1.3319998422226798,0.0,coarse_alignment
438,4446.812758970335,499.2195091586074,4946.032268128943,True,0.0,0.0,False,293,-1.0,0.2890646457672119,0.5088678598403931,0.8986567854881287,1.0,227.12625741958618,1.0,46.08595848083496,hard,0.036790271030032795,0.036668924446921325,0.0003496319116887221,0.000362017149954251,0.5446667671001426,0.0,success
439,-271.37620639334443,-2.1646340383519878,-273.54084043169644,False,0.0,0.0,False,1600,-1.0,0.9884127378463745,0.47513341903686523,0.9247092008590698,1.0,222.40297317504883,1.0,45.703089237213135,hard,0.0,0.0,0.008052112730155115,0.008452053414732555,0.7821317561094239,0.0,contact_alignment
440,1314.626787633152,499.24713447385443,1813.8739221070064,True,0.0,0.0,False,197,-1.0,1.0,0.4673159420490265,0.9320904016494751,1.0,227.39456057548523,1.0,45.922530591487885,hard,0.06401949081932824,0.06401617504526763,0.0009210037041398166,0.0009515079664705089,0.8151290228262258,0.0,success
441,-408.62204740662867,-2.3374020381795573,-410.95944944480823,False,0.0,0.0,False,1600,-1.0,1.0,0.45806923508644104,0.9434822201728821,1.0,221.05040788650513,1.0,45.37406802177429,hard,0.0,0.0,0.01155246888066995,0.011730520851047947,1.1283193310482367,0.0,contact_alignment
442,-338.67822820590686,-2.2603236646677347,-340.9385518705746,False,0.0,0.0,False,1600,-1.0,1.0,0.46616268157958984,0.9329198002815247,1.0,222.1975576877594,1.0,45.626564621925354,hard,0.0,0.0,0.009703428755225138,0.009934278739571164,0.9676253259704288,0.0,contact_alignment
443,-360.45606656008454,-2.2504297278079997,-362.70649628789255,False,0.0,0.0,False,1600,-1.0,1.0,0.47588229179382324,0.9240162968635559,1.0,221.78192257881165,1.0,45.73603391647339,hard,0.0,0.0,0.010480194517151953,0.011060253484469037,0.9996902541857096,0.0,contact_alignment
444,1305.2469393018605,499.22173951780496,1804.4686788196655,True,0.0,0.0,False,201,-1.0,0.5802152156829834,0.45755380392074585,0.9424569606781006,1.0,227.7617049217224,1.0,46.00860774517059,hard,0.06442120422599856,0.06441167075788813,0.0005700317336258945,0.0007293715867706124,0.8399610894077453,0.0,success
445,-282.10179778576367,-2.2015306617421166,-284.3033284475058,False,0.0,0.0,False,1600,-1.0,0.7709054946899414,0.4788193106651306,0.9231457710266113,1.0,222.34588146209717,1.0,45.68240702152252,hard,0.0,0.0,0.008415096863012518,0.008613935647948923,0.835864709955286,0.0,contact_alignment
446,5507.282220111278,498.602208618775,6005.884428730053,True,17.440018578901753,0.0,False,349,-1.0,0.9995783567428589,0.5121179819107056,0.9020387530326843,1.0,226.47131443023682,1.0,46.0940945148468,hard,0.04005026285036628,0.039973888960631185,0.0007888159920329209,0.0007946502988367967,0.14860140715496434,0.04997139993954657,success
447,-359.1994322348836,-2.325502074093583,-361.5249343089772,False,0.0,0.0,False,1600,-1.0,1.0,0.4709373414516449,0.9317980408668518,1.0,221.53629183769226,1.0,45.5198010802269,hard,0.0,0.0,0.010376359525425552,0.01044836069590568,1.010912171816886,0.0,contact_alignment
448,2697.1382683925203,499.22797990574384,3196.366248298264,True,0.0,0.0,False,242,-1.0,0.4158843159675598,0.46132519841194153,0.9390608072280884,1.0,226.3134753704071,1.0,46.20055556297302,hard,0.0614906965744568,0.06148459653906663,0.0007995287405385503,0.0008336763539241842,0.22578791011677565,0.0,success
449,-284.1020996972005,-2.1773455502244046,-286.2794452474249,False,0.0,0.0,False,1600,-1.0,0.14387927949428558,0.4805675148963928,0.9169431328773499,1.0,222.11520552635193,1.0,45.942332446575165,hard,0.0,0.0,0.008411001278711016,0.008707679158055849,0.8623477532388903,0.0,contact_alignment
450,-258.18292245877495,-2.122106781217979,-260.3050292399929,False,0.0,0.0,False,1600,-1.0,0.7673466205596924,0.4788263440132141,0.9224197268486023,1.0,222.5210464000702,1.0,46.116264164447784,hard,0.0,0.0,0.007469105941521777,0.007745869207039852,0.7768444980348768,0.0,contact_alignment
451,-398.45571467948895,-2.334976448633646,-400.7906911281226,False,0.0,0.0,False,1600,-1.0,1.0,0.45936083793640137,0.9430788159370422,1.0,220.99141001701355,1.0,45.80410122871399,hard,0.0,0.0,0.011372014125150967,0.011449051174081022,1.1400053054662576,0.0,contact_alignment
452,4573.429986695244,499.2140994388474,5072.644086134092,True,1.9012240549495485,0.0,False,305,-1.0,0.36372143030166626,0.47863906621932983,0.9216621518135071,1.0,228.3870017528534,1.0,46.19483530521393,hard,0.03546398509635506,0.03531496212881649,0.0005526259983324243,0.0005642334107501898,0.5967364376701235,0.006233521491637864,success
453,-238.2769318993913,-2.08592462190131,-240.3628565212926,False,0.0,0.0,False,1600,-1.0,0.5973555445671082,0.4820704758167267,0.9224276542663574,1.0,222.49685525894165,1.0,45.97162842750549,hard,0.0,0.0,0.007110563259559313,0.007292245080527189,0.7158670404379861,0.0,contact_alignment
454,4456.642099884327,499.11548528814455,4955.757585172471,True,6.941620082654791,0.0,False,306,-1.0,0.6054789423942566,0.4764696955680847,0.9217789173126221,1.0,226.61035537719727,1.0,46.15810841321945,hard,0.036484310359395575,0.036301794006394994,9.130112896442902e-05,9.310340769722244e-05,0.5944247546871448,0.022685032949852257,success
455,-235.96796539576377,-2.007405372044607,-237.97537076780839,False,0.0,0.0,False,1600,-1.0,0.05707265064120293,0.48462092876434326,0.9155173897743225,1.0,222.34289050102234,1.0,46.08479231595993,hard,0.0,0.0,0.007024850210660783,0.007520907219037909,0.7198606105739338,0.0,contact_alignment
456,3951.996461837137,498.8514926331766,4450.847954470313,True,14.010563583907066,0.0,False,257,-1.0,0.21802985668182373,0.48733919858932495,0.9025848507881165,1.0,232.22256064414978,1.0,46.155744791030884,hard,0.043255579674709166,0.04315853948682627,0.0008405707289630938,0.0009834693637743985,0.5313274906748942,0.05451581161053333,success
457,-332.4022062722307,-2.2438569870703757,-334.6460632593011,False,0.0,0.0,False,1600,-1.0,1.0,0.46360886096954346,0.9363306164741516,1.0,222.18881726264954,1.0,45.70753902196884,hard,0.0,0.0,0.009444032631916172,0.010000137028985329,0.9632526254291572,0.0,contact_alignment
458,-206.41153398615134,-2.140866254481923,-208.55240024063326,False,0.0,0.0,False,1600,-1.0,0.3423013687133789,0.4707532525062561,0.9308925271034241,1.0,222.60156989097595,1.0,45.861754417419434,hard,0.0,0.0,0.006211961956580185,0.00622111173329594,0.6263018098978024,0.0,contact_alignment
459,-276.3685863272682,-2.1744991102019897,-278.54308543747015,False,0.0,0.0,False,1600,-1.0,0.4450158476829529,0.4779389798641205,0.925168514251709,1.0,222.48047471046448,1.0,45.69804489612579,hard,0.0,0.0,0.008054179723871312,0.008416879641866902,0.849183636761067,0.0,contact_alignment
460,-369.91194363459283,-2.2771777124738426,-372.18912134706665,False,0.0,0.0,False,1600,-1.0,1.0,0.45874685049057007,0.9400582909584045,1.0,220.93289256095886,1.0,45.47755002975464,hard,0.0,0.0,0.010447497613010982,0.01102313106140977,1.069599156102039,0.0,contact_alignment
461,3893.9339173201347,499.1197563823303,4393.053673702465,True,0.0,0.0,False,388,-1.0,1.0,0.4761004149913788,0.9275630116462708,1.0,226.96747303009033,1.0,46.12353444099426,hard,0.04076393431570092,0.04065062217924037,0.00043142870819838153,0.00047848132572563933,0.4770393680240234,0.0,success
462,-227.01532859672847,-2.1025213220585366,-229.11784991878702,False,0.0,0.0,False,1600,-1.0,1.0,0.4742549955844879,0.9317941665649414,1.0,222.47289657592773,1.0,45.839828848838806,hard,0.0,0.0,0.006597773277033087,0.007021898835385925,0.6865678780356707,0.0,contact_alignment
463,3440.0527047565906,499.185289517513,3939.2379942741036,True,0.0,0.0,False,305,-1.0,1.0,0.45787373185157776,0.9426625370979309,1.0,229.38071370124817,1.0,46.18657410144806,hard,0.04810688582376031,0.047984090488616044,0.0005782861492970802,0.0007417239472067855,0.22779402961214337,0.0,success
464,-432.4227930539086,-2.256879908982098,-434.6796729628907,False,0.0,0.0,False,1600,-1.0,1.0,0.4543570876121521,0.9461999535560608,1.0,218.3125627040863,1.0,45.32089173793793,hard,0.0,0.0,0.012116836371167894,0.012538102822611754,1.218438470247643,0.0,coarse_alignment
465,-287.73272890711127,-2.2867818570906095,-290.01951076420187,False,0.0,0.0,False,1600,-1.0,0.2671668231487274,0.46998822689056396,0.9307693839073181,1.0,222.51946568489075,1.0,45.90207785367966,hard,0.0,0.0,0.008296656780257306,0.008394564797974702,0.8366186774884196,0.0,contact_alignment
466,4781.9457750907895,499.20095332643217,5281.146728417221,True,0.0,0.0,False,310,-1.0,0.989162802696228,0.503672182559967,0.9090585112571716,1.0,228.6629605293274,1.0,46.09882593154907,hard,0.03523849273669662,0.035141481277958964,0.000734956363270384,0.0007471188725480151,0.514948794584874,0.0,success
467,4517.805227774697,499.18603469123764,5016.9912624659355,True,0.0,0.0,False,324,-1.0,0.9922879338264465,0.4541064500808716,0.9462243318557739,1.0,224.86870169639587,1.0,46.12118750810623,hard,0.03616392783661802,0.0359893272295469,0.0009147150035793786,0.000979329907471289,0.5846041560517574,0.0,success
468,-271.2729511119677,-2.2066024959377555,-273.4795536079055,False,0.0,0.0,False,1600,-1.0,0.5512133836746216,0.47654643654823303,0.927631676197052,1.0,222.82750368118286,1.0,45.883195996284485,hard,0.0,0.0,0.007952747787187216,0.008351675115385043,0.8151351641920298,0.0,contact_alignment
469,-264.55006849530594,-2.1789381507972765,-266.7290066461032,False,0.0,0.0,False,1600,-1.0,1.0,0.4782548248767853,0.9270190596580505,1.0,222.27598905563354,1.0,45.846675634384155,hard,0.0,0.0,0.007839269030289578,0.00821675192592931,0.8145315601258871,0.0,contact_alignment
470,-415.17108798747336,-2.3217411677327293,-417.4928291552061,False,0.0,0.0,False,1600,-1.0,1.0,0.45747533440589905,0.9439065456390381,1.0,219.735004901886,1.0,45.44757604598999,hard,0.0,0.0,0.011812427305645568,0.012438332331715077,1.1624341811464536,0.0,coarse_alignment
471,-257.3601425492797,-2.168379901855387,-259.5285224511351,False,0.0,0.0,False,1600,-1.0,0.9142362475395203,0.47578194737434387,0.9275017380714417,1.0,222.31984615325928,1.0,45.82749754190445,hard,0.0,0.0,0.007655027453391798,0.008121266242536245,0.768014167802072,0.0,contact_alignment
472,4613.11964469526,498.86453924786184,5111.984183943122,True,13.163598840208962,0.0,False,309,-1.0,0.9956520795822144,0.49263671040534973,0.9045908451080322,1.0,226.26975774765015,1.0,46.184769570827484,hard,0.036657390967658514,0.03647987005889694,0.0006951539301565056,0.00072982983947536,0.5175596577451671,0.042600643495821884,success
473,3620.244327469307,499.2640675354827,4119.508395004789,True,0.0,0.0,False,220,-1.0,0.9921615719795227,0.5081509351730347,0.9049784541130066,1.0,229.58662509918213,1.0,46.115665435791016,hard,0.052011372573945336,0.051775928195234994,0.0007301763172076121,0.0007890957880614077,0.24045375200340668,0.0,success
474,-274.807152012993,-2.286953546781775,-277.0941055597748,False,0.0,0.0,False,1600,-1.0,0.9970730543136597,0.4609085023403168,0.9401801228523254,1.0,222.58272528648376,1.0,45.69180727005005,hard,0.0,0.0,0.00797578806447841,0.007997898821814935,0.8112886018871565,0.0,contact_alignment
475,3355.2221801135274,499.0595125272924,3854.28169264082,True,9.023330978118977,0.0,False,247,-1.0,1.0,0.47941872477531433,0.9200261831283569,1.0,225.79151391983032,1.0,46.1683264374733,hard,0.05436485652737694,0.054244377096043,0.000836228114463187,0.0008523838291331651,0.1588442205453556,0.03810972234723305,success
476,-268.13993661878135,-2.2604555079331616,-270.4003921267145,False,0.0,0.0,False,1600,-1.0,1.0,0.4663226008415222,0.9363836646080017,1.0,222.2316825389862,1.0,45.792585611343384,hard,0.0,0.0,0.0076973842623780115,0.007713436902664865,0.7569413004272952,0.0,contact_alignment
477,-202.11691551051905,-2.022000569428162,-204.13891607994722,False,0.0,0.0,False,1600,-1.0,0.6176953911781311,0.4812554121017456,0.9192909002304077,1.0,222.27398991584778,1.0,45.93053311109543,hard,0.0,0.0,0.005699097718863947,0.00602587234285337,0.6317378658067271,0.0,contact_alignment
478,4461.934650189641,499.2072258074988,4961.141875997139,True,0.7856121746744998,0.0,False,312,-1.0,0.38033705949783325,0.4664340317249298,0.9350683093070984,1.0,224.756098985672,1.0,46.18472158908844,hard,0.036188359455931615,0.03608716960344151,0.0003401998574735619,0.00034325029653830993,0.6037114545692551,0.0025179877393413457,success
479,4540.127805458452,499.2154586007458,5039.343264059197,True,0.048327591057990504,0.0,False,300,-1.0,0.296891450881958,0.481580525636673,0.9128340482711792,1.0,229.3443727493286,1.0,46.16544961929321,hard,0.03596197057371901,0.0357906480334175,0.000521904893053719,0.0005497496076281923,0.5870967302346412,0.00016109197019330168,success
480,3297.3054986081142,499.2641057053843,3796.5696043134985,True,0.0,0.0,False,228,-1.0,1.0,0.515550971031189,0.8985445499420166,1.0,227.10471630096436,1.0,46.174758076667786,hard,0.05780459067771695,0.05757723119573101,0.0006683310872479301,0.0007055298538127215,0.30452315420605564,0.0,success
481,-366.17522573313613,-2.3031779492407183,-368.47840368237684,False,0.0,0.0,False,1600,-1.0,1.0,0.4587419927120209,0.9422417283058167,1.0,221.31948590278625,1.0,45.62391936779022,hard,0.0,0.0,0.010423543420241908,0.010938056171837818,1.0418467175067891,0.0,contact_alignment
482,-268.9776747709713,-2.197552093271386,-271.1752268642427,False,0.0,0.0,False,1600,-1.0,1.0,0.4662914574146271,0.9312052130699158,1.0,222.39370584487915,1.0,45.84270566701889,hard,0.0,0.0,0.007664876441348763,0.007920020932575808,0.7714817929272307,0.0,contact_alignment
483,3472.1211912520844,499.1919244391784,3971.3131156912627,True,0.0,0.0,False,307,-1.0,1.0,0.4529399573802948,0.9465588927268982,1.0,232.54521250724792,1.0,46.13322466611862,hard,0.04823938807168178,0.048128436501981134,0.00032248065001548923,0.000431118086613385,0.28007831324887067,0.0,success
484,2541.501181649285,496.8077813435251,3038.3089629928104,True,35.008549113283145,0.0,False,187,-1.0,0.2713029384613037,0.4782814085483551,0.9181115627288818,1.0,234.23518300056458,1.0,46.15986704826355,hard,0.07681624624268585,0.0764694563493932,0.0001006866695681104,0.00011658573777158513,1.3992075030579578,0.18721149258440184,success
485,4517.434839487811,499.2362898583055,5016.671129346116,True,0.0,0.0,False,291,-1.0,0.28356119990348816,0.5091947317123413,0.8977302312850952,1.0,226.18915677070618,1.0,46.15313917398453,hard,0.03653598002964442,0.03640071740487996,0.0002540167690092308,0.00030027198886683717,0.5538734307625252,0.0,success
486,-306.3692636550934,-2.0675858306969244,-308.43684948579033,False,0.0,0.0,False,1600,-1.0,1.0,0.4868253767490387,0.9138466715812683,1.0,222.5091290473938,1.0,45.7674515247345,hard,0.0,0.0,0.008921990570744495,0.009516135256809966,0.9085042545592908,0.0,contact_alignment
487,3214.328083284581,499.2294665250307,3713.557549809612,True,0.0,0.0,False,260,-1.0,0.6009553074836731,0.45948299765586853,0.9436626434326172,1.0,222.89965867996216,1.0,46.15961253643036,hard,0.05259485273089304,0.05233727545533967,0.0007344606221813663,0.0008852916575728479,0.2513395914374969,0.0,success
488,4565.079648236747,499.22859374318557,5064.308241979932,True,0.0,0.0,False,298,-1.0,0.271920770406723,0.5033478736877441,0.9104181528091431,1.0,226.47960543632507,1.0,46.19165599346161,hard,0.03553352729606009,0.03541708316805334,0.00020927717309233832,0.0002486566158449553,0.6165748910700922,0.0,success
489,4567.178233552204,499.1638067165676,5066.342040268772,True,5.173271105398953,0.0,False,319,-1.0,0.8353068828582764,0.46147093176841736,0.9395780563354492,1.0,222.90258765220642,1.0,46.19196265935898,hard,0.0365295798830526,0.036338139243533324,0.0008920755476525159,0.0009023381935340269,0.5848309959571033,0.016217150800623678,success
490,4751.798039014542,499.21213820785744,5251.0101772224,True,0.0,0.0,False,325,-1.0,1.0,0.4724878668785095,0.9212756752967834,1.0,225.4478943347931,1.0,46.15633100271225,hard,0.036397634800226446,0.03615969990624211,0.0008310125793075886,0.00097889720772519,0.543927580706839,0.0,success
491,6095.15501521494,499.17336056627784,6594.328375781218,True,0.0,0.0,False,396,-1.0,0.7871200442314148,0.4579053223133087,0.9411598443984985,1.0,222.90531516075134,1.0,46.148614287376404,hard,0.042734883014530746,0.042644052693649015,0.0007522304669311034,0.0009220450981816333,0.14638602567447934,0.0,success
492,4542.721215442241,499.2332531573332,5041.954468599574,True,3.0207810225801355,0.0,False,292,-1.0,0.29210227727890015,0.5235782861709595,0.8986987471580505,1.0,224.22149181365967,1.0,46.16819083690643,hard,0.0361803153172238,0.03596519918375689,0.00035518425511317357,0.00046034680209129013,0.583309971241579,0.010345140488288135,success
493,-326.11348851447974,-2.2113096253521483,-328.3247981398319,False,0.0,0.0,False,1600,-1.0,1.0,0.4627578854560852,0.9349931478500366,1.0,222.2634983062744,1.0,45.884748101234436,hard,0.0,0.0,0.009379407344192351,0.009446561153921115,0.8973674470792611,0.0,contact_alignment
494,-219.10846739530146,-1.9028077623500332,-221.01127515765148,False,0.0,0.0,False,1600,-1.0,0.137709841132164,0.4801332950592041,0.9157930612564087,1.0,222.75838613510132,1.0,46.03129893541336,hard,0.0,0.0,0.0065367437104454,0.006722579292488626,0.6432235871656943,0.0,contact_alignment
495,-261.6543593866628,-1.9821497713909286,-263.63650915805374,False,0.0,0.0,False,1600,-1.0,0.05037691816687584,0.4883674383163452,0.9088160991668701,1.0,222.75248169898987,1.0,45.96580386161804,hard,0.0,0.0,0.007817043281812581,0.008142689827656514,0.7858787229481464,0.0,contact_alignment
496,-377.4598760655805,-2.184897000330044,-379.64477306591056,False,0.0,0.0,False,1600,-1.0,1.0,0.46231967210769653,0.9382994174957275,1.0,221.48062586784363,1.0,45.599457025527954,hard,0.0,0.0,0.010904986376576203,0.011505833452921936,1.0680229611011163,0.0,contact_alignment
497,5577.332528022398,499.2086612368365,6076.541189259235,True,0.0,0.0,False,345,-1.0,1.0,0.5072935223579407,0.9032654166221619,1.0,227.42161870002747,1.0,46.19406968355179,hard,0.039874063315121555,0.03974082085161673,0.000625986436627828,0.0007508153951543878,0.18030351294685037,0.0,success
498,-287.11968461962726,-2.0340661722418036,-289.1537507918691,False,0.0,0.0,False,1600,-1.0,1.0,0.488545686006546,0.91770339012146,1.0,222.64930129051208,1.0,46.05627030134201,hard,0.0,0.0,0.008470590981126437,0.0088669092083094,0.8467851779165149,0.0,contact_alignment
499,-235.1050969396731,-1.9443388686797523,-237.04943580835285,False,0.0,0.0,False,1600,-1.0,1.0,0.4688611626625061,0.9312815070152283,1.0,222.67099738121033,1.0,45.83327203989029,hard,0.0,0.0,0.006792094447527857,0.006943834170316334,0.718659756972433,0.0,contact_alignment
